file_id,uuid,filename,dataset,speaker_id,sentence_id,emotion_raw,emotion_label,intensity,gender_x,age_x,orig_sample_rate,orig_duration_s,proc_sample_rate,proc_duration_s,silence_trimmed_s,split,split_strategy,gender_y,age_y
1001_DFA_ANG_XX,crema_d_1001_DFA_ANG_XX,1001_DFA_ANG_XX.wav,crema_d,1001,DFA,ANG,anger,unspecified,,,16000.0,2.2755625,16000.0,3.0,1.1555625,,,male,51
1001_DFA_DIS_XX,crema_d_1001_DFA_DIS_XX,1001_DFA_DIS_XX.wav,crema_d,1001,DFA,DIS,disgust,unspecified,,,,,,,,,,male,51
1001_DFA_FEA_XX,crema_d_1001_DFA_FEA_XX,1001_DFA_FEA_XX.wav,crema_d,1001,DFA,FEA,fear,unspecified,,,,,,,,,,male,51
1001_DFA_HAP_XX,crema_d_1001_DFA_HAP_XX,1001_DFA_HAP_XX.wav,crema_d,1001,DFA,HAP,happy,unspecified,,,16000.0,1.8685,16000.0,3.0,0.9725,,,male,51
1001_DFA_NEU_XX,crema_d_1001_DFA_NEU_XX,1001_DFA_NEU_XX.wav,crema_d,1001,DFA,NEU,neutral,unspecified,,,16000.0,2.035375,16000.0,3.0,1.107375,,,male,51
1001_DFA_SAD_XX,crema_d_1001_DFA_SAD_XX,1001_DFA_SAD_XX.wav,crema_d,1001,DFA,SAD,sad,unspecified,,,,,,,,,,male,51
1001_IEO_ANG_HI,crema_d_1001_IEO_ANG_HI,1001_IEO_ANG_HI.wav,crema_d,1001,IEO,ANG,anger,high,,,16000.0,1.93525,16000.0,3.0,0.84725,,,male,51
1001_IEO_ANG_LO,crema_d_1001_IEO_ANG_LO,1001_IEO_ANG_LO.wav,crema_d,1001,IEO,ANG,anger,low,,,16000.0,2.06875,16000.0,3.0,1.30075,,,male,51
1001_IEO_ANG_MD,crema_d_1001_IEO_ANG_MD,1001_IEO_ANG_MD.wav,crema_d,1001,IEO,ANG,anger,medium,,,16000.0,2.6359375,16000.0,3.0,1.0679375,,,male,51
1001_IEO_DIS_HI,crema_d_1001_IEO_DIS_HI,1001_IEO_DIS_HI.wav,crema_d,1001,IEO,DIS,disgust,high,,,,,,,,,,male,51
1001_IEO_DIS_LO,crema_d_1001_IEO_DIS_LO,1001_IEO_DIS_LO.wav,crema_d,1001,IEO,DIS,disgust,low,,,,,,,,,,male,51
1001_IEO_DIS_MD,crema_d_1001_IEO_DIS_MD,1001_IEO_DIS_MD.wav,crema_d,1001,IEO,DIS,disgust,medium,,,,,,,,,,male,51
1001_IEO_FEA_HI,crema_d_1001_IEO_FEA_HI,1001_IEO_FEA_HI.wav,crema_d,1001,IEO,FEA,fear,high,,,,,,,,,,male,51
1001_IEO_FEA_LO,crema_d_1001_IEO_FEA_LO,1001_IEO_FEA_LO.wav,crema_d,1001,IEO,FEA,fear,low,,,,,,,,,,male,51
1001_IEO_FEA_MD,crema_d_1001_IEO_FEA_MD,1001_IEO_FEA_MD.wav,crema_d,1001,IEO,FEA,fear,medium,,,,,,,,,,male,51
1001_IEO_HAP_HI,crema_d_1001_IEO_HAP_HI,1001_IEO_HAP_HI.wav,crema_d,1001,IEO,HAP,happy,high,,,16000.0,1.7684375,16000.0,3.0,0.6484375,,,male,51
1001_IEO_HAP_LO,crema_d_1001_IEO_HAP_LO,1001_IEO_HAP_LO.wav,crema_d,1001,IEO,HAP,happy,low,,,16000.0,1.7016875,16000.0,3.0,0.9336875,,,male,51
1001_IEO_HAP_MD,crema_d_1001_IEO_HAP_MD,1001_IEO_HAP_MD.wav,crema_d,1001,IEO,HAP,happy,medium,,,16000.0,1.6683125,16000.0,3.0,0.9323125,,,male,51
1001_IEO_NEU_XX,crema_d_1001_IEO_NEU_XX,1001_IEO_NEU_XX.wav,crema_d,1001,IEO,NEU,neutral,unspecified,,,16000.0,1.601625,16000.0,3.0,0.001625,,,male,51
1001_IEO_SAD_HI,crema_d_1001_IEO_SAD_HI,1001_IEO_SAD_HI.wav,crema_d,1001,IEO,SAD,sad,high,,,,,,,,,,male,51
1001_IEO_SAD_LO,crema_d_1001_IEO_SAD_LO,1001_IEO_SAD_LO.wav,crema_d,1001,IEO,SAD,sad,low,,,,,,,,,,male,51
1001_IEO_SAD_MD,crema_d_1001_IEO_SAD_MD,1001_IEO_SAD_MD.wav,crema_d,1001,IEO,SAD,sad,medium,,,,,,,,,,male,51
1001_IOM_ANG_XX,crema_d_1001_IOM_ANG_XX,1001_IOM_ANG_XX.wav,crema_d,1001,IOM,ANG,anger,unspecified,,,16000.0,2.1354375,16000.0,3.0,1.1434375,,,male,51
1001_IOM_DIS_XX,crema_d_1001_IOM_DIS_XX,1001_IOM_DIS_XX.wav,crema_d,1001,IOM,DIS,disgust,unspecified,,,,,,,,,,male,51
1001_IOM_FEA_XX,crema_d_1001_IOM_FEA_XX,1001_IOM_FEA_XX.wav,crema_d,1001,IOM,FEA,fear,unspecified,,,,,,,,,,male,51
1001_IOM_HAP_XX,crema_d_1001_IOM_HAP_XX,1001_IOM_HAP_XX.wav,crema_d,1001,IOM,HAP,happy,unspecified,,,16000.0,2.002,16000.0,3.0,0.978,,,male,51
1001_IOM_NEU_XX,crema_d_1001_IOM_NEU_XX,1001_IOM_NEU_XX.wav,crema_d,1001,IOM,NEU,neutral,unspecified,,,16000.0,2.469125,16000.0,3.0,1.317125,,,male,51
1001_IOM_SAD_XX,crema_d_1001_IOM_SAD_XX,1001_IOM_SAD_XX.wav,crema_d,1001,IOM,SAD,sad,unspecified,,,,,,,,,,male,51
1001_ITH_ANG_XX,crema_d_1001_ITH_ANG_XX,1001_ITH_ANG_XX.wav,crema_d,1001,ITH,ANG,anger,unspecified,,,16000.0,2.369,16000.0,3.0,0.993,,,male,51
1001_ITH_DIS_XX,crema_d_1001_ITH_DIS_XX,1001_ITH_DIS_XX.wav,crema_d,1001,ITH,DIS,disgust,unspecified,,,,,,,,,,male,51
1001_ITH_FEA_XX,crema_d_1001_ITH_FEA_XX,1001_ITH_FEA_XX.wav,crema_d,1001,ITH,FEA,fear,unspecified,,,,,,,,,,male,51
1001_ITH_HAP_XX,crema_d_1001_ITH_HAP_XX,1001_ITH_HAP_XX.wav,crema_d,1001,ITH,HAP,happy,unspecified,,,16000.0,2.469125,16000.0,3.0,1.221125,,,male,51
1001_ITH_NEU_XX,crema_d_1001_ITH_NEU_XX,1001_ITH_NEU_XX.wav,crema_d,1001,ITH,NEU,neutral,unspecified,,,16000.0,2.602625,16000.0,3.0,0.618625,,,male,51
1001_ITH_SAD_XX,crema_d_1001_ITH_SAD_XX,1001_ITH_SAD_XX.wav,crema_d,1001,ITH,SAD,sad,unspecified,,,,,,,,,,male,51
1001_ITS_ANG_XX,crema_d_1001_ITS_ANG_XX,1001_ITS_ANG_XX.wav,crema_d,1001,ITS,ANG,anger,unspecified,,,16000.0,2.56925,16000.0,3.0,0.93725,,,male,51
1001_ITS_DIS_XX,crema_d_1001_ITS_DIS_XX,1001_ITS_DIS_XX.wav,crema_d,1001,ITS,DIS,disgust,unspecified,,,,,,,,,,male,51
1001_ITS_FEA_XX,crema_d_1001_ITS_FEA_XX,1001_ITS_FEA_XX.wav,crema_d,1001,ITS,FEA,fear,unspecified,,,,,,,,,,male,51
1001_ITS_HAP_XX,crema_d_1001_ITS_HAP_XX,1001_ITS_HAP_XX.wav,crema_d,1001,ITS,HAP,happy,unspecified,,,16000.0,2.2021875,16000.0,3.0,1.0181875,,,male,51
1001_ITS_NEU_XX,crema_d_1001_ITS_NEU_XX,1001_ITS_NEU_XX.wav,crema_d,1001,ITS,NEU,neutral,unspecified,,,16000.0,2.43575,16000.0,3.0,0.22775,,,male,51
1001_ITS_SAD_XX,crema_d_1001_ITS_SAD_XX,1001_ITS_SAD_XX.wav,crema_d,1001,ITS,SAD,sad,unspecified,,,,,,,,,,male,51
1001_IWL_ANG_XX,crema_d_1001_IWL_ANG_XX,1001_IWL_ANG_XX.wav,crema_d,1001,IWL,ANG,anger,unspecified,,,16000.0,3.1698125,16000.0,3.0,1.0578125,,,male,51
1001_IWL_DIS_XX,crema_d_1001_IWL_DIS_XX,1001_IWL_DIS_XX.wav,crema_d,1001,IWL,DIS,disgust,unspecified,,,,,,,,,,male,51
1001_IWL_FEA_XX,crema_d_1001_IWL_FEA_XX,1001_IWL_FEA_XX.wav,crema_d,1001,IWL,FEA,fear,unspecified,,,,,,,,,,male,51
1001_IWL_HAP_XX,crema_d_1001_IWL_HAP_XX,1001_IWL_HAP_XX.wav,crema_d,1001,IWL,HAP,happy,unspecified,,,16000.0,2.102125,16000.0,3.0,0.950125,,,male,51
1001_IWL_NEU_XX,crema_d_1001_IWL_NEU_XX,1001_IWL_NEU_XX.wav,crema_d,1001,IWL,NEU,neutral,unspecified,,,16000.0,2.8361875,16000.0,3.0,1.3321875,,,male,51
1001_IWL_SAD_XX,crema_d_1001_IWL_SAD_XX,1001_IWL_SAD_XX.wav,crema_d,1001,IWL,SAD,sad,unspecified,,,,,,,,,,male,51
1001_IWW_ANG_XX,crema_d_1001_IWW_ANG_XX,1001_IWW_ANG_XX.wav,crema_d,1001,IWW,ANG,anger,unspecified,,,16000.0,2.2755625,16000.0,3.0,1.1555625,,,male,51
1001_IWW_DIS_XX,crema_d_1001_IWW_DIS_XX,1001_IWW_DIS_XX.wav,crema_d,1001,IWW,DIS,disgust,unspecified,,,,,,,,,,male,51
1001_IWW_FEA_XX,crema_d_1001_IWW_FEA_XX,1001_IWW_FEA_XX.wav,crema_d,1001,IWW,FEA,fear,unspecified,,,,,,,,,,male,51
1001_IWW_HAP_XX,crema_d_1001_IWW_HAP_XX,1001_IWW_HAP_XX.wav,crema_d,1001,IWW,HAP,happy,unspecified,,,16000.0,1.968625,16000.0,3.0,0.976625,,,male,51
1001_IWW_NEU_XX,crema_d_1001_IWW_NEU_XX,1001_IWW_NEU_XX.wav,crema_d,1001,IWW,NEU,neutral,unspecified,,,16000.0,2.2689375,16000.0,3.0,0.2209375,,,male,51
1001_IWW_SAD_XX,crema_d_1001_IWW_SAD_XX,1001_IWW_SAD_XX.wav,crema_d,1001,IWW,SAD,sad,unspecified,,,,,,,,,,male,51
1001_MTI_ANG_XX,crema_d_1001_MTI_ANG_XX,1001_MTI_ANG_XX.wav,crema_d,1001,MTI,ANG,anger,unspecified,,,16000.0,3.003,16000.0,3.0,1.147,,,male,51
1001_MTI_DIS_XX,crema_d_1001_MTI_DIS_XX,1001_MTI_DIS_XX.wav,crema_d,1001,MTI,DIS,disgust,unspecified,,,,,,,,,,male,51
1001_MTI_FEA_XX,crema_d_1001_MTI_FEA_XX,1001_MTI_FEA_XX.wav,crema_d,1001,MTI,FEA,fear,unspecified,,,,,,,,,,male,51
1001_MTI_HAP_XX,crema_d_1001_MTI_HAP_XX,1001_MTI_HAP_XX.wav,crema_d,1001,MTI,HAP,happy,unspecified,,,16000.0,2.369,16000.0,3.0,1.025,,,male,51
1001_MTI_NEU_XX,crema_d_1001_MTI_NEU_XX,1001_MTI_NEU_XX.wav,crema_d,1001,MTI,NEU,neutral,unspecified,,,16000.0,2.3023125,16000.0,3.0,0.8943125,,,male,51
1001_MTI_SAD_XX,crema_d_1001_MTI_SAD_XX,1001_MTI_SAD_XX.wav,crema_d,1001,MTI,SAD,sad,unspecified,,,,,,,,,,male,51
1001_TAI_ANG_XX,crema_d_1001_TAI_ANG_XX,1001_TAI_ANG_XX.wav,crema_d,1001,TAI,ANG,anger,unspecified,,,16000.0,2.3356875,16000.0,3.0,0.8956875,,,male,51
1001_TAI_DIS_XX,crema_d_1001_TAI_DIS_XX,1001_TAI_DIS_XX.wav,crema_d,1001,TAI,DIS,disgust,unspecified,,,,,,,,,,male,51
1001_TAI_FEA_XX,crema_d_1001_TAI_FEA_XX,1001_TAI_FEA_XX.wav,crema_d,1001,TAI,FEA,fear,unspecified,,,,,,,,,,male,51
1001_TAI_HAP_XX,crema_d_1001_TAI_HAP_XX,1001_TAI_HAP_XX.wav,crema_d,1001,TAI,HAP,happy,unspecified,,,16000.0,2.5025,16000.0,3.0,1.3185,,,male,51
1001_TAI_NEU_XX,crema_d_1001_TAI_NEU_XX,1001_TAI_NEU_XX.wav,crema_d,1001,TAI,NEU,neutral,unspecified,,,16000.0,2.56925,16000.0,3.0,1.00125,,,male,51
1001_TAI_SAD_XX,crema_d_1001_TAI_SAD_XX,1001_TAI_SAD_XX.wav,crema_d,1001,TAI,SAD,sad,unspecified,,,,,,,,,,male,51
1001_TIE_ANG_XX,crema_d_1001_TIE_ANG_XX,1001_TIE_ANG_XX.wav,crema_d,1001,TIE,ANG,anger,unspecified,,,16000.0,3.103125,16000.0,3.0,1.055125,,,male,51
1001_TIE_DIS_XX,crema_d_1001_TIE_DIS_XX,1001_TIE_DIS_XX.wav,crema_d,1001,TIE,DIS,disgust,unspecified,,,,,,,,,,male,51
1001_TIE_FEA_XX,crema_d_1001_TIE_FEA_XX,1001_TIE_FEA_XX.wav,crema_d,1001,TIE,FEA,fear,unspecified,,,,,,,,,,male,51
1001_TIE_HAP_XX,crema_d_1001_TIE_HAP_XX,1001_TIE_HAP_XX.wav,crema_d,1001,TIE,HAP,happy,unspecified,,,16000.0,2.3023125,16000.0,3.0,1.0543125,,,male,51
1001_TIE_NEU_XX,crema_d_1001_TIE_NEU_XX,1001_TIE_NEU_XX.wav,crema_d,1001,TIE,NEU,neutral,unspecified,,,16000.0,2.535875,16000.0,3.0,1.159875,,,male,51
1001_TIE_SAD_XX,crema_d_1001_TIE_SAD_XX,1001_TIE_SAD_XX.wav,crema_d,1001,TIE,SAD,sad,unspecified,,,,,,,,,,male,51
1001_TSI_ANG_XX,crema_d_1001_TSI_ANG_XX,1001_TSI_ANG_XX.wav,crema_d,1001,TSI,ANG,anger,unspecified,,,16000.0,2.5025,16000.0,3.0,1.1265,,,male,51
1001_TSI_DIS_XX,crema_d_1001_TSI_DIS_XX,1001_TSI_DIS_XX.wav,crema_d,1001,TSI,DIS,disgust,unspecified,,,,,,,,,,male,51
1001_TSI_FEA_XX,crema_d_1001_TSI_FEA_XX,1001_TSI_FEA_XX.wav,crema_d,1001,TSI,FEA,fear,unspecified,,,,,,,,,,male,51
1001_TSI_HAP_XX,crema_d_1001_TSI_HAP_XX,1001_TSI_HAP_XX.wav,crema_d,1001,TSI,HAP,happy,unspecified,,,16000.0,2.1688125,16000.0,3.0,1.2728125,,,male,51
1001_TSI_NEU_XX,crema_d_1001_TSI_NEU_XX,1001_TSI_NEU_XX.wav,crema_d,1001,TSI,NEU,neutral,unspecified,,,16000.0,2.43575,16000.0,3.0,1.37975,,,male,51
1001_TSI_SAD_XX,crema_d_1001_TSI_SAD_XX,1001_TSI_SAD_XX.wav,crema_d,1001,TSI,SAD,sad,unspecified,,,,,,,,,,male,51
1001_WSI_ANG_XX,crema_d_1001_WSI_ANG_XX,1001_WSI_ANG_XX.wav,crema_d,1001,WSI,ANG,anger,unspecified,,,16000.0,2.7360625,16000.0,3.0,0.8160625,,,male,51
1001_WSI_DIS_XX,crema_d_1001_WSI_DIS_XX,1001_WSI_DIS_XX.wav,crema_d,1001,WSI,DIS,disgust,unspecified,,,,,,,,,,male,51
1001_WSI_FEA_XX,crema_d_1001_WSI_FEA_XX,1001_WSI_FEA_XX.wav,crema_d,1001,WSI,FEA,fear,unspecified,,,,,,,,,,male,51
1001_WSI_HAP_XX,crema_d_1001_WSI_HAP_XX,1001_WSI_HAP_XX.wav,crema_d,1001,WSI,HAP,happy,unspecified,,,16000.0,2.2755625,16000.0,3.0,1.1235625,,,male,51
1001_WSI_NEU_XX,crema_d_1001_WSI_NEU_XX,1001_WSI_NEU_XX.wav,crema_d,1001,WSI,NEU,neutral,unspecified,,,16000.0,2.7360625,16000.0,3.0,1.2320625,,,male,51
1001_WSI_SAD_XX,crema_d_1001_WSI_SAD_XX,1001_WSI_SAD_XX.wav,crema_d,1001,WSI,SAD,sad,unspecified,,,,,,,,,,male,51
1002_DFA_ANG_XX,crema_d_1002_DFA_ANG_XX,1002_DFA_ANG_XX.wav,crema_d,1002,DFA,ANG,anger,unspecified,,,16000.0,2.56925,16000.0,3.0,1.38525,,,female,21
1002_DFA_DIS_XX,crema_d_1002_DFA_DIS_XX,1002_DFA_DIS_XX.wav,crema_d,1002,DFA,DIS,disgust,unspecified,,,,,,,,,,female,21
1002_DFA_FEA_XX,crema_d_1002_DFA_FEA_XX,1002_DFA_FEA_XX.wav,crema_d,1002,DFA,FEA,fear,unspecified,,,,,,,,,,female,21
1002_DFA_HAP_XX,crema_d_1002_DFA_HAP_XX,1002_DFA_HAP_XX.wav,crema_d,1002,DFA,HAP,happy,unspecified,,,16000.0,2.2021875,16000.0,3.0,1.3061875,,,female,21
1002_DFA_NEU_XX,crema_d_1002_DFA_NEU_XX,1002_DFA_NEU_XX.wav,crema_d,1002,DFA,NEU,neutral,unspecified,,,16000.0,2.5025,16000.0,3.0,0.0065,,,female,21
1002_DFA_SAD_XX,crema_d_1002_DFA_SAD_XX,1002_DFA_SAD_XX.wav,crema_d,1002,DFA,SAD,sad,unspecified,,,,,,,,,,female,21
1002_IEO_ANG_HI,crema_d_1002_IEO_ANG_HI,1002_IEO_ANG_HI.wav,crema_d,1002,IEO,ANG,anger,high,,,16000.0,2.7360625,16000.0,3.0,1.8080625,,,female,21
1002_IEO_ANG_LO,crema_d_1002_IEO_ANG_LO,1002_IEO_ANG_LO.wav,crema_d,1002,IEO,ANG,anger,low,,,16000.0,2.402375,16000.0,3.0,1.538375,,,female,21
1002_IEO_ANG_MD,crema_d_1002_IEO_ANG_MD,1002_IEO_ANG_MD.wav,crema_d,1002,IEO,ANG,anger,medium,,,16000.0,2.7694375,16000.0,3.0,1.7134375,,,female,21
1002_IEO_DIS_HI,crema_d_1002_IEO_DIS_HI,1002_IEO_DIS_HI.wav,crema_d,1002,IEO,DIS,disgust,high,,,,,,,,,,female,21
1002_IEO_DIS_LO,crema_d_1002_IEO_DIS_LO,1002_IEO_DIS_LO.wav,crema_d,1002,IEO,DIS,disgust,low,,,,,,,,,,female,21
1002_IEO_DIS_MD,crema_d_1002_IEO_DIS_MD,1002_IEO_DIS_MD.wav,crema_d,1002,IEO,DIS,disgust,medium,,,,,,,,,,female,21
1002_IEO_FEA_HI,crema_d_1002_IEO_FEA_HI,1002_IEO_FEA_HI.wav,crema_d,1002,IEO,FEA,fear,high,,,,,,,,,,female,21
1002_IEO_FEA_LO,crema_d_1002_IEO_FEA_LO,1002_IEO_FEA_LO.wav,crema_d,1002,IEO,FEA,fear,low,,,,,,,,,,female,21
1002_IEO_FEA_MD,crema_d_1002_IEO_FEA_MD,1002_IEO_FEA_MD.wav,crema_d,1002,IEO,FEA,fear,medium,,,,,,,,,,female,21
1002_IEO_HAP_HI,crema_d_1002_IEO_HAP_HI,1002_IEO_HAP_HI.wav,crema_d,1002,IEO,HAP,happy,high,,,16000.0,2.5025,16000.0,3.0,1.4145,,,female,21
1002_IEO_HAP_LO,crema_d_1002_IEO_HAP_LO,1002_IEO_HAP_LO.wav,crema_d,1002,IEO,HAP,happy,low,,,16000.0,2.8361875,16000.0,3.0,0.5641875,,,female,21
1002_IEO_HAP_MD,crema_d_1002_IEO_HAP_MD,1002_IEO_HAP_MD.wav,crema_d,1002,IEO,HAP,happy,medium,,,16000.0,2.2689375,16000.0,3.0,1.2129375,,,female,21
1002_IEO_NEU_XX,crema_d_1002_IEO_NEU_XX,1002_IEO_NEU_XX.wav,crema_d,1002,IEO,NEU,neutral,unspecified,,,16000.0,2.56925,16000.0,3.0,0.00925,,,female,21
1002_IEO_SAD_HI,crema_d_1002_IEO_SAD_HI,1002_IEO_SAD_HI.wav,crema_d,1002,IEO,SAD,sad,high,,,,,,,,,,female,21
1002_IEO_SAD_LO,crema_d_1002_IEO_SAD_LO,1002_IEO_SAD_LO.wav,crema_d,1002,IEO,SAD,sad,low,,,,,,,,,,female,21
1002_IEO_SAD_MD,crema_d_1002_IEO_SAD_MD,1002_IEO_SAD_MD.wav,crema_d,1002,IEO,SAD,sad,medium,,,,,,,,,,female,21
1002_IOM_ANG_XX,crema_d_1002_IOM_ANG_XX,1002_IOM_ANG_XX.wav,crema_d,1002,IOM,ANG,anger,unspecified,,,16000.0,2.8361875,16000.0,3.0,1.4921875,,,female,21
1002_IOM_DIS_XX,crema_d_1002_IOM_DIS_XX,1002_IOM_DIS_XX.wav,crema_d,1002,IOM,DIS,disgust,unspecified,,,,,,,,,,female,21
1002_IOM_FEA_XX,crema_d_1002_IOM_FEA_XX,1002_IOM_FEA_XX.wav,crema_d,1002,IOM,FEA,fear,unspecified,,,,,,,,,,female,21
1002_IOM_HAP_XX,crema_d_1002_IOM_HAP_XX,1002_IOM_HAP_XX.wav,crema_d,1002,IOM,HAP,happy,unspecified,,,16000.0,2.3356875,16000.0,3.0,1.3116875,,,female,21
1002_IOM_NEU_XX,crema_d_1002_IOM_NEU_XX,1002_IOM_NEU_XX.wav,crema_d,1002,IOM,NEU,neutral,unspecified,,,16000.0,2.3356875,16000.0,3.0,0.0636875,,,female,21
1002_IOM_SAD_XX,crema_d_1002_IOM_SAD_XX,1002_IOM_SAD_XX.wav,crema_d,1002,IOM,SAD,sad,unspecified,,,,,,,,,,female,21
1002_ITH_ANG_XX,crema_d_1002_ITH_ANG_XX,1002_ITH_ANG_XX.wav,crema_d,1002,ITH,ANG,anger,unspecified,,,16000.0,2.93625,16000.0,3.0,1.56025,,,female,21
1002_ITH_DIS_XX,crema_d_1002_ITH_DIS_XX,1002_ITH_DIS_XX.wav,crema_d,1002,ITH,DIS,disgust,unspecified,,,,,,,,,,female,21
1002_ITH_FEA_XX,crema_d_1002_ITH_FEA_XX,1002_ITH_FEA_XX.wav,crema_d,1002,ITH,FEA,fear,unspecified,,,,,,,,,,female,21
1002_ITH_HAP_XX,crema_d_1002_ITH_HAP_XX,1002_ITH_HAP_XX.wav,crema_d,1002,ITH,HAP,happy,unspecified,,,16000.0,2.7694375,16000.0,3.0,1.3934375,,,female,21
1002_ITH_NEU_XX,crema_d_1002_ITH_NEU_XX,1002_ITH_NEU_XX.wav,crema_d,1002,ITH,NEU,neutral,unspecified,,,16000.0,2.5025,16000.0,3.0,0.0065,,,female,21
1002_ITH_SAD_XX,crema_d_1002_ITH_SAD_XX,1002_ITH_SAD_XX.wav,crema_d,1002,ITH,SAD,sad,unspecified,,,,,,,,,,female,21
1002_ITS_ANG_XX,crema_d_1002_ITS_ANG_XX,1002_ITS_ANG_XX.wav,crema_d,1002,ITS,ANG,anger,unspecified,,,16000.0,2.7026875,16000.0,3.0,0.8466875,,,female,21
1002_ITS_DIS_XX,crema_d_1002_ITS_DIS_XX,1002_ITS_DIS_XX.wav,crema_d,1002,ITS,DIS,disgust,unspecified,,,,,,,,,,female,21
1002_ITS_FEA_XX,crema_d_1002_ITS_FEA_XX,1002_ITS_FEA_XX.wav,crema_d,1002,ITS,FEA,fear,unspecified,,,,,,,,,,female,21
1002_ITS_HAP_XX,crema_d_1002_ITS_HAP_XX,1002_ITS_HAP_XX.wav,crema_d,1002,ITS,HAP,happy,unspecified,,,16000.0,2.43575,16000.0,3.0,1.02775,,,female,21
1002_ITS_NEU_XX,crema_d_1002_ITS_NEU_XX,1002_ITS_NEU_XX.wav,crema_d,1002,ITS,NEU,neutral,unspecified,,,16000.0,2.3356875,16000.0,3.0,0.0636875,,,female,21
1002_ITS_SAD_XX,crema_d_1002_ITS_SAD_XX,1002_ITS_SAD_XX.wav,crema_d,1002,ITS,SAD,sad,unspecified,,,,,,,,,,female,21
1002_IWL_ANG_XX,crema_d_1002_IWL_ANG_XX,1002_IWL_ANG_XX.wav,crema_d,1002,IWL,ANG,anger,unspecified,,,16000.0,2.602625,16000.0,3.0,1.130625,,,female,21
1002_IWL_DIS_XX,crema_d_1002_IWL_DIS_XX,1002_IWL_DIS_XX.wav,crema_d,1002,IWL,DIS,disgust,unspecified,,,,,,,,,,female,21
1002_IWL_FEA_XX,crema_d_1002_IWL_FEA_XX,1002_IWL_FEA_XX.wav,crema_d,1002,IWL,FEA,fear,unspecified,,,,,,,,,,female,21
1002_IWL_HAP_XX,crema_d_1002_IWL_HAP_XX,1002_IWL_HAP_XX.wav,crema_d,1002,IWL,HAP,happy,unspecified,,,16000.0,2.8695,16000.0,3.0,0.8855,,,female,21
1002_IWL_NEU_XX,crema_d_1002_IWL_NEU_XX,1002_IWL_NEU_XX.wav,crema_d,1002,IWL,NEU,neutral,unspecified,,,16000.0,2.6359375,16000.0,3.0,0.032,,,female,21
1002_IWL_SAD_XX,crema_d_1002_IWL_SAD_XX,1002_IWL_SAD_XX.wav,crema_d,1002,IWL,SAD,sad,unspecified,,,,,,,,,,female,21
1002_IWW_ANG_XX,crema_d_1002_IWW_ANG_XX,1002_IWW_ANG_XX.wav,crema_d,1002,IWW,ANG,anger,unspecified,,,16000.0,2.402375,16000.0,3.0,1.314375,,,female,21
1002_IWW_DIS_XX,crema_d_1002_IWW_DIS_XX,1002_IWW_DIS_XX.wav,crema_d,1002,IWW,DIS,disgust,unspecified,,,,,,,,,,female,21
1002_IWW_FEA_XX,crema_d_1002_IWW_FEA_XX,1002_IWW_FEA_XX.wav,crema_d,1002,IWW,FEA,fear,unspecified,,,,,,,,,,female,21
1002_IWW_HAP_XX,crema_d_1002_IWW_HAP_XX,1002_IWW_HAP_XX.wav,crema_d,1002,IWW,HAP,happy,unspecified,,,16000.0,2.469125,16000.0,3.0,1.061125,,,female,21
1002_IWW_NEU_XX,crema_d_1002_IWW_NEU_XX,1002_IWW_NEU_XX.wav,crema_d,1002,IWW,NEU,neutral,unspecified,,,16000.0,2.5025,16000.0,3.0,0.0385,,,female,21
1002_IWW_SAD_XX,crema_d_1002_IWW_SAD_XX,1002_IWW_SAD_XX.wav,crema_d,1002,IWW,SAD,sad,unspecified,,,,,,,,,,female,21
1002_MTI_ANG_XX,crema_d_1002_MTI_ANG_XX,1002_MTI_ANG_XX.wav,crema_d,1002,MTI,ANG,anger,unspecified,,,16000.0,2.7360625,16000.0,3.0,1.2320625,,,female,21
1002_MTI_DIS_XX,crema_d_1002_MTI_DIS_XX,1002_MTI_DIS_XX.wav,crema_d,1002,MTI,DIS,disgust,unspecified,,,,,,,,,,female,21
1002_MTI_FEA_XX,crema_d_1002_MTI_FEA_XX,1002_MTI_FEA_XX.wav,crema_d,1002,MTI,FEA,fear,unspecified,,,,,,,,,,female,21
1002_MTI_HAP_XX,crema_d_1002_MTI_HAP_XX,1002_MTI_HAP_XX.wav,crema_d,1002,MTI,HAP,happy,unspecified,,,16000.0,2.6693125,16000.0,3.0,1.3253125,,,female,21
1002_MTI_NEU_XX,crema_d_1002_MTI_NEU_XX,1002_MTI_NEU_XX.wav,crema_d,1002,MTI,NEU,neutral,unspecified,,,16000.0,2.8695,16000.0,3.0,0.0,,,female,21
1002_MTI_SAD_XX,crema_d_1002_MTI_SAD_XX,1002_MTI_SAD_XX.wav,crema_d,1002,MTI,SAD,sad,unspecified,,,,,,,,,,female,21
1002_TAI_ANG_XX,crema_d_1002_TAI_ANG_XX,1002_TAI_ANG_XX.wav,crema_d,1002,TAI,ANG,anger,unspecified,,,16000.0,2.5025,16000.0,3.0,1.3185,,,female,21
1002_TAI_DIS_XX,crema_d_1002_TAI_DIS_XX,1002_TAI_DIS_XX.wav,crema_d,1002,TAI,DIS,disgust,unspecified,,,,,,,,,,female,21
1002_TAI_FEA_XX,crema_d_1002_TAI_FEA_XX,1002_TAI_FEA_XX.wav,crema_d,1002,TAI,FEA,fear,unspecified,,,,,,,,,,female,21
1002_TAI_HAP_XX,crema_d_1002_TAI_HAP_XX,1002_TAI_HAP_XX.wav,crema_d,1002,TAI,HAP,happy,unspecified,,,16000.0,2.535875,16000.0,3.0,1.127875,,,female,21
1002_TAI_NEU_XX,crema_d_1002_TAI_NEU_XX,1002_TAI_NEU_XX.wav,crema_d,1002,TAI,NEU,neutral,unspecified,,,16000.0,2.6359375,16000.0,3.0,0.0119375,,,female,21
1002_TAI_SAD_XX,crema_d_1002_TAI_SAD_XX,1002_TAI_SAD_XX.wav,crema_d,1002,TAI,SAD,sad,unspecified,,,,,,,,,,female,21
1002_TIE_ANG_XX,crema_d_1002_TIE_ANG_XX,1002_TIE_ANG_XX.wav,crema_d,1002,TIE,ANG,anger,unspecified,,,16000.0,2.535875,16000.0,3.0,0.871875,,,female,21
1002_TIE_DIS_XX,crema_d_1002_TIE_DIS_XX,1002_TIE_DIS_XX.wav,crema_d,1002,TIE,DIS,disgust,unspecified,,,,,,,,,,female,21
1002_TIE_FEA_XX,crema_d_1002_TIE_FEA_XX,1002_TIE_FEA_XX.wav,crema_d,1002,TIE,FEA,fear,unspecified,,,,,,,,,,female,21
1002_TIE_HAP_XX,crema_d_1002_TIE_HAP_XX,1002_TIE_HAP_XX.wav,crema_d,1002,TIE,HAP,happy,unspecified,,,16000.0,2.402375,16000.0,3.0,0.866375,,,female,21
1002_TIE_SAD_XX,crema_d_1002_TIE_SAD_XX,1002_TIE_SAD_XX.wav,crema_d,1002,TIE,SAD,sad,unspecified,,,,,,,,,,female,21
1002_TSI_ANG_XX,crema_d_1002_TSI_ANG_XX,1002_TSI_ANG_XX.wav,crema_d,1002,TSI,ANG,anger,unspecified,,,16000.0,2.43575,16000.0,3.0,1.25175,,,female,21
1002_TSI_DIS_XX,crema_d_1002_TSI_DIS_XX,1002_TSI_DIS_XX.wav,crema_d,1002,TSI,DIS,disgust,unspecified,,,,,,,,,,female,21
1002_TSI_FEA_XX,crema_d_1002_TSI_FEA_XX,1002_TSI_FEA_XX.wav,crema_d,1002,TSI,FEA,fear,unspecified,,,,,,,,,,female,21
1002_TSI_HAP_XX,crema_d_1002_TSI_HAP_XX,1002_TSI_HAP_XX.wav,crema_d,1002,TSI,HAP,happy,unspecified,,,16000.0,2.035375,16000.0,3.0,0.979375,,,female,21
1002_TSI_NEU_XX,crema_d_1002_TSI_NEU_XX,1002_TSI_NEU_XX.wav,crema_d,1002,TSI,NEU,neutral,unspecified,,,16000.0,2.369,16000.0,3.0,0.0,,,female,21
1002_TSI_SAD_XX,crema_d_1002_TSI_SAD_XX,1002_TSI_SAD_XX.wav,crema_d,1002,TSI,SAD,sad,unspecified,,,,,,,,,,female,21
1002_WSI_ANG_XX,crema_d_1002_WSI_ANG_XX,1002_WSI_ANG_XX.wav,crema_d,1002,WSI,ANG,anger,unspecified,,,16000.0,2.602625,16000.0,3.0,0.842625,,,female,21
1002_WSI_DIS_XX,crema_d_1002_WSI_DIS_XX,1002_WSI_DIS_XX.wav,crema_d,1002,WSI,DIS,disgust,unspecified,,,,,,,,,,female,21
1002_WSI_FEA_XX,crema_d_1002_WSI_FEA_XX,1002_WSI_FEA_XX.wav,crema_d,1002,WSI,FEA,fear,unspecified,,,,,,,,,,female,21
1002_WSI_HAP_XX,crema_d_1002_WSI_HAP_XX,1002_WSI_HAP_XX.wav,crema_d,1002,WSI,HAP,happy,unspecified,,,16000.0,2.7694375,16000.0,3.0,1.2654375,,,female,21
1002_WSI_NEU_XX,crema_d_1002_WSI_NEU_XX,1002_WSI_NEU_XX.wav,crema_d,1002,WSI,NEU,neutral,unspecified,,,16000.0,2.43575,16000.0,3.0,0.09975,,,female,21
1002_WSI_SAD_XX,crema_d_1002_WSI_SAD_XX,1002_WSI_SAD_XX.wav,crema_d,1002,WSI,SAD,sad,unspecified,,,,,,,,,,female,21
1003_DFA_ANG_XX,crema_d_1003_DFA_ANG_XX,1003_DFA_ANG_XX.wav,crema_d,1003,DFA,ANG,anger,unspecified,,,16000.0,3.1364375,16000.0,3.0,1.7284375,,,female,21
1003_DFA_DIS_XX,crema_d_1003_DFA_DIS_XX,1003_DFA_DIS_XX.wav,crema_d,1003,DFA,DIS,disgust,unspecified,,,,,,,,,,female,21
1003_DFA_FEA_XX,crema_d_1003_DFA_FEA_XX,1003_DFA_FEA_XX.wav,crema_d,1003,DFA,FEA,fear,unspecified,,,,,,,,,,female,21
1003_DFA_HAP_XX,crema_d_1003_DFA_HAP_XX,1003_DFA_HAP_XX.wav,crema_d,1003,DFA,HAP,happy,unspecified,,,16000.0,3.2699375,16000.0,3.0,2.1179375,,,female,21
1003_DFA_NEU_XX,crema_d_1003_DFA_NEU_XX,1003_DFA_NEU_XX.wav,crema_d,1003,DFA,NEU,neutral,unspecified,,,16000.0,3.2365625,16000.0,3.0,0.3885625,,,female,21
1003_DFA_SAD_XX,crema_d_1003_DFA_SAD_XX,1003_DFA_SAD_XX.wav,crema_d,1003,DFA,SAD,sad,unspecified,,,,,,,,,,female,21
1003_IEO_ANG_HI,crema_d_1003_IEO_ANG_HI,1003_IEO_ANG_HI.wav,crema_d,1003,IEO,ANG,anger,high,,,16000.0,2.56925,16000.0,3.0,1.38525,,,female,21
1003_IEO_ANG_LO,crema_d_1003_IEO_ANG_LO,1003_IEO_ANG_LO.wav,crema_d,1003,IEO,ANG,anger,low,,,16000.0,2.2755625,16000.0,3.0,1.3155625,,,female,21
1003_IEO_ANG_MD,crema_d_1003_IEO_ANG_MD,1003_IEO_ANG_MD.wav,crema_d,1003,IEO,ANG,anger,medium,,,16000.0,2.56925,16000.0,3.0,1.41725,,,female,21
1003_IEO_DIS_HI,crema_d_1003_IEO_DIS_HI,1003_IEO_DIS_HI.wav,crema_d,1003,IEO,DIS,disgust,high,,,,,,,,,,female,21
1003_IEO_DIS_LO,crema_d_1003_IEO_DIS_LO,1003_IEO_DIS_LO.wav,crema_d,1003,IEO,DIS,disgust,low,,,,,,,,,,female,21
1003_IEO_DIS_MD,crema_d_1003_IEO_DIS_MD,1003_IEO_DIS_MD.wav,crema_d,1003,IEO,DIS,disgust,medium,,,,,,,,,,female,21
1003_IEO_FEA_HI,crema_d_1003_IEO_FEA_HI,1003_IEO_FEA_HI.wav,crema_d,1003,IEO,FEA,fear,high,,,,,,,,,,female,21
1003_IEO_FEA_LO,crema_d_1003_IEO_FEA_LO,1003_IEO_FEA_LO.wav,crema_d,1003,IEO,FEA,fear,low,,,,,,,,,,female,21
1003_IEO_FEA_MD,crema_d_1003_IEO_FEA_MD,1003_IEO_FEA_MD.wav,crema_d,1003,IEO,FEA,fear,medium,,,,,,,,,,female,21
1003_IEO_HAP_HI,crema_d_1003_IEO_HAP_HI,1003_IEO_HAP_HI.wav,crema_d,1003,IEO,HAP,happy,high,,,16000.0,2.2021875,16000.0,3.0,1.1461875,,,female,21
1003_IEO_HAP_LO,crema_d_1003_IEO_HAP_LO,1003_IEO_HAP_LO.wav,crema_d,1003,IEO,HAP,happy,low,,,16000.0,2.369,16000.0,3.0,0.129,,,female,21
1003_IEO_HAP_MD,crema_d_1003_IEO_HAP_MD,1003_IEO_HAP_MD.wav,crema_d,1003,IEO,HAP,happy,medium,,,16000.0,2.3023125,16000.0,3.0,1.3423125,,,female,21
1003_IEO_NEU_XX,crema_d_1003_IEO_NEU_XX,1003_IEO_NEU_XX.wav,crema_d,1003,IEO,NEU,neutral,unspecified,,,16000.0,2.2689375,16000.0,3.0,0.1249375,,,female,21
1003_IEO_SAD_HI,crema_d_1003_IEO_SAD_HI,1003_IEO_SAD_HI.wav,crema_d,1003,IEO,SAD,sad,high,,,,,,,,,,female,21
1003_IEO_SAD_LO,crema_d_1003_IEO_SAD_LO,1003_IEO_SAD_LO.wav,crema_d,1003,IEO,SAD,sad,low,,,,,,,,,,female,21
1003_IEO_SAD_MD,crema_d_1003_IEO_SAD_MD,1003_IEO_SAD_MD.wav,crema_d,1003,IEO,SAD,sad,medium,,,,,,,,,,female,21
1003_IOM_ANG_XX,crema_d_1003_IOM_ANG_XX,1003_IOM_ANG_XX.wav,crema_d,1003,IOM,ANG,anger,unspecified,,,16000.0,2.7360625,16000.0,3.0,0.9760625,,,female,21
1003_IOM_DIS_XX,crema_d_1003_IOM_DIS_XX,1003_IOM_DIS_XX.wav,crema_d,1003,IOM,DIS,disgust,unspecified,,,,,,,,,,female,21
1003_IOM_FEA_XX,crema_d_1003_IOM_FEA_XX,1003_IOM_FEA_XX.wav,crema_d,1003,IOM,FEA,fear,unspecified,,,,,,,,,,female,21
1003_IOM_HAP_XX,crema_d_1003_IOM_HAP_XX,1003_IOM_HAP_XX.wav,crema_d,1003,IOM,HAP,happy,unspecified,,,16000.0,2.902875,16000.0,3.0,1.430875,,,female,21
1003_IOM_NEU_XX,crema_d_1003_IOM_NEU_XX,1003_IOM_NEU_XX.wav,crema_d,1003,IOM,NEU,neutral,unspecified,,,16000.0,3.2031875,16000.0,3.0,1.6351875,,,female,21
1003_IOM_SAD_XX,crema_d_1003_IOM_SAD_XX,1003_IOM_SAD_XX.wav,crema_d,1003,IOM,SAD,sad,unspecified,,,,,,,,,,female,21
1003_ITH_ANG_XX,crema_d_1003_ITH_ANG_XX,1003_ITH_ANG_XX.wav,crema_d,1003,ITH,ANG,anger,unspecified,,,16000.0,3.6703125,16000.0,3.0,1.9103125,,,female,21
1003_ITH_DIS_XX,crema_d_1003_ITH_DIS_XX,1003_ITH_DIS_XX.wav,crema_d,1003,ITH,DIS,disgust,unspecified,,,,,,,,,,female,21
1003_ITH_FEA_XX,crema_d_1003_ITH_FEA_XX,1003_ITH_FEA_XX.wav,crema_d,1003,ITH,FEA,fear,unspecified,,,,,,,,,,female,21
1003_ITH_HAP_XX,crema_d_1003_ITH_HAP_XX,1003_ITH_HAP_XX.wav,crema_d,1003,ITH,HAP,happy,unspecified,,,16000.0,3.1364375,16000.0,3.0,0.8644375,,,female,21
1003_ITH_NEU_XX,crema_d_1003_ITH_NEU_XX,1003_ITH_NEU_XX.wav,crema_d,1003,ITH,NEU,neutral,unspecified,,,16000.0,4.037375,16000.0,3.0,1.701375,,,female,21
1003_ITH_SAD_XX,crema_d_1003_ITH_SAD_XX,1003_ITH_SAD_XX.wav,crema_d,1003,ITH,SAD,sad,unspecified,,,,,,,,,,female,21
1003_ITS_ANG_XX,crema_d_1003_ITS_ANG_XX,1003_ITS_ANG_XX.wav,crema_d,1003,ITS,ANG,anger,unspecified,,,16000.0,3.7370625,16000.0,3.0,1.6250625,,,female,21
1003_ITS_DIS_XX,crema_d_1003_ITS_DIS_XX,1003_ITS_DIS_XX.wav,crema_d,1003,ITS,DIS,disgust,unspecified,,,,,,,,,,female,21
1003_ITS_FEA_XX,crema_d_1003_ITS_FEA_XX,1003_ITS_FEA_XX.wav,crema_d,1003,ITS,FEA,fear,unspecified,,,,,,,,,,female,21
1003_ITS_HAP_XX,crema_d_1003_ITS_HAP_XX,1003_ITS_HAP_XX.wav,crema_d,1003,ITS,HAP,happy,unspecified,,,16000.0,3.7370625,16000.0,3.0,1.4970625,,,female,21
1003_ITS_NEU_XX,crema_d_1003_ITS_NEU_XX,1003_ITS_NEU_XX.wav,crema_d,1003,ITS,NEU,neutral,unspecified,,,16000.0,3.7370625,16000.0,3.0,0.0,,,female,21
1003_ITS_SAD_XX,crema_d_1003_ITS_SAD_XX,1003_ITS_SAD_XX.wav,crema_d,1003,ITS,SAD,sad,unspecified,,,,,,,,,,female,21
1003_IWL_ANG_XX,crema_d_1003_IWL_ANG_XX,1003_IWL_ANG_XX.wav,crema_d,1003,IWL,ANG,anger,unspecified,,,16000.0,3.536875,16000.0,3.0,1.072875,,,female,21
1003_IWL_DIS_XX,crema_d_1003_IWL_DIS_XX,1003_IWL_DIS_XX.wav,crema_d,1003,IWL,DIS,disgust,unspecified,,,,,,,,,,female,21
1003_IWL_FEA_XX,crema_d_1003_IWL_FEA_XX,1003_IWL_FEA_XX.wav,crema_d,1003,IWL,FEA,fear,unspecified,,,,,,,,,,female,21
1003_IWL_HAP_XX,crema_d_1003_IWL_HAP_XX,1003_IWL_HAP_XX.wav,crema_d,1003,IWL,HAP,happy,unspecified,,,16000.0,3.903875,16000.0,3.0,1.695875,,,female,21
1003_IWL_NEU_XX,crema_d_1003_IWL_NEU_XX,1003_IWL_NEU_XX.wav,crema_d,1003,IWL,NEU,neutral,unspecified,,,16000.0,3.93725,16000.0,3.0,1.53725,,,female,21
1003_IWL_SAD_XX,crema_d_1003_IWL_SAD_XX,1003_IWL_SAD_XX.wav,crema_d,1003,IWL,SAD,sad,unspecified,,,,,,,,,,female,21
1003_IWW_ANG_XX,crema_d_1003_IWW_ANG_XX,1003_IWW_ANG_XX.wav,crema_d,1003,IWW,ANG,anger,unspecified,,,16000.0,3.403375,16000.0,3.0,1.707375,,,female,21
1003_IWW_DIS_XX,crema_d_1003_IWW_DIS_XX,1003_IWW_DIS_XX.wav,crema_d,1003,IWW,DIS,disgust,unspecified,,,,,,,,,,female,21
1003_IWW_FEA_XX,crema_d_1003_IWW_FEA_XX,1003_IWW_FEA_XX.wav,crema_d,1003,IWW,FEA,fear,unspecified,,,,,,,,,,female,21
1003_IWW_HAP_XX,crema_d_1003_IWW_HAP_XX,1003_IWW_HAP_XX.wav,crema_d,1003,IWW,HAP,happy,unspecified,,,16000.0,3.5035,16000.0,3.0,1.6155,,,female,21
1003_IWW_NEU_XX,crema_d_1003_IWW_NEU_XX,1003_IWW_NEU_XX.wav,crema_d,1003,IWW,NEU,neutral,unspecified,,,16000.0,2.902875,16000.0,3.0,0.150875,,,female,21
1003_IWW_SAD_XX,crema_d_1003_IWW_SAD_XX,1003_IWW_SAD_XX.wav,crema_d,1003,IWW,SAD,sad,unspecified,,,,,,,,,,female,21
1003_MTI_ANG_XX,crema_d_1003_MTI_ANG_XX,1003_MTI_ANG_XX.wav,crema_d,1003,MTI,ANG,anger,unspecified,,,16000.0,2.2355625,16000.0,3.0,0.448,,,female,21
1003_MTI_DIS_XX,crema_d_1003_MTI_DIS_XX,1003_MTI_DIS_XX.wav,crema_d,1003,MTI,DIS,disgust,unspecified,,,,,,,,,,female,21
1003_MTI_FEA_XX,crema_d_1003_MTI_FEA_XX,1003_MTI_FEA_XX.wav,crema_d,1003,MTI,FEA,fear,unspecified,,,,,,,,,,female,21
1003_MTI_HAP_XX,crema_d_1003_MTI_HAP_XX,1003_MTI_HAP_XX.wav,crema_d,1003,MTI,HAP,happy,unspecified,,,16000.0,3.3033125,16000.0,3.0,1.3833125,,,female,21
1003_MTI_NEU_XX,crema_d_1003_MTI_NEU_XX,1003_MTI_NEU_XX.wav,crema_d,1003,MTI,NEU,neutral,unspecified,,,16000.0,3.7370625,16000.0,3.0,0.8890625,,,female,21
1003_MTI_SAD_XX,crema_d_1003_MTI_SAD_XX,1003_MTI_SAD_XX.wav,crema_d,1003,MTI,SAD,sad,unspecified,,,,,,,,,,female,21
1003_TAI_ANG_XX,crema_d_1003_TAI_ANG_XX,1003_TAI_ANG_XX.wav,crema_d,1003,TAI,ANG,anger,unspecified,,,16000.0,2.8695,16000.0,3.0,1.2375,,,female,21
1003_TAI_DIS_XX,crema_d_1003_TAI_DIS_XX,1003_TAI_DIS_XX.wav,crema_d,1003,TAI,DIS,disgust,unspecified,,,,,,,,,,female,21
1003_TAI_FEA_XX,crema_d_1003_TAI_FEA_XX,1003_TAI_FEA_XX.wav,crema_d,1003,TAI,FEA,fear,unspecified,,,,,,,,,,female,21
1003_TAI_HAP_XX,crema_d_1003_TAI_HAP_XX,1003_TAI_HAP_XX.wav,crema_d,1003,TAI,HAP,happy,unspecified,,,16000.0,3.1364375,16000.0,3.0,1.3124375,,,female,21
1003_TAI_NEU_XX,crema_d_1003_TAI_NEU_XX,1003_TAI_NEU_XX.wav,crema_d,1003,TAI,NEU,neutral,unspecified,,,16000.0,3.6703125,16000.0,3.0,1.7503125,,,female,21
1003_TAI_SAD_XX,crema_d_1003_TAI_SAD_XX,1003_TAI_SAD_XX.wav,crema_d,1003,TAI,SAD,sad,unspecified,,,,,,,,,,female,21
1003_TIE_ANG_XX,crema_d_1003_TIE_ANG_XX,1003_TIE_ANG_XX.wav,crema_d,1003,TIE,ANG,anger,unspecified,,,16000.0,3.1698125,16000.0,3.0,1.4098125,,,female,21
1003_TIE_DIS_XX,crema_d_1003_TIE_DIS_XX,1003_TIE_DIS_XX.wav,crema_d,1003,TIE,DIS,disgust,unspecified,,,,,,,,,,female,21
1003_TIE_FEA_XX,crema_d_1003_TIE_FEA_XX,1003_TIE_FEA_XX.wav,crema_d,1003,TIE,FEA,fear,unspecified,,,,,,,,,,female,21
1003_TIE_HAP_XX,crema_d_1003_TIE_HAP_XX,1003_TIE_HAP_XX.wav,crema_d,1003,TIE,HAP,happy,unspecified,,,16000.0,3.2699375,16000.0,3.0,0.5819375,,,female,21
1003_TIE_NEU_XX,crema_d_1003_TIE_NEU_XX,1003_TIE_NEU_XX.wav,crema_d,1003,TIE,NEU,neutral,unspecified,,,16000.0,2.535875,16000.0,3.0,0.839875,,,female,21
1003_TIE_SAD_XX,crema_d_1003_TIE_SAD_XX,1003_TIE_SAD_XX.wav,crema_d,1003,TIE,SAD,sad,unspecified,,,,,,,,,,female,21
1003_TSI_ANG_XX,crema_d_1003_TSI_ANG_XX,1003_TSI_ANG_XX.wav,crema_d,1003,TSI,ANG,anger,unspecified,,,16000.0,3.970625,16000.0,3.0,0.386625,,,female,21
1003_TSI_DIS_XX,crema_d_1003_TSI_DIS_XX,1003_TSI_DIS_XX.wav,crema_d,1003,TSI,DIS,disgust,unspecified,,,,,,,,,,female,21
1003_TSI_FEA_XX,crema_d_1003_TSI_FEA_XX,1003_TSI_FEA_XX.wav,crema_d,1003,TSI,FEA,fear,unspecified,,,,,,,,,,female,21
1003_TSI_HAP_XX,crema_d_1003_TSI_HAP_XX,1003_TSI_HAP_XX.wav,crema_d,1003,TSI,HAP,happy,unspecified,,,16000.0,3.37,16000.0,3.0,0.0,,,female,21
1003_TSI_NEU_XX,crema_d_1003_TSI_NEU_XX,1003_TSI_NEU_XX.wav,crema_d,1003,TSI,NEU,neutral,unspecified,,,16000.0,3.43675,16000.0,3.0,0.0,,,female,21
1003_TSI_SAD_XX,crema_d_1003_TSI_SAD_XX,1003_TSI_SAD_XX.wav,crema_d,1003,TSI,SAD,sad,unspecified,,,,,,,,,,female,21
1003_WSI_ANG_XX,crema_d_1003_WSI_ANG_XX,1003_WSI_ANG_XX.wav,crema_d,1003,WSI,ANG,anger,unspecified,,,16000.0,3.536875,16000.0,3.0,1.328875,,,female,21
1003_WSI_DIS_XX,crema_d_1003_WSI_DIS_XX,1003_WSI_DIS_XX.wav,crema_d,1003,WSI,DIS,disgust,unspecified,,,,,,,,,,female,21
1003_WSI_FEA_XX,crema_d_1003_WSI_FEA_XX,1003_WSI_FEA_XX.wav,crema_d,1003,WSI,FEA,fear,unspecified,,,,,,,,,,female,21
1003_WSI_HAP_XX,crema_d_1003_WSI_HAP_XX,1003_WSI_HAP_XX.wav,crema_d,1003,WSI,HAP,happy,unspecified,,,16000.0,3.1698125,16000.0,3.0,0.7698125,,,female,21
1003_WSI_NEU_XX,crema_d_1003_WSI_NEU_XX,1003_WSI_NEU_XX.wav,crema_d,1003,WSI,NEU,neutral,unspecified,,,16000.0,3.43675,16000.0,3.0,0.33275,,,female,21
1003_WSI_SAD_XX,crema_d_1003_WSI_SAD_XX,1003_WSI_SAD_XX.wav,crema_d,1003,WSI,SAD,sad,unspecified,,,,,,,,,,female,21
1004_DFA_ANG_XX,crema_d_1004_DFA_ANG_XX,1004_DFA_ANG_XX.wav,crema_d,1004,DFA,ANG,anger,unspecified,,,16000.0,3.06975,16000.0,3.0,1.69375,,,female,42
1004_DFA_DIS_XX,crema_d_1004_DFA_DIS_XX,1004_DFA_DIS_XX.wav,crema_d,1004,DFA,DIS,disgust,unspecified,,,,,,,,,,female,42
1004_DFA_FEA_XX,crema_d_1004_DFA_FEA_XX,1004_DFA_FEA_XX.wav,crema_d,1004,DFA,FEA,fear,unspecified,,,,,,,,,,female,42
1004_DFA_HAP_XX,crema_d_1004_DFA_HAP_XX,1004_DFA_HAP_XX.wav,crema_d,1004,DFA,HAP,happy,unspecified,,,16000.0,2.7360625,16000.0,3.0,1.6480625,,,female,42
1004_DFA_NEU_XX,crema_d_1004_DFA_NEU_XX,1004_DFA_NEU_XX.wav,crema_d,1004,DFA,NEU,neutral,unspecified,,,16000.0,3.103125,16000.0,3.0,0.064,,,female,42
1004_DFA_SAD_XX,crema_d_1004_DFA_SAD_XX,1004_DFA_SAD_XX.wav,crema_d,1004,DFA,SAD,sad,unspecified,,,,,,,,,,female,42
1004_IEO_ANG_HI,crema_d_1004_IEO_ANG_HI,1004_IEO_ANG_HI.wav,crema_d,1004,IEO,ANG,anger,high,,,16000.0,4.004,16000.0,3.0,2.02,,,female,42
1004_IEO_ANG_LO,crema_d_1004_IEO_ANG_LO,1004_IEO_ANG_LO.wav,crema_d,1004,IEO,ANG,anger,low,,,16000.0,2.6693125,16000.0,3.0,1.4213125,,,female,42
1004_IEO_ANG_MD,crema_d_1004_IEO_ANG_MD,1004_IEO_ANG_MD.wav,crema_d,1004,IEO,ANG,anger,medium,,,16000.0,2.902875,16000.0,3.0,1.238875,,,female,42
1004_IEO_DIS_HI,crema_d_1004_IEO_DIS_HI,1004_IEO_DIS_HI.wav,crema_d,1004,IEO,DIS,disgust,high,,,,,,,,,,female,42
1004_IEO_DIS_LO,crema_d_1004_IEO_DIS_LO,1004_IEO_DIS_LO.wav,crema_d,1004,IEO,DIS,disgust,low,,,,,,,,,,female,42
1004_IEO_DIS_MD,crema_d_1004_IEO_DIS_MD,1004_IEO_DIS_MD.wav,crema_d,1004,IEO,DIS,disgust,medium,,,,,,,,,,female,42
1004_IEO_FEA_HI,crema_d_1004_IEO_FEA_HI,1004_IEO_FEA_HI.wav,crema_d,1004,IEO,FEA,fear,high,,,,,,,,,,female,42
1004_IEO_FEA_LO,crema_d_1004_IEO_FEA_LO,1004_IEO_FEA_LO.wav,crema_d,1004,IEO,FEA,fear,low,,,,,,,,,,female,42
1004_IEO_FEA_MD,crema_d_1004_IEO_FEA_MD,1004_IEO_FEA_MD.wav,crema_d,1004,IEO,FEA,fear,medium,,,,,,,,,,female,42
1004_IEO_HAP_HI,crema_d_1004_IEO_HAP_HI,1004_IEO_HAP_HI.wav,crema_d,1004,IEO,HAP,happy,high,,,16000.0,2.93625,16000.0,3.0,1.40025,,,female,42
1004_IEO_HAP_LO,crema_d_1004_IEO_HAP_LO,1004_IEO_HAP_LO.wav,crema_d,1004,IEO,HAP,happy,low,,,16000.0,2.402375,16000.0,3.0,0.032,,,female,42
1004_IEO_HAP_MD,crema_d_1004_IEO_HAP_MD,1004_IEO_HAP_MD.wav,crema_d,1004,IEO,HAP,happy,medium,,,16000.0,3.036375,16000.0,3.0,1.308375,,,female,42
1004_IEO_NEU_XX,crema_d_1004_IEO_NEU_XX,1004_IEO_NEU_XX.wav,crema_d,1004,IEO,NEU,neutral,unspecified,,,16000.0,2.3356875,16000.0,3.0,0.0956875,,,female,42
1004_IEO_SAD_HI,crema_d_1004_IEO_SAD_HI,1004_IEO_SAD_HI.wav,crema_d,1004,IEO,SAD,sad,high,,,,,,,,,,female,42
1004_IEO_SAD_LO,crema_d_1004_IEO_SAD_LO,1004_IEO_SAD_LO.wav,crema_d,1004,IEO,SAD,sad,low,,,,,,,,,,female,42
1004_IEO_SAD_MD,crema_d_1004_IEO_SAD_MD,1004_IEO_SAD_MD.wav,crema_d,1004,IEO,SAD,sad,medium,,,,,,,,,,female,42
1004_IOM_ANG_XX,crema_d_1004_IOM_ANG_XX,1004_IOM_ANG_XX.wav,crema_d,1004,IOM,ANG,anger,unspecified,,,16000.0,2.602625,16000.0,3.0,1.290625,,,female,42
1004_IOM_DIS_XX,crema_d_1004_IOM_DIS_XX,1004_IOM_DIS_XX.wav,crema_d,1004,IOM,DIS,disgust,unspecified,,,,,,,,,,female,42
1004_IOM_FEA_XX,crema_d_1004_IOM_FEA_XX,1004_IOM_FEA_XX.wav,crema_d,1004,IOM,FEA,fear,unspecified,,,,,,,,,,female,42
1004_IOM_HAP_XX,crema_d_1004_IOM_HAP_XX,1004_IOM_HAP_XX.wav,crema_d,1004,IOM,HAP,happy,unspecified,,,16000.0,2.2355625,16000.0,3.0,1.12,,,female,42
1004_IOM_NEU_XX,crema_d_1004_IOM_NEU_XX,1004_IOM_NEU_XX.wav,crema_d,1004,IOM,NEU,neutral,unspecified,,,16000.0,2.535875,16000.0,3.0,0.0,,,female,42
1004_IOM_SAD_XX,crema_d_1004_IOM_SAD_XX,1004_IOM_SAD_XX.wav,crema_d,1004,IOM,SAD,sad,unspecified,,,,,,,,,,female,42
1004_ITH_ANG_XX,crema_d_1004_ITH_ANG_XX,1004_ITH_ANG_XX.wav,crema_d,1004,ITH,ANG,anger,unspecified,,,16000.0,3.2699375,16000.0,3.0,1.6379375,,,female,42
1004_ITH_DIS_XX,crema_d_1004_ITH_DIS_XX,1004_ITH_DIS_XX.wav,crema_d,1004,ITH,DIS,disgust,unspecified,,,,,,,,,,female,42
1004_ITH_FEA_XX,crema_d_1004_ITH_FEA_XX,1004_ITH_FEA_XX.wav,crema_d,1004,ITH,FEA,fear,unspecified,,,,,,,,,,female,42
1004_ITH_HAP_XX,crema_d_1004_ITH_HAP_XX,1004_ITH_HAP_XX.wav,crema_d,1004,ITH,HAP,happy,unspecified,,,16000.0,3.003,16000.0,3.0,0.0,,,female,42
1004_ITH_NEU_XX,crema_d_1004_ITH_NEU_XX,1004_ITH_NEU_XX.wav,crema_d,1004,ITH,NEU,neutral,unspecified,,,16000.0,3.6369375,16000.0,3.0,0.0,,,female,42
1004_ITH_SAD_XX,crema_d_1004_ITH_SAD_XX,1004_ITH_SAD_XX.wav,crema_d,1004,ITH,SAD,sad,unspecified,,,,,,,,,,female,42
1004_ITS_ANG_XX,crema_d_1004_ITS_ANG_XX,1004_ITS_ANG_XX.wav,crema_d,1004,ITS,ANG,anger,unspecified,,,16000.0,3.37,16000.0,3.0,1.45,,,female,42
1004_ITS_DIS_XX,crema_d_1004_ITS_DIS_XX,1004_ITS_DIS_XX.wav,crema_d,1004,ITS,DIS,disgust,unspecified,,,,,,,,,,female,42
1004_ITS_FEA_XX,crema_d_1004_ITS_FEA_XX,1004_ITS_FEA_XX.wav,crema_d,1004,ITS,FEA,fear,unspecified,,,,,,,,,,female,42
1004_ITS_HAP_XX,crema_d_1004_ITS_HAP_XX,1004_ITS_HAP_XX.wav,crema_d,1004,ITS,HAP,happy,unspecified,,,16000.0,2.8695,16000.0,3.0,0.2455,,,female,42
1004_ITS_NEU_XX,crema_d_1004_ITS_NEU_XX,1004_ITS_NEU_XX.wav,crema_d,1004,ITS,NEU,neutral,unspecified,,,16000.0,2.2355625,16000.0,3.0,0.0,,,female,42
1004_ITS_SAD_XX,crema_d_1004_ITS_SAD_XX,1004_ITS_SAD_XX.wav,crema_d,1004,ITS,SAD,sad,unspecified,,,,,,,,,,female,42
1004_IWL_ANG_XX,crema_d_1004_IWL_ANG_XX,1004_IWL_ANG_XX.wav,crema_d,1004,IWL,ANG,anger,unspecified,,,16000.0,3.1698125,16000.0,3.0,1.1858125,,,female,42
1004_IWL_DIS_XX,crema_d_1004_IWL_DIS_XX,1004_IWL_DIS_XX.wav,crema_d,1004,IWL,DIS,disgust,unspecified,,,,,,,,,,female,42
1004_IWL_FEA_XX,crema_d_1004_IWL_FEA_XX,1004_IWL_FEA_XX.wav,crema_d,1004,IWL,FEA,fear,unspecified,,,,,,,,,,female,42
1004_IWL_HAP_XX,crema_d_1004_IWL_HAP_XX,1004_IWL_HAP_XX.wav,crema_d,1004,IWL,HAP,happy,unspecified,,,16000.0,3.003,16000.0,3.0,1.595,,,female,42
1004_IWL_NEU_XX,crema_d_1004_IWL_NEU_XX,1004_IWL_NEU_XX.wav,crema_d,1004,IWL,NEU,neutral,unspecified,,,16000.0,3.903875,16000.0,3.0,1.727875,,,female,42
1004_IWL_SAD_XX,crema_d_1004_IWL_SAD_XX,1004_IWL_SAD_XX.wav,crema_d,1004,IWL,SAD,sad,unspecified,,,,,,,,,,female,42
1004_IWW_ANG_XX,crema_d_1004_IWW_ANG_XX,1004_IWW_ANG_XX.wav,crema_d,1004,IWW,ANG,anger,unspecified,,,16000.0,2.369,16000.0,3.0,1.121,,,female,42
1004_IWW_DIS_XX,crema_d_1004_IWW_DIS_XX,1004_IWW_DIS_XX.wav,crema_d,1004,IWW,DIS,disgust,unspecified,,,,,,,,,,female,42
1004_IWW_FEA_XX,crema_d_1004_IWW_FEA_XX,1004_IWW_FEA_XX.wav,crema_d,1004,IWW,FEA,fear,unspecified,,,,,,,,,,female,42
1004_IWW_HAP_XX,crema_d_1004_IWW_HAP_XX,1004_IWW_HAP_XX.wav,crema_d,1004,IWW,HAP,happy,unspecified,,,16000.0,3.2699375,16000.0,3.0,0.032,,,female,42
1004_IWW_NEU_XX,crema_d_1004_IWW_NEU_XX,1004_IWW_NEU_XX.wav,crema_d,1004,IWW,NEU,neutral,unspecified,,,16000.0,3.036375,16000.0,3.0,0.060375,,,female,42
1004_IWW_SAD_XX,crema_d_1004_IWW_SAD_XX,1004_IWW_SAD_XX.wav,crema_d,1004,IWW,SAD,sad,unspecified,,,,,,,,,,female,42
1004_MTI_ANG_XX,crema_d_1004_MTI_ANG_XX,1004_MTI_ANG_XX.wav,crema_d,1004,MTI,ANG,anger,unspecified,,,16000.0,3.3033125,16000.0,3.0,1.7033125,,,female,42
1004_MTI_DIS_XX,crema_d_1004_MTI_DIS_XX,1004_MTI_DIS_XX.wav,crema_d,1004,MTI,DIS,disgust,unspecified,,,,,,,,,,female,42
1004_MTI_FEA_XX,crema_d_1004_MTI_FEA_XX,1004_MTI_FEA_XX.wav,crema_d,1004,MTI,FEA,fear,unspecified,,,,,,,,,,female,42
1004_MTI_HAP_XX,crema_d_1004_MTI_HAP_XX,1004_MTI_HAP_XX.wav,crema_d,1004,MTI,HAP,happy,unspecified,,,16000.0,3.2031875,16000.0,3.0,0.0671875,,,female,42
1004_MTI_NEU_XX,crema_d_1004_MTI_NEU_XX,1004_MTI_NEU_XX.wav,crema_d,1004,MTI,NEU,neutral,unspecified,,,16000.0,3.7036875,16000.0,3.0,0.1196875,,,female,42
1004_MTI_SAD_XX,crema_d_1004_MTI_SAD_XX,1004_MTI_SAD_XX.wav,crema_d,1004,MTI,SAD,sad,unspecified,,,,,,,,,,female,42
1004_TAI_ANG_XX,crema_d_1004_TAI_ANG_XX,1004_TAI_ANG_XX.wav,crema_d,1004,TAI,ANG,anger,unspecified,,,16000.0,3.37,16000.0,3.0,1.706,,,female,42
1004_TAI_DIS_XX,crema_d_1004_TAI_DIS_XX,1004_TAI_DIS_XX.wav,crema_d,1004,TAI,DIS,disgust,unspecified,,,,,,,,,,female,42
1004_TAI_FEA_XX,crema_d_1004_TAI_FEA_XX,1004_TAI_FEA_XX.wav,crema_d,1004,TAI,FEA,fear,unspecified,,,,,,,,,,female,42
1004_TAI_HAP_XX,crema_d_1004_TAI_HAP_XX,1004_TAI_HAP_XX.wav,crema_d,1004,TAI,HAP,happy,unspecified,,,16000.0,2.602625,16000.0,3.0,0.032,,,female,42
1004_TAI_NEU_XX,crema_d_1004_TAI_NEU_XX,1004_TAI_NEU_XX.wav,crema_d,1004,TAI,NEU,neutral,unspecified,,,16000.0,3.470125,16000.0,3.0,0.046125,,,female,42
1004_TAI_SAD_XX,crema_d_1004_TAI_SAD_XX,1004_TAI_SAD_XX.wav,crema_d,1004,TAI,SAD,sad,unspecified,,,,,,,,,,female,42
1004_TIE_ANG_XX,crema_d_1004_TIE_ANG_XX,1004_TIE_ANG_XX.wav,crema_d,1004,TIE,ANG,anger,unspecified,,,16000.0,2.8361875,16000.0,3.0,0.8521875,,,female,42
1004_TIE_DIS_XX,crema_d_1004_TIE_DIS_XX,1004_TIE_DIS_XX.wav,crema_d,1004,TIE,DIS,disgust,unspecified,,,,,,,,,,female,42
1004_TIE_FEA_XX,crema_d_1004_TIE_FEA_XX,1004_TIE_FEA_XX.wav,crema_d,1004,TIE,FEA,fear,unspecified,,,,,,,,,,female,42
1004_TIE_HAP_XX,crema_d_1004_TIE_HAP_XX,1004_TIE_HAP_XX.wav,crema_d,1004,TIE,HAP,happy,unspecified,,,16000.0,2.969625,16000.0,3.0,0.857625,,,female,42
1004_TIE_NEU_XX,crema_d_1004_TIE_NEU_XX,1004_TIE_NEU_XX.wav,crema_d,1004,TIE,NEU,neutral,unspecified,,,16000.0,2.3356875,16000.0,3.0,0.0956875,,,female,42
1004_TIE_SAD_XX,crema_d_1004_TIE_SAD_XX,1004_TIE_SAD_XX.wav,crema_d,1004,TIE,SAD,sad,unspecified,,,,,,,,,,female,42
1004_TSI_ANG_XX,crema_d_1004_TSI_ANG_XX,1004_TSI_ANG_XX.wav,crema_d,1004,TSI,ANG,anger,unspecified,,,16000.0,2.369,16000.0,3.0,1.057,,,female,42
1004_TSI_DIS_XX,crema_d_1004_TSI_DIS_XX,1004_TSI_DIS_XX.wav,crema_d,1004,TSI,DIS,disgust,unspecified,,,,,,,,,,female,42
1004_TSI_FEA_XX,crema_d_1004_TSI_FEA_XX,1004_TSI_FEA_XX.wav,crema_d,1004,TSI,FEA,fear,unspecified,,,,,,,,,,female,42
1004_TSI_HAP_XX,crema_d_1004_TSI_HAP_XX,1004_TSI_HAP_XX.wav,crema_d,1004,TSI,HAP,happy,unspecified,,,16000.0,2.3356875,16000.0,3.0,0.0,,,female,42
1004_TSI_NEU_XX,crema_d_1004_TSI_NEU_XX,1004_TSI_NEU_XX.wav,crema_d,1004,TSI,NEU,neutral,unspecified,,,16000.0,2.2355625,16000.0,3.0,0.064,,,female,42
1004_TSI_SAD_XX,crema_d_1004_TSI_SAD_XX,1004_TSI_SAD_XX.wav,crema_d,1004,TSI,SAD,sad,unspecified,,,,,,,,,,female,42
1004_WSI_ANG_XX,crema_d_1004_WSI_ANG_XX,1004_WSI_ANG_XX.wav,crema_d,1004,WSI,ANG,anger,unspecified,,,16000.0,3.003,16000.0,3.0,1.019,,,female,42
1004_WSI_DIS_XX,crema_d_1004_WSI_DIS_XX,1004_WSI_DIS_XX.wav,crema_d,1004,WSI,DIS,disgust,unspecified,,,,,,,,,,female,42
1004_WSI_FEA_XX,crema_d_1004_WSI_FEA_XX,1004_WSI_FEA_XX.wav,crema_d,1004,WSI,FEA,fear,unspecified,,,,,,,,,,female,42
1004_WSI_HAP_XX,crema_d_1004_WSI_HAP_XX,1004_WSI_HAP_XX.wav,crema_d,1004,WSI,HAP,happy,unspecified,,,16000.0,2.56925,16000.0,3.0,0.87325,,,female,42
1004_WSI_NEU_XX,crema_d_1004_WSI_NEU_XX,1004_WSI_NEU_XX.wav,crema_d,1004,WSI,NEU,neutral,unspecified,,,16000.0,3.2365625,16000.0,3.0,1.2845625,,,female,42
1004_WSI_SAD_XX,crema_d_1004_WSI_SAD_XX,1004_WSI_SAD_XX.wav,crema_d,1004,WSI,SAD,sad,unspecified,,,,,,,,,,female,42
1005_DFA_ANG_XX,crema_d_1005_DFA_ANG_XX,1005_DFA_ANG_XX.wav,crema_d,1005,DFA,ANG,anger,unspecified,,,16000.0,2.602625,16000.0,3.0,1.354625,,,male,29
1005_DFA_DIS_XX,crema_d_1005_DFA_DIS_XX,1005_DFA_DIS_XX.wav,crema_d,1005,DFA,DIS,disgust,unspecified,,,,,,,,,,male,29
1005_DFA_FEA_XX,crema_d_1005_DFA_FEA_XX,1005_DFA_FEA_XX.wav,crema_d,1005,DFA,FEA,fear,unspecified,,,,,,,,,,male,29
1005_DFA_HAP_XX,crema_d_1005_DFA_HAP_XX,1005_DFA_HAP_XX.wav,crema_d,1005,DFA,HAP,happy,unspecified,,,16000.0,2.56925,16000.0,3.0,1.48125,,,male,29
1005_DFA_NEU_XX,crema_d_1005_DFA_NEU_XX,1005_DFA_NEU_XX.wav,crema_d,1005,DFA,NEU,neutral,unspecified,,,16000.0,3.103125,16000.0,3.0,1.887125,,,male,29
1005_DFA_SAD_XX,crema_d_1005_DFA_SAD_XX,1005_DFA_SAD_XX.wav,crema_d,1005,DFA,SAD,sad,unspecified,,,,,,,,,,male,29
1005_IEO_ANG_HI,crema_d_1005_IEO_ANG_HI,1005_IEO_ANG_HI.wav,crema_d,1005,IEO,ANG,anger,high,,,16000.0,2.5025,16000.0,3.0,1.0945,,,male,29
1005_IEO_ANG_LO,crema_d_1005_IEO_ANG_LO,1005_IEO_ANG_LO.wav,crema_d,1005,IEO,ANG,anger,low,,,16000.0,2.2689375,16000.0,3.0,0.8929375,,,male,29
1005_IEO_ANG_MD,crema_d_1005_IEO_ANG_MD,1005_IEO_ANG_MD.wav,crema_d,1005,IEO,ANG,anger,medium,,,16000.0,2.7360625,16000.0,3.0,1.2960625,,,male,29
1005_IEO_DIS_HI,crema_d_1005_IEO_DIS_HI,1005_IEO_DIS_HI.wav,crema_d,1005,IEO,DIS,disgust,high,,,,,,,,,,male,29
1005_IEO_DIS_LO,crema_d_1005_IEO_DIS_LO,1005_IEO_DIS_LO.wav,crema_d,1005,IEO,DIS,disgust,low,,,,,,,,,,male,29
1005_IEO_DIS_MD,crema_d_1005_IEO_DIS_MD,1005_IEO_DIS_MD.wav,crema_d,1005,IEO,DIS,disgust,medium,,,,,,,,,,male,29
1005_IEO_FEA_HI,crema_d_1005_IEO_FEA_HI,1005_IEO_FEA_HI.wav,crema_d,1005,IEO,FEA,fear,high,,,,,,,,,,male,29
1005_IEO_FEA_LO,crema_d_1005_IEO_FEA_LO,1005_IEO_FEA_LO.wav,crema_d,1005,IEO,FEA,fear,low,,,,,,,,,,male,29
1005_IEO_FEA_MD,crema_d_1005_IEO_FEA_MD,1005_IEO_FEA_MD.wav,crema_d,1005,IEO,FEA,fear,medium,,,,,,,,,,male,29
1005_IEO_HAP_HI,crema_d_1005_IEO_HAP_HI,1005_IEO_HAP_HI.wav,crema_d,1005,IEO,HAP,happy,high,,,16000.0,2.2689375,16000.0,3.0,1.2129375,,,male,29
1005_IEO_HAP_LO,crema_d_1005_IEO_HAP_LO,1005_IEO_HAP_LO.wav,crema_d,1005,IEO,HAP,happy,low,,,16000.0,2.102125,16000.0,3.0,0.0,,,male,29
1005_IEO_HAP_MD,crema_d_1005_IEO_HAP_MD,1005_IEO_HAP_MD.wav,crema_d,1005,IEO,HAP,happy,medium,,,16000.0,2.1688125,16000.0,3.0,0.1208125,,,male,29
1005_IEO_NEU_XX,crema_d_1005_IEO_NEU_XX,1005_IEO_NEU_XX.wav,crema_d,1005,IEO,NEU,neutral,unspecified,,,16000.0,2.102125,16000.0,3.0,0.032,,,male,29
1005_IEO_SAD_HI,crema_d_1005_IEO_SAD_HI,1005_IEO_SAD_HI.wav,crema_d,1005,IEO,SAD,sad,high,,,,,,,,,,male,29
1005_IEO_SAD_LO,crema_d_1005_IEO_SAD_LO,1005_IEO_SAD_LO.wav,crema_d,1005,IEO,SAD,sad,low,,,,,,,,,,male,29
1005_IEO_SAD_MD,crema_d_1005_IEO_SAD_MD,1005_IEO_SAD_MD.wav,crema_d,1005,IEO,SAD,sad,medium,,,,,,,,,,male,29
1005_IOM_ANG_XX,crema_d_1005_IOM_ANG_XX,1005_IOM_ANG_XX.wav,crema_d,1005,IOM,ANG,anger,unspecified,,,16000.0,3.37,16000.0,3.0,1.546,,,male,29
1005_IOM_DIS_XX,crema_d_1005_IOM_DIS_XX,1005_IOM_DIS_XX.wav,crema_d,1005,IOM,DIS,disgust,unspecified,,,,,,,,,,male,29
1005_IOM_FEA_XX,crema_d_1005_IOM_FEA_XX,1005_IOM_FEA_XX.wav,crema_d,1005,IOM,FEA,fear,unspecified,,,,,,,,,,male,29
1005_IOM_HAP_XX,crema_d_1005_IOM_HAP_XX,1005_IOM_HAP_XX.wav,crema_d,1005,IOM,HAP,happy,unspecified,,,16000.0,3.1364375,16000.0,3.0,1.6324375,,,male,29
1005_IOM_NEU_XX,crema_d_1005_IOM_NEU_XX,1005_IOM_NEU_XX.wav,crema_d,1005,IOM,NEU,neutral,unspecified,,,16000.0,2.7360625,16000.0,3.0,0.0160625,,,male,29
1005_IOM_SAD_XX,crema_d_1005_IOM_SAD_XX,1005_IOM_SAD_XX.wav,crema_d,1005,IOM,SAD,sad,unspecified,,,,,,,,,,male,29
1005_ITH_ANG_XX,crema_d_1005_ITH_ANG_XX,1005_ITH_ANG_XX.wav,crema_d,1005,ITH,ANG,anger,unspecified,,,16000.0,3.3033125,16000.0,3.0,1.6713125,,,male,29
1005_ITH_DIS_XX,crema_d_1005_ITH_DIS_XX,1005_ITH_DIS_XX.wav,crema_d,1005,ITH,DIS,disgust,unspecified,,,,,,,,,,male,29
1005_ITH_FEA_XX,crema_d_1005_ITH_FEA_XX,1005_ITH_FEA_XX.wav,crema_d,1005,ITH,FEA,fear,unspecified,,,,,,,,,,male,29
1005_ITH_HAP_XX,crema_d_1005_ITH_HAP_XX,1005_ITH_HAP_XX.wav,crema_d,1005,ITH,HAP,happy,unspecified,,,16000.0,3.2699375,16000.0,3.0,1.7019375,,,male,29
1005_ITH_NEU_XX,crema_d_1005_ITH_NEU_XX,1005_ITH_NEU_XX.wav,crema_d,1005,ITH,NEU,neutral,unspecified,,,16000.0,3.37,16000.0,3.0,1.354,,,male,29
1005_ITH_SAD_XX,crema_d_1005_ITH_SAD_XX,1005_ITH_SAD_XX.wav,crema_d,1005,ITH,SAD,sad,unspecified,,,,,,,,,,male,29
1005_ITS_ANG_XX,crema_d_1005_ITS_ANG_XX,1005_ITS_ANG_XX.wav,crema_d,1005,ITS,ANG,anger,unspecified,,,16000.0,3.57025,16000.0,3.0,1.81025,,,male,29
1005_ITS_DIS_XX,crema_d_1005_ITS_DIS_XX,1005_ITS_DIS_XX.wav,crema_d,1005,ITS,DIS,disgust,unspecified,,,,,,,,,,male,29
1005_ITS_FEA_XX,crema_d_1005_ITS_FEA_XX,1005_ITS_FEA_XX.wav,crema_d,1005,ITS,FEA,fear,unspecified,,,,,,,,,,male,29
1005_ITS_HAP_XX,crema_d_1005_ITS_HAP_XX,1005_ITS_HAP_XX.wav,crema_d,1005,ITS,HAP,happy,unspecified,,,16000.0,2.969625,16000.0,3.0,1.401625,,,male,29
1005_ITS_NEU_XX,crema_d_1005_ITS_NEU_XX,1005_ITS_NEU_XX.wav,crema_d,1005,ITS,NEU,neutral,unspecified,,,16000.0,3.1364375,16000.0,3.0,1.3444375,,,male,29
1005_ITS_SAD_XX,crema_d_1005_ITS_SAD_XX,1005_ITS_SAD_XX.wav,crema_d,1005,ITS,SAD,sad,unspecified,,,,,,,,,,male,29
1005_IWL_ANG_XX,crema_d_1005_IWL_ANG_XX,1005_IWL_ANG_XX.wav,crema_d,1005,IWL,ANG,anger,unspecified,,,16000.0,3.37,16000.0,3.0,1.45,,,male,29
1005_IWL_DIS_XX,crema_d_1005_IWL_DIS_XX,1005_IWL_DIS_XX.wav,crema_d,1005,IWL,DIS,disgust,unspecified,,,,,,,,,,male,29
1005_IWL_FEA_XX,crema_d_1005_IWL_FEA_XX,1005_IWL_FEA_XX.wav,crema_d,1005,IWL,FEA,fear,unspecified,,,,,,,,,,male,29
1005_IWL_HAP_XX,crema_d_1005_IWL_HAP_XX,1005_IWL_HAP_XX.wav,crema_d,1005,IWL,HAP,happy,unspecified,,,16000.0,3.003,16000.0,3.0,1.403,,,male,29
1005_IWL_NEU_XX,crema_d_1005_IWL_NEU_XX,1005_IWL_NEU_XX.wav,crema_d,1005,IWL,NEU,neutral,unspecified,,,16000.0,3.2365625,16000.0,3.0,1.0285625,,,male,29
1005_IWL_SAD_XX,crema_d_1005_IWL_SAD_XX,1005_IWL_SAD_XX.wav,crema_d,1005,IWL,SAD,sad,unspecified,,,,,,,,,,male,29
1005_IWW_ANG_XX,crema_d_1005_IWW_ANG_XX,1005_IWW_ANG_XX.wav,crema_d,1005,IWW,ANG,anger,unspecified,,,16000.0,3.3033125,16000.0,3.0,0.7113125,,,male,29
1005_IWW_DIS_XX,crema_d_1005_IWW_DIS_XX,1005_IWW_DIS_XX.wav,crema_d,1005,IWW,DIS,disgust,unspecified,,,,,,,,,,male,29
1005_IWW_FEA_XX,crema_d_1005_IWW_FEA_XX,1005_IWW_FEA_XX.wav,crema_d,1005,IWW,FEA,fear,unspecified,,,,,,,,,,male,29
1005_IWW_HAP_XX,crema_d_1005_IWW_HAP_XX,1005_IWW_HAP_XX.wav,crema_d,1005,IWW,HAP,happy,unspecified,,,16000.0,2.7026875,16000.0,3.0,0.1106875,,,male,29
1005_IWW_NEU_XX,crema_d_1005_IWW_NEU_XX,1005_IWW_NEU_XX.wav,crema_d,1005,IWW,NEU,neutral,unspecified,,,16000.0,2.7026875,16000.0,3.0,0.0,,,male,29
1005_IWW_SAD_XX,crema_d_1005_IWW_SAD_XX,1005_IWW_SAD_XX.wav,crema_d,1005,IWW,SAD,sad,unspecified,,,,,,,,,,male,29
1005_MTI_ANG_XX,crema_d_1005_MTI_ANG_XX,1005_MTI_ANG_XX.wav,crema_d,1005,MTI,ANG,anger,unspecified,,,16000.0,3.7036875,16000.0,3.0,1.8156875,,,male,29
1005_MTI_DIS_XX,crema_d_1005_MTI_DIS_XX,1005_MTI_DIS_XX.wav,crema_d,1005,MTI,DIS,disgust,unspecified,,,,,,,,,,male,29
1005_MTI_FEA_XX,crema_d_1005_MTI_FEA_XX,1005_MTI_FEA_XX.wav,crema_d,1005,MTI,FEA,fear,unspecified,,,,,,,,,,male,29
1005_MTI_HAP_XX,crema_d_1005_MTI_HAP_XX,1005_MTI_HAP_XX.wav,crema_d,1005,MTI,HAP,happy,unspecified,,,16000.0,3.5035,16000.0,3.0,1.5515,,,male,29
1005_MTI_NEU_XX,crema_d_1005_MTI_NEU_XX,1005_MTI_NEU_XX.wav,crema_d,1005,MTI,NEU,neutral,unspecified,,,16000.0,3.37,16000.0,3.0,0.106,,,male,29
1005_MTI_SAD_XX,crema_d_1005_MTI_SAD_XX,1005_MTI_SAD_XX.wav,crema_d,1005,MTI,SAD,sad,unspecified,,,,,,,,,,male,29
1005_TAI_ANG_XX,crema_d_1005_TAI_ANG_XX,1005_TAI_ANG_XX.wav,crema_d,1005,TAI,ANG,anger,unspecified,,,16000.0,3.603625,16000.0,3.0,1.363625,,,male,29
1005_TAI_DIS_XX,crema_d_1005_TAI_DIS_XX,1005_TAI_DIS_XX.wav,crema_d,1005,TAI,DIS,disgust,unspecified,,,,,,,,,,male,29
1005_TAI_FEA_XX,crema_d_1005_TAI_FEA_XX,1005_TAI_FEA_XX.wav,crema_d,1005,TAI,FEA,fear,unspecified,,,,,,,,,,male,29
1005_TAI_HAP_XX,crema_d_1005_TAI_HAP_XX,1005_TAI_HAP_XX.wav,crema_d,1005,TAI,HAP,happy,unspecified,,,16000.0,2.8361875,16000.0,3.0,0.0841875,,,male,29
1005_TAI_NEU_XX,crema_d_1005_TAI_NEU_XX,1005_TAI_NEU_XX.wav,crema_d,1005,TAI,NEU,neutral,unspecified,,,16000.0,3.3033125,16000.0,3.0,0.1033125,,,male,29
1005_TAI_SAD_XX,crema_d_1005_TAI_SAD_XX,1005_TAI_SAD_XX.wav,crema_d,1005,TAI,SAD,sad,unspecified,,,,,,,,,,male,29
1005_TIE_ANG_XX,crema_d_1005_TIE_ANG_XX,1005_TIE_ANG_XX.wav,crema_d,1005,TIE,ANG,anger,unspecified,,,16000.0,2.93625,16000.0,3.0,0.98425,,,male,29
1005_TIE_DIS_XX,crema_d_1005_TIE_DIS_XX,1005_TIE_DIS_XX.wav,crema_d,1005,TIE,DIS,disgust,unspecified,,,,,,,,,,male,29
1005_TIE_FEA_XX,crema_d_1005_TIE_FEA_XX,1005_TIE_FEA_XX.wav,crema_d,1005,TIE,FEA,fear,unspecified,,,,,,,,,,male,29
1005_TIE_HAP_XX,crema_d_1005_TIE_HAP_XX,1005_TIE_HAP_XX.wav,crema_d,1005,TIE,HAP,happy,unspecified,,,16000.0,4.2041875,16000.0,3.0,1.6761875,,,male,29
1005_TIE_NEU_XX,crema_d_1005_TIE_NEU_XX,1005_TIE_NEU_XX.wav,crema_d,1005,TIE,NEU,neutral,unspecified,,,16000.0,2.8695,16000.0,3.0,0.0535,,,male,29
1005_TIE_SAD_XX,crema_d_1005_TIE_SAD_XX,1005_TIE_SAD_XX.wav,crema_d,1005,TIE,SAD,sad,unspecified,,,,,,,,,,male,29
1005_TSI_ANG_XX,crema_d_1005_TSI_ANG_XX,1005_TSI_ANG_XX.wav,crema_d,1005,TSI,ANG,anger,unspecified,,,16000.0,3.003,16000.0,3.0,1.467,,,male,29
1005_TSI_DIS_XX,crema_d_1005_TSI_DIS_XX,1005_TSI_DIS_XX.wav,crema_d,1005,TSI,DIS,disgust,unspecified,,,,,,,,,,male,29
1005_TSI_FEA_XX,crema_d_1005_TSI_FEA_XX,1005_TSI_FEA_XX.wav,crema_d,1005,TSI,FEA,fear,unspecified,,,,,,,,,,male,29
1005_TSI_HAP_XX,crema_d_1005_TSI_HAP_XX,1005_TSI_HAP_XX.wav,crema_d,1005,TSI,HAP,happy,unspecified,,,16000.0,2.8361875,16000.0,3.0,1.3321875,,,male,29
1005_TSI_NEU_XX,crema_d_1005_TSI_NEU_XX,1005_TSI_NEU_XX.wav,crema_d,1005,TSI,NEU,neutral,unspecified,,,16000.0,2.8028125,16000.0,3.0,0.2108125,,,male,29
1005_TSI_SAD_XX,crema_d_1005_TSI_SAD_XX,1005_TSI_SAD_XX.wav,crema_d,1005,TSI,SAD,sad,unspecified,,,,,,,,,,male,29
1005_WSI_ANG_XX,crema_d_1005_WSI_ANG_XX,1005_WSI_ANG_XX.wav,crema_d,1005,WSI,ANG,anger,unspecified,,,16000.0,3.403375,16000.0,3.0,1.451375,,,male,29
1005_WSI_DIS_XX,crema_d_1005_WSI_DIS_XX,1005_WSI_DIS_XX.wav,crema_d,1005,WSI,DIS,disgust,unspecified,,,,,,,,,,male,29
1005_WSI_FEA_XX,crema_d_1005_WSI_FEA_XX,1005_WSI_FEA_XX.wav,crema_d,1005,WSI,FEA,fear,unspecified,,,,,,,,,,male,29
1005_WSI_HAP_XX,crema_d_1005_WSI_HAP_XX,1005_WSI_HAP_XX.wav,crema_d,1005,WSI,HAP,happy,unspecified,,,16000.0,2.7026875,16000.0,3.0,1.1026875,,,male,29
1005_WSI_NEU_XX,crema_d_1005_WSI_NEU_XX,1005_WSI_NEU_XX.wav,crema_d,1005,WSI,NEU,neutral,unspecified,,,16000.0,3.1364375,16000.0,3.0,1.1204375,,,male,29
1005_WSI_SAD_XX,crema_d_1005_WSI_SAD_XX,1005_WSI_SAD_XX.wav,crema_d,1005,WSI,SAD,sad,unspecified,,,,,,,,,,male,29
1006_DFA_ANG_XX,crema_d_1006_DFA_ANG_XX,1006_DFA_ANG_XX.wav,crema_d,1006,DFA,ANG,anger,unspecified,,,16000.0,2.602625,16000.0,3.0,1.290625,,,female,58
1006_DFA_DIS_XX,crema_d_1006_DFA_DIS_XX,1006_DFA_DIS_XX.wav,crema_d,1006,DFA,DIS,disgust,unspecified,,,,,,,,,,female,58
1006_DFA_FEA_XX,crema_d_1006_DFA_FEA_XX,1006_DFA_FEA_XX.wav,crema_d,1006,DFA,FEA,fear,unspecified,,,,,,,,,,female,58
1006_DFA_HAP_XX,crema_d_1006_DFA_HAP_XX,1006_DFA_HAP_XX.wav,crema_d,1006,DFA,HAP,happy,unspecified,,,16000.0,2.3023125,16000.0,3.0,1.0543125,,,female,58
1006_DFA_NEU_XX,crema_d_1006_DFA_NEU_XX,1006_DFA_NEU_XX.wav,crema_d,1006,DFA,NEU,neutral,unspecified,,,16000.0,2.56925,16000.0,3.0,0.0,,,female,58
1006_DFA_SAD_XX,crema_d_1006_DFA_SAD_XX,1006_DFA_SAD_XX.wav,crema_d,1006,DFA,SAD,sad,unspecified,,,,,,,,,,female,58
1006_IEO_ANG_HI,crema_d_1006_IEO_ANG_HI,1006_IEO_ANG_HI.wav,crema_d,1006,IEO,ANG,anger,high,,,16000.0,2.56925,16000.0,3.0,1.19325,,,female,58
1006_IEO_ANG_LO,crema_d_1006_IEO_ANG_LO,1006_IEO_ANG_LO.wav,crema_d,1006,IEO,ANG,anger,low,,,16000.0,2.5025,16000.0,3.0,0.0,,,female,58
1006_IEO_ANG_MD,crema_d_1006_IEO_ANG_MD,1006_IEO_ANG_MD.wav,crema_d,1006,IEO,ANG,anger,medium,,,16000.0,1.8018125,16000.0,3.0,0.4578125,,,female,58
1006_IEO_DIS_HI,crema_d_1006_IEO_DIS_HI,1006_IEO_DIS_HI.wav,crema_d,1006,IEO,DIS,disgust,high,,,,,,,,,,female,58
1006_IEO_DIS_LO,crema_d_1006_IEO_DIS_LO,1006_IEO_DIS_LO.wav,crema_d,1006,IEO,DIS,disgust,low,,,,,,,,,,female,58
1006_IEO_DIS_MD,crema_d_1006_IEO_DIS_MD,1006_IEO_DIS_MD.wav,crema_d,1006,IEO,DIS,disgust,medium,,,,,,,,,,female,58
1006_IEO_FEA_HI,crema_d_1006_IEO_FEA_HI,1006_IEO_FEA_HI.wav,crema_d,1006,IEO,FEA,fear,high,,,,,,,,,,female,58
1006_IEO_FEA_LO,crema_d_1006_IEO_FEA_LO,1006_IEO_FEA_LO.wav,crema_d,1006,IEO,FEA,fear,low,,,,,,,,,,female,58
1006_IEO_FEA_MD,crema_d_1006_IEO_FEA_MD,1006_IEO_FEA_MD.wav,crema_d,1006,IEO,FEA,fear,medium,,,,,,,,,,female,58
1006_IEO_HAP_HI,crema_d_1006_IEO_HAP_HI,1006_IEO_HAP_HI.wav,crema_d,1006,IEO,HAP,happy,high,,,16000.0,1.8351875,16000.0,3.0,0.6831875,,,female,58
1006_IEO_HAP_LO,crema_d_1006_IEO_HAP_LO,1006_IEO_HAP_LO.wav,crema_d,1006,IEO,HAP,happy,low,,,16000.0,1.7016875,16000.0,3.0,0.0,,,female,58
1006_IEO_HAP_MD,crema_d_1006_IEO_HAP_MD,1006_IEO_HAP_MD.wav,crema_d,1006,IEO,HAP,happy,medium,,,16000.0,2.2689375,16000.0,3.0,0.2849375,,,female,58
1006_IEO_NEU_XX,crema_d_1006_IEO_NEU_XX,1006_IEO_NEU_XX.wav,crema_d,1006,IEO,NEU,neutral,unspecified,,,16000.0,2.102125,16000.0,3.0,0.0,,,female,58
1006_IEO_SAD_HI,crema_d_1006_IEO_SAD_HI,1006_IEO_SAD_HI.wav,crema_d,1006,IEO,SAD,sad,high,,,,,,,,,,female,58
1006_IEO_SAD_LO,crema_d_1006_IEO_SAD_LO,1006_IEO_SAD_LO.wav,crema_d,1006,IEO,SAD,sad,low,,,,,,,,,,female,58
1006_IEO_SAD_MD,crema_d_1006_IEO_SAD_MD,1006_IEO_SAD_MD.wav,crema_d,1006,IEO,SAD,sad,medium,,,,,,,,,,female,58
1006_IOM_ANG_XX,crema_d_1006_IOM_ANG_XX,1006_IOM_ANG_XX.wav,crema_d,1006,IOM,ANG,anger,unspecified,,,16000.0,3.2699375,16000.0,3.0,1.6379375,,,female,58
1006_IOM_DIS_XX,crema_d_1006_IOM_DIS_XX,1006_IOM_DIS_XX.wav,crema_d,1006,IOM,DIS,disgust,unspecified,,,,,,,,,,female,58
1006_IOM_FEA_XX,crema_d_1006_IOM_FEA_XX,1006_IOM_FEA_XX.wav,crema_d,1006,IOM,FEA,fear,unspecified,,,,,,,,,,female,58
1006_IOM_HAP_XX,crema_d_1006_IOM_HAP_XX,1006_IOM_HAP_XX.wav,crema_d,1006,IOM,HAP,happy,unspecified,,,16000.0,2.6693125,16000.0,3.0,0.2373125,,,female,58
1006_IOM_NEU_XX,crema_d_1006_IOM_NEU_XX,1006_IOM_NEU_XX.wav,crema_d,1006,IOM,NEU,neutral,unspecified,,,16000.0,3.2365625,16000.0,3.0,0.0365625,,,female,58
1006_IOM_SAD_XX,crema_d_1006_IOM_SAD_XX,1006_IOM_SAD_XX.wav,crema_d,1006,IOM,SAD,sad,unspecified,,,,,,,,,,female,58
1006_ITH_ANG_XX,crema_d_1006_ITH_ANG_XX,1006_ITH_ANG_XX.wav,crema_d,1006,ITH,ANG,anger,unspecified,,,16000.0,3.2031875,16000.0,3.0,1.4111875,,,female,58
1006_ITH_DIS_XX,crema_d_1006_ITH_DIS_XX,1006_ITH_DIS_XX.wav,crema_d,1006,ITH,DIS,disgust,unspecified,,,,,,,,,,female,58
1006_ITH_FEA_XX,crema_d_1006_ITH_FEA_XX,1006_ITH_FEA_XX.wav,crema_d,1006,ITH,FEA,fear,unspecified,,,,,,,,,,female,58
1006_ITH_HAP_XX,crema_d_1006_ITH_HAP_XX,1006_ITH_HAP_XX.wav,crema_d,1006,ITH,HAP,happy,unspecified,,,16000.0,3.036375,16000.0,3.0,0.060375,,,female,58
1006_ITH_NEU_XX,crema_d_1006_ITH_NEU_XX,1006_ITH_NEU_XX.wav,crema_d,1006,ITH,NEU,neutral,unspecified,,,16000.0,3.43675,16000.0,3.0,0.0,,,female,58
1006_ITH_SAD_XX,crema_d_1006_ITH_SAD_XX,1006_ITH_SAD_XX.wav,crema_d,1006,ITH,SAD,sad,unspecified,,,,,,,,,,female,58
1006_ITS_ANG_XX,crema_d_1006_ITS_ANG_XX,1006_ITS_ANG_XX.wav,crema_d,1006,ITS,ANG,anger,unspecified,,,16000.0,3.2031875,16000.0,3.0,1.0591875,,,female,58
1006_ITS_DIS_XX,crema_d_1006_ITS_DIS_XX,1006_ITS_DIS_XX.wav,crema_d,1006,ITS,DIS,disgust,unspecified,,,,,,,,,,female,58
1006_ITS_FEA_XX,crema_d_1006_ITS_FEA_XX,1006_ITS_FEA_XX.wav,crema_d,1006,ITS,FEA,fear,unspecified,,,,,,,,,,female,58
1006_ITS_HAP_XX,crema_d_1006_ITS_HAP_XX,1006_ITS_HAP_XX.wav,crema_d,1006,ITS,HAP,happy,unspecified,,,16000.0,2.7694375,16000.0,3.0,0.0814375,,,female,58
1006_ITS_NEU_XX,crema_d_1006_ITS_NEU_XX,1006_ITS_NEU_XX.wav,crema_d,1006,ITS,NEU,neutral,unspecified,,,16000.0,3.003,16000.0,3.0,0.0,,,female,58
1006_ITS_SAD_XX,crema_d_1006_ITS_SAD_XX,1006_ITS_SAD_XX.wav,crema_d,1006,ITS,SAD,sad,unspecified,,,,,,,,,,female,58
1006_IWL_ANG_XX,crema_d_1006_IWL_ANG_XX,1006_IWL_ANG_XX.wav,crema_d,1006,IWL,ANG,anger,unspecified,,,16000.0,2.2355625,16000.0,3.0,0.8915625,,,female,58
1006_IWL_DIS_XX,crema_d_1006_IWL_DIS_XX,1006_IWL_DIS_XX.wav,crema_d,1006,IWL,DIS,disgust,unspecified,,,,,,,,,,female,58
1006_IWL_FEA_XX,crema_d_1006_IWL_FEA_XX,1006_IWL_FEA_XX.wav,crema_d,1006,IWL,FEA,fear,unspecified,,,,,,,,,,female,58
1006_IWL_HAP_XX,crema_d_1006_IWL_HAP_XX,1006_IWL_HAP_XX.wav,crema_d,1006,IWL,HAP,happy,unspecified,,,16000.0,2.8361875,16000.0,3.0,0.5001875,,,female,58
1006_IWL_NEU_XX,crema_d_1006_IWL_NEU_XX,1006_IWL_NEU_XX.wav,crema_d,1006,IWL,NEU,neutral,unspecified,,,16000.0,3.036375,16000.0,3.0,0.0,,,female,58
1006_IWL_SAD_XX,crema_d_1006_IWL_SAD_XX,1006_IWL_SAD_XX.wav,crema_d,1006,IWL,SAD,sad,unspecified,,,,,,,,,,female,58
1006_IWW_ANG_XX,crema_d_1006_IWW_ANG_XX,1006_IWW_ANG_XX.wav,crema_d,1006,IWW,ANG,anger,unspecified,,,16000.0,2.7360625,16000.0,3.0,1.2320625,,,female,58
1006_IWW_DIS_XX,crema_d_1006_IWW_DIS_XX,1006_IWW_DIS_XX.wav,crema_d,1006,IWW,DIS,disgust,unspecified,,,,,,,,,,female,58
1006_IWW_FEA_XX,crema_d_1006_IWW_FEA_XX,1006_IWW_FEA_XX.wav,crema_d,1006,IWW,FEA,fear,unspecified,,,,,,,,,,female,58
1006_IWW_HAP_XX,crema_d_1006_IWW_HAP_XX,1006_IWW_HAP_XX.wav,crema_d,1006,IWW,HAP,happy,unspecified,,,16000.0,2.8028125,16000.0,3.0,0.0188125,,,female,58
1006_IWW_NEU_XX,crema_d_1006_IWW_NEU_XX,1006_IWW_NEU_XX.wav,crema_d,1006,IWW,NEU,neutral,unspecified,,,16000.0,3.103125,16000.0,3.0,0.032,,,female,58
1006_IWW_SAD_XX,crema_d_1006_IWW_SAD_XX,1006_IWW_SAD_XX.wav,crema_d,1006,IWW,SAD,sad,unspecified,,,,,,,,,,female,58
1006_MTI_ANG_XX,crema_d_1006_MTI_ANG_XX,1006_MTI_ANG_XX.wav,crema_d,1006,MTI,ANG,anger,unspecified,,,16000.0,3.7704375,16000.0,3.0,1.9464375,,,female,58
1006_MTI_DIS_XX,crema_d_1006_MTI_DIS_XX,1006_MTI_DIS_XX.wav,crema_d,1006,MTI,DIS,disgust,unspecified,,,,,,,,,,female,58
1006_MTI_FEA_XX,crema_d_1006_MTI_FEA_XX,1006_MTI_FEA_XX.wav,crema_d,1006,MTI,FEA,fear,unspecified,,,,,,,,,,female,58
1006_MTI_HAP_XX,crema_d_1006_MTI_HAP_XX,1006_MTI_HAP_XX.wav,crema_d,1006,MTI,HAP,happy,unspecified,,,16000.0,3.603625,16000.0,3.0,0.448,,,female,58
1006_MTI_NEU_XX,crema_d_1006_MTI_NEU_XX,1006_MTI_NEU_XX.wav,crema_d,1006,MTI,NEU,neutral,unspecified,,,16000.0,4.07075,16000.0,3.0,0.26275,,,female,58
1006_MTI_SAD_XX,crema_d_1006_MTI_SAD_XX,1006_MTI_SAD_XX.wav,crema_d,1006,MTI,SAD,sad,unspecified,,,,,,,,,,female,58
1006_TAI_ANG_XX,crema_d_1006_TAI_ANG_XX,1006_TAI_ANG_XX.wav,crema_d,1006,TAI,ANG,anger,unspecified,,,16000.0,3.2031875,16000.0,3.0,1.6031875,,,female,58
1006_TAI_DIS_XX,crema_d_1006_TAI_DIS_XX,1006_TAI_DIS_XX.wav,crema_d,1006,TAI,DIS,disgust,unspecified,,,,,,,,,,female,58
1006_TAI_FEA_XX,crema_d_1006_TAI_FEA_XX,1006_TAI_FEA_XX.wav,crema_d,1006,TAI,FEA,fear,unspecified,,,,,,,,,,female,58
1006_TAI_HAP_XX,crema_d_1006_TAI_HAP_XX,1006_TAI_HAP_XX.wav,crema_d,1006,TAI,HAP,happy,unspecified,,,16000.0,3.903875,16000.0,3.0,2.111875,,,female,58
1006_TAI_NEU_XX,crema_d_1006_TAI_NEU_XX,1006_TAI_NEU_XX.wav,crema_d,1006,TAI,NEU,neutral,unspecified,,,16000.0,3.1698125,16000.0,3.0,0.0018125,,,female,58
1006_TAI_SAD_XX,crema_d_1006_TAI_SAD_XX,1006_TAI_SAD_XX.wav,crema_d,1006,TAI,SAD,sad,unspecified,,,,,,,,,,female,58
1006_TIE_ANG_XX,crema_d_1006_TIE_ANG_XX,1006_TIE_ANG_XX.wav,crema_d,1006,TIE,ANG,anger,unspecified,,,16000.0,4.1708125,16000.0,3.0,1.2908125,,,female,58
1006_TIE_DIS_XX,crema_d_1006_TIE_DIS_XX,1006_TIE_DIS_XX.wav,crema_d,1006,TIE,DIS,disgust,unspecified,,,,,,,,,,female,58
1006_TIE_FEA_XX,crema_d_1006_TIE_FEA_XX,1006_TIE_FEA_XX.wav,crema_d,1006,TIE,FEA,fear,unspecified,,,,,,,,,,female,58
1006_TIE_HAP_XX,crema_d_1006_TIE_HAP_XX,1006_TIE_HAP_XX.wav,crema_d,1006,TIE,HAP,happy,unspecified,,,16000.0,2.469125,16000.0,3.0,0.005125,,,female,58
1006_TIE_NEU_XX,crema_d_1006_TIE_NEU_XX,1006_TIE_NEU_XX.wav,crema_d,1006,TIE,NEU,neutral,unspecified,,,16000.0,2.469125,16000.0,3.0,0.005125,,,female,58
1006_TIE_SAD_XX,crema_d_1006_TIE_SAD_XX,1006_TIE_SAD_XX.wav,crema_d,1006,TIE,SAD,sad,unspecified,,,,,,,,,,female,58
1006_TSI_ANG_XX,crema_d_1006_TSI_ANG_XX,1006_TSI_ANG_XX.wav,crema_d,1006,TSI,ANG,anger,unspecified,,,16000.0,2.5025,16000.0,3.0,1.4465,,,female,58
1006_TSI_DIS_XX,crema_d_1006_TSI_DIS_XX,1006_TSI_DIS_XX.wav,crema_d,1006,TSI,DIS,disgust,unspecified,,,,,,,,,,female,58
1006_TSI_FEA_XX,crema_d_1006_TSI_FEA_XX,1006_TSI_FEA_XX.wav,crema_d,1006,TSI,FEA,fear,unspecified,,,,,,,,,,female,58
1006_TSI_HAP_XX,crema_d_1006_TSI_HAP_XX,1006_TSI_HAP_XX.wav,crema_d,1006,TSI,HAP,happy,unspecified,,,16000.0,2.469125,16000.0,3.0,1.253125,,,female,58
1006_TSI_NEU_XX,crema_d_1006_TSI_NEU_XX,1006_TSI_NEU_XX.wav,crema_d,1006,TSI,NEU,neutral,unspecified,,,16000.0,2.469125,16000.0,3.0,0.0,,,female,58
1006_TSI_SAD_XX,crema_d_1006_TSI_SAD_XX,1006_TSI_SAD_XX.wav,crema_d,1006,TSI,SAD,sad,unspecified,,,,,,,,,,female,58
1006_WSI_ANG_XX,crema_d_1006_WSI_ANG_XX,1006_WSI_ANG_XX.wav,crema_d,1006,WSI,ANG,anger,unspecified,,,16000.0,2.7360625,16000.0,3.0,1.2000625,,,female,58
1006_WSI_DIS_XX,crema_d_1006_WSI_DIS_XX,1006_WSI_DIS_XX.wav,crema_d,1006,WSI,DIS,disgust,unspecified,,,,,,,,,,female,58
1006_WSI_FEA_XX,crema_d_1006_WSI_FEA_XX,1006_WSI_FEA_XX.wav,crema_d,1006,WSI,FEA,fear,unspecified,,,,,,,,,,female,58
1006_WSI_HAP_XX,crema_d_1006_WSI_HAP_XX,1006_WSI_HAP_XX.wav,crema_d,1006,WSI,HAP,happy,unspecified,,,16000.0,2.7360625,16000.0,3.0,0.5920625,,,female,58
1006_WSI_NEU_XX,crema_d_1006_WSI_NEU_XX,1006_WSI_NEU_XX.wav,crema_d,1006,WSI,NEU,neutral,unspecified,,,16000.0,3.43675,16000.0,3.0,0.07675,,,female,58
1006_WSI_SAD_XX,crema_d_1006_WSI_SAD_XX,1006_WSI_SAD_XX.wav,crema_d,1006,WSI,SAD,sad,unspecified,,,,,,,,,,female,58
1007_DFA_ANG_XX,crema_d_1007_DFA_ANG_XX,1007_DFA_ANG_XX.wav,crema_d,1007,DFA,ANG,anger,unspecified,,,16000.0,2.5025,16000.0,3.0,1.1265,,,female,38
1007_DFA_DIS_XX,crema_d_1007_DFA_DIS_XX,1007_DFA_DIS_XX.wav,crema_d,1007,DFA,DIS,disgust,unspecified,,,,,,,,,,female,38
1007_DFA_FEA_XX,crema_d_1007_DFA_FEA_XX,1007_DFA_FEA_XX.wav,crema_d,1007,DFA,FEA,fear,unspecified,,,,,,,,,,female,38
1007_DFA_HAP_XX,crema_d_1007_DFA_HAP_XX,1007_DFA_HAP_XX.wav,crema_d,1007,DFA,HAP,happy,unspecified,,,16000.0,2.2021875,16000.0,3.0,0.0,,,female,38
1007_DFA_NEU_XX,crema_d_1007_DFA_NEU_XX,1007_DFA_NEU_XX.wav,crema_d,1007,DFA,NEU,neutral,unspecified,,,16000.0,2.6359375,16000.0,3.0,0.0,,,female,38
1007_DFA_SAD_XX,crema_d_1007_DFA_SAD_XX,1007_DFA_SAD_XX.wav,crema_d,1007,DFA,SAD,sad,unspecified,,,,,,,,,,female,38
1007_IEO_ANG_HI,crema_d_1007_IEO_ANG_HI,1007_IEO_ANG_HI.wav,crema_d,1007,IEO,ANG,anger,high,,,16000.0,2.43575,16000.0,3.0,1.18775,,,female,38
1007_IEO_ANG_LO,crema_d_1007_IEO_ANG_LO,1007_IEO_ANG_LO.wav,crema_d,1007,IEO,ANG,anger,low,,,16000.0,1.8351875,16000.0,3.0,0.7471875,,,female,38
1007_IEO_ANG_MD,crema_d_1007_IEO_ANG_MD,1007_IEO_ANG_MD.wav,crema_d,1007,IEO,ANG,anger,medium,,,16000.0,2.7026875,16000.0,3.0,0.0,,,female,38
1007_IEO_DIS_HI,crema_d_1007_IEO_DIS_HI,1007_IEO_DIS_HI.wav,crema_d,1007,IEO,DIS,disgust,high,,,,,,,,,,female,38
1007_IEO_DIS_LO,crema_d_1007_IEO_DIS_LO,1007_IEO_DIS_LO.wav,crema_d,1007,IEO,DIS,disgust,low,,,,,,,,,,female,38
1007_IEO_DIS_MD,crema_d_1007_IEO_DIS_MD,1007_IEO_DIS_MD.wav,crema_d,1007,IEO,DIS,disgust,medium,,,,,,,,,,female,38
1007_IEO_FEA_HI,crema_d_1007_IEO_FEA_HI,1007_IEO_FEA_HI.wav,crema_d,1007,IEO,FEA,fear,high,,,,,,,,,,female,38
1007_IEO_FEA_LO,crema_d_1007_IEO_FEA_LO,1007_IEO_FEA_LO.wav,crema_d,1007,IEO,FEA,fear,low,,,,,,,,,,female,38
1007_IEO_FEA_MD,crema_d_1007_IEO_FEA_MD,1007_IEO_FEA_MD.wav,crema_d,1007,IEO,FEA,fear,medium,,,,,,,,,,female,38
1007_IEO_HAP_HI,crema_d_1007_IEO_HAP_HI,1007_IEO_HAP_HI.wav,crema_d,1007,IEO,HAP,happy,high,,,16000.0,1.8351875,16000.0,3.0,0.6831875,,,female,38
1007_IEO_HAP_LO,crema_d_1007_IEO_HAP_LO,1007_IEO_HAP_LO.wav,crema_d,1007,IEO,HAP,happy,low,,,16000.0,1.7016875,16000.0,3.0,0.0,,,female,38
1007_IEO_HAP_MD,crema_d_1007_IEO_HAP_MD,1007_IEO_HAP_MD.wav,crema_d,1007,IEO,HAP,happy,medium,,,16000.0,2.102125,16000.0,3.0,0.0,,,female,38
1007_IEO_NEU_XX,crema_d_1007_IEO_NEU_XX,1007_IEO_NEU_XX.wav,crema_d,1007,IEO,NEU,neutral,unspecified,,,16000.0,2.06875,16000.0,3.0,0.0,,,female,38
1007_IEO_SAD_HI,crema_d_1007_IEO_SAD_HI,1007_IEO_SAD_HI.wav,crema_d,1007,IEO,SAD,sad,high,,,,,,,,,,female,38
1007_IEO_SAD_LO,crema_d_1007_IEO_SAD_LO,1007_IEO_SAD_LO.wav,crema_d,1007,IEO,SAD,sad,low,,,,,,,,,,female,38
1007_IEO_SAD_MD,crema_d_1007_IEO_SAD_MD,1007_IEO_SAD_MD.wav,crema_d,1007,IEO,SAD,sad,medium,,,,,,,,,,female,38
1007_IOM_ANG_XX,crema_d_1007_IOM_ANG_XX,1007_IOM_ANG_XX.wav,crema_d,1007,IOM,ANG,anger,unspecified,,,16000.0,3.536875,16000.0,3.0,1.200875,,,female,38
1007_IOM_DIS_XX,crema_d_1007_IOM_DIS_XX,1007_IOM_DIS_XX.wav,crema_d,1007,IOM,DIS,disgust,unspecified,,,,,,,,,,female,38
1007_IOM_FEA_XX,crema_d_1007_IOM_FEA_XX,1007_IOM_FEA_XX.wav,crema_d,1007,IOM,FEA,fear,unspecified,,,,,,,,,,female,38
1007_IOM_HAP_XX,crema_d_1007_IOM_HAP_XX,1007_IOM_HAP_XX.wav,crema_d,1007,IOM,HAP,happy,unspecified,,,16000.0,3.8038125,16000.0,3.0,0.0,,,female,38
1007_IOM_NEU_XX,crema_d_1007_IOM_NEU_XX,1007_IOM_NEU_XX.wav,crema_d,1007,IOM,NEU,neutral,unspecified,,,16000.0,3.2365625,16000.0,3.0,0.032,,,female,38
1007_IOM_SAD_XX,crema_d_1007_IOM_SAD_XX,1007_IOM_SAD_XX.wav,crema_d,1007,IOM,SAD,sad,unspecified,,,,,,,,,,female,38
1007_ITH_ANG_XX,crema_d_1007_ITH_ANG_XX,1007_ITH_ANG_XX.wav,crema_d,1007,ITH,ANG,anger,unspecified,,,16000.0,3.43675,16000.0,3.0,2.41275,,,female,38
1007_ITH_DIS_XX,crema_d_1007_ITH_DIS_XX,1007_ITH_DIS_XX.wav,crema_d,1007,ITH,DIS,disgust,unspecified,,,,,,,,,,female,38
1007_ITH_FEA_XX,crema_d_1007_ITH_FEA_XX,1007_ITH_FEA_XX.wav,crema_d,1007,ITH,FEA,fear,unspecified,,,,,,,,,,female,38
1007_ITH_HAP_XX,crema_d_1007_ITH_HAP_XX,1007_ITH_HAP_XX.wav,crema_d,1007,ITH,HAP,happy,unspecified,,,16000.0,3.2365625,16000.0,3.0,0.0045625,,,female,38
1007_ITH_NEU_XX,crema_d_1007_ITH_NEU_XX,1007_ITH_NEU_XX.wav,crema_d,1007,ITH,NEU,neutral,unspecified,,,16000.0,4.7714375,16000.0,3.0,0.0,,,female,38
1007_ITH_SAD_XX,crema_d_1007_ITH_SAD_XX,1007_ITH_SAD_XX.wav,crema_d,1007,ITH,SAD,sad,unspecified,,,,,,,,,,female,38
1007_ITS_ANG_XX,crema_d_1007_ITS_ANG_XX,1007_ITS_ANG_XX.wav,crema_d,1007,ITS,ANG,anger,unspecified,,,16000.0,3.5035,16000.0,3.0,1.7115,,,female,38
1007_ITS_DIS_XX,crema_d_1007_ITS_DIS_XX,1007_ITS_DIS_XX.wav,crema_d,1007,ITS,DIS,disgust,unspecified,,,,,,,,,,female,38
1007_ITS_FEA_XX,crema_d_1007_ITS_FEA_XX,1007_ITS_FEA_XX.wav,crema_d,1007,ITS,FEA,fear,unspecified,,,,,,,,,,female,38
1007_ITS_HAP_XX,crema_d_1007_ITS_HAP_XX,1007_ITS_HAP_XX.wav,crema_d,1007,ITS,HAP,happy,unspecified,,,16000.0,2.2355625,16000.0,3.0,0.288,,,female,38
1007_ITS_NEU_XX,crema_d_1007_ITS_NEU_XX,1007_ITS_NEU_XX.wav,crema_d,1007,ITS,NEU,neutral,unspecified,,,16000.0,3.43675,16000.0,3.0,0.01275,,,female,38
1007_ITS_SAD_XX,crema_d_1007_ITS_SAD_XX,1007_ITS_SAD_XX.wav,crema_d,1007,ITS,SAD,sad,unspecified,,,,,,,,,,female,38
1007_IWL_ANG_XX,crema_d_1007_IWL_ANG_XX,1007_IWL_ANG_XX.wav,crema_d,1007,IWL,ANG,anger,unspecified,,,16000.0,3.43675,16000.0,3.0,1.48475,,,female,38
1007_IWL_DIS_XX,crema_d_1007_IWL_DIS_XX,1007_IWL_DIS_XX.wav,crema_d,1007,IWL,DIS,disgust,unspecified,,,,,,,,,,female,38
1007_IWL_FEA_XX,crema_d_1007_IWL_FEA_XX,1007_IWL_FEA_XX.wav,crema_d,1007,IWL,FEA,fear,unspecified,,,,,,,,,,female,38
1007_IWL_HAP_XX,crema_d_1007_IWL_HAP_XX,1007_IWL_HAP_XX.wav,crema_d,1007,IWL,HAP,happy,unspecified,,,16000.0,3.2031875,16000.0,3.0,0.3551875,,,female,38
1007_IWL_NEU_XX,crema_d_1007_IWL_NEU_XX,1007_IWL_NEU_XX.wav,crema_d,1007,IWL,NEU,neutral,unspecified,,,16000.0,3.06975,16000.0,3.0,0.032,,,female,38
1007_IWL_SAD_XX,crema_d_1007_IWL_SAD_XX,1007_IWL_SAD_XX.wav,crema_d,1007,IWL,SAD,sad,unspecified,,,,,,,,,,female,38
1007_IWW_ANG_XX,crema_d_1007_IWW_ANG_XX,1007_IWW_ANG_XX.wav,crema_d,1007,IWW,ANG,anger,unspecified,,,16000.0,2.8361875,16000.0,3.0,1.3641875,,,female,38
1007_IWW_DIS_XX,crema_d_1007_IWW_DIS_XX,1007_IWW_DIS_XX.wav,crema_d,1007,IWW,DIS,disgust,unspecified,,,,,,,,,,female,38
1007_IWW_FEA_XX,crema_d_1007_IWW_FEA_XX,1007_IWW_FEA_XX.wav,crema_d,1007,IWW,FEA,fear,unspecified,,,,,,,,,,female,38
1007_IWW_HAP_XX,crema_d_1007_IWW_HAP_XX,1007_IWW_HAP_XX.wav,crema_d,1007,IWW,HAP,happy,unspecified,,,16000.0,3.1698125,16000.0,3.0,0.0,,,female,38
1007_IWW_NEU_XX,crema_d_1007_IWW_NEU_XX,1007_IWW_NEU_XX.wav,crema_d,1007,IWW,NEU,neutral,unspecified,,,16000.0,3.2699375,16000.0,3.0,0.032,,,female,38
1007_IWW_SAD_XX,crema_d_1007_IWW_SAD_XX,1007_IWW_SAD_XX.wav,crema_d,1007,IWW,SAD,sad,unspecified,,,,,,,,,,female,38
1007_MTI_ANG_XX,crema_d_1007_MTI_ANG_XX,1007_MTI_ANG_XX.wav,crema_d,1007,MTI,ANG,anger,unspecified,,,16000.0,4.3710625,16000.0,3.0,0.1470625,,,female,38
1007_MTI_DIS_XX,crema_d_1007_MTI_DIS_XX,1007_MTI_DIS_XX.wav,crema_d,1007,MTI,DIS,disgust,unspecified,,,,,,,,,,female,38
1007_MTI_FEA_XX,crema_d_1007_MTI_FEA_XX,1007_MTI_FEA_XX.wav,crema_d,1007,MTI,FEA,fear,unspecified,,,,,,,,,,female,38
1007_MTI_HAP_XX,crema_d_1007_MTI_HAP_XX,1007_MTI_HAP_XX.wav,crema_d,1007,MTI,HAP,happy,unspecified,,,16000.0,3.37,16000.0,3.0,0.0,,,female,38
1007_MTI_NEU_XX,crema_d_1007_MTI_NEU_XX,1007_MTI_NEU_XX.wav,crema_d,1007,MTI,NEU,neutral,unspecified,,,16000.0,3.403375,16000.0,3.0,0.0,,,female,38
1007_MTI_SAD_XX,crema_d_1007_MTI_SAD_XX,1007_MTI_SAD_XX.wav,crema_d,1007,MTI,SAD,sad,unspecified,,,,,,,,,,female,38
1007_TAI_ANG_XX,crema_d_1007_TAI_ANG_XX,1007_TAI_ANG_XX.wav,crema_d,1007,TAI,ANG,anger,unspecified,,,16000.0,3.2365625,16000.0,3.0,1.1885625,,,female,38
1007_TAI_DIS_XX,crema_d_1007_TAI_DIS_XX,1007_TAI_DIS_XX.wav,crema_d,1007,TAI,DIS,disgust,unspecified,,,,,,,,,,female,38
1007_TAI_FEA_XX,crema_d_1007_TAI_FEA_XX,1007_TAI_FEA_XX.wav,crema_d,1007,TAI,FEA,fear,unspecified,,,,,,,,,,female,38
1007_TAI_HAP_XX,crema_d_1007_TAI_HAP_XX,1007_TAI_HAP_XX.wav,crema_d,1007,TAI,HAP,happy,unspecified,,,16000.0,3.403375,16000.0,3.0,0.0,,,female,38
1007_TAI_NEU_XX,crema_d_1007_TAI_NEU_XX,1007_TAI_NEU_XX.wav,crema_d,1007,TAI,NEU,neutral,unspecified,,,16000.0,3.603625,16000.0,3.0,0.147625,,,female,38
1007_TAI_SAD_XX,crema_d_1007_TAI_SAD_XX,1007_TAI_SAD_XX.wav,crema_d,1007,TAI,SAD,sad,unspecified,,,,,,,,,,female,38
1007_TIE_ANG_XX,crema_d_1007_TIE_ANG_XX,1007_TIE_ANG_XX.wav,crema_d,1007,TIE,ANG,anger,unspecified,,,16000.0,4.604625,16000.0,3.0,0.572625,,,female,38
1007_TIE_DIS_XX,crema_d_1007_TIE_DIS_XX,1007_TIE_DIS_XX.wav,crema_d,1007,TIE,DIS,disgust,unspecified,,,,,,,,,,female,38
1007_TIE_FEA_XX,crema_d_1007_TIE_FEA_XX,1007_TIE_FEA_XX.wav,crema_d,1007,TIE,FEA,fear,unspecified,,,,,,,,,,female,38
1007_TIE_HAP_XX,crema_d_1007_TIE_HAP_XX,1007_TIE_HAP_XX.wav,crema_d,1007,TIE,HAP,happy,unspecified,,,16000.0,2.6359375,16000.0,3.0,0.1399375,,,female,38
1007_TIE_NEU_XX,crema_d_1007_TIE_NEU_XX,1007_TIE_NEU_XX.wav,crema_d,1007,TIE,NEU,neutral,unspecified,,,16000.0,3.3033125,16000.0,3.0,0.0073125,,,female,38
1007_TIE_SAD_XX,crema_d_1007_TIE_SAD_XX,1007_TIE_SAD_XX.wav,crema_d,1007,TIE,SAD,sad,unspecified,,,,,,,,,,female,38
1007_TSI_ANG_XX,crema_d_1007_TSI_ANG_XX,1007_TSI_ANG_XX.wav,crema_d,1007,TSI,ANG,anger,unspecified,,,16000.0,2.2689375,16000.0,3.0,1.0529375,,,female,38
1007_TSI_DIS_XX,crema_d_1007_TSI_DIS_XX,1007_TSI_DIS_XX.wav,crema_d,1007,TSI,DIS,disgust,unspecified,,,,,,,,,,female,38
1007_TSI_FEA_XX,crema_d_1007_TSI_FEA_XX,1007_TSI_FEA_XX.wav,crema_d,1007,TSI,FEA,fear,unspecified,,,,,,,,,,female,38
1007_TSI_HAP_XX,crema_d_1007_TSI_HAP_XX,1007_TSI_HAP_XX.wav,crema_d,1007,TSI,HAP,happy,unspecified,,,16000.0,2.102125,16000.0,3.0,0.032,,,female,38
1007_TSI_NEU_XX,crema_d_1007_TSI_NEU_XX,1007_TSI_NEU_XX.wav,crema_d,1007,TSI,NEU,neutral,unspecified,,,16000.0,2.969625,16000.0,3.0,0.0,,,female,38
1007_TSI_SAD_XX,crema_d_1007_TSI_SAD_XX,1007_TSI_SAD_XX.wav,crema_d,1007,TSI,SAD,sad,unspecified,,,,,,,,,,female,38
1007_WSI_ANG_XX,crema_d_1007_WSI_ANG_XX,1007_WSI_ANG_XX.wav,crema_d,1007,WSI,ANG,anger,unspecified,,,16000.0,3.2031875,16000.0,3.0,1.3791875,,,female,38
1007_WSI_DIS_XX,crema_d_1007_WSI_DIS_XX,1007_WSI_DIS_XX.wav,crema_d,1007,WSI,DIS,disgust,unspecified,,,,,,,,,,female,38
1007_WSI_FEA_XX,crema_d_1007_WSI_FEA_XX,1007_WSI_FEA_XX.wav,crema_d,1007,WSI,FEA,fear,unspecified,,,,,,,,,,female,38
1007_WSI_HAP_XX,crema_d_1007_WSI_HAP_XX,1007_WSI_HAP_XX.wav,crema_d,1007,WSI,HAP,happy,unspecified,,,16000.0,3.036375,16000.0,3.0,0.220375,,,female,38
1007_WSI_NEU_XX,crema_d_1007_WSI_NEU_XX,1007_WSI_NEU_XX.wav,crema_d,1007,WSI,NEU,neutral,unspecified,,,16000.0,4.3710625,16000.0,3.0,0.1470625,,,female,38
1007_WSI_SAD_XX,crema_d_1007_WSI_SAD_XX,1007_WSI_SAD_XX.wav,crema_d,1007,WSI,SAD,sad,unspecified,,,,,,,,,,female,38
1008_DFA_ANG_XX,crema_d_1008_DFA_ANG_XX,1008_DFA_ANG_XX.wav,crema_d,1008,DFA,ANG,anger,unspecified,,,16000.0,3.103125,16000.0,3.0,1.439125,,,female,46
1008_DFA_DIS_XX,crema_d_1008_DFA_DIS_XX,1008_DFA_DIS_XX.wav,crema_d,1008,DFA,DIS,disgust,unspecified,,,,,,,,,,female,46
1008_DFA_FEA_XX,crema_d_1008_DFA_FEA_XX,1008_DFA_FEA_XX.wav,crema_d,1008,DFA,FEA,fear,unspecified,,,,,,,,,,female,46
1008_DFA_HAP_XX,crema_d_1008_DFA_HAP_XX,1008_DFA_HAP_XX.wav,crema_d,1008,DFA,HAP,happy,unspecified,,,16000.0,3.2031875,16000.0,3.0,1.9231875,,,female,46
1008_DFA_NEU_XX,crema_d_1008_DFA_NEU_XX,1008_DFA_NEU_XX.wav,crema_d,1008,DFA,NEU,neutral,unspecified,,,16000.0,2.402375,16000.0,3.0,0.034375,,,female,46
1008_DFA_SAD_XX,crema_d_1008_DFA_SAD_XX,1008_DFA_SAD_XX.wav,crema_d,1008,DFA,SAD,sad,unspecified,,,,,,,,,,female,46
1008_IEO_ANG_HI,crema_d_1008_IEO_ANG_HI,1008_IEO_ANG_HI.wav,crema_d,1008,IEO,ANG,anger,high,,,16000.0,2.8695625,16000.0,3.0,1.0775625,,,female,46
1008_IEO_ANG_LO,crema_d_1008_IEO_ANG_LO,1008_IEO_ANG_LO.wav,crema_d,1008,IEO,ANG,anger,low,,,16000.0,2.3023125,16000.0,3.0,0.6703125,,,female,46
1008_IEO_ANG_MD,crema_d_1008_IEO_ANG_MD,1008_IEO_ANG_MD.wav,crema_d,1008,IEO,ANG,anger,medium,,,16000.0,2.56925,16000.0,3.0,1.09725,,,female,46
1008_IEO_DIS_HI,crema_d_1008_IEO_DIS_HI,1008_IEO_DIS_HI.wav,crema_d,1008,IEO,DIS,disgust,high,,,,,,,,,,female,46
1008_IEO_DIS_LO,crema_d_1008_IEO_DIS_LO,1008_IEO_DIS_LO.wav,crema_d,1008,IEO,DIS,disgust,low,,,,,,,,,,female,46
1008_IEO_DIS_MD,crema_d_1008_IEO_DIS_MD,1008_IEO_DIS_MD.wav,crema_d,1008,IEO,DIS,disgust,medium,,,,,,,,,,female,46
1008_IEO_FEA_HI,crema_d_1008_IEO_FEA_HI,1008_IEO_FEA_HI.wav,crema_d,1008,IEO,FEA,fear,high,,,,,,,,,,female,46
1008_IEO_FEA_LO,crema_d_1008_IEO_FEA_LO,1008_IEO_FEA_LO.wav,crema_d,1008,IEO,FEA,fear,low,,,,,,,,,,female,46
1008_IEO_FEA_MD,crema_d_1008_IEO_FEA_MD,1008_IEO_FEA_MD.wav,crema_d,1008,IEO,FEA,fear,medium,,,,,,,,,,female,46
1008_IEO_HAP_HI,crema_d_1008_IEO_HAP_HI,1008_IEO_HAP_HI.wav,crema_d,1008,IEO,HAP,happy,high,,,16000.0,2.602625,16000.0,3.0,1.066625,,,female,46
1008_IEO_HAP_LO,crema_d_1008_IEO_HAP_LO,1008_IEO_HAP_LO.wav,crema_d,1008,IEO,HAP,happy,low,,,16000.0,2.2021875,16000.0,3.0,1.2741875,,,female,46
1008_IEO_HAP_MD,crema_d_1008_IEO_HAP_MD,1008_IEO_HAP_MD.wav,crema_d,1008,IEO,HAP,happy,medium,,,16000.0,2.402375,16000.0,3.0,1.090375,,,female,46
1008_IEO_NEU_XX,crema_d_1008_IEO_NEU_XX,1008_IEO_NEU_XX.wav,crema_d,1008,IEO,NEU,neutral,unspecified,,,16000.0,1.401375,16000.0,3.0,0.0,,,female,46
1008_IEO_SAD_HI,crema_d_1008_IEO_SAD_HI,1008_IEO_SAD_HI.wav,crema_d,1008,IEO,SAD,sad,high,,,,,,,,,,female,46
1008_IEO_SAD_LO,crema_d_1008_IEO_SAD_LO,1008_IEO_SAD_LO.wav,crema_d,1008,IEO,SAD,sad,low,,,,,,,,,,female,46
1008_IEO_SAD_MD,crema_d_1008_IEO_SAD_MD,1008_IEO_SAD_MD.wav,crema_d,1008,IEO,SAD,sad,medium,,,,,,,,,,female,46
1008_IOM_ANG_XX,crema_d_1008_IOM_ANG_XX,1008_IOM_ANG_XX.wav,crema_d,1008,IOM,ANG,anger,unspecified,,,16000.0,3.6703125,16000.0,3.0,1.6863125,,,female,46
1008_IOM_DIS_XX,crema_d_1008_IOM_DIS_XX,1008_IOM_DIS_XX.wav,crema_d,1008,IOM,DIS,disgust,unspecified,,,,,,,,,,female,46
1008_IOM_FEA_XX,crema_d_1008_IOM_FEA_XX,1008_IOM_FEA_XX.wav,crema_d,1008,IOM,FEA,fear,unspecified,,,,,,,,,,female,46
1008_IOM_HAP_XX,crema_d_1008_IOM_HAP_XX,1008_IOM_HAP_XX.wav,crema_d,1008,IOM,HAP,happy,unspecified,,,16000.0,2.6359375,16000.0,3.0,0.9719375,,,female,46
1008_IOM_NEU_XX,crema_d_1008_IOM_NEU_XX,1008_IOM_NEU_XX.wav,crema_d,1008,IOM,NEU,neutral,unspecified,,,16000.0,2.43575,16000.0,3.0,0.48375,,,female,46
1008_IOM_SAD_XX,crema_d_1008_IOM_SAD_XX,1008_IOM_SAD_XX.wav,crema_d,1008,IOM,SAD,sad,unspecified,,,,,,,,,,female,46
1008_ITH_ANG_XX,crema_d_1008_ITH_ANG_XX,1008_ITH_ANG_XX.wav,crema_d,1008,ITH,ANG,anger,unspecified,,,16000.0,4.2375625,16000.0,3.0,2.2215625,,,female,46
1008_ITH_DIS_XX,crema_d_1008_ITH_DIS_XX,1008_ITH_DIS_XX.wav,crema_d,1008,ITH,DIS,disgust,unspecified,,,,,,,,,,female,46
1008_ITH_FEA_XX,crema_d_1008_ITH_FEA_XX,1008_ITH_FEA_XX.wav,crema_d,1008,ITH,FEA,fear,unspecified,,,,,,,,,,female,46
1008_ITH_HAP_XX,crema_d_1008_ITH_HAP_XX,1008_ITH_HAP_XX.wav,crema_d,1008,ITH,HAP,happy,unspecified,,,16000.0,2.2355625,16000.0,3.0,1.088,,,female,46
1008_ITH_NEU_XX,crema_d_1008_ITH_NEU_XX,1008_ITH_NEU_XX.wav,crema_d,1008,ITH,NEU,neutral,unspecified,,,16000.0,3.103125,16000.0,3.0,0.127125,,,female,46
1008_ITH_SAD_XX,crema_d_1008_ITH_SAD_XX,1008_ITH_SAD_XX.wav,crema_d,1008,ITH,SAD,sad,unspecified,,,,,,,,,,female,46
1008_ITS_ANG_XX,crema_d_1008_ITS_ANG_XX,1008_ITS_ANG_XX.wav,crema_d,1008,ITS,ANG,anger,unspecified,,,16000.0,3.1698125,16000.0,3.0,0.9298125,,,female,46
1008_ITS_DIS_XX,crema_d_1008_ITS_DIS_XX,1008_ITS_DIS_XX.wav,crema_d,1008,ITS,DIS,disgust,unspecified,,,,,,,,,,female,46
1008_ITS_FEA_XX,crema_d_1008_ITS_FEA_XX,1008_ITS_FEA_XX.wav,crema_d,1008,ITS,FEA,fear,unspecified,,,,,,,,,,female,46
1008_ITS_HAP_XX,crema_d_1008_ITS_HAP_XX,1008_ITS_HAP_XX.wav,crema_d,1008,ITS,HAP,happy,unspecified,,,16000.0,2.6693125,16000.0,3.0,0.8453125,,,female,46
1008_ITS_NEU_XX,crema_d_1008_ITS_NEU_XX,1008_ITS_NEU_XX.wav,crema_d,1008,ITS,NEU,neutral,unspecified,,,16000.0,3.1698125,16000.0,3.0,0.1298125,,,female,46
1008_ITS_SAD_XX,crema_d_1008_ITS_SAD_XX,1008_ITS_SAD_XX.wav,crema_d,1008,ITS,SAD,sad,unspecified,,,,,,,,,,female,46
1008_IWL_ANG_XX,crema_d_1008_IWL_ANG_XX,1008_IWL_ANG_XX.wav,crema_d,1008,IWL,ANG,anger,unspecified,,,16000.0,3.8705625,16000.0,3.0,1.9505625,,,female,46
1008_IWL_DIS_XX,crema_d_1008_IWL_DIS_XX,1008_IWL_DIS_XX.wav,crema_d,1008,IWL,DIS,disgust,unspecified,,,,,,,,,,female,46
1008_IWL_FEA_XX,crema_d_1008_IWL_FEA_XX,1008_IWL_FEA_XX.wav,crema_d,1008,IWL,FEA,fear,unspecified,,,,,,,,,,female,46
1008_IWL_HAP_XX,crema_d_1008_IWL_HAP_XX,1008_IWL_HAP_XX.wav,crema_d,1008,IWL,HAP,happy,unspecified,,,16000.0,2.6359375,16000.0,3.0,0.6839375,,,female,46
1008_IWL_NEU_XX,crema_d_1008_IWL_NEU_XX,1008_IWL_NEU_XX.wav,crema_d,1008,IWL,NEU,neutral,unspecified,,,16000.0,2.6693125,16000.0,3.0,0.7813125,,,female,46
1008_IWL_SAD_XX,crema_d_1008_IWL_SAD_XX,1008_IWL_SAD_XX.wav,crema_d,1008,IWL,SAD,sad,unspecified,,,,,,,,,,female,46
1008_IWW_ANG_XX,crema_d_1008_IWW_ANG_XX,1008_IWW_ANG_XX.wav,crema_d,1008,IWW,ANG,anger,unspecified,,,16000.0,3.470125,16000.0,3.0,1.486125,,,female,46
1008_IWW_DIS_XX,crema_d_1008_IWW_DIS_XX,1008_IWW_DIS_XX.wav,crema_d,1008,IWW,DIS,disgust,unspecified,,,,,,,,,,female,46
1008_IWW_FEA_XX,crema_d_1008_IWW_FEA_XX,1008_IWW_FEA_XX.wav,crema_d,1008,IWW,FEA,fear,unspecified,,,,,,,,,,female,46
1008_IWW_HAP_XX,crema_d_1008_IWW_HAP_XX,1008_IWW_HAP_XX.wav,crema_d,1008,IWW,HAP,happy,unspecified,,,16000.0,3.103125,16000.0,3.0,1.119125,,,female,46
1008_IWW_NEU_XX,crema_d_1008_IWW_NEU_XX,1008_IWW_NEU_XX.wav,crema_d,1008,IWW,NEU,neutral,unspecified,,,16000.0,2.6359375,16000.0,3.0,0.3639375,,,female,46
1008_IWW_SAD_XX,crema_d_1008_IWW_SAD_XX,1008_IWW_SAD_XX.wav,crema_d,1008,IWW,SAD,sad,unspecified,,,,,,,,,,female,46
1008_MTI_ANG_XX,crema_d_1008_MTI_ANG_XX,1008_MTI_ANG_XX.wav,crema_d,1008,MTI,ANG,anger,unspecified,,,16000.0,3.536875,16000.0,3.0,1.424875,,,female,46
1008_MTI_DIS_XX,crema_d_1008_MTI_DIS_XX,1008_MTI_DIS_XX.wav,crema_d,1008,MTI,DIS,disgust,unspecified,,,,,,,,,,female,46
1008_MTI_FEA_XX,crema_d_1008_MTI_FEA_XX,1008_MTI_FEA_XX.wav,crema_d,1008,MTI,FEA,fear,unspecified,,,,,,,,,,female,46
1008_MTI_HAP_XX,crema_d_1008_MTI_HAP_XX,1008_MTI_HAP_XX.wav,crema_d,1008,MTI,HAP,happy,unspecified,,,16000.0,3.2365625,16000.0,3.0,1.2845625,,,female,46
1008_MTI_NEU_XX,crema_d_1008_MTI_NEU_XX,1008_MTI_NEU_XX.wav,crema_d,1008,MTI,NEU,neutral,unspecified,,,16000.0,2.902875,16000.0,3.0,0.0,,,female,46
1008_MTI_SAD_XX,crema_d_1008_MTI_SAD_XX,1008_MTI_SAD_XX.wav,crema_d,1008,MTI,SAD,sad,unspecified,,,,,,,,,,female,46
1008_TAI_ANG_XX,crema_d_1008_TAI_ANG_XX,1008_TAI_ANG_XX.wav,crema_d,1008,TAI,ANG,anger,unspecified,,,16000.0,3.8038125,16000.0,3.0,1.4678125,,,female,46
1008_TAI_DIS_XX,crema_d_1008_TAI_DIS_XX,1008_TAI_DIS_XX.wav,crema_d,1008,TAI,DIS,disgust,unspecified,,,,,,,,,,female,46
1008_TAI_FEA_XX,crema_d_1008_TAI_FEA_XX,1008_TAI_FEA_XX.wav,crema_d,1008,TAI,FEA,fear,unspecified,,,,,,,,,,female,46
1008_TAI_HAP_XX,crema_d_1008_TAI_HAP_XX,1008_TAI_HAP_XX.wav,crema_d,1008,TAI,HAP,happy,unspecified,,,16000.0,3.2031875,16000.0,3.0,1.2511875,,,female,46
1008_TAI_NEU_XX,crema_d_1008_TAI_NEU_XX,1008_TAI_NEU_XX.wav,crema_d,1008,TAI,NEU,neutral,unspecified,,,16000.0,3.6369375,16000.0,3.0,0.1809375,,,female,46
1008_TAI_SAD_XX,crema_d_1008_TAI_SAD_XX,1008_TAI_SAD_XX.wav,crema_d,1008,TAI,SAD,sad,unspecified,,,,,,,,,,female,46
1008_TIE_ANG_XX,crema_d_1008_TIE_ANG_XX,1008_TIE_ANG_XX.wav,crema_d,1008,TIE,ANG,anger,unspecified,,,16000.0,4.971625,16000.0,3.0,1.835625,,,female,46
1008_TIE_DIS_XX,crema_d_1008_TIE_DIS_XX,1008_TIE_DIS_XX.wav,crema_d,1008,TIE,DIS,disgust,unspecified,,,,,,,,,,female,46
1008_TIE_FEA_XX,crema_d_1008_TIE_FEA_XX,1008_TIE_FEA_XX.wav,crema_d,1008,TIE,FEA,fear,unspecified,,,,,,,,,,female,46
1008_TIE_HAP_XX,crema_d_1008_TIE_HAP_XX,1008_TIE_HAP_XX.wav,crema_d,1008,TIE,HAP,happy,unspecified,,,16000.0,3.403375,16000.0,3.0,1.483375,,,female,46
1008_TIE_NEU_XX,crema_d_1008_TIE_NEU_XX,1008_TIE_NEU_XX.wav,crema_d,1008,TIE,NEU,neutral,unspecified,,,16000.0,3.036375,16000.0,3.0,0.028375,,,female,46
1008_TIE_SAD_XX,crema_d_1008_TIE_SAD_XX,1008_TIE_SAD_XX.wav,crema_d,1008,TIE,SAD,sad,unspecified,,,,,,,,,,female,46
1008_TSI_ANG_XX,crema_d_1008_TSI_ANG_XX,1008_TSI_ANG_XX.wav,crema_d,1008,TSI,ANG,anger,unspecified,,,16000.0,2.969625,16000.0,3.0,1.145625,,,female,46
1008_TSI_DIS_XX,crema_d_1008_TSI_DIS_XX,1008_TSI_DIS_XX.wav,crema_d,1008,TSI,DIS,disgust,unspecified,,,,,,,,,,female,46
1008_TSI_FEA_XX,crema_d_1008_TSI_FEA_XX,1008_TSI_FEA_XX.wav,crema_d,1008,TSI,FEA,fear,unspecified,,,,,,,,,,female,46
1008_TSI_HAP_XX,crema_d_1008_TSI_HAP_XX,1008_TSI_HAP_XX.wav,crema_d,1008,TSI,HAP,happy,unspecified,,,16000.0,3.1698125,16000.0,3.0,1.5378125,,,female,46
1008_TSI_NEU_XX,crema_d_1008_TSI_NEU_XX,1008_TSI_NEU_XX.wav,crema_d,1008,TSI,NEU,neutral,unspecified,,,16000.0,3.6703125,16000.0,3.0,2.0063125,,,female,46
1008_TSI_SAD_XX,crema_d_1008_TSI_SAD_XX,1008_TSI_SAD_XX.wav,crema_d,1008,TSI,SAD,sad,unspecified,,,,,,,,,,female,46
1009_DFA_ANG_XX,crema_d_1009_DFA_ANG_XX,1009_DFA_ANG_XX.wav,crema_d,1009,DFA,ANG,anger,unspecified,,,16000.0,2.035375,16000.0,3.0,0.851375,,,female,24
1009_DFA_DIS_XX,crema_d_1009_DFA_DIS_XX,1009_DFA_DIS_XX.wav,crema_d,1009,DFA,DIS,disgust,unspecified,,,,,,,,,,female,24
1009_DFA_FEA_XX,crema_d_1009_DFA_FEA_XX,1009_DFA_FEA_XX.wav,crema_d,1009,DFA,FEA,fear,unspecified,,,,,,,,,,female,24
1009_DFA_HAP_XX,crema_d_1009_DFA_HAP_XX,1009_DFA_HAP_XX.wav,crema_d,1009,DFA,HAP,happy,unspecified,,,16000.0,2.402375,16000.0,3.0,0.642375,,,female,24
1009_DFA_NEU_XX,crema_d_1009_DFA_NEU_XX,1009_DFA_NEU_XX.wav,crema_d,1009,DFA,NEU,neutral,unspecified,,,16000.0,2.402375,16000.0,3.0,0.546375,,,female,24
1009_DFA_SAD_XX,crema_d_1009_DFA_SAD_XX,1009_DFA_SAD_XX.wav,crema_d,1009,DFA,SAD,sad,unspecified,,,,,,,,,,female,24
1009_IEO_ANG_HI,crema_d_1009_IEO_ANG_HI,1009_IEO_ANG_HI.wav,crema_d,1009,IEO,ANG,anger,high,,,16000.0,2.7694375,16000.0,3.0,1.1054375,,,female,24
1009_IEO_ANG_LO,crema_d_1009_IEO_ANG_LO,1009_IEO_ANG_LO.wav,crema_d,1009,IEO,ANG,anger,low,,,16000.0,2.43575,16000.0,3.0,1.57175,,,female,24
1009_IEO_ANG_MD,crema_d_1009_IEO_ANG_MD,1009_IEO_ANG_MD.wav,crema_d,1009,IEO,ANG,anger,medium,,,16000.0,2.3356875,16000.0,3.0,1.0236875,,,female,24
1009_IEO_DIS_HI,crema_d_1009_IEO_DIS_HI,1009_IEO_DIS_HI.wav,crema_d,1009,IEO,DIS,disgust,high,,,,,,,,,,female,24
1009_IEO_DIS_LO,crema_d_1009_IEO_DIS_LO,1009_IEO_DIS_LO.wav,crema_d,1009,IEO,DIS,disgust,low,,,,,,,,,,female,24
1009_IEO_DIS_MD,crema_d_1009_IEO_DIS_MD,1009_IEO_DIS_MD.wav,crema_d,1009,IEO,DIS,disgust,medium,,,,,,,,,,female,24
1009_IEO_FEA_HI,crema_d_1009_IEO_FEA_HI,1009_IEO_FEA_HI.wav,crema_d,1009,IEO,FEA,fear,high,,,,,,,,,,female,24
1009_IEO_FEA_LO,crema_d_1009_IEO_FEA_LO,1009_IEO_FEA_LO.wav,crema_d,1009,IEO,FEA,fear,low,,,,,,,,,,female,24
1009_IEO_FEA_MD,crema_d_1009_IEO_FEA_MD,1009_IEO_FEA_MD.wav,crema_d,1009,IEO,FEA,fear,medium,,,,,,,,,,female,24
1009_IEO_HAP_HI,crema_d_1009_IEO_HAP_HI,1009_IEO_HAP_HI.wav,crema_d,1009,IEO,HAP,happy,high,,,16000.0,2.7360625,16000.0,3.0,1.0720625,,,female,24
1009_IEO_HAP_LO,crema_d_1009_IEO_HAP_LO,1009_IEO_HAP_LO.wav,crema_d,1009,IEO,HAP,happy,low,,,16000.0,2.7360625,16000.0,3.0,0.7520625,,,female,24
1009_IEO_HAP_MD,crema_d_1009_IEO_HAP_MD,1009_IEO_HAP_MD.wav,crema_d,1009,IEO,HAP,happy,medium,,,16000.0,2.602625,16000.0,3.0,1.290625,,,female,24
1009_IEO_NEU_XX,crema_d_1009_IEO_NEU_XX,1009_IEO_NEU_XX.wav,crema_d,1009,IEO,NEU,neutral,unspecified,,,16000.0,2.535875,16000.0,3.0,0.0,,,female,24
1009_IEO_SAD_HI,crema_d_1009_IEO_SAD_HI,1009_IEO_SAD_HI.wav,crema_d,1009,IEO,SAD,sad,high,,,,,,,,,,female,24
1009_IEO_SAD_LO,crema_d_1009_IEO_SAD_LO,1009_IEO_SAD_LO.wav,crema_d,1009,IEO,SAD,sad,low,,,,,,,,,,female,24
1009_IEO_SAD_MD,crema_d_1009_IEO_SAD_MD,1009_IEO_SAD_MD.wav,crema_d,1009,IEO,SAD,sad,medium,,,,,,,,,,female,24
1009_IOM_ANG_XX,crema_d_1009_IOM_ANG_XX,1009_IOM_ANG_XX.wav,crema_d,1009,IOM,ANG,anger,unspecified,,,16000.0,2.8361875,16000.0,3.0,1.0441875,,,female,24
1009_IOM_DIS_XX,crema_d_1009_IOM_DIS_XX,1009_IOM_DIS_XX.wav,crema_d,1009,IOM,DIS,disgust,unspecified,,,,,,,,,,female,24
1009_IOM_FEA_XX,crema_d_1009_IOM_FEA_XX,1009_IOM_FEA_XX.wav,crema_d,1009,IOM,FEA,fear,unspecified,,,,,,,,,,female,24
1009_IOM_HAP_XX,crema_d_1009_IOM_HAP_XX,1009_IOM_HAP_XX.wav,crema_d,1009,IOM,HAP,happy,unspecified,,,16000.0,2.369,16000.0,3.0,0.769,,,female,24
1009_IOM_NEU_XX,crema_d_1009_IOM_NEU_XX,1009_IOM_NEU_XX.wav,crema_d,1009,IOM,NEU,neutral,unspecified,,,16000.0,2.1688125,16000.0,3.0,0.6008125,,,female,24
1009_IOM_SAD_XX,crema_d_1009_IOM_SAD_XX,1009_IOM_SAD_XX.wav,crema_d,1009,IOM,SAD,sad,unspecified,,,,,,,,,,female,24
1009_ITH_ANG_XX,crema_d_1009_ITH_ANG_XX,1009_ITH_ANG_XX.wav,crema_d,1009,ITH,ANG,anger,unspecified,,,16000.0,2.8361875,16000.0,3.0,0.9801875,,,female,24
1009_ITH_DIS_XX,crema_d_1009_ITH_DIS_XX,1009_ITH_DIS_XX.wav,crema_d,1009,ITH,DIS,disgust,unspecified,,,,,,,,,,female,24
1009_ITH_FEA_XX,crema_d_1009_ITH_FEA_XX,1009_ITH_FEA_XX.wav,crema_d,1009,ITH,FEA,fear,unspecified,,,,,,,,,,female,24
1009_ITH_HAP_XX,crema_d_1009_ITH_HAP_XX,1009_ITH_HAP_XX.wav,crema_d,1009,ITH,HAP,happy,unspecified,,,16000.0,2.402375,16000.0,3.0,0.930375,,,female,24
1009_ITH_NEU_XX,crema_d_1009_ITH_NEU_XX,1009_ITH_NEU_XX.wav,crema_d,1009,ITH,NEU,neutral,unspecified,,,16000.0,3.1364375,16000.0,3.0,0.1604375,,,female,24
1009_ITH_SAD_XX,crema_d_1009_ITH_SAD_XX,1009_ITH_SAD_XX.wav,crema_d,1009,ITH,SAD,sad,unspecified,,,,,,,,,,female,24
1009_ITS_ANG_XX,crema_d_1009_ITS_ANG_XX,1009_ITS_ANG_XX.wav,crema_d,1009,ITS,ANG,anger,unspecified,,,16000.0,3.6703125,16000.0,3.0,1.6223125,,,female,24
1009_ITS_DIS_XX,crema_d_1009_ITS_DIS_XX,1009_ITS_DIS_XX.wav,crema_d,1009,ITS,DIS,disgust,unspecified,,,,,,,,,,female,24
1009_ITS_FEA_XX,crema_d_1009_ITS_FEA_XX,1009_ITS_FEA_XX.wav,crema_d,1009,ITS,FEA,fear,unspecified,,,,,,,,,,female,24
1009_ITS_HAP_XX,crema_d_1009_ITS_HAP_XX,1009_ITS_HAP_XX.wav,crema_d,1009,ITS,HAP,happy,unspecified,,,16000.0,2.56925,16000.0,3.0,1.16125,,,female,24
1009_ITS_NEU_XX,crema_d_1009_ITS_NEU_XX,1009_ITS_NEU_XX.wav,crema_d,1009,ITS,NEU,neutral,unspecified,,,16000.0,2.8028125,16000.0,3.0,0.0,,,female,24
1009_ITS_SAD_XX,crema_d_1009_ITS_SAD_XX,1009_ITS_SAD_XX.wav,crema_d,1009,ITS,SAD,sad,unspecified,,,,,,,,,,female,24
1009_IWL_ANG_XX,crema_d_1009_IWL_ANG_XX,1009_IWL_ANG_XX.wav,crema_d,1009,IWL,ANG,anger,unspecified,,,16000.0,3.2031875,16000.0,3.0,1.4431875,,,female,24
1009_IWL_DIS_XX,crema_d_1009_IWL_DIS_XX,1009_IWL_DIS_XX.wav,crema_d,1009,IWL,DIS,disgust,unspecified,,,,,,,,,,female,24
1009_IWL_FEA_XX,crema_d_1009_IWL_FEA_XX,1009_IWL_FEA_XX.wav,crema_d,1009,IWL,FEA,fear,unspecified,,,,,,,,,,female,24
1009_IWL_HAP_XX,crema_d_1009_IWL_HAP_XX,1009_IWL_HAP_XX.wav,crema_d,1009,IWL,HAP,happy,unspecified,,,16000.0,3.2365625,16000.0,3.0,1.8285625,,,female,24
1009_IWL_NEU_XX,crema_d_1009_IWL_NEU_XX,1009_IWL_NEU_XX.wav,crema_d,1009,IWL,NEU,neutral,unspecified,,,16000.0,2.7694375,16000.0,3.0,0.032,,,female,24
1009_IWL_SAD_XX,crema_d_1009_IWL_SAD_XX,1009_IWL_SAD_XX.wav,crema_d,1009,IWL,SAD,sad,unspecified,,,,,,,,,,female,24
1009_IWW_ANG_XX,crema_d_1009_IWW_ANG_XX,1009_IWW_ANG_XX.wav,crema_d,1009,IWW,ANG,anger,unspecified,,,16000.0,3.1698125,16000.0,3.0,1.3138125,,,female,24
1009_IWW_DIS_XX,crema_d_1009_IWW_DIS_XX,1009_IWW_DIS_XX.wav,crema_d,1009,IWW,DIS,disgust,unspecified,,,,,,,,,,female,24
1009_IWW_FEA_XX,crema_d_1009_IWW_FEA_XX,1009_IWW_FEA_XX.wav,crema_d,1009,IWW,FEA,fear,unspecified,,,,,,,,,,female,24
1009_IWW_HAP_XX,crema_d_1009_IWW_HAP_XX,1009_IWW_HAP_XX.wav,crema_d,1009,IWW,HAP,happy,unspecified,,,16000.0,2.102125,16000.0,3.0,1.014125,,,female,24
1009_IWW_NEU_XX,crema_d_1009_IWW_NEU_XX,1009_IWW_NEU_XX.wav,crema_d,1009,IWW,NEU,neutral,unspecified,,,16000.0,2.43575,16000.0,3.0,0.032,,,female,24
1009_IWW_SAD_XX,crema_d_1009_IWW_SAD_XX,1009_IWW_SAD_XX.wav,crema_d,1009,IWW,SAD,sad,unspecified,,,,,,,,,,female,24
1009_TAI_ANG_XX,crema_d_1009_TAI_ANG_XX,1009_TAI_ANG_XX.wav,crema_d,1009,TAI,ANG,anger,unspecified,,,16000.0,2.43575,16000.0,3.0,0.51575,,,female,24
1009_TAI_DIS_XX,crema_d_1009_TAI_DIS_XX,1009_TAI_DIS_XX.wav,crema_d,1009,TAI,DIS,disgust,unspecified,,,,,,,,,,female,24
1009_TAI_FEA_XX,crema_d_1009_TAI_FEA_XX,1009_TAI_FEA_XX.wav,crema_d,1009,TAI,FEA,fear,unspecified,,,,,,,,,,female,24
1009_TAI_HAP_XX,crema_d_1009_TAI_HAP_XX,1009_TAI_HAP_XX.wav,crema_d,1009,TAI,HAP,happy,unspecified,,,16000.0,2.7026875,16000.0,3.0,1.0386875,,,female,24
1009_TAI_NEU_XX,crema_d_1009_TAI_NEU_XX,1009_TAI_NEU_XX.wav,crema_d,1009,TAI,NEU,neutral,unspecified,,,16000.0,2.8361875,16000.0,3.0,0.2121875,,,female,24
1009_TAI_SAD_XX,crema_d_1009_TAI_SAD_XX,1009_TAI_SAD_XX.wav,crema_d,1009,TAI,SAD,sad,unspecified,,,,,,,,,,female,24
1009_TIE_ANG_XX,crema_d_1009_TIE_ANG_XX,1009_TIE_ANG_XX.wav,crema_d,1009,TIE,ANG,anger,unspecified,,,16000.0,2.93625,16000.0,3.0,1.11225,,,female,24
1009_TIE_DIS_XX,crema_d_1009_TIE_DIS_XX,1009_TIE_DIS_XX.wav,crema_d,1009,TIE,DIS,disgust,unspecified,,,,,,,,,,female,24
1009_TIE_FEA_XX,crema_d_1009_TIE_FEA_XX,1009_TIE_FEA_XX.wav,crema_d,1009,TIE,FEA,fear,unspecified,,,,,,,,,,female,24
1009_TIE_HAP_XX,crema_d_1009_TIE_HAP_XX,1009_TIE_HAP_XX.wav,crema_d,1009,TIE,HAP,happy,unspecified,,,16000.0,2.6693125,16000.0,3.0,1.2933125,,,female,24
1009_TIE_NEU_XX,crema_d_1009_TIE_NEU_XX,1009_TIE_NEU_XX.wav,crema_d,1009,TIE,NEU,neutral,unspecified,,,16000.0,2.6693125,16000.0,3.0,0.064,,,female,24
1009_TIE_SAD_XX,crema_d_1009_TIE_SAD_XX,1009_TIE_SAD_XX.wav,crema_d,1009,TIE,SAD,sad,unspecified,,,,,,,,,,female,24
1009_TSI_ANG_XX,crema_d_1009_TSI_ANG_XX,1009_TSI_ANG_XX.wav,crema_d,1009,TSI,ANG,anger,unspecified,,,16000.0,2.3356875,16000.0,3.0,0.8316875,,,female,24
1009_TSI_DIS_XX,crema_d_1009_TSI_DIS_XX,1009_TSI_DIS_XX.wav,crema_d,1009,TSI,DIS,disgust,unspecified,,,,,,,,,,female,24
1009_TSI_FEA_XX,crema_d_1009_TSI_FEA_XX,1009_TSI_FEA_XX.wav,crema_d,1009,TSI,FEA,fear,unspecified,,,,,,,,,,female,24
1009_TSI_HAP_XX,crema_d_1009_TSI_HAP_XX,1009_TSI_HAP_XX.wav,crema_d,1009,TSI,HAP,happy,unspecified,,,16000.0,2.56925,16000.0,3.0,1.51325,,,female,24
1009_TSI_NEU_XX,crema_d_1009_TSI_NEU_XX,1009_TSI_NEU_XX.wav,crema_d,1009,TSI,NEU,neutral,unspecified,,,16000.0,2.43575,16000.0,3.0,0.03575,,,female,24
1009_TSI_SAD_XX,crema_d_1009_TSI_SAD_XX,1009_TSI_SAD_XX.wav,crema_d,1009,TSI,SAD,sad,unspecified,,,,,,,,,,female,24
1009_WSI_ANG_XX,crema_d_1009_WSI_ANG_XX,1009_WSI_ANG_XX.wav,crema_d,1009,WSI,ANG,anger,unspecified,,,16000.0,3.3033125,16000.0,3.0,0.9033125,,,female,24
1009_WSI_DIS_XX,crema_d_1009_WSI_DIS_XX,1009_WSI_DIS_XX.wav,crema_d,1009,WSI,DIS,disgust,unspecified,,,,,,,,,,female,24
1009_WSI_FEA_XX,crema_d_1009_WSI_FEA_XX,1009_WSI_FEA_XX.wav,crema_d,1009,WSI,FEA,fear,unspecified,,,,,,,,,,female,24
1009_WSI_HAP_XX,crema_d_1009_WSI_HAP_XX,1009_WSI_HAP_XX.wav,crema_d,1009,WSI,HAP,happy,unspecified,,,16000.0,2.6693125,16000.0,3.0,1.1013125,,,female,24
1009_WSI_NEU_XX,crema_d_1009_WSI_NEU_XX,1009_WSI_NEU_XX.wav,crema_d,1009,WSI,NEU,neutral,unspecified,,,16000.0,2.7026875,16000.0,3.0,0.4946875,,,female,24
1009_WSI_SAD_XX,crema_d_1009_WSI_SAD_XX,1009_WSI_SAD_XX.wav,crema_d,1009,WSI,SAD,sad,unspecified,,,,,,,,,,female,24
1010_DFA_ANG_XX,crema_d_1010_DFA_ANG_XX,1010_DFA_ANG_XX.wav,crema_d,1010,DFA,ANG,anger,unspecified,,,16000.0,2.2021875,16000.0,3.0,0.9861875,,,female,27
1010_DFA_DIS_XX,crema_d_1010_DFA_DIS_XX,1010_DFA_DIS_XX.wav,crema_d,1010,DFA,DIS,disgust,unspecified,,,,,,,,,,female,27
1010_DFA_FEA_XX,crema_d_1010_DFA_FEA_XX,1010_DFA_FEA_XX.wav,crema_d,1010,DFA,FEA,fear,unspecified,,,,,,,,,,female,27
1010_DFA_HAP_XX,crema_d_1010_DFA_HAP_XX,1010_DFA_HAP_XX.wav,crema_d,1010,DFA,HAP,happy,unspecified,,,16000.0,1.901875,16000.0,3.0,0.237875,,,female,27
1010_DFA_NEU_XX,crema_d_1010_DFA_NEU_XX,1010_DFA_NEU_XX.wav,crema_d,1010,DFA,NEU,neutral,unspecified,,,16000.0,2.535875,16000.0,3.0,0.032,,,female,27
1010_DFA_SAD_XX,crema_d_1010_DFA_SAD_XX,1010_DFA_SAD_XX.wav,crema_d,1010,DFA,SAD,sad,unspecified,,,,,,,,,,female,27
1010_IEO_ANG_HI,crema_d_1010_IEO_ANG_HI,1010_IEO_ANG_HI.wav,crema_d,1010,IEO,ANG,anger,high,,,16000.0,2.1688125,16000.0,3.0,0.8248125,,,female,27
1010_IEO_ANG_LO,crema_d_1010_IEO_ANG_LO,1010_IEO_ANG_LO.wav,crema_d,1010,IEO,ANG,anger,low,,,16000.0,2.3023125,16000.0,3.0,0.9903125,,,female,27
1010_IEO_ANG_MD,crema_d_1010_IEO_ANG_MD,1010_IEO_ANG_MD.wav,crema_d,1010,IEO,ANG,anger,medium,,,16000.0,2.469125,16000.0,3.0,1.029125,,,female,27
1010_IEO_DIS_HI,crema_d_1010_IEO_DIS_HI,1010_IEO_DIS_HI.wav,crema_d,1010,IEO,DIS,disgust,high,,,,,,,,,,female,27
1010_IEO_DIS_LO,crema_d_1010_IEO_DIS_LO,1010_IEO_DIS_LO.wav,crema_d,1010,IEO,DIS,disgust,low,,,,,,,,,,female,27
1010_IEO_DIS_MD,crema_d_1010_IEO_DIS_MD,1010_IEO_DIS_MD.wav,crema_d,1010,IEO,DIS,disgust,medium,,,,,,,,,,female,27
1010_IEO_FEA_HI,crema_d_1010_IEO_FEA_HI,1010_IEO_FEA_HI.wav,crema_d,1010,IEO,FEA,fear,high,,,,,,,,,,female,27
1010_IEO_FEA_LO,crema_d_1010_IEO_FEA_LO,1010_IEO_FEA_LO.wav,crema_d,1010,IEO,FEA,fear,low,,,,,,,,,,female,27
1010_IEO_FEA_MD,crema_d_1010_IEO_FEA_MD,1010_IEO_FEA_MD.wav,crema_d,1010,IEO,FEA,fear,medium,,,,,,,,,,female,27
1010_IEO_HAP_HI,crema_d_1010_IEO_HAP_HI,1010_IEO_HAP_HI.wav,crema_d,1010,IEO,HAP,happy,high,,,16000.0,2.06875,16000.0,3.0,0.66075,,,female,27
1010_IEO_HAP_LO,crema_d_1010_IEO_HAP_LO,1010_IEO_HAP_LO.wav,crema_d,1010,IEO,HAP,happy,low,,,16000.0,2.43575,16000.0,3.0,0.0,,,female,27
1010_IEO_HAP_MD,crema_d_1010_IEO_HAP_MD,1010_IEO_HAP_MD.wav,crema_d,1010,IEO,HAP,happy,medium,,,16000.0,2.43575,16000.0,3.0,0.0,,,female,27
1010_IEO_NEU_XX,crema_d_1010_IEO_NEU_XX,1010_IEO_NEU_XX.wav,crema_d,1010,IEO,NEU,neutral,unspecified,,,16000.0,2.2689375,16000.0,3.0,0.0,,,female,27
1010_IEO_SAD_HI,crema_d_1010_IEO_SAD_HI,1010_IEO_SAD_HI.wav,crema_d,1010,IEO,SAD,sad,high,,,,,,,,,,female,27
1010_IEO_SAD_LO,crema_d_1010_IEO_SAD_LO,1010_IEO_SAD_LO.wav,crema_d,1010,IEO,SAD,sad,low,,,,,,,,,,female,27
1010_IEO_SAD_MD,crema_d_1010_IEO_SAD_MD,1010_IEO_SAD_MD.wav,crema_d,1010,IEO,SAD,sad,medium,,,,,,,,,,female,27
1010_IOM_ANG_XX,crema_d_1010_IOM_ANG_XX,1010_IOM_ANG_XX.wav,crema_d,1010,IOM,ANG,anger,unspecified,,,16000.0,2.602625,16000.0,3.0,1.130625,,,female,27
1010_IOM_DIS_XX,crema_d_1010_IOM_DIS_XX,1010_IOM_DIS_XX.wav,crema_d,1010,IOM,DIS,disgust,unspecified,,,,,,,,,,female,27
1010_IOM_FEA_XX,crema_d_1010_IOM_FEA_XX,1010_IOM_FEA_XX.wav,crema_d,1010,IOM,FEA,fear,unspecified,,,,,,,,,,female,27
1010_IOM_HAP_XX,crema_d_1010_IOM_HAP_XX,1010_IOM_HAP_XX.wav,crema_d,1010,IOM,HAP,happy,unspecified,,,16000.0,1.93525,16000.0,3.0,0.65525,,,female,27
1010_IOM_NEU_XX,crema_d_1010_IOM_NEU_XX,1010_IOM_NEU_XX.wav,crema_d,1010,IOM,NEU,neutral,unspecified,,,16000.0,2.8695,16000.0,3.0,0.032,,,female,27
1010_IOM_SAD_XX,crema_d_1010_IOM_SAD_XX,1010_IOM_SAD_XX.wav,crema_d,1010,IOM,SAD,sad,unspecified,,,,,,,,,,female,27
1010_ITH_ANG_XX,crema_d_1010_ITH_ANG_XX,1010_ITH_ANG_XX.wav,crema_d,1010,ITH,ANG,anger,unspecified,,,16000.0,3.3033125,16000.0,3.0,1.5433125,,,female,27
1010_ITH_DIS_XX,crema_d_1010_ITH_DIS_XX,1010_ITH_DIS_XX.wav,crema_d,1010,ITH,DIS,disgust,unspecified,,,,,,,,,,female,27
1010_ITH_FEA_XX,crema_d_1010_ITH_FEA_XX,1010_ITH_FEA_XX.wav,crema_d,1010,ITH,FEA,fear,unspecified,,,,,,,,,,female,27
1010_ITH_HAP_XX,crema_d_1010_ITH_HAP_XX,1010_ITH_HAP_XX.wav,crema_d,1010,ITH,HAP,happy,unspecified,,,16000.0,2.8361875,16000.0,3.0,1.2361875,,,female,27
1010_ITH_NEU_XX,crema_d_1010_ITH_NEU_XX,1010_ITH_NEU_XX.wav,crema_d,1010,ITH,NEU,neutral,unspecified,,,16000.0,2.6693125,16000.0,3.0,0.0133125,,,female,27
1010_ITH_SAD_XX,crema_d_1010_ITH_SAD_XX,1010_ITH_SAD_XX.wav,crema_d,1010,ITH,SAD,sad,unspecified,,,,,,,,,,female,27
1010_ITS_ANG_XX,crema_d_1010_ITS_ANG_XX,1010_ITS_ANG_XX.wav,crema_d,1010,ITS,ANG,anger,unspecified,,,16000.0,2.7360625,16000.0,3.0,1.1360625,,,female,27
1010_ITS_DIS_XX,crema_d_1010_ITS_DIS_XX,1010_ITS_DIS_XX.wav,crema_d,1010,ITS,DIS,disgust,unspecified,,,,,,,,,,female,27
1010_ITS_FEA_XX,crema_d_1010_ITS_FEA_XX,1010_ITS_FEA_XX.wav,crema_d,1010,ITS,FEA,fear,unspecified,,,,,,,,,,female,27
1010_ITS_HAP_XX,crema_d_1010_ITS_HAP_XX,1010_ITS_HAP_XX.wav,crema_d,1010,ITS,HAP,happy,unspecified,,,16000.0,1.968625,16000.0,3.0,0.496625,,,female,27
1010_ITS_NEU_XX,crema_d_1010_ITS_NEU_XX,1010_ITS_NEU_XX.wav,crema_d,1010,ITS,NEU,neutral,unspecified,,,16000.0,2.5025,16000.0,3.0,0.0,,,female,27
1010_ITS_SAD_XX,crema_d_1010_ITS_SAD_XX,1010_ITS_SAD_XX.wav,crema_d,1010,ITS,SAD,sad,unspecified,,,,,,,,,,female,27
1010_IWL_ANG_XX,crema_d_1010_IWL_ANG_XX,1010_IWL_ANG_XX.wav,crema_d,1010,IWL,ANG,anger,unspecified,,,16000.0,3.003,16000.0,3.0,0.731,,,female,27
1010_IWL_DIS_XX,crema_d_1010_IWL_DIS_XX,1010_IWL_DIS_XX.wav,crema_d,1010,IWL,DIS,disgust,unspecified,,,,,,,,,,female,27
1010_IWL_FEA_XX,crema_d_1010_IWL_FEA_XX,1010_IWL_FEA_XX.wav,crema_d,1010,IWL,FEA,fear,unspecified,,,,,,,,,,female,27
1010_IWL_HAP_XX,crema_d_1010_IWL_HAP_XX,1010_IWL_HAP_XX.wav,crema_d,1010,IWL,HAP,happy,unspecified,,,16000.0,2.3356875,16000.0,3.0,0.2236875,,,female,27
1010_IWL_NEU_XX,crema_d_1010_IWL_NEU_XX,1010_IWL_NEU_XX.wav,crema_d,1010,IWL,NEU,neutral,unspecified,,,16000.0,3.7036875,16000.0,3.0,0.032,,,female,27
1010_IWL_SAD_XX,crema_d_1010_IWL_SAD_XX,1010_IWL_SAD_XX.wav,crema_d,1010,IWL,SAD,sad,unspecified,,,,,,,,,,female,27
1010_IWW_ANG_XX,crema_d_1010_IWW_ANG_XX,1010_IWW_ANG_XX.wav,crema_d,1010,IWW,ANG,anger,unspecified,,,16000.0,2.2755625,16000.0,3.0,0.8995625,,,female,27
1010_IWW_DIS_XX,crema_d_1010_IWW_DIS_XX,1010_IWW_DIS_XX.wav,crema_d,1010,IWW,DIS,disgust,unspecified,,,,,,,,,,female,27
1010_IWW_FEA_XX,crema_d_1010_IWW_FEA_XX,1010_IWW_FEA_XX.wav,crema_d,1010,IWW,FEA,fear,unspecified,,,,,,,,,,female,27
1010_IWW_HAP_XX,crema_d_1010_IWW_HAP_XX,1010_IWW_HAP_XX.wav,crema_d,1010,IWW,HAP,happy,unspecified,,,16000.0,2.8695,16000.0,3.0,1.0775,,,female,27
1010_IWW_NEU_XX,crema_d_1010_IWW_NEU_XX,1010_IWW_NEU_XX.wav,crema_d,1010,IWW,NEU,neutral,unspecified,,,16000.0,2.5025,16000.0,3.0,0.0,,,female,27
1010_IWW_SAD_XX,crema_d_1010_IWW_SAD_XX,1010_IWW_SAD_XX.wav,crema_d,1010,IWW,SAD,sad,unspecified,,,,,,,,,,female,27
1010_MTI_ANG_XX,crema_d_1010_MTI_ANG_XX,1010_MTI_ANG_XX.wav,crema_d,1010,MTI,ANG,anger,unspecified,,,16000.0,2.969625,16000.0,3.0,1.241625,,,female,27
1010_MTI_DIS_XX,crema_d_1010_MTI_DIS_XX,1010_MTI_DIS_XX.wav,crema_d,1010,MTI,DIS,disgust,unspecified,,,,,,,,,,female,27
1010_MTI_FEA_XX,crema_d_1010_MTI_FEA_XX,1010_MTI_FEA_XX.wav,crema_d,1010,MTI,FEA,fear,unspecified,,,,,,,,,,female,27
1010_MTI_HAP_XX,crema_d_1010_MTI_HAP_XX,1010_MTI_HAP_XX.wav,crema_d,1010,MTI,HAP,happy,unspecified,,,16000.0,2.369,16000.0,3.0,0.737,,,female,27
1010_MTI_NEU_XX,crema_d_1010_MTI_NEU_XX,1010_MTI_NEU_XX.wav,crema_d,1010,MTI,NEU,neutral,unspecified,,,16000.0,2.8361875,16000.0,3.0,0.1161875,,,female,27
1010_MTI_SAD_XX,crema_d_1010_MTI_SAD_XX,1010_MTI_SAD_XX.wav,crema_d,1010,MTI,SAD,sad,unspecified,,,,,,,,,,female,27
1010_TAI_ANG_XX,crema_d_1010_TAI_ANG_XX,1010_TAI_ANG_XX.wav,crema_d,1010,TAI,ANG,anger,unspecified,,,16000.0,2.56925,16000.0,3.0,0.84125,,,female,27
1010_TAI_DIS_XX,crema_d_1010_TAI_DIS_XX,1010_TAI_DIS_XX.wav,crema_d,1010,TAI,DIS,disgust,unspecified,,,,,,,,,,female,27
1010_TAI_FEA_XX,crema_d_1010_TAI_FEA_XX,1010_TAI_FEA_XX.wav,crema_d,1010,TAI,FEA,fear,unspecified,,,,,,,,,,female,27
1010_TAI_HAP_XX,crema_d_1010_TAI_HAP_XX,1010_TAI_HAP_XX.wav,crema_d,1010,TAI,HAP,happy,unspecified,,,16000.0,2.369,16000.0,3.0,0.865,,,female,27
1010_TAI_NEU_XX,crema_d_1010_TAI_NEU_XX,1010_TAI_NEU_XX.wav,crema_d,1010,TAI,NEU,neutral,unspecified,,,16000.0,3.06975,16000.0,3.0,0.09375,,,female,27
1010_TAI_SAD_XX,crema_d_1010_TAI_SAD_XX,1010_TAI_SAD_XX.wav,crema_d,1010,TAI,SAD,sad,unspecified,,,,,,,,,,female,27
1010_TIE_ANG_XX,crema_d_1010_TIE_ANG_XX,1010_TIE_ANG_XX.wav,crema_d,1010,TIE,ANG,anger,unspecified,,,16000.0,3.470125,16000.0,3.0,1.518125,,,female,27
1010_TIE_DIS_XX,crema_d_1010_TIE_DIS_XX,1010_TIE_DIS_XX.wav,crema_d,1010,TIE,DIS,disgust,unspecified,,,,,,,,,,female,27
1010_TIE_FEA_XX,crema_d_1010_TIE_FEA_XX,1010_TIE_FEA_XX.wav,crema_d,1010,TIE,FEA,fear,unspecified,,,,,,,,,,female,27
1010_TIE_HAP_XX,crema_d_1010_TIE_HAP_XX,1010_TIE_HAP_XX.wav,crema_d,1010,TIE,HAP,happy,unspecified,,,16000.0,2.969625,16000.0,3.0,0.057625,,,female,27
1010_TIE_NEU_XX,crema_d_1010_TIE_NEU_XX,1010_TIE_NEU_XX.wav,crema_d,1010,TIE,NEU,neutral,unspecified,,,16000.0,2.6359375,16000.0,3.0,0.0,,,female,27
1010_TIE_SAD_XX,crema_d_1010_TIE_SAD_XX,1010_TIE_SAD_XX.wav,crema_d,1010,TIE,SAD,sad,unspecified,,,,,,,,,,female,27
1010_TSI_ANG_XX,crema_d_1010_TSI_ANG_XX,1010_TSI_ANG_XX.wav,crema_d,1010,TSI,ANG,anger,unspecified,,,16000.0,2.43575,16000.0,3.0,0.86775,,,female,27
1010_TSI_DIS_XX,crema_d_1010_TSI_DIS_XX,1010_TSI_DIS_XX.wav,crema_d,1010,TSI,DIS,disgust,unspecified,,,,,,,,,,female,27
1010_TSI_FEA_XX,crema_d_1010_TSI_FEA_XX,1010_TSI_FEA_XX.wav,crema_d,1010,TSI,FEA,fear,unspecified,,,,,,,,,,female,27
1010_TSI_HAP_XX,crema_d_1010_TSI_HAP_XX,1010_TSI_HAP_XX.wav,crema_d,1010,TSI,HAP,happy,unspecified,,,16000.0,1.8018125,16000.0,3.0,0.7138125,,,female,27
1010_TSI_NEU_XX,crema_d_1010_TSI_NEU_XX,1010_TSI_NEU_XX.wav,crema_d,1010,TSI,NEU,neutral,unspecified,,,16000.0,2.102125,16000.0,3.0,0.0,,,female,27
1010_TSI_SAD_XX,crema_d_1010_TSI_SAD_XX,1010_TSI_SAD_XX.wav,crema_d,1010,TSI,SAD,sad,unspecified,,,,,,,,,,female,27
1010_WSI_ANG_XX,crema_d_1010_WSI_ANG_XX,1010_WSI_ANG_XX.wav,crema_d,1010,WSI,ANG,anger,unspecified,,,16000.0,3.1698125,16000.0,3.0,1.1218125,,,female,27
1010_WSI_DIS_XX,crema_d_1010_WSI_DIS_XX,1010_WSI_DIS_XX.wav,crema_d,1010,WSI,DIS,disgust,unspecified,,,,,,,,,,female,27
1010_WSI_FEA_XX,crema_d_1010_WSI_FEA_XX,1010_WSI_FEA_XX.wav,crema_d,1010,WSI,FEA,fear,unspecified,,,,,,,,,,female,27
1010_WSI_HAP_XX,crema_d_1010_WSI_HAP_XX,1010_WSI_HAP_XX.wav,crema_d,1010,WSI,HAP,happy,unspecified,,,16000.0,2.2021875,16000.0,3.0,0.5381875,,,female,27
1010_WSI_NEU_XX,crema_d_1010_WSI_NEU_XX,1010_WSI_NEU_XX.wav,crema_d,1010,WSI,NEU,neutral,unspecified,,,16000.0,2.56925,16000.0,3.0,0.0,,,female,27
1010_WSI_SAD_XX,crema_d_1010_WSI_SAD_XX,1010_WSI_SAD_XX.wav,crema_d,1010,WSI,SAD,sad,unspecified,,,,,,,,,,female,27
1011_DFA_ANG_XX,crema_d_1011_DFA_ANG_XX,1011_DFA_ANG_XX.wav,crema_d,1011,DFA,ANG,anger,unspecified,,,16000.0,2.969625,16000.0,3.0,1.305625,,,male,32
1011_DFA_DIS_XX,crema_d_1011_DFA_DIS_XX,1011_DFA_DIS_XX.wav,crema_d,1011,DFA,DIS,disgust,unspecified,,,,,,,,,,male,32
1011_DFA_FEA_XX,crema_d_1011_DFA_FEA_XX,1011_DFA_FEA_XX.wav,crema_d,1011,DFA,FEA,fear,unspecified,,,,,,,,,,male,32
1011_DFA_HAP_XX,crema_d_1011_DFA_HAP_XX,1011_DFA_HAP_XX.wav,crema_d,1011,DFA,HAP,happy,unspecified,,,16000.0,2.035375,16000.0,3.0,0.0,,,male,32
1011_DFA_NEU_XX,crema_d_1011_DFA_NEU_XX,1011_DFA_NEU_XX.wav,crema_d,1011,DFA,NEU,neutral,unspecified,,,16000.0,2.469125,16000.0,3.0,0.069125,,,male,32
1011_DFA_SAD_XX,crema_d_1011_DFA_SAD_XX,1011_DFA_SAD_XX.wav,crema_d,1011,DFA,SAD,sad,unspecified,,,,,,,,,,male,32
1011_IEO_ANG_HI,crema_d_1011_IEO_ANG_HI,1011_IEO_ANG_HI.wav,crema_d,1011,IEO,ANG,anger,high,,,16000.0,3.43675,16000.0,3.0,1.32475,,,male,32
1011_IEO_ANG_LO,crema_d_1011_IEO_ANG_LO,1011_IEO_ANG_LO.wav,crema_d,1011,IEO,ANG,anger,low,,,16000.0,3.036375,16000.0,3.0,1.404375,,,male,32
1011_IEO_ANG_MD,crema_d_1011_IEO_ANG_MD,1011_IEO_ANG_MD.wav,crema_d,1011,IEO,ANG,anger,medium,,,16000.0,2.5025,16000.0,3.0,1.1585,,,male,32
1011_IEO_DIS_HI,crema_d_1011_IEO_DIS_HI,1011_IEO_DIS_HI.wav,crema_d,1011,IEO,DIS,disgust,high,,,,,,,,,,male,32
1011_IEO_DIS_LO,crema_d_1011_IEO_DIS_LO,1011_IEO_DIS_LO.wav,crema_d,1011,IEO,DIS,disgust,low,,,,,,,,,,male,32
1011_IEO_DIS_MD,crema_d_1011_IEO_DIS_MD,1011_IEO_DIS_MD.wav,crema_d,1011,IEO,DIS,disgust,medium,,,,,,,,,,male,32
1011_IEO_FEA_HI,crema_d_1011_IEO_FEA_HI,1011_IEO_FEA_HI.wav,crema_d,1011,IEO,FEA,fear,high,,,,,,,,,,male,32
1011_IEO_FEA_LO,crema_d_1011_IEO_FEA_LO,1011_IEO_FEA_LO.wav,crema_d,1011,IEO,FEA,fear,low,,,,,,,,,,male,32
1011_IEO_FEA_MD,crema_d_1011_IEO_FEA_MD,1011_IEO_FEA_MD.wav,crema_d,1011,IEO,FEA,fear,medium,,,,,,,,,,male,32
1011_IEO_HAP_HI,crema_d_1011_IEO_HAP_HI,1011_IEO_HAP_HI.wav,crema_d,1011,IEO,HAP,happy,high,,,16000.0,2.535875,16000.0,3.0,1.735875,,,male,32
1011_IEO_HAP_LO,crema_d_1011_IEO_HAP_LO,1011_IEO_HAP_LO.wav,crema_d,1011,IEO,HAP,happy,low,,,16000.0,2.102125,16000.0,3.0,0.022125,,,male,32
1011_IEO_HAP_MD,crema_d_1011_IEO_HAP_MD,1011_IEO_HAP_MD.wav,crema_d,1011,IEO,HAP,happy,medium,,,16000.0,2.1688125,16000.0,3.0,0.0,,,male,32
1011_IEO_NEU_XX,crema_d_1011_IEO_NEU_XX,1011_IEO_NEU_XX.wav,crema_d,1011,IEO,NEU,neutral,unspecified,,,16000.0,1.7350625,16000.0,3.0,0.0,,,male,32
1011_IEO_SAD_HI,crema_d_1011_IEO_SAD_HI,1011_IEO_SAD_HI.wav,crema_d,1011,IEO,SAD,sad,high,,,,,,,,,,male,32
1011_IEO_SAD_LO,crema_d_1011_IEO_SAD_LO,1011_IEO_SAD_LO.wav,crema_d,1011,IEO,SAD,sad,low,,,,,,,,,,male,32
1011_IEO_SAD_MD,crema_d_1011_IEO_SAD_MD,1011_IEO_SAD_MD.wav,crema_d,1011,IEO,SAD,sad,medium,,,,,,,,,,male,32
1011_IOM_ANG_XX,crema_d_1011_IOM_ANG_XX,1011_IOM_ANG_XX.wav,crema_d,1011,IOM,ANG,anger,unspecified,,,16000.0,2.6359375,16000.0,3.0,0.7479375,,,male,32
1011_IOM_DIS_XX,crema_d_1011_IOM_DIS_XX,1011_IOM_DIS_XX.wav,crema_d,1011,IOM,DIS,disgust,unspecified,,,,,,,,,,male,32
1011_IOM_FEA_XX,crema_d_1011_IOM_FEA_XX,1011_IOM_FEA_XX.wav,crema_d,1011,IOM,FEA,fear,unspecified,,,,,,,,,,male,32
1011_IOM_HAP_XX,crema_d_1011_IOM_HAP_XX,1011_IOM_HAP_XX.wav,crema_d,1011,IOM,HAP,happy,unspecified,,,16000.0,2.43575,16000.0,3.0,0.032,,,male,32
1011_IOM_NEU_XX,crema_d_1011_IOM_NEU_XX,1011_IOM_NEU_XX.wav,crema_d,1011,IOM,NEU,neutral,unspecified,,,16000.0,2.1354375,16000.0,3.0,0.032,,,male,32
1011_IOM_SAD_XX,crema_d_1011_IOM_SAD_XX,1011_IOM_SAD_XX.wav,crema_d,1011,IOM,SAD,sad,unspecified,,,,,,,,,,male,32
1011_ITH_ANG_XX,crema_d_1011_ITH_ANG_XX,1011_ITH_ANG_XX.wav,crema_d,1011,ITH,ANG,anger,unspecified,,,16000.0,3.003,16000.0,3.0,1.019,,,male,32
1011_ITH_DIS_XX,crema_d_1011_ITH_DIS_XX,1011_ITH_DIS_XX.wav,crema_d,1011,ITH,DIS,disgust,unspecified,,,,,,,,,,male,32
1011_ITH_FEA_XX,crema_d_1011_ITH_FEA_XX,1011_ITH_FEA_XX.wav,crema_d,1011,ITH,FEA,fear,unspecified,,,,,,,,,,male,32
1011_ITH_HAP_XX,crema_d_1011_ITH_HAP_XX,1011_ITH_HAP_XX.wav,crema_d,1011,ITH,HAP,happy,unspecified,,,16000.0,2.535875,16000.0,3.0,0.039875,,,male,32
1011_ITH_NEU_XX,crema_d_1011_ITH_NEU_XX,1011_ITH_NEU_XX.wav,crema_d,1011,ITH,NEU,neutral,unspecified,,,16000.0,2.8361875,16000.0,3.0,0.0521875,,,male,32
1011_ITH_SAD_XX,crema_d_1011_ITH_SAD_XX,1011_ITH_SAD_XX.wav,crema_d,1011,ITH,SAD,sad,unspecified,,,,,,,,,,male,32
1011_ITS_ANG_XX,crema_d_1011_ITS_ANG_XX,1011_ITS_ANG_XX.wav,crema_d,1011,ITS,ANG,anger,unspecified,,,16000.0,2.7026875,16000.0,3.0,1.0706875,,,male,32
1011_ITS_DIS_XX,crema_d_1011_ITS_DIS_XX,1011_ITS_DIS_XX.wav,crema_d,1011,ITS,DIS,disgust,unspecified,,,,,,,,,,male,32
1011_ITS_FEA_XX,crema_d_1011_ITS_FEA_XX,1011_ITS_FEA_XX.wav,crema_d,1011,ITS,FEA,fear,unspecified,,,,,,,,,,male,32
1011_ITS_HAP_XX,crema_d_1011_ITS_HAP_XX,1011_ITS_HAP_XX.wav,crema_d,1011,ITS,HAP,happy,unspecified,,,16000.0,2.3356875,16000.0,3.0,0.0,,,male,32
1011_ITS_NEU_XX,crema_d_1011_ITS_NEU_XX,1011_ITS_NEU_XX.wav,crema_d,1011,ITS,NEU,neutral,unspecified,,,16000.0,2.43575,16000.0,3.0,0.0,,,male,32
1011_ITS_SAD_XX,crema_d_1011_ITS_SAD_XX,1011_ITS_SAD_XX.wav,crema_d,1011,ITS,SAD,sad,unspecified,,,,,,,,,,male,32
1011_IWL_ANG_XX,crema_d_1011_IWL_ANG_XX,1011_IWL_ANG_XX.wav,crema_d,1011,IWL,ANG,anger,unspecified,,,16000.0,2.6359375,16000.0,3.0,1.0039375,,,male,32
1011_IWL_DIS_XX,crema_d_1011_IWL_DIS_XX,1011_IWL_DIS_XX.wav,crema_d,1011,IWL,DIS,disgust,unspecified,,,,,,,,,,male,32
1011_IWL_FEA_XX,crema_d_1011_IWL_FEA_XX,1011_IWL_FEA_XX.wav,crema_d,1011,IWL,FEA,fear,unspecified,,,,,,,,,,male,32
1011_IWL_HAP_XX,crema_d_1011_IWL_HAP_XX,1011_IWL_HAP_XX.wav,crema_d,1011,IWL,HAP,happy,unspecified,,,16000.0,2.2755625,16000.0,3.0,0.0995625,,,male,32
1011_IWL_NEU_XX,crema_d_1011_IWL_NEU_XX,1011_IWL_NEU_XX.wav,crema_d,1011,IWL,NEU,neutral,unspecified,,,16000.0,2.43575,16000.0,3.0,0.064,,,male,32
1011_IWL_SAD_XX,crema_d_1011_IWL_SAD_XX,1011_IWL_SAD_XX.wav,crema_d,1011,IWL,SAD,sad,unspecified,,,,,,,,,,male,32
1011_IWW_ANG_XX,crema_d_1011_IWW_ANG_XX,1011_IWW_ANG_XX.wav,crema_d,1011,IWW,ANG,anger,unspecified,,,16000.0,2.6359375,16000.0,3.0,1.3559375,,,male,32
1011_IWW_DIS_XX,crema_d_1011_IWW_DIS_XX,1011_IWW_DIS_XX.wav,crema_d,1011,IWW,DIS,disgust,unspecified,,,,,,,,,,male,32
1011_IWW_FEA_XX,crema_d_1011_IWW_FEA_XX,1011_IWW_FEA_XX.wav,crema_d,1011,IWW,FEA,fear,unspecified,,,,,,,,,,male,32
1011_IWW_HAP_XX,crema_d_1011_IWW_HAP_XX,1011_IWW_HAP_XX.wav,crema_d,1011,IWW,HAP,happy,unspecified,,,16000.0,2.1354375,16000.0,3.0,0.0,,,male,32
1011_IWW_NEU_XX,crema_d_1011_IWW_NEU_XX,1011_IWW_NEU_XX.wav,crema_d,1011,IWW,NEU,neutral,unspecified,,,16000.0,2.7694375,16000.0,3.0,0.0,,,male,32
1011_IWW_SAD_XX,crema_d_1011_IWW_SAD_XX,1011_IWW_SAD_XX.wav,crema_d,1011,IWW,SAD,sad,unspecified,,,,,,,,,,male,32
1011_MTI_ANG_XX,crema_d_1011_MTI_ANG_XX,1011_MTI_ANG_XX.wav,crema_d,1011,MTI,ANG,anger,unspecified,,,16000.0,2.902875,16000.0,3.0,1.174875,,,male,32
1011_MTI_DIS_XX,crema_d_1011_MTI_DIS_XX,1011_MTI_DIS_XX.wav,crema_d,1011,MTI,DIS,disgust,unspecified,,,,,,,,,,male,32
1011_MTI_FEA_XX,crema_d_1011_MTI_FEA_XX,1011_MTI_FEA_XX.wav,crema_d,1011,MTI,FEA,fear,unspecified,,,,,,,,,,male,32
1011_MTI_HAP_XX,crema_d_1011_MTI_HAP_XX,1011_MTI_HAP_XX.wav,crema_d,1011,MTI,HAP,happy,unspecified,,,16000.0,2.7694375,16000.0,3.0,0.032,,,male,32
1011_MTI_NEU_XX,crema_d_1011_MTI_NEU_XX,1011_MTI_NEU_XX.wav,crema_d,1011,MTI,NEU,neutral,unspecified,,,16000.0,2.8361875,16000.0,3.0,0.032,,,male,32
1011_MTI_SAD_XX,crema_d_1011_MTI_SAD_XX,1011_MTI_SAD_XX.wav,crema_d,1011,MTI,SAD,sad,unspecified,,,,,,,,,,male,32
1011_TAI_ANG_XX,crema_d_1011_TAI_ANG_XX,1011_TAI_ANG_XX.wav,crema_d,1011,TAI,ANG,anger,unspecified,,,16000.0,2.602625,16000.0,3.0,0.778625,,,male,32
1011_TAI_DIS_XX,crema_d_1011_TAI_DIS_XX,1011_TAI_DIS_XX.wav,crema_d,1011,TAI,DIS,disgust,unspecified,,,,,,,,,,male,32
1011_TAI_FEA_XX,crema_d_1011_TAI_FEA_XX,1011_TAI_FEA_XX.wav,crema_d,1011,TAI,FEA,fear,unspecified,,,,,,,,,,male,32
1011_TAI_HAP_XX,crema_d_1011_TAI_HAP_XX,1011_TAI_HAP_XX.wav,crema_d,1011,TAI,HAP,happy,unspecified,,,16000.0,2.2021875,16000.0,3.0,0.9541875,,,male,32
1011_TAI_NEU_XX,crema_d_1011_TAI_NEU_XX,1011_TAI_NEU_XX.wav,crema_d,1011,TAI,NEU,neutral,unspecified,,,16000.0,2.7026875,16000.0,3.0,0.0,,,male,32
1011_TAI_SAD_XX,crema_d_1011_TAI_SAD_XX,1011_TAI_SAD_XX.wav,crema_d,1011,TAI,SAD,sad,unspecified,,,,,,,,,,male,32
1011_TIE_ANG_XX,crema_d_1011_TIE_ANG_XX,1011_TIE_ANG_XX.wav,crema_d,1011,TIE,ANG,anger,unspecified,,,16000.0,3.470125,16000.0,3.0,1.774125,,,male,32
1011_TIE_DIS_XX,crema_d_1011_TIE_DIS_XX,1011_TIE_DIS_XX.wav,crema_d,1011,TIE,DIS,disgust,unspecified,,,,,,,,,,male,32
1011_TIE_FEA_XX,crema_d_1011_TIE_FEA_XX,1011_TIE_FEA_XX.wav,crema_d,1011,TIE,FEA,fear,unspecified,,,,,,,,,,male,32
1011_TIE_HAP_XX,crema_d_1011_TIE_HAP_XX,1011_TIE_HAP_XX.wav,crema_d,1011,TIE,HAP,happy,unspecified,,,16000.0,2.469125,16000.0,3.0,0.0,,,male,32
1011_TIE_NEU_XX,crema_d_1011_TIE_NEU_XX,1011_TIE_NEU_XX.wav,crema_d,1011,TIE,NEU,neutral,unspecified,,,16000.0,2.2755625,16000.0,3.0,0.0995625,,,male,32
1011_TIE_SAD_XX,crema_d_1011_TIE_SAD_XX,1011_TIE_SAD_XX.wav,crema_d,1011,TIE,SAD,sad,unspecified,,,,,,,,,,male,32
1011_TSI_ANG_XX,crema_d_1011_TSI_ANG_XX,1011_TSI_ANG_XX.wav,crema_d,1011,TSI,ANG,anger,unspecified,,,16000.0,2.8361875,16000.0,3.0,1.5561875,,,male,32
1011_TSI_DIS_XX,crema_d_1011_TSI_DIS_XX,1011_TSI_DIS_XX.wav,crema_d,1011,TSI,DIS,disgust,unspecified,,,,,,,,,,male,32
1011_TSI_FEA_XX,crema_d_1011_TSI_FEA_XX,1011_TSI_FEA_XX.wav,crema_d,1011,TSI,FEA,fear,unspecified,,,,,,,,,,male,32
1011_TSI_HAP_XX,crema_d_1011_TSI_HAP_XX,1011_TSI_HAP_XX.wav,crema_d,1011,TSI,HAP,happy,unspecified,,,16000.0,2.2021875,16000.0,3.0,0.2501875,,,male,32
1011_TSI_NEU_XX,crema_d_1011_TSI_NEU_XX,1011_TSI_NEU_XX.wav,crema_d,1011,TSI,NEU,neutral,unspecified,,,16000.0,2.469125,16000.0,3.0,0.0,,,male,32
1011_TSI_SAD_XX,crema_d_1011_TSI_SAD_XX,1011_TSI_SAD_XX.wav,crema_d,1011,TSI,SAD,sad,unspecified,,,,,,,,,,male,32
1011_WSI_ANG_XX,crema_d_1011_WSI_ANG_XX,1011_WSI_ANG_XX.wav,crema_d,1011,WSI,ANG,anger,unspecified,,,16000.0,3.470125,16000.0,3.0,1.646125,,,male,32
1011_WSI_DIS_XX,crema_d_1011_WSI_DIS_XX,1011_WSI_DIS_XX.wav,crema_d,1011,WSI,DIS,disgust,unspecified,,,,,,,,,,male,32
1011_WSI_FEA_XX,crema_d_1011_WSI_FEA_XX,1011_WSI_FEA_XX.wav,crema_d,1011,WSI,FEA,fear,unspecified,,,,,,,,,,male,32
1011_WSI_HAP_XX,crema_d_1011_WSI_HAP_XX,1011_WSI_HAP_XX.wav,crema_d,1011,WSI,HAP,happy,unspecified,,,16000.0,2.3356875,16000.0,3.0,0.8956875,,,male,32
1011_WSI_NEU_XX,crema_d_1011_WSI_NEU_XX,1011_WSI_NEU_XX.wav,crema_d,1011,WSI,NEU,neutral,unspecified,,,16000.0,2.93625,16000.0,3.0,0.0,,,male,32
1011_WSI_SAD_XX,crema_d_1011_WSI_SAD_XX,1011_WSI_SAD_XX.wav,crema_d,1011,WSI,SAD,sad,unspecified,,,,,,,,,,male,32
1012_DFA_ANG_XX,crema_d_1012_DFA_ANG_XX,1012_DFA_ANG_XX.wav,crema_d,1012,DFA,ANG,anger,unspecified,,,16000.0,2.7026875,16000.0,3.0,1.1026875,,,female,23
1012_DFA_DIS_XX,crema_d_1012_DFA_DIS_XX,1012_DFA_DIS_XX.wav,crema_d,1012,DFA,DIS,disgust,unspecified,,,,,,,,,,female,23
1012_DFA_FEA_XX,crema_d_1012_DFA_FEA_XX,1012_DFA_FEA_XX.wav,crema_d,1012,DFA,FEA,fear,unspecified,,,,,,,,,,female,23
1012_DFA_HAP_XX,crema_d_1012_DFA_HAP_XX,1012_DFA_HAP_XX.wav,crema_d,1012,DFA,HAP,happy,unspecified,,,16000.0,2.3356875,16000.0,3.0,1.1516875,,,female,23
1012_DFA_NEU_XX,crema_d_1012_DFA_NEU_XX,1012_DFA_NEU_XX.wav,crema_d,1012,DFA,NEU,neutral,unspecified,,,16000.0,2.3023125,16000.0,3.0,0.5743125,,,female,23
1012_DFA_SAD_XX,crema_d_1012_DFA_SAD_XX,1012_DFA_SAD_XX.wav,crema_d,1012,DFA,SAD,sad,unspecified,,,,,,,,,,female,23
1012_IEO_ANG_HI,crema_d_1012_IEO_ANG_HI,1012_IEO_ANG_HI.wav,crema_d,1012,IEO,ANG,anger,high,,,16000.0,2.1354375,16000.0,3.0,0.9834375,,,female,23
1012_IEO_ANG_LO,crema_d_1012_IEO_ANG_LO,1012_IEO_ANG_LO.wav,crema_d,1012,IEO,ANG,anger,low,,,16000.0,2.2021875,16000.0,3.0,0.032,,,female,23
1012_IEO_ANG_MD,crema_d_1012_IEO_ANG_MD,1012_IEO_ANG_MD.wav,crema_d,1012,IEO,ANG,anger,medium,,,16000.0,2.2689375,16000.0,3.0,1.3089375,,,female,23
1012_IEO_DIS_HI,crema_d_1012_IEO_DIS_HI,1012_IEO_DIS_HI.wav,crema_d,1012,IEO,DIS,disgust,high,,,,,,,,,,female,23
1012_IEO_DIS_LO,crema_d_1012_IEO_DIS_LO,1012_IEO_DIS_LO.wav,crema_d,1012,IEO,DIS,disgust,low,,,,,,,,,,female,23
1012_IEO_DIS_MD,crema_d_1012_IEO_DIS_MD,1012_IEO_DIS_MD.wav,crema_d,1012,IEO,DIS,disgust,medium,,,,,,,,,,female,23
1012_IEO_FEA_HI,crema_d_1012_IEO_FEA_HI,1012_IEO_FEA_HI.wav,crema_d,1012,IEO,FEA,fear,high,,,,,,,,,,female,23
1012_IEO_FEA_LO,crema_d_1012_IEO_FEA_LO,1012_IEO_FEA_LO.wav,crema_d,1012,IEO,FEA,fear,low,,,,,,,,,,female,23
1012_IEO_FEA_MD,crema_d_1012_IEO_FEA_MD,1012_IEO_FEA_MD.wav,crema_d,1012,IEO,FEA,fear,medium,,,,,,,,,,female,23
1012_IEO_HAP_HI,crema_d_1012_IEO_HAP_HI,1012_IEO_HAP_HI.wav,crema_d,1012,IEO,HAP,happy,high,,,16000.0,2.7360625,16000.0,3.0,1.6160625,,,female,23
1012_IEO_HAP_LO,crema_d_1012_IEO_HAP_LO,1012_IEO_HAP_LO.wav,crema_d,1012,IEO,HAP,happy,low,,,16000.0,2.6693125,16000.0,3.0,0.032,,,female,23
1012_IEO_HAP_MD,crema_d_1012_IEO_HAP_MD,1012_IEO_HAP_MD.wav,crema_d,1012,IEO,HAP,happy,medium,,,16000.0,2.2021875,16000.0,3.0,0.032,,,female,23
1012_IEO_NEU_XX,crema_d_1012_IEO_NEU_XX,1012_IEO_NEU_XX.wav,crema_d,1012,IEO,NEU,neutral,unspecified,,,16000.0,2.2826875,16000.0,3.0,0.032,,,female,23
1012_IEO_SAD_HI,crema_d_1012_IEO_SAD_HI,1012_IEO_SAD_HI.wav,crema_d,1012,IEO,SAD,sad,high,,,,,,,,,,female,23
1012_IEO_SAD_LO,crema_d_1012_IEO_SAD_LO,1012_IEO_SAD_LO.wav,crema_d,1012,IEO,SAD,sad,low,,,,,,,,,,female,23
1012_IEO_SAD_MD,crema_d_1012_IEO_SAD_MD,1012_IEO_SAD_MD.wav,crema_d,1012,IEO,SAD,sad,medium,,,,,,,,,,female,23
1012_IOM_ANG_XX,crema_d_1012_IOM_ANG_XX,1012_IOM_ANG_XX.wav,crema_d,1012,IOM,ANG,anger,unspecified,,,16000.0,2.06875,16000.0,3.0,0.53275,,,female,23
1012_IOM_DIS_XX,crema_d_1012_IOM_DIS_XX,1012_IOM_DIS_XX.wav,crema_d,1012,IOM,DIS,disgust,unspecified,,,,,,,,,,female,23
1012_IOM_FEA_XX,crema_d_1012_IOM_FEA_XX,1012_IOM_FEA_XX.wav,crema_d,1012,IOM,FEA,fear,unspecified,,,,,,,,,,female,23
1012_IOM_HAP_XX,crema_d_1012_IOM_HAP_XX,1012_IOM_HAP_XX.wav,crema_d,1012,IOM,HAP,happy,unspecified,,,16000.0,2.3356875,16000.0,3.0,0.1596875,,,female,23
1012_IOM_NEU_XX,crema_d_1012_IOM_NEU_XX,1012_IOM_NEU_XX.wav,crema_d,1012,IOM,NEU,neutral,unspecified,,,16000.0,2.1688125,16000.0,3.0,0.0888125,,,female,23
1012_IOM_SAD_XX,crema_d_1012_IOM_SAD_XX,1012_IOM_SAD_XX.wav,crema_d,1012,IOM,SAD,sad,unspecified,,,,,,,,,,female,23
1012_ITH_ANG_XX,crema_d_1012_ITH_ANG_XX,1012_ITH_ANG_XX.wav,crema_d,1012,ITH,ANG,anger,unspecified,,,16000.0,2.93625,16000.0,3.0,0.72825,,,female,23
1012_ITH_DIS_XX,crema_d_1012_ITH_DIS_XX,1012_ITH_DIS_XX.wav,crema_d,1012,ITH,DIS,disgust,unspecified,,,,,,,,,,female,23
1012_ITH_FEA_XX,crema_d_1012_ITH_FEA_XX,1012_ITH_FEA_XX.wav,crema_d,1012,ITH,FEA,fear,unspecified,,,,,,,,,,female,23
1012_ITH_HAP_XX,crema_d_1012_ITH_HAP_XX,1012_ITH_HAP_XX.wav,crema_d,1012,ITH,HAP,happy,unspecified,,,16000.0,2.8695,16000.0,3.0,0.8215,,,female,23
1012_ITH_NEU_XX,crema_d_1012_ITH_NEU_XX,1012_ITH_NEU_XX.wav,crema_d,1012,ITH,NEU,neutral,unspecified,,,16000.0,2.43575,16000.0,3.0,0.03575,,,female,23
1012_ITH_SAD_XX,crema_d_1012_ITH_SAD_XX,1012_ITH_SAD_XX.wav,crema_d,1012,ITH,SAD,sad,unspecified,,,,,,,,,,female,23
1012_ITS_ANG_XX,crema_d_1012_ITS_ANG_XX,1012_ITS_ANG_XX.wav,crema_d,1012,ITS,ANG,anger,unspecified,,,16000.0,2.902875,16000.0,3.0,1.206875,,,female,23
1012_ITS_DIS_XX,crema_d_1012_ITS_DIS_XX,1012_ITS_DIS_XX.wav,crema_d,1012,ITS,DIS,disgust,unspecified,,,,,,,,,,female,23
1012_ITS_FEA_XX,crema_d_1012_ITS_FEA_XX,1012_ITS_FEA_XX.wav,crema_d,1012,ITS,FEA,fear,unspecified,,,,,,,,,,female,23
1012_ITS_HAP_XX,crema_d_1012_ITS_HAP_XX,1012_ITS_HAP_XX.wav,crema_d,1012,ITS,HAP,happy,unspecified,,,16000.0,2.56925,16000.0,3.0,0.84125,,,female,23
1012_ITS_NEU_XX,crema_d_1012_ITS_NEU_XX,1012_ITS_NEU_XX.wav,crema_d,1012,ITS,NEU,neutral,unspecified,,,16000.0,2.2021875,16000.0,3.0,0.0581875,,,female,23
1012_ITS_SAD_XX,crema_d_1012_ITS_SAD_XX,1012_ITS_SAD_XX.wav,crema_d,1012,ITS,SAD,sad,unspecified,,,,,,,,,,female,23
1012_IWL_ANG_XX,crema_d_1012_IWL_ANG_XX,1012_IWL_ANG_XX.wav,crema_d,1012,IWL,ANG,anger,unspecified,,,16000.0,2.6359375,16000.0,3.0,0.8439375,,,female,23
1012_IWL_DIS_XX,crema_d_1012_IWL_DIS_XX,1012_IWL_DIS_XX.wav,crema_d,1012,IWL,DIS,disgust,unspecified,,,,,,,,,,female,23
1012_IWL_FEA_XX,crema_d_1012_IWL_FEA_XX,1012_IWL_FEA_XX.wav,crema_d,1012,IWL,FEA,fear,unspecified,,,,,,,,,,female,23
1012_IWL_HAP_XX,crema_d_1012_IWL_HAP_XX,1012_IWL_HAP_XX.wav,crema_d,1012,IWL,HAP,happy,unspecified,,,16000.0,3.036375,16000.0,3.0,1.308375,,,female,23
1012_IWL_NEU_XX,crema_d_1012_IWL_NEU_XX,1012_IWL_NEU_XX.wav,crema_d,1012,IWL,NEU,neutral,unspecified,,,16000.0,2.6359375,16000.0,3.0,0.0439375,,,female,23
1012_IWL_SAD_XX,crema_d_1012_IWL_SAD_XX,1012_IWL_SAD_XX.wav,crema_d,1012,IWL,SAD,sad,unspecified,,,,,,,,,,female,23
1012_IWW_ANG_XX,crema_d_1012_IWW_ANG_XX,1012_IWW_ANG_XX.wav,crema_d,1012,IWW,ANG,anger,unspecified,,,16000.0,2.3356875,16000.0,3.0,0.0316875,,,female,23
1012_IWW_DIS_XX,crema_d_1012_IWW_DIS_XX,1012_IWW_DIS_XX.wav,crema_d,1012,IWW,DIS,disgust,unspecified,,,,,,,,,,female,23
1012_IWW_FEA_XX,crema_d_1012_IWW_FEA_XX,1012_IWW_FEA_XX.wav,crema_d,1012,IWW,FEA,fear,unspecified,,,,,,,,,,female,23
1012_IWW_HAP_XX,crema_d_1012_IWW_HAP_XX,1012_IWW_HAP_XX.wav,crema_d,1012,IWW,HAP,happy,unspecified,,,16000.0,2.7026875,16000.0,3.0,0.0786875,,,female,23
1012_IWW_NEU_XX,crema_d_1012_IWW_NEU_XX,1012_IWW_NEU_XX.wav,crema_d,1012,IWW,NEU,neutral,unspecified,,,16000.0,2.369,16000.0,3.0,0.001,,,female,23
1012_IWW_SAD_XX,crema_d_1012_IWW_SAD_XX,1012_IWW_SAD_XX.wav,crema_d,1012,IWW,SAD,sad,unspecified,,,,,,,,,,female,23
1012_MTI_ANG_XX,crema_d_1012_MTI_ANG_XX,1012_MTI_ANG_XX.wav,crema_d,1012,MTI,ANG,anger,unspecified,,,16000.0,2.402375,16000.0,3.0,0.642375,,,female,23
1012_MTI_DIS_XX,crema_d_1012_MTI_DIS_XX,1012_MTI_DIS_XX.wav,crema_d,1012,MTI,DIS,disgust,unspecified,,,,,,,,,,female,23
1012_MTI_FEA_XX,crema_d_1012_MTI_FEA_XX,1012_MTI_FEA_XX.wav,crema_d,1012,MTI,FEA,fear,unspecified,,,,,,,,,,female,23
1012_MTI_HAP_XX,crema_d_1012_MTI_HAP_XX,1012_MTI_HAP_XX.wav,crema_d,1012,MTI,HAP,happy,unspecified,,,16000.0,2.6693125,16000.0,3.0,0.1733125,,,female,23
1012_MTI_NEU_XX,crema_d_1012_MTI_NEU_XX,1012_MTI_NEU_XX.wav,crema_d,1012,MTI,NEU,neutral,unspecified,,,16000.0,2.5025,16000.0,3.0,0.096,,,female,23
1012_MTI_SAD_XX,crema_d_1012_MTI_SAD_XX,1012_MTI_SAD_XX.wav,crema_d,1012,MTI,SAD,sad,unspecified,,,,,,,,,,female,23
1012_TAI_ANG_XX,crema_d_1012_TAI_ANG_XX,1012_TAI_ANG_XX.wav,crema_d,1012,TAI,ANG,anger,unspecified,,,16000.0,2.3356875,16000.0,3.0,0.5436875,,,female,23
1012_TAI_DIS_XX,crema_d_1012_TAI_DIS_XX,1012_TAI_DIS_XX.wav,crema_d,1012,TAI,DIS,disgust,unspecified,,,,,,,,,,female,23
1012_TAI_FEA_XX,crema_d_1012_TAI_FEA_XX,1012_TAI_FEA_XX.wav,crema_d,1012,TAI,FEA,fear,unspecified,,,,,,,,,,female,23
1012_TAI_HAP_XX,crema_d_1012_TAI_HAP_XX,1012_TAI_HAP_XX.wav,crema_d,1012,TAI,HAP,happy,unspecified,,,16000.0,2.7026875,16000.0,3.0,1.0386875,,,female,23
1012_TAI_NEU_XX,crema_d_1012_TAI_NEU_XX,1012_TAI_NEU_XX.wav,crema_d,1012,TAI,NEU,neutral,unspecified,,,16000.0,2.469125,16000.0,3.0,0.933125,,,female,23
1012_TAI_SAD_XX,crema_d_1012_TAI_SAD_XX,1012_TAI_SAD_XX.wav,crema_d,1012,TAI,SAD,sad,unspecified,,,,,,,,,,female,23
1012_TIE_ANG_XX,crema_d_1012_TIE_ANG_XX,1012_TIE_ANG_XX.wav,crema_d,1012,TIE,ANG,anger,unspecified,,,16000.0,2.8028125,16000.0,3.0,1.1068125,,,female,23
1012_TIE_DIS_XX,crema_d_1012_TIE_DIS_XX,1012_TIE_DIS_XX.wav,crema_d,1012,TIE,DIS,disgust,unspecified,,,,,,,,,,female,23
1012_TIE_FEA_XX,crema_d_1012_TIE_FEA_XX,1012_TIE_FEA_XX.wav,crema_d,1012,TIE,FEA,fear,unspecified,,,,,,,,,,female,23
1012_TIE_HAP_XX,crema_d_1012_TIE_HAP_XX,1012_TIE_HAP_XX.wav,crema_d,1012,TIE,HAP,happy,unspecified,,,16000.0,3.57025,16000.0,3.0,0.30625,,,female,23
1012_TIE_NEU_XX,crema_d_1012_TIE_NEU_XX,1012_TIE_NEU_XX.wav,crema_d,1012,TIE,NEU,neutral,unspecified,,,16000.0,2.8361875,16000.0,3.0,0.0,,,female,23
1012_TIE_SAD_XX,crema_d_1012_TIE_SAD_XX,1012_TIE_SAD_XX.wav,crema_d,1012,TIE,SAD,sad,unspecified,,,,,,,,,,female,23
1012_TSI_ANG_XX,crema_d_1012_TSI_ANG_XX,1012_TSI_ANG_XX.wav,crema_d,1012,TSI,ANG,anger,unspecified,,,16000.0,2.43575,16000.0,3.0,0.89975,,,female,23
1012_TSI_DIS_XX,crema_d_1012_TSI_DIS_XX,1012_TSI_DIS_XX.wav,crema_d,1012,TSI,DIS,disgust,unspecified,,,,,,,,,,female,23
1012_TSI_FEA_XX,crema_d_1012_TSI_FEA_XX,1012_TSI_FEA_XX.wav,crema_d,1012,TSI,FEA,fear,unspecified,,,,,,,,,,female,23
1012_TSI_HAP_XX,crema_d_1012_TSI_HAP_XX,1012_TSI_HAP_XX.wav,crema_d,1012,TSI,HAP,happy,unspecified,,,16000.0,2.002,16000.0,3.0,0.594,,,female,23
1012_TSI_NEU_XX,crema_d_1012_TSI_NEU_XX,1012_TSI_NEU_XX.wav,crema_d,1012,TSI,NEU,neutral,unspecified,,,16000.0,2.2755625,16000.0,3.0,0.5155625,,,female,23
1012_TSI_SAD_XX,crema_d_1012_TSI_SAD_XX,1012_TSI_SAD_XX.wav,crema_d,1012,TSI,SAD,sad,unspecified,,,,,,,,,,female,23
1012_WSI_ANG_XX,crema_d_1012_WSI_ANG_XX,1012_WSI_ANG_XX.wav,crema_d,1012,WSI,ANG,anger,unspecified,,,16000.0,2.469125,16000.0,3.0,0.805125,,,female,23
1012_WSI_DIS_XX,crema_d_1012_WSI_DIS_XX,1012_WSI_DIS_XX.wav,crema_d,1012,WSI,DIS,disgust,unspecified,,,,,,,,,,female,23
1012_WSI_FEA_XX,crema_d_1012_WSI_FEA_XX,1012_WSI_FEA_XX.wav,crema_d,1012,WSI,FEA,fear,unspecified,,,,,,,,,,female,23
1012_WSI_HAP_XX,crema_d_1012_WSI_HAP_XX,1012_WSI_HAP_XX.wav,crema_d,1012,WSI,HAP,happy,unspecified,,,16000.0,2.8695,16000.0,3.0,1.3975,,,female,23
1012_WSI_NEU_XX,crema_d_1012_WSI_NEU_XX,1012_WSI_NEU_XX.wav,crema_d,1012,WSI,NEU,neutral,unspecified,,,16000.0,2.7360625,16000.0,3.0,0.4000625,,,female,23
1012_WSI_SAD_XX,crema_d_1012_WSI_SAD_XX,1012_WSI_SAD_XX.wav,crema_d,1012,WSI,SAD,sad,unspecified,,,,,,,,,,female,23
1013_DFA_ANG_XX,crema_d_1013_DFA_ANG_XX,1013_DFA_ANG_XX.wav,crema_d,1013,DFA,ANG,anger,unspecified,,,16000.0,2.7360625,16000.0,3.0,0.9120625,,,female,22
1013_DFA_DIS_XX,crema_d_1013_DFA_DIS_XX,1013_DFA_DIS_XX.wav,crema_d,1013,DFA,DIS,disgust,unspecified,,,,,,,,,,female,22
1013_DFA_FEA_XX,crema_d_1013_DFA_FEA_XX,1013_DFA_FEA_XX.wav,crema_d,1013,DFA,FEA,fear,unspecified,,,,,,,,,,female,22
1013_DFA_HAP_XX,crema_d_1013_DFA_HAP_XX,1013_DFA_HAP_XX.wav,crema_d,1013,DFA,HAP,happy,unspecified,,,16000.0,2.06875,16000.0,3.0,1.07675,,,female,22
1013_DFA_NEU_XX,crema_d_1013_DFA_NEU_XX,1013_DFA_NEU_XX.wav,crema_d,1013,DFA,NEU,neutral,unspecified,,,16000.0,2.3356875,16000.0,3.0,0.0636875,,,female,22
1013_DFA_SAD_XX,crema_d_1013_DFA_SAD_XX,1013_DFA_SAD_XX.wav,crema_d,1013,DFA,SAD,sad,unspecified,,,,,,,,,,female,22
1013_IEO_ANG_HI,crema_d_1013_IEO_ANG_HI,1013_IEO_ANG_HI.wav,crema_d,1013,IEO,ANG,anger,high,,,16000.0,2.93625,16000.0,3.0,1.20825,,,female,22
1013_IEO_ANG_LO,crema_d_1013_IEO_ANG_LO,1013_IEO_ANG_LO.wav,crema_d,1013,IEO,ANG,anger,low,,,16000.0,1.6683125,16000.0,3.0,0.6763125,,,female,22
1013_IEO_ANG_MD,crema_d_1013_IEO_ANG_MD,1013_IEO_ANG_MD.wav,crema_d,1013,IEO,ANG,anger,medium,,,16000.0,1.8351875,16000.0,3.0,0.5551875,,,female,22
1013_IEO_DIS_HI,crema_d_1013_IEO_DIS_HI,1013_IEO_DIS_HI.wav,crema_d,1013,IEO,DIS,disgust,high,,,,,,,,,,female,22
1013_IEO_DIS_LO,crema_d_1013_IEO_DIS_LO,1013_IEO_DIS_LO.wav,crema_d,1013,IEO,DIS,disgust,low,,,,,,,,,,female,22
1013_IEO_DIS_MD,crema_d_1013_IEO_DIS_MD,1013_IEO_DIS_MD.wav,crema_d,1013,IEO,DIS,disgust,medium,,,,,,,,,,female,22
1013_IEO_FEA_HI,crema_d_1013_IEO_FEA_HI,1013_IEO_FEA_HI.wav,crema_d,1013,IEO,FEA,fear,high,,,,,,,,,,female,22
1013_IEO_FEA_LO,crema_d_1013_IEO_FEA_LO,1013_IEO_FEA_LO.wav,crema_d,1013,IEO,FEA,fear,low,,,,,,,,,,female,22
1013_IEO_FEA_MD,crema_d_1013_IEO_FEA_MD,1013_IEO_FEA_MD.wav,crema_d,1013,IEO,FEA,fear,medium,,,,,,,,,,female,22
1013_IEO_HAP_HI,crema_d_1013_IEO_HAP_HI,1013_IEO_HAP_HI.wav,crema_d,1013,IEO,HAP,happy,high,,,16000.0,1.5015,16000.0,3.0,0.6695,,,female,22
1013_IEO_HAP_LO,crema_d_1013_IEO_HAP_LO,1013_IEO_HAP_LO.wav,crema_d,1013,IEO,HAP,happy,low,,,16000.0,2.3023125,16000.0,3.0,0.064,,,female,22
1013_IEO_HAP_MD,crema_d_1013_IEO_HAP_MD,1013_IEO_HAP_MD.wav,crema_d,1013,IEO,HAP,happy,medium,,,16000.0,2.002,16000.0,3.0,0.032,,,female,22
1013_IEO_NEU_XX,crema_d_1013_IEO_NEU_XX,1013_IEO_NEU_XX.wav,crema_d,1013,IEO,NEU,neutral,unspecified,,,16000.0,1.901875,16000.0,3.0,0.077875,,,female,22
1013_IEO_SAD_HI,crema_d_1013_IEO_SAD_HI,1013_IEO_SAD_HI.wav,crema_d,1013,IEO,SAD,sad,high,,,,,,,,,,female,22
1013_IEO_SAD_LO,crema_d_1013_IEO_SAD_LO,1013_IEO_SAD_LO.wav,crema_d,1013,IEO,SAD,sad,low,,,,,,,,,,female,22
1013_IEO_SAD_MD,crema_d_1013_IEO_SAD_MD,1013_IEO_SAD_MD.wav,crema_d,1013,IEO,SAD,sad,medium,,,,,,,,,,female,22
1013_IOM_ANG_XX,crema_d_1013_IOM_ANG_XX,1013_IOM_ANG_XX.wav,crema_d,1013,IOM,ANG,anger,unspecified,,,16000.0,2.469125,16000.0,3.0,0.549125,,,female,22
1013_IOM_DIS_XX,crema_d_1013_IOM_DIS_XX,1013_IOM_DIS_XX.wav,crema_d,1013,IOM,DIS,disgust,unspecified,,,,,,,,,,female,22
1013_IOM_FEA_XX,crema_d_1013_IOM_FEA_XX,1013_IOM_FEA_XX.wav,crema_d,1013,IOM,FEA,fear,unspecified,,,,,,,,,,female,22
1013_IOM_HAP_XX,crema_d_1013_IOM_HAP_XX,1013_IOM_HAP_XX.wav,crema_d,1013,IOM,HAP,happy,unspecified,,,16000.0,2.43575,16000.0,3.0,0.86775,,,female,22
1013_IOM_NEU_XX,crema_d_1013_IOM_NEU_XX,1013_IOM_NEU_XX.wav,crema_d,1013,IOM,NEU,neutral,unspecified,,,16000.0,2.8028125,16000.0,3.0,0.1148125,,,female,22
1013_IOM_SAD_XX,crema_d_1013_IOM_SAD_XX,1013_IOM_SAD_XX.wav,crema_d,1013,IOM,SAD,sad,unspecified,,,,,,,,,,female,22
1013_ITH_ANG_XX,crema_d_1013_ITH_ANG_XX,1013_ITH_ANG_XX.wav,crema_d,1013,ITH,ANG,anger,unspecified,,,16000.0,2.902875,16000.0,3.0,1.270875,,,female,22
1013_ITH_DIS_XX,crema_d_1013_ITH_DIS_XX,1013_ITH_DIS_XX.wav,crema_d,1013,ITH,DIS,disgust,unspecified,,,,,,,,,,female,22
1013_ITH_FEA_XX,crema_d_1013_ITH_FEA_XX,1013_ITH_FEA_XX.wav,crema_d,1013,ITH,FEA,fear,unspecified,,,,,,,,,,female,22
1013_ITH_HAP_XX,crema_d_1013_ITH_HAP_XX,1013_ITH_HAP_XX.wav,crema_d,1013,ITH,HAP,happy,unspecified,,,16000.0,2.602625,16000.0,3.0,1.066625,,,female,22
1013_ITH_NEU_XX,crema_d_1013_ITH_NEU_XX,1013_ITH_NEU_XX.wav,crema_d,1013,ITH,NEU,neutral,unspecified,,,16000.0,2.2755625,16000.0,3.0,0.032,,,female,22
1013_ITH_SAD_XX,crema_d_1013_ITH_SAD_XX,1013_ITH_SAD_XX.wav,crema_d,1013,ITH,SAD,sad,unspecified,,,,,,,,,,female,22
1013_ITS_ANG_XX,crema_d_1013_ITS_ANG_XX,1013_ITS_ANG_XX.wav,crema_d,1013,ITS,ANG,anger,unspecified,,,16000.0,2.6359375,16000.0,3.0,0.9399375,,,female,22
1013_ITS_DIS_XX,crema_d_1013_ITS_DIS_XX,1013_ITS_DIS_XX.wav,crema_d,1013,ITS,DIS,disgust,unspecified,,,,,,,,,,female,22
1013_ITS_FEA_XX,crema_d_1013_ITS_FEA_XX,1013_ITS_FEA_XX.wav,crema_d,1013,ITS,FEA,fear,unspecified,,,,,,,,,,female,22
1013_ITS_HAP_XX,crema_d_1013_ITS_HAP_XX,1013_ITS_HAP_XX.wav,crema_d,1013,ITS,HAP,happy,unspecified,,,16000.0,2.402375,16000.0,3.0,0.770375,,,female,22
1013_ITS_NEU_XX,crema_d_1013_ITS_NEU_XX,1013_ITS_NEU_XX.wav,crema_d,1013,ITS,NEU,neutral,unspecified,,,16000.0,2.06875,16000.0,3.0,0.0,,,female,22
1013_ITS_SAD_XX,crema_d_1013_ITS_SAD_XX,1013_ITS_SAD_XX.wav,crema_d,1013,ITS,SAD,sad,unspecified,,,,,,,,,,female,22
1013_IWL_ANG_XX,crema_d_1013_IWL_ANG_XX,1013_IWL_ANG_XX.wav,crema_d,1013,IWL,ANG,anger,unspecified,,,16000.0,2.8695,16000.0,3.0,0.7255,,,female,22
1013_IWL_DIS_XX,crema_d_1013_IWL_DIS_XX,1013_IWL_DIS_XX.wav,crema_d,1013,IWL,DIS,disgust,unspecified,,,,,,,,,,female,22
1013_IWL_FEA_XX,crema_d_1013_IWL_FEA_XX,1013_IWL_FEA_XX.wav,crema_d,1013,IWL,FEA,fear,unspecified,,,,,,,,,,female,22
1013_IWL_HAP_XX,crema_d_1013_IWL_HAP_XX,1013_IWL_HAP_XX.wav,crema_d,1013,IWL,HAP,happy,unspecified,,,16000.0,2.469125,16000.0,3.0,0.805125,,,female,22
1013_IWL_NEU_XX,crema_d_1013_IWL_NEU_XX,1013_IWL_NEU_XX.wav,crema_d,1013,IWL,NEU,neutral,unspecified,,,16000.0,2.3356875,16000.0,3.0,0.032,,,female,22
1013_IWL_SAD_XX,crema_d_1013_IWL_SAD_XX,1013_IWL_SAD_XX.wav,crema_d,1013,IWL,SAD,sad,unspecified,,,,,,,,,,female,22
1013_IWW_ANG_XX,crema_d_1013_IWW_ANG_XX,1013_IWW_ANG_XX.wav,crema_d,1013,IWW,ANG,anger,unspecified,,,16000.0,2.1688125,16000.0,3.0,0.6328125,,,female,22
1013_IWW_DIS_XX,crema_d_1013_IWW_DIS_XX,1013_IWW_DIS_XX.wav,crema_d,1013,IWW,DIS,disgust,unspecified,,,,,,,,,,female,22
1013_IWW_FEA_XX,crema_d_1013_IWW_FEA_XX,1013_IWW_FEA_XX.wav,crema_d,1013,IWW,FEA,fear,unspecified,,,,,,,,,,female,22
1013_IWW_HAP_XX,crema_d_1013_IWW_HAP_XX,1013_IWW_HAP_XX.wav,crema_d,1013,IWW,HAP,happy,unspecified,,,16000.0,1.968625,16000.0,3.0,0.0,,,female,22
1013_IWW_NEU_XX,crema_d_1013_IWW_NEU_XX,1013_IWW_NEU_XX.wav,crema_d,1013,IWW,NEU,neutral,unspecified,,,16000.0,2.6359375,16000.0,3.0,0.0,,,female,22
1013_IWW_SAD_XX,crema_d_1013_IWW_SAD_XX,1013_IWW_SAD_XX.wav,crema_d,1013,IWW,SAD,sad,unspecified,,,,,,,,,,female,22
1013_MTI_ANG_XX,crema_d_1013_MTI_ANG_XX,1013_MTI_ANG_XX.wav,crema_d,1013,MTI,ANG,anger,unspecified,,,16000.0,2.7694375,16000.0,3.0,0.7534375,,,female,22
1013_MTI_DIS_XX,crema_d_1013_MTI_DIS_XX,1013_MTI_DIS_XX.wav,crema_d,1013,MTI,DIS,disgust,unspecified,,,,,,,,,,female,22
1013_MTI_FEA_XX,crema_d_1013_MTI_FEA_XX,1013_MTI_FEA_XX.wav,crema_d,1013,MTI,FEA,fear,unspecified,,,,,,,,,,female,22
1013_MTI_HAP_XX,crema_d_1013_MTI_HAP_XX,1013_MTI_HAP_XX.wav,crema_d,1013,MTI,HAP,happy,unspecified,,,16000.0,2.402375,16000.0,3.0,0.610375,,,female,22
1013_MTI_NEU_XX,crema_d_1013_MTI_NEU_XX,1013_MTI_NEU_XX.wav,crema_d,1013,MTI,NEU,neutral,unspecified,,,16000.0,2.7360625,16000.0,3.0,0.0800625,,,female,22
1013_MTI_SAD_XX,crema_d_1013_MTI_SAD_XX,1013_MTI_SAD_XX.wav,crema_d,1013,MTI,SAD,sad,unspecified,,,,,,,,,,female,22
1013_TAI_ANG_XX,crema_d_1013_TAI_ANG_XX,1013_TAI_ANG_XX.wav,crema_d,1013,TAI,ANG,anger,unspecified,,,16000.0,2.7360625,16000.0,3.0,0.7840625,,,female,22
1013_TAI_DIS_XX,crema_d_1013_TAI_DIS_XX,1013_TAI_DIS_XX.wav,crema_d,1013,TAI,DIS,disgust,unspecified,,,,,,,,,,female,22
1013_TAI_FEA_XX,crema_d_1013_TAI_FEA_XX,1013_TAI_FEA_XX.wav,crema_d,1013,TAI,FEA,fear,unspecified,,,,,,,,,,female,22
1013_TAI_HAP_XX,crema_d_1013_TAI_HAP_XX,1013_TAI_HAP_XX.wav,crema_d,1013,TAI,HAP,happy,unspecified,,,16000.0,2.535875,16000.0,3.0,1.031875,,,female,22
1013_TAI_NEU_XX,crema_d_1013_TAI_NEU_XX,1013_TAI_NEU_XX.wav,crema_d,1013,TAI,NEU,neutral,unspecified,,,16000.0,2.102125,16000.0,3.0,0.0,,,female,22
1013_TAI_SAD_XX,crema_d_1013_TAI_SAD_XX,1013_TAI_SAD_XX.wav,crema_d,1013,TAI,SAD,sad,unspecified,,,,,,,,,,female,22
1013_TIE_ANG_XX,crema_d_1013_TIE_ANG_XX,1013_TIE_ANG_XX.wav,crema_d,1013,TIE,ANG,anger,unspecified,,,16000.0,3.536875,16000.0,3.0,1.360875,,,female,22
1013_TIE_DIS_XX,crema_d_1013_TIE_DIS_XX,1013_TIE_DIS_XX.wav,crema_d,1013,TIE,DIS,disgust,unspecified,,,,,,,,,,female,22
1013_TIE_FEA_XX,crema_d_1013_TIE_FEA_XX,1013_TIE_FEA_XX.wav,crema_d,1013,TIE,FEA,fear,unspecified,,,,,,,,,,female,22
1013_TIE_HAP_XX,crema_d_1013_TIE_HAP_XX,1013_TIE_HAP_XX.wav,crema_d,1013,TIE,HAP,happy,unspecified,,,16000.0,2.56925,16000.0,3.0,1.28925,,,female,22
1013_TIE_NEU_XX,crema_d_1013_TIE_NEU_XX,1013_TIE_NEU_XX.wav,crema_d,1013,TIE,NEU,neutral,unspecified,,,16000.0,2.2689375,16000.0,3.0,0.0609375,,,female,22
1013_TIE_SAD_XX,crema_d_1013_TIE_SAD_XX,1013_TIE_SAD_XX.wav,crema_d,1013,TIE,SAD,sad,unspecified,,,,,,,,,,female,22
1013_TSI_ANG_XX,crema_d_1013_TSI_ANG_XX,1013_TSI_ANG_XX.wav,crema_d,1013,TSI,ANG,anger,unspecified,,,16000.0,2.369,16000.0,3.0,0.929,,,female,22
1013_TSI_DIS_XX,crema_d_1013_TSI_DIS_XX,1013_TSI_DIS_XX.wav,crema_d,1013,TSI,DIS,disgust,unspecified,,,,,,,,,,female,22
1013_TSI_FEA_XX,crema_d_1013_TSI_FEA_XX,1013_TSI_FEA_XX.wav,crema_d,1013,TSI,FEA,fear,unspecified,,,,,,,,,,female,22
1013_TSI_HAP_XX,crema_d_1013_TSI_HAP_XX,1013_TSI_HAP_XX.wav,crema_d,1013,TSI,HAP,happy,unspecified,,,16000.0,2.2755625,16000.0,3.0,1.0915625,,,female,22
1013_TSI_NEU_XX,crema_d_1013_TSI_NEU_XX,1013_TSI_NEU_XX.wav,crema_d,1013,TSI,NEU,neutral,unspecified,,,16000.0,2.5025,16000.0,3.0,0.0065,,,female,22
1013_TSI_SAD_XX,crema_d_1013_TSI_SAD_XX,1013_TSI_SAD_XX.wav,crema_d,1013,TSI,SAD,sad,unspecified,,,,,,,,,,female,22
1013_WSI_ANG_XX,crema_d_1013_WSI_ANG_XX,1013_WSI_ANG_XX.wav,crema_d,1013,WSI,ANG,anger,unspecified,,,16000.0,3.103125,16000.0,3.0,1.087125,,,female,22
1013_WSI_DIS_XX,crema_d_1013_WSI_DIS_XX,1013_WSI_DIS_XX.wav,crema_d,1013,WSI,DIS,disgust,unspecified,,,,,,,,,,female,22
1013_WSI_FEA_XX,crema_d_1013_WSI_FEA_XX,1013_WSI_FEA_XX.wav,crema_d,1013,WSI,FEA,fear,unspecified,,,,,,,,,,female,22
1013_WSI_HAP_XX,crema_d_1013_WSI_HAP_XX,1013_WSI_HAP_XX.wav,crema_d,1013,WSI,HAP,happy,unspecified,,,16000.0,2.7360625,16000.0,3.0,0.8800625,,,female,22
1013_WSI_NEU_XX,crema_d_1013_WSI_NEU_XX,1013_WSI_NEU_XX.wav,crema_d,1013,WSI,NEU,neutral,unspecified,,,16000.0,2.402375,16000.0,3.0,0.098375,,,female,22
1013_WSI_SAD_XX,crema_d_1013_WSI_SAD_XX,1013_WSI_SAD_XX.wav,crema_d,1013,WSI,SAD,sad,unspecified,,,,,,,,,,female,22
1014_DFA_ANG_XX,crema_d_1014_DFA_ANG_XX,1014_DFA_ANG_XX.wav,crema_d,1014,DFA,ANG,anger,unspecified,,,16000.0,2.369,16000.0,3.0,1.121,,,male,24
1014_DFA_DIS_XX,crema_d_1014_DFA_DIS_XX,1014_DFA_DIS_XX.wav,crema_d,1014,DFA,DIS,disgust,unspecified,,,,,,,,,,male,24
1014_DFA_FEA_XX,crema_d_1014_DFA_FEA_XX,1014_DFA_FEA_XX.wav,crema_d,1014,DFA,FEA,fear,unspecified,,,,,,,,,,male,24
1014_DFA_HAP_XX,crema_d_1014_DFA_HAP_XX,1014_DFA_HAP_XX.wav,crema_d,1014,DFA,HAP,happy,unspecified,,,16000.0,2.2689375,16000.0,3.0,1.2449375,,,male,24
1014_DFA_NEU_XX,crema_d_1014_DFA_NEU_XX,1014_DFA_NEU_XX.wav,crema_d,1014,DFA,NEU,neutral,unspecified,,,16000.0,2.5025,16000.0,3.0,1.0305,,,male,24
1014_DFA_SAD_XX,crema_d_1014_DFA_SAD_XX,1014_DFA_SAD_XX.wav,crema_d,1014,DFA,SAD,sad,unspecified,,,,,,,,,,male,24
1014_IEO_ANG_HI,crema_d_1014_IEO_ANG_HI,1014_IEO_ANG_HI.wav,crema_d,1014,IEO,ANG,anger,high,,,16000.0,2.7694375,16000.0,3.0,1.0414375,,,male,24
1014_IEO_ANG_LO,crema_d_1014_IEO_ANG_LO,1014_IEO_ANG_LO.wav,crema_d,1014,IEO,ANG,anger,low,,,16000.0,2.2021875,16000.0,3.0,1.1781875,,,male,24
1014_IEO_ANG_MD,crema_d_1014_IEO_ANG_MD,1014_IEO_ANG_MD.wav,crema_d,1014,IEO,ANG,anger,medium,,,16000.0,2.8361875,16000.0,3.0,1.2041875,,,male,24
1014_IEO_DIS_HI,crema_d_1014_IEO_DIS_HI,1014_IEO_DIS_HI.wav,crema_d,1014,IEO,DIS,disgust,high,,,,,,,,,,male,24
1014_IEO_DIS_LO,crema_d_1014_IEO_DIS_LO,1014_IEO_DIS_LO.wav,crema_d,1014,IEO,DIS,disgust,low,,,,,,,,,,male,24
1014_IEO_DIS_MD,crema_d_1014_IEO_DIS_MD,1014_IEO_DIS_MD.wav,crema_d,1014,IEO,DIS,disgust,medium,,,,,,,,,,male,24
1014_IEO_FEA_HI,crema_d_1014_IEO_FEA_HI,1014_IEO_FEA_HI.wav,crema_d,1014,IEO,FEA,fear,high,,,,,,,,,,male,24
1014_IEO_FEA_LO,crema_d_1014_IEO_FEA_LO,1014_IEO_FEA_LO.wav,crema_d,1014,IEO,FEA,fear,low,,,,,,,,,,male,24
1014_IEO_FEA_MD,crema_d_1014_IEO_FEA_MD,1014_IEO_FEA_MD.wav,crema_d,1014,IEO,FEA,fear,medium,,,,,,,,,,male,24
1014_IEO_HAP_HI,crema_d_1014_IEO_HAP_HI,1014_IEO_HAP_HI.wav,crema_d,1014,IEO,HAP,happy,high,,,16000.0,2.3023125,16000.0,3.0,1.2143125,,,male,24
1014_IEO_HAP_LO,crema_d_1014_IEO_HAP_LO,1014_IEO_HAP_LO.wav,crema_d,1014,IEO,HAP,happy,low,,,16000.0,1.6349375,16000.0,3.0,0.9309375,,,male,24
1014_IEO_HAP_MD,crema_d_1014_IEO_HAP_MD,1014_IEO_HAP_MD.wav,crema_d,1014,IEO,HAP,happy,medium,,,16000.0,2.1688125,16000.0,3.0,1.3688125,,,male,24
1014_IEO_NEU_XX,crema_d_1014_IEO_NEU_XX,1014_IEO_NEU_XX.wav,crema_d,1014,IEO,NEU,neutral,unspecified,,,16000.0,1.968625,16000.0,3.0,0.080625,,,male,24
1014_IEO_SAD_HI,crema_d_1014_IEO_SAD_HI,1014_IEO_SAD_HI.wav,crema_d,1014,IEO,SAD,sad,high,,,,,,,,,,male,24
1014_IEO_SAD_LO,crema_d_1014_IEO_SAD_LO,1014_IEO_SAD_LO.wav,crema_d,1014,IEO,SAD,sad,low,,,,,,,,,,male,24
1014_IEO_SAD_MD,crema_d_1014_IEO_SAD_MD,1014_IEO_SAD_MD.wav,crema_d,1014,IEO,SAD,sad,medium,,,,,,,,,,male,24
1014_IOM_ANG_XX,crema_d_1014_IOM_ANG_XX,1014_IOM_ANG_XX.wav,crema_d,1014,IOM,ANG,anger,unspecified,,,16000.0,3.2699375,16000.0,3.0,1.2859375,,,male,24
1014_IOM_DIS_XX,crema_d_1014_IOM_DIS_XX,1014_IOM_DIS_XX.wav,crema_d,1014,IOM,DIS,disgust,unspecified,,,,,,,,,,male,24
1014_IOM_FEA_XX,crema_d_1014_IOM_FEA_XX,1014_IOM_FEA_XX.wav,crema_d,1014,IOM,FEA,fear,unspecified,,,,,,,,,,male,24
1014_IOM_HAP_XX,crema_d_1014_IOM_HAP_XX,1014_IOM_HAP_XX.wav,crema_d,1014,IOM,HAP,happy,unspecified,,,16000.0,2.102125,16000.0,3.0,0.950125,,,male,24
1014_IOM_NEU_XX,crema_d_1014_IOM_NEU_XX,1014_IOM_NEU_XX.wav,crema_d,1014,IOM,NEU,neutral,unspecified,,,16000.0,2.102125,16000.0,3.0,0.086125,,,male,24
1014_IOM_SAD_XX,crema_d_1014_IOM_SAD_XX,1014_IOM_SAD_XX.wav,crema_d,1014,IOM,SAD,sad,unspecified,,,,,,,,,,male,24
1014_ITH_ANG_XX,crema_d_1014_ITH_ANG_XX,1014_ITH_ANG_XX.wav,crema_d,1014,ITH,ANG,anger,unspecified,,,16000.0,3.57025,16000.0,3.0,0.21025,,,male,24
1014_ITH_DIS_XX,crema_d_1014_ITH_DIS_XX,1014_ITH_DIS_XX.wav,crema_d,1014,ITH,DIS,disgust,unspecified,,,,,,,,,,male,24
1014_ITH_FEA_XX,crema_d_1014_ITH_FEA_XX,1014_ITH_FEA_XX.wav,crema_d,1014,ITH,FEA,fear,unspecified,,,,,,,,,,male,24
1014_ITH_HAP_XX,crema_d_1014_ITH_HAP_XX,1014_ITH_HAP_XX.wav,crema_d,1014,ITH,HAP,happy,unspecified,,,16000.0,2.43575,16000.0,3.0,0.83575,,,male,24
1014_ITH_NEU_XX,crema_d_1014_ITH_NEU_XX,1014_ITH_NEU_XX.wav,crema_d,1014,ITH,NEU,neutral,unspecified,,,16000.0,2.6693125,16000.0,3.0,0.8453125,,,male,24
1014_ITH_SAD_XX,crema_d_1014_ITH_SAD_XX,1014_ITH_SAD_XX.wav,crema_d,1014,ITH,SAD,sad,unspecified,,,,,,,,,,male,24
1014_ITS_ANG_XX,crema_d_1014_ITS_ANG_XX,1014_ITS_ANG_XX.wav,crema_d,1014,ITS,ANG,anger,unspecified,,,16000.0,2.7694375,16000.0,3.0,0.6894375,,,male,24
1014_ITS_DIS_XX,crema_d_1014_ITS_DIS_XX,1014_ITS_DIS_XX.wav,crema_d,1014,ITS,DIS,disgust,unspecified,,,,,,,,,,male,24
1014_ITS_FEA_XX,crema_d_1014_ITS_FEA_XX,1014_ITS_FEA_XX.wav,crema_d,1014,ITS,FEA,fear,unspecified,,,,,,,,,,male,24
1014_ITS_HAP_XX,crema_d_1014_ITS_HAP_XX,1014_ITS_HAP_XX.wav,crema_d,1014,ITS,HAP,happy,unspecified,,,16000.0,2.2689375,16000.0,3.0,0.9249375,,,male,24
1014_ITS_NEU_XX,crema_d_1014_ITS_NEU_XX,1014_ITS_NEU_XX.wav,crema_d,1014,ITS,NEU,neutral,unspecified,,,16000.0,2.7694375,16000.0,3.0,1.0414375,,,male,24
1014_ITS_SAD_XX,crema_d_1014_ITS_SAD_XX,1014_ITS_SAD_XX.wav,crema_d,1014,ITS,SAD,sad,unspecified,,,,,,,,,,male,24
1014_IWL_ANG_XX,crema_d_1014_IWL_ANG_XX,1014_IWL_ANG_XX.wav,crema_d,1014,IWL,ANG,anger,unspecified,,,16000.0,3.8371875,16000.0,3.0,1.1811875,,,male,24
1014_IWL_DIS_XX,crema_d_1014_IWL_DIS_XX,1014_IWL_DIS_XX.wav,crema_d,1014,IWL,DIS,disgust,unspecified,,,,,,,,,,male,24
1014_IWL_FEA_XX,crema_d_1014_IWL_FEA_XX,1014_IWL_FEA_XX.wav,crema_d,1014,IWL,FEA,fear,unspecified,,,,,,,,,,male,24
1014_IWL_HAP_XX,crema_d_1014_IWL_HAP_XX,1014_IWL_HAP_XX.wav,crema_d,1014,IWL,HAP,happy,unspecified,,,16000.0,3.2699375,16000.0,3.0,1.2219375,,,male,24
1014_IWL_NEU_XX,crema_d_1014_IWL_NEU_XX,1014_IWL_NEU_XX.wav,crema_d,1014,IWL,NEU,neutral,unspecified,,,16000.0,2.8695,16000.0,3.0,0.8535,,,male,24
1014_IWL_SAD_XX,crema_d_1014_IWL_SAD_XX,1014_IWL_SAD_XX.wav,crema_d,1014,IWL,SAD,sad,unspecified,,,,,,,,,,male,24
1014_IWW_ANG_XX,crema_d_1014_IWW_ANG_XX,1014_IWW_ANG_XX.wav,crema_d,1014,IWW,ANG,anger,unspecified,,,16000.0,2.7026875,16000.0,3.0,1.1666875,,,male,24
1014_IWW_DIS_XX,crema_d_1014_IWW_DIS_XX,1014_IWW_DIS_XX.wav,crema_d,1014,IWW,DIS,disgust,unspecified,,,,,,,,,,male,24
1014_IWW_FEA_XX,crema_d_1014_IWW_FEA_XX,1014_IWW_FEA_XX.wav,crema_d,1014,IWW,FEA,fear,unspecified,,,,,,,,,,male,24
1014_IWW_HAP_XX,crema_d_1014_IWW_HAP_XX,1014_IWW_HAP_XX.wav,crema_d,1014,IWW,HAP,happy,unspecified,,,16000.0,2.1688125,16000.0,3.0,0.8888125,,,male,24
1014_IWW_NEU_XX,crema_d_1014_IWW_NEU_XX,1014_IWW_NEU_XX.wav,crema_d,1014,IWW,NEU,neutral,unspecified,,,16000.0,2.535875,16000.0,3.0,0.199875,,,male,24
1014_IWW_SAD_XX,crema_d_1014_IWW_SAD_XX,1014_IWW_SAD_XX.wav,crema_d,1014,IWW,SAD,sad,unspecified,,,,,,,,,,male,24
1014_MTI_ANG_XX,crema_d_1014_MTI_ANG_XX,1014_MTI_ANG_XX.wav,crema_d,1014,MTI,ANG,anger,unspecified,,,16000.0,3.403375,16000.0,3.0,1.195375,,,male,24
1014_MTI_DIS_XX,crema_d_1014_MTI_DIS_XX,1014_MTI_DIS_XX.wav,crema_d,1014,MTI,DIS,disgust,unspecified,,,,,,,,,,male,24
1014_MTI_FEA_XX,crema_d_1014_MTI_FEA_XX,1014_MTI_FEA_XX.wav,crema_d,1014,MTI,FEA,fear,unspecified,,,,,,,,,,male,24
1014_MTI_HAP_XX,crema_d_1014_MTI_HAP_XX,1014_MTI_HAP_XX.wav,crema_d,1014,MTI,HAP,happy,unspecified,,,16000.0,2.3023125,16000.0,3.0,0.7343125,,,male,24
1014_MTI_NEU_XX,crema_d_1014_MTI_NEU_XX,1014_MTI_NEU_XX.wav,crema_d,1014,MTI,NEU,neutral,unspecified,,,16000.0,3.103125,16000.0,3.0,1.183125,,,male,24
1014_MTI_SAD_XX,crema_d_1014_MTI_SAD_XX,1014_MTI_SAD_XX.wav,crema_d,1014,MTI,SAD,sad,unspecified,,,,,,,,,,male,24
1014_TAI_ANG_XX,crema_d_1014_TAI_ANG_XX,1014_TAI_ANG_XX.wav,crema_d,1014,TAI,ANG,anger,unspecified,,,16000.0,3.003,16000.0,3.0,1.051,,,male,24
1014_TAI_DIS_XX,crema_d_1014_TAI_DIS_XX,1014_TAI_DIS_XX.wav,crema_d,1014,TAI,DIS,disgust,unspecified,,,,,,,,,,male,24
1014_TAI_FEA_XX,crema_d_1014_TAI_FEA_XX,1014_TAI_FEA_XX.wav,crema_d,1014,TAI,FEA,fear,unspecified,,,,,,,,,,male,24
1014_TAI_HAP_XX,crema_d_1014_TAI_HAP_XX,1014_TAI_HAP_XX.wav,crema_d,1014,TAI,HAP,happy,unspecified,,,16000.0,2.602625,16000.0,3.0,1.066625,,,male,24
1014_TAI_NEU_XX,crema_d_1014_TAI_NEU_XX,1014_TAI_NEU_XX.wav,crema_d,1014,TAI,NEU,neutral,unspecified,,,16000.0,2.7694375,16000.0,3.0,0.4654375,,,male,24
1014_TAI_SAD_XX,crema_d_1014_TAI_SAD_XX,1014_TAI_SAD_XX.wav,crema_d,1014,TAI,SAD,sad,unspecified,,,,,,,,,,male,24
1014_TIE_ANG_XX,crema_d_1014_TIE_ANG_XX,1014_TIE_ANG_XX.wav,crema_d,1014,TIE,ANG,anger,unspecified,,,16000.0,3.2365625,16000.0,3.0,1.4765625,,,male,24
1014_TIE_DIS_XX,crema_d_1014_TIE_DIS_XX,1014_TIE_DIS_XX.wav,crema_d,1014,TIE,DIS,disgust,unspecified,,,,,,,,,,male,24
1014_TIE_FEA_XX,crema_d_1014_TIE_FEA_XX,1014_TIE_FEA_XX.wav,crema_d,1014,TIE,FEA,fear,unspecified,,,,,,,,,,male,24
1014_TIE_HAP_XX,crema_d_1014_TIE_HAP_XX,1014_TIE_HAP_XX.wav,crema_d,1014,TIE,HAP,happy,unspecified,,,16000.0,2.902875,16000.0,3.0,1.174875,,,male,24
1014_TIE_NEU_XX,crema_d_1014_TIE_NEU_XX,1014_TIE_NEU_XX.wav,crema_d,1014,TIE,NEU,neutral,unspecified,,,16000.0,2.402375,16000.0,3.0,0.226375,,,male,24
1014_TIE_SAD_XX,crema_d_1014_TIE_SAD_XX,1014_TIE_SAD_XX.wav,crema_d,1014,TIE,SAD,sad,unspecified,,,,,,,,,,male,24
1014_TSI_ANG_XX,crema_d_1014_TSI_ANG_XX,1014_TSI_ANG_XX.wav,crema_d,1014,TSI,ANG,anger,unspecified,,,16000.0,2.969625,16000.0,3.0,1.689625,,,male,24
1014_TSI_DIS_XX,crema_d_1014_TSI_DIS_XX,1014_TSI_DIS_XX.wav,crema_d,1014,TSI,DIS,disgust,unspecified,,,,,,,,,,male,24
1014_TSI_FEA_XX,crema_d_1014_TSI_FEA_XX,1014_TSI_FEA_XX.wav,crema_d,1014,TSI,FEA,fear,unspecified,,,,,,,,,,male,24
1014_TSI_HAP_XX,crema_d_1014_TSI_HAP_XX,1014_TSI_HAP_XX.wav,crema_d,1014,TSI,HAP,happy,unspecified,,,16000.0,2.5025,16000.0,3.0,1.4465,,,male,24
1014_TSI_NEU_XX,crema_d_1014_TSI_NEU_XX,1014_TSI_NEU_XX.wav,crema_d,1014,TSI,NEU,neutral,unspecified,,,16000.0,2.535875,16000.0,3.0,1.063875,,,male,24
1014_TSI_SAD_XX,crema_d_1014_TSI_SAD_XX,1014_TSI_SAD_XX.wav,crema_d,1014,TSI,SAD,sad,unspecified,,,,,,,,,,male,24
1014_WSI_ANG_XX,crema_d_1014_WSI_ANG_XX,1014_WSI_ANG_XX.wav,crema_d,1014,WSI,ANG,anger,unspecified,,,16000.0,3.036375,16000.0,3.0,1.180375,,,male,24
1014_WSI_DIS_XX,crema_d_1014_WSI_DIS_XX,1014_WSI_DIS_XX.wav,crema_d,1014,WSI,DIS,disgust,unspecified,,,,,,,,,,male,24
1014_WSI_FEA_XX,crema_d_1014_WSI_FEA_XX,1014_WSI_FEA_XX.wav,crema_d,1014,WSI,FEA,fear,unspecified,,,,,,,,,,male,24
1014_WSI_HAP_XX,crema_d_1014_WSI_HAP_XX,1014_WSI_HAP_XX.wav,crema_d,1014,WSI,HAP,happy,unspecified,,,16000.0,2.1688125,16000.0,3.0,0.8568125,,,male,24
1014_WSI_NEU_XX,crema_d_1014_WSI_NEU_XX,1014_WSI_NEU_XX.wav,crema_d,1014,WSI,NEU,neutral,unspecified,,,16000.0,2.3356875,16000.0,3.0,0.5436875,,,male,24
1014_WSI_SAD_XX,crema_d_1014_WSI_SAD_XX,1014_WSI_SAD_XX.wav,crema_d,1014,WSI,SAD,sad,unspecified,,,,,,,,,,male,24
1015_DFA_ANG_XX,crema_d_1015_DFA_ANG_XX,1015_DFA_ANG_XX.wav,crema_d,1015,DFA,ANG,anger,unspecified,,,16000.0,2.2755625,16000.0,3.0,1.2835625,,,male,32
1015_DFA_DIS_XX,crema_d_1015_DFA_DIS_XX,1015_DFA_DIS_XX.wav,crema_d,1015,DFA,DIS,disgust,unspecified,,,,,,,,,,male,32
1015_DFA_FEA_XX,crema_d_1015_DFA_FEA_XX,1015_DFA_FEA_XX.wav,crema_d,1015,DFA,FEA,fear,unspecified,,,,,,,,,,male,32
1015_DFA_HAP_XX,crema_d_1015_DFA_HAP_XX,1015_DFA_HAP_XX.wav,crema_d,1015,DFA,HAP,happy,unspecified,,,16000.0,1.7684375,16000.0,3.0,0.9364375,,,male,32
1015_DFA_NEU_XX,crema_d_1015_DFA_NEU_XX,1015_DFA_NEU_XX.wav,crema_d,1015,DFA,NEU,neutral,unspecified,,,16000.0,1.7684375,16000.0,3.0,0.8404375,,,male,32
1015_DFA_SAD_XX,crema_d_1015_DFA_SAD_XX,1015_DFA_SAD_XX.wav,crema_d,1015,DFA,SAD,sad,unspecified,,,,,,,,,,male,32
1015_IEO_ANG_HI,crema_d_1015_IEO_ANG_HI,1015_IEO_ANG_HI.wav,crema_d,1015,IEO,ANG,anger,high,,,16000.0,2.2021875,16000.0,3.0,1.1781875,,,male,32
1015_IEO_ANG_LO,crema_d_1015_IEO_ANG_LO,1015_IEO_ANG_LO.wav,crema_d,1015,IEO,ANG,anger,low,,,16000.0,2.1688125,16000.0,3.0,1.0488125,,,male,32
1015_IEO_ANG_MD,crema_d_1015_IEO_ANG_MD,1015_IEO_ANG_MD.wav,crema_d,1015,IEO,ANG,anger,medium,,,16000.0,3.003,16000.0,3.0,0.379,,,male,32
1015_IEO_DIS_HI,crema_d_1015_IEO_DIS_HI,1015_IEO_DIS_HI.wav,crema_d,1015,IEO,DIS,disgust,high,,,,,,,,,,male,32
1015_IEO_DIS_LO,crema_d_1015_IEO_DIS_LO,1015_IEO_DIS_LO.wav,crema_d,1015,IEO,DIS,disgust,low,,,,,,,,,,male,32
1015_IEO_DIS_MD,crema_d_1015_IEO_DIS_MD,1015_IEO_DIS_MD.wav,crema_d,1015,IEO,DIS,disgust,medium,,,,,,,,,,male,32
1015_IEO_FEA_HI,crema_d_1015_IEO_FEA_HI,1015_IEO_FEA_HI.wav,crema_d,1015,IEO,FEA,fear,high,,,,,,,,,,male,32
1015_IEO_FEA_LO,crema_d_1015_IEO_FEA_LO,1015_IEO_FEA_LO.wav,crema_d,1015,IEO,FEA,fear,low,,,,,,,,,,male,32
1015_IEO_FEA_MD,crema_d_1015_IEO_FEA_MD,1015_IEO_FEA_MD.wav,crema_d,1015,IEO,FEA,fear,medium,,,,,,,,,,male,32
1015_IEO_HAP_HI,crema_d_1015_IEO_HAP_HI,1015_IEO_HAP_HI.wav,crema_d,1015,IEO,HAP,happy,high,,,16000.0,1.7684375,16000.0,3.0,0.0,,,male,32
1015_IEO_HAP_LO,crema_d_1015_IEO_HAP_LO,1015_IEO_HAP_LO.wav,crema_d,1015,IEO,HAP,happy,low,,,16000.0,1.534875,16000.0,3.0,0.350875,,,male,32
1015_IEO_HAP_MD,crema_d_1015_IEO_HAP_MD,1015_IEO_HAP_MD.wav,crema_d,1015,IEO,HAP,happy,medium,,,16000.0,1.7350625,16000.0,3.0,0.0070625,,,male,32
1015_IEO_NEU_XX,crema_d_1015_IEO_NEU_XX,1015_IEO_NEU_XX.wav,crema_d,1015,IEO,NEU,neutral,unspecified,,,16000.0,2.1354375,16000.0,3.0,0.6314375,,,male,32
1015_IEO_SAD_HI,crema_d_1015_IEO_SAD_HI,1015_IEO_SAD_HI.wav,crema_d,1015,IEO,SAD,sad,high,,,,,,,,,,male,32
1015_IEO_SAD_LO,crema_d_1015_IEO_SAD_LO,1015_IEO_SAD_LO.wav,crema_d,1015,IEO,SAD,sad,low,,,,,,,,,,male,32
1015_IEO_SAD_MD,crema_d_1015_IEO_SAD_MD,1015_IEO_SAD_MD.wav,crema_d,1015,IEO,SAD,sad,medium,,,,,,,,,,male,32
1015_IOM_ANG_XX,crema_d_1015_IOM_ANG_XX,1015_IOM_ANG_XX.wav,crema_d,1015,IOM,ANG,anger,unspecified,,,16000.0,2.602625,16000.0,3.0,0.074625,,,male,32
1015_IOM_DIS_XX,crema_d_1015_IOM_DIS_XX,1015_IOM_DIS_XX.wav,crema_d,1015,IOM,DIS,disgust,unspecified,,,,,,,,,,male,32
1015_IOM_FEA_XX,crema_d_1015_IOM_FEA_XX,1015_IOM_FEA_XX.wav,crema_d,1015,IOM,FEA,fear,unspecified,,,,,,,,,,male,32
1015_IOM_HAP_XX,crema_d_1015_IOM_HAP_XX,1015_IOM_HAP_XX.wav,crema_d,1015,IOM,HAP,happy,unspecified,,,16000.0,1.6349375,16000.0,3.0,0.4829375,,,male,32
1015_IOM_NEU_XX,crema_d_1015_IOM_NEU_XX,1015_IOM_NEU_XX.wav,crema_d,1015,IOM,NEU,neutral,unspecified,,,16000.0,2.002,16000.0,3.0,0.018,,,male,32
1015_IOM_SAD_XX,crema_d_1015_IOM_SAD_XX,1015_IOM_SAD_XX.wav,crema_d,1015,IOM,SAD,sad,unspecified,,,,,,,,,,male,32
1015_ITH_ANG_XX,crema_d_1015_ITH_ANG_XX,1015_ITH_ANG_XX.wav,crema_d,1015,ITH,ANG,anger,unspecified,,,16000.0,2.8028125,16000.0,3.0,1.8108125,,,male,32
1015_ITH_DIS_XX,crema_d_1015_ITH_DIS_XX,1015_ITH_DIS_XX.wav,crema_d,1015,ITH,DIS,disgust,unspecified,,,,,,,,,,male,32
1015_ITH_FEA_XX,crema_d_1015_ITH_FEA_XX,1015_ITH_FEA_XX.wav,crema_d,1015,ITH,FEA,fear,unspecified,,,,,,,,,,male,32
1015_ITH_HAP_XX,crema_d_1015_ITH_HAP_XX,1015_ITH_HAP_XX.wav,crema_d,1015,ITH,HAP,happy,unspecified,,,16000.0,1.8018125,16000.0,3.0,0.3298125,,,male,32
1015_ITH_NEU_XX,crema_d_1015_ITH_NEU_XX,1015_ITH_NEU_XX.wav,crema_d,1015,ITH,NEU,neutral,unspecified,,,16000.0,2.7360625,16000.0,3.0,0.0,,,male,32
1015_ITH_SAD_XX,crema_d_1015_ITH_SAD_XX,1015_ITH_SAD_XX.wav,crema_d,1015,ITH,SAD,sad,unspecified,,,,,,,,,,male,32
1015_ITS_ANG_XX,crema_d_1015_ITS_ANG_XX,1015_ITS_ANG_XX.wav,crema_d,1015,ITS,ANG,anger,unspecified,,,16000.0,2.43575,16000.0,3.0,1.47575,,,male,32
1015_ITS_DIS_XX,crema_d_1015_ITS_DIS_XX,1015_ITS_DIS_XX.wav,crema_d,1015,ITS,DIS,disgust,unspecified,,,,,,,,,,male,32
1015_ITS_FEA_XX,crema_d_1015_ITS_FEA_XX,1015_ITS_FEA_XX.wav,crema_d,1015,ITS,FEA,fear,unspecified,,,,,,,,,,male,32
1015_ITS_HAP_XX,crema_d_1015_ITS_HAP_XX,1015_ITS_HAP_XX.wav,crema_d,1015,ITS,HAP,happy,unspecified,,,16000.0,1.5015,16000.0,3.0,0.3815,,,male,32
1015_ITS_NEU_XX,crema_d_1015_ITS_NEU_XX,1015_ITS_NEU_XX.wav,crema_d,1015,ITS,NEU,neutral,unspecified,,,16000.0,2.8028125,16000.0,3.0,0.0,,,male,32
1015_ITS_SAD_XX,crema_d_1015_ITS_SAD_XX,1015_ITS_SAD_XX.wav,crema_d,1015,ITS,SAD,sad,unspecified,,,,,,,,,,male,32
1015_IWL_ANG_XX,crema_d_1015_IWL_ANG_XX,1015_IWL_ANG_XX.wav,crema_d,1015,IWL,ANG,anger,unspecified,,,16000.0,3.06975,16000.0,3.0,1.05375,,,male,32
1015_IWL_DIS_XX,crema_d_1015_IWL_DIS_XX,1015_IWL_DIS_XX.wav,crema_d,1015,IWL,DIS,disgust,unspecified,,,,,,,,,,male,32
1015_IWL_FEA_XX,crema_d_1015_IWL_FEA_XX,1015_IWL_FEA_XX.wav,crema_d,1015,IWL,FEA,fear,unspecified,,,,,,,,,,male,32
1015_IWL_HAP_XX,crema_d_1015_IWL_HAP_XX,1015_IWL_HAP_XX.wav,crema_d,1015,IWL,HAP,happy,unspecified,,,16000.0,1.8685,16000.0,3.0,0.4605,,,male,32
1015_IWL_NEU_XX,crema_d_1015_IWL_NEU_XX,1015_IWL_NEU_XX.wav,crema_d,1015,IWL,NEU,neutral,unspecified,,,16000.0,2.1688125,16000.0,3.0,0.3448125,,,male,32
1015_IWL_SAD_XX,crema_d_1015_IWL_SAD_XX,1015_IWL_SAD_XX.wav,crema_d,1015,IWL,SAD,sad,unspecified,,,,,,,,,,male,32
1015_IWW_ANG_XX,crema_d_1015_IWW_ANG_XX,1015_IWW_ANG_XX.wav,crema_d,1015,IWW,ANG,anger,unspecified,,,16000.0,1.968625,16000.0,3.0,0.0,,,male,32
1015_IWW_DIS_XX,crema_d_1015_IWW_DIS_XX,1015_IWW_DIS_XX.wav,crema_d,1015,IWW,DIS,disgust,unspecified,,,,,,,,,,male,32
1015_IWW_FEA_XX,crema_d_1015_IWW_FEA_XX,1015_IWW_FEA_XX.wav,crema_d,1015,IWW,FEA,fear,unspecified,,,,,,,,,,male,32
1015_IWW_HAP_XX,crema_d_1015_IWW_HAP_XX,1015_IWW_HAP_XX.wav,crema_d,1015,IWW,HAP,happy,unspecified,,,16000.0,2.1688125,16000.0,3.0,1.0488125,,,male,32
1015_IWW_NEU_XX,crema_d_1015_IWW_NEU_XX,1015_IWW_NEU_XX.wav,crema_d,1015,IWW,NEU,neutral,unspecified,,,16000.0,2.43575,16000.0,3.0,0.16375,,,male,32
1015_IWW_SAD_XX,crema_d_1015_IWW_SAD_XX,1015_IWW_SAD_XX.wav,crema_d,1015,IWW,SAD,sad,unspecified,,,,,,,,,,male,32
1015_MTI_ANG_XX,crema_d_1015_MTI_ANG_XX,1015_MTI_ANG_XX.wav,crema_d,1015,MTI,ANG,anger,unspecified,,,16000.0,2.6359375,16000.0,3.0,0.5239375,,,male,32
1015_MTI_DIS_XX,crema_d_1015_MTI_DIS_XX,1015_MTI_DIS_XX.wav,crema_d,1015,MTI,DIS,disgust,unspecified,,,,,,,,,,male,32
1015_MTI_FEA_XX,crema_d_1015_MTI_FEA_XX,1015_MTI_FEA_XX.wav,crema_d,1015,MTI,FEA,fear,unspecified,,,,,,,,,,male,32
1015_MTI_HAP_XX,crema_d_1015_MTI_HAP_XX,1015_MTI_HAP_XX.wav,crema_d,1015,MTI,HAP,happy,unspecified,,,16000.0,1.8351875,16000.0,3.0,0.7151875,,,male,32
1015_MTI_NEU_XX,crema_d_1015_MTI_NEU_XX,1015_MTI_NEU_XX.wav,crema_d,1015,MTI,NEU,neutral,unspecified,,,16000.0,1.6349375,16000.0,3.0,0.0,,,male,32
1015_MTI_SAD_XX,crema_d_1015_MTI_SAD_XX,1015_MTI_SAD_XX.wav,crema_d,1015,MTI,SAD,sad,unspecified,,,,,,,,,,male,32
1015_TAI_ANG_XX,crema_d_1015_TAI_ANG_XX,1015_TAI_ANG_XX.wav,crema_d,1015,TAI,ANG,anger,unspecified,,,16000.0,2.602625,16000.0,3.0,1.290625,,,male,32
1015_TAI_DIS_XX,crema_d_1015_TAI_DIS_XX,1015_TAI_DIS_XX.wav,crema_d,1015,TAI,DIS,disgust,unspecified,,,,,,,,,,male,32
1015_TAI_FEA_XX,crema_d_1015_TAI_FEA_XX,1015_TAI_FEA_XX.wav,crema_d,1015,TAI,FEA,fear,unspecified,,,,,,,,,,male,32
1015_TAI_HAP_XX,crema_d_1015_TAI_HAP_XX,1015_TAI_HAP_XX.wav,crema_d,1015,TAI,HAP,happy,unspecified,,,16000.0,1.901875,16000.0,3.0,0.557875,,,male,32
1015_TAI_NEU_XX,crema_d_1015_TAI_NEU_XX,1015_TAI_NEU_XX.wav,crema_d,1015,TAI,NEU,neutral,unspecified,,,16000.0,1.56825,16000.0,3.0,0.16025,,,male,32
1015_TAI_SAD_XX,crema_d_1015_TAI_SAD_XX,1015_TAI_SAD_XX.wav,crema_d,1015,TAI,SAD,sad,unspecified,,,,,,,,,,male,32
1015_TIE_ANG_XX,crema_d_1015_TIE_ANG_XX,1015_TIE_ANG_XX.wav,crema_d,1015,TIE,ANG,anger,unspecified,,,16000.0,3.036375,16000.0,3.0,2.044375,,,male,32
1015_TIE_DIS_XX,crema_d_1015_TIE_DIS_XX,1015_TIE_DIS_XX.wav,crema_d,1015,TIE,DIS,disgust,unspecified,,,,,,,,,,male,32
1015_TIE_FEA_XX,crema_d_1015_TIE_FEA_XX,1015_TIE_FEA_XX.wav,crema_d,1015,TIE,FEA,fear,unspecified,,,,,,,,,,male,32
1015_TIE_HAP_XX,crema_d_1015_TIE_HAP_XX,1015_TIE_HAP_XX.wav,crema_d,1015,TIE,HAP,happy,unspecified,,,16000.0,2.8028125,16000.0,3.0,1.5868125,,,male,32
1015_TIE_NEU_XX,crema_d_1015_TIE_NEU_XX,1015_TIE_NEU_XX.wav,crema_d,1015,TIE,NEU,neutral,unspecified,,,16000.0,2.56925,16000.0,3.0,1.54525,,,male,32
1015_TIE_SAD_XX,crema_d_1015_TIE_SAD_XX,1015_TIE_SAD_XX.wav,crema_d,1015,TIE,SAD,sad,unspecified,,,,,,,,,,male,32
1015_TSI_ANG_XX,crema_d_1015_TSI_ANG_XX,1015_TSI_ANG_XX.wav,crema_d,1015,TSI,ANG,anger,unspecified,,,16000.0,2.93625,16000.0,3.0,1.30425,,,male,32
1015_TSI_DIS_XX,crema_d_1015_TSI_DIS_XX,1015_TSI_DIS_XX.wav,crema_d,1015,TSI,DIS,disgust,unspecified,,,,,,,,,,male,32
1015_TSI_FEA_XX,crema_d_1015_TSI_FEA_XX,1015_TSI_FEA_XX.wav,crema_d,1015,TSI,FEA,fear,unspecified,,,,,,,,,,male,32
1015_TSI_HAP_XX,crema_d_1015_TSI_HAP_XX,1015_TSI_HAP_XX.wav,crema_d,1015,TSI,HAP,happy,unspecified,,,16000.0,1.56825,16000.0,3.0,0.35225,,,male,32
1015_TSI_NEU_XX,crema_d_1015_TSI_NEU_XX,1015_TSI_NEU_XX.wav,crema_d,1015,TSI,NEU,neutral,unspecified,,,16000.0,2.2021875,16000.0,3.0,0.0261875,,,male,32
1015_TSI_SAD_XX,crema_d_1015_TSI_SAD_XX,1015_TSI_SAD_XX.wav,crema_d,1015,TSI,SAD,sad,unspecified,,,,,,,,,,male,32
1015_WSI_ANG_XX,crema_d_1015_WSI_ANG_XX,1015_WSI_ANG_XX.wav,crema_d,1015,WSI,ANG,anger,unspecified,,,16000.0,2.7360625,16000.0,3.0,1.2000625,,,male,32
1015_WSI_DIS_XX,crema_d_1015_WSI_DIS_XX,1015_WSI_DIS_XX.wav,crema_d,1015,WSI,DIS,disgust,unspecified,,,,,,,,,,male,32
1015_WSI_FEA_XX,crema_d_1015_WSI_FEA_XX,1015_WSI_FEA_XX.wav,crema_d,1015,WSI,FEA,fear,unspecified,,,,,,,,,,male,32
1015_WSI_HAP_XX,crema_d_1015_WSI_HAP_XX,1015_WSI_HAP_XX.wav,crema_d,1015,WSI,HAP,happy,unspecified,,,16000.0,1.368,16000.0,3.0,0.056,,,male,32
1015_WSI_NEU_XX,crema_d_1015_WSI_NEU_XX,1015_WSI_NEU_XX.wav,crema_d,1015,WSI,NEU,neutral,unspecified,,,16000.0,2.7360625,16000.0,3.0,0.0,,,male,32
1015_WSI_SAD_XX,crema_d_1015_WSI_SAD_XX,1015_WSI_SAD_XX.wav,crema_d,1015,WSI,SAD,sad,unspecified,,,,,,,,,,male,32
1016_DFA_ANG_XX,crema_d_1016_DFA_ANG_XX,1016_DFA_ANG_XX.wav,crema_d,1016,DFA,ANG,anger,unspecified,,,16000.0,2.002,16000.0,3.0,0.946,,,male,61
1016_DFA_DIS_XX,crema_d_1016_DFA_DIS_XX,1016_DFA_DIS_XX.wav,crema_d,1016,DFA,DIS,disgust,unspecified,,,,,,,,,,male,61
1016_DFA_FEA_XX,crema_d_1016_DFA_FEA_XX,1016_DFA_FEA_XX.wav,crema_d,1016,DFA,FEA,fear,unspecified,,,,,,,,,,male,61
1016_DFA_HAP_XX,crema_d_1016_DFA_HAP_XX,1016_DFA_HAP_XX.wav,crema_d,1016,DFA,HAP,happy,unspecified,,,16000.0,1.901875,16000.0,3.0,0.909875,,,male,61
1016_DFA_NEU_XX,crema_d_1016_DFA_NEU_XX,1016_DFA_NEU_XX.wav,crema_d,1016,DFA,NEU,neutral,unspecified,,,16000.0,1.93525,16000.0,3.0,1.00725,,,male,61
1016_DFA_SAD_XX,crema_d_1016_DFA_SAD_XX,1016_DFA_SAD_XX.wav,crema_d,1016,DFA,SAD,sad,unspecified,,,,,,,,,,male,61
1016_IEO_ANG_HI,crema_d_1016_IEO_ANG_HI,1016_IEO_ANG_HI.wav,crema_d,1016,IEO,ANG,anger,high,,,16000.0,2.7360625,16000.0,3.0,1.1680625,,,male,61
1016_IEO_ANG_LO,crema_d_1016_IEO_ANG_LO,1016_IEO_ANG_LO.wav,crema_d,1016,IEO,ANG,anger,low,,,16000.0,2.3023125,16000.0,3.0,0.8943125,,,male,61
1016_IEO_ANG_MD,crema_d_1016_IEO_ANG_MD,1016_IEO_ANG_MD.wav,crema_d,1016,IEO,ANG,anger,medium,,,16000.0,2.2689375,16000.0,3.0,1.1169375,,,male,61
1016_IEO_DIS_HI,crema_d_1016_IEO_DIS_HI,1016_IEO_DIS_HI.wav,crema_d,1016,IEO,DIS,disgust,high,,,,,,,,,,male,61
1016_IEO_DIS_LO,crema_d_1016_IEO_DIS_LO,1016_IEO_DIS_LO.wav,crema_d,1016,IEO,DIS,disgust,low,,,,,,,,,,male,61
1016_IEO_DIS_MD,crema_d_1016_IEO_DIS_MD,1016_IEO_DIS_MD.wav,crema_d,1016,IEO,DIS,disgust,medium,,,,,,,,,,male,61
1016_IEO_FEA_HI,crema_d_1016_IEO_FEA_HI,1016_IEO_FEA_HI.wav,crema_d,1016,IEO,FEA,fear,high,,,,,,,,,,male,61
1016_IEO_FEA_LO,crema_d_1016_IEO_FEA_LO,1016_IEO_FEA_LO.wav,crema_d,1016,IEO,FEA,fear,low,,,,,,,,,,male,61
1016_IEO_FEA_MD,crema_d_1016_IEO_FEA_MD,1016_IEO_FEA_MD.wav,crema_d,1016,IEO,FEA,fear,medium,,,,,,,,,,male,61
1016_IEO_HAP_HI,crema_d_1016_IEO_HAP_HI,1016_IEO_HAP_HI.wav,crema_d,1016,IEO,HAP,happy,high,,,16000.0,2.43575,16000.0,3.0,0.03575,,,male,61
1016_IEO_HAP_LO,crema_d_1016_IEO_HAP_LO,1016_IEO_HAP_LO.wav,crema_d,1016,IEO,HAP,happy,low,,,16000.0,2.102125,16000.0,3.0,0.0,,,male,61
1016_IEO_HAP_MD,crema_d_1016_IEO_HAP_MD,1016_IEO_HAP_MD.wav,crema_d,1016,IEO,HAP,happy,medium,,,16000.0,2.035375,16000.0,3.0,0.019375,,,male,61
1016_IEO_NEU_XX,crema_d_1016_IEO_NEU_XX,1016_IEO_NEU_XX.wav,crema_d,1016,IEO,NEU,neutral,unspecified,,,16000.0,1.7350625,16000.0,3.0,0.0710625,,,male,61
1016_IEO_SAD_HI,crema_d_1016_IEO_SAD_HI,1016_IEO_SAD_HI.wav,crema_d,1016,IEO,SAD,sad,high,,,,,,,,,,male,61
1016_IEO_SAD_LO,crema_d_1016_IEO_SAD_LO,1016_IEO_SAD_LO.wav,crema_d,1016,IEO,SAD,sad,low,,,,,,,,,,male,61
1016_IEO_SAD_MD,crema_d_1016_IEO_SAD_MD,1016_IEO_SAD_MD.wav,crema_d,1016,IEO,SAD,sad,medium,,,,,,,,,,male,61
1016_IOM_ANG_XX,crema_d_1016_IOM_ANG_XX,1016_IOM_ANG_XX.wav,crema_d,1016,IOM,ANG,anger,unspecified,,,16000.0,2.1688125,16000.0,3.0,0.9208125,,,male,61
1016_IOM_DIS_XX,crema_d_1016_IOM_DIS_XX,1016_IOM_DIS_XX.wav,crema_d,1016,IOM,DIS,disgust,unspecified,,,,,,,,,,male,61
1016_IOM_FEA_XX,crema_d_1016_IOM_FEA_XX,1016_IOM_FEA_XX.wav,crema_d,1016,IOM,FEA,fear,unspecified,,,,,,,,,,male,61
1016_IOM_HAP_XX,crema_d_1016_IOM_HAP_XX,1016_IOM_HAP_XX.wav,crema_d,1016,IOM,HAP,happy,unspecified,,,16000.0,2.2021875,16000.0,3.0,0.9541875,,,male,61
1016_IOM_NEU_XX,crema_d_1016_IOM_NEU_XX,1016_IOM_NEU_XX.wav,crema_d,1016,IOM,NEU,neutral,unspecified,,,16000.0,2.1354375,16000.0,3.0,0.7274375,,,male,61
1016_IOM_SAD_XX,crema_d_1016_IOM_SAD_XX,1016_IOM_SAD_XX.wav,crema_d,1016,IOM,SAD,sad,unspecified,,,,,,,,,,male,61
1016_ITH_ANG_XX,crema_d_1016_ITH_ANG_XX,1016_ITH_ANG_XX.wav,crema_d,1016,ITH,ANG,anger,unspecified,,,16000.0,2.93625,16000.0,3.0,1.36825,,,male,61
1016_ITH_DIS_XX,crema_d_1016_ITH_DIS_XX,1016_ITH_DIS_XX.wav,crema_d,1016,ITH,DIS,disgust,unspecified,,,,,,,,,,male,61
1016_ITH_FEA_XX,crema_d_1016_ITH_FEA_XX,1016_ITH_FEA_XX.wav,crema_d,1016,ITH,FEA,fear,unspecified,,,,,,,,,,male,61
1016_ITH_HAP_XX,crema_d_1016_ITH_HAP_XX,1016_ITH_HAP_XX.wav,crema_d,1016,ITH,HAP,happy,unspecified,,,16000.0,2.402375,16000.0,3.0,1.218375,,,male,61
1016_ITH_NEU_XX,crema_d_1016_ITH_NEU_XX,1016_ITH_NEU_XX.wav,crema_d,1016,ITH,NEU,neutral,unspecified,,,16000.0,2.56925,16000.0,3.0,1.16125,,,male,61
1016_ITH_SAD_XX,crema_d_1016_ITH_SAD_XX,1016_ITH_SAD_XX.wav,crema_d,1016,ITH,SAD,sad,unspecified,,,,,,,,,,male,61
1016_ITS_ANG_XX,crema_d_1016_ITS_ANG_XX,1016_ITS_ANG_XX.wav,crema_d,1016,ITS,ANG,anger,unspecified,,,16000.0,2.402375,16000.0,3.0,0.994375,,,male,61
1016_ITS_DIS_XX,crema_d_1016_ITS_DIS_XX,1016_ITS_DIS_XX.wav,crema_d,1016,ITS,DIS,disgust,unspecified,,,,,,,,,,male,61
1016_ITS_FEA_XX,crema_d_1016_ITS_FEA_XX,1016_ITS_FEA_XX.wav,crema_d,1016,ITS,FEA,fear,unspecified,,,,,,,,,,male,61
1016_ITS_HAP_XX,crema_d_1016_ITS_HAP_XX,1016_ITS_HAP_XX.wav,crema_d,1016,ITS,HAP,happy,unspecified,,,16000.0,2.602625,16000.0,3.0,1.098625,,,male,61
1016_ITS_NEU_XX,crema_d_1016_ITS_NEU_XX,1016_ITS_NEU_XX.wav,crema_d,1016,ITS,NEU,neutral,unspecified,,,16000.0,2.035375,16000.0,3.0,0.755375,,,male,61
1016_ITS_SAD_XX,crema_d_1016_ITS_SAD_XX,1016_ITS_SAD_XX.wav,crema_d,1016,ITS,SAD,sad,unspecified,,,,,,,,,,male,61
1016_IWL_ANG_XX,crema_d_1016_IWL_ANG_XX,1016_IWL_ANG_XX.wav,crema_d,1016,IWL,ANG,anger,unspecified,,,16000.0,3.003,16000.0,3.0,1.019,,,male,61
1016_IWL_DIS_XX,crema_d_1016_IWL_DIS_XX,1016_IWL_DIS_XX.wav,crema_d,1016,IWL,DIS,disgust,unspecified,,,,,,,,,,male,61
1016_IWL_FEA_XX,crema_d_1016_IWL_FEA_XX,1016_IWL_FEA_XX.wav,crema_d,1016,IWL,FEA,fear,unspecified,,,,,,,,,,male,61
1016_IWL_HAP_XX,crema_d_1016_IWL_HAP_XX,1016_IWL_HAP_XX.wav,crema_d,1016,IWL,HAP,happy,unspecified,,,16000.0,3.2031875,16000.0,3.0,0.0991875,,,male,61
1016_IWL_NEU_XX,crema_d_1016_IWL_NEU_XX,1016_IWL_NEU_XX.wav,crema_d,1016,IWL,NEU,neutral,unspecified,,,16000.0,2.7026875,16000.0,3.0,1.1986875,,,male,61
1016_IWL_SAD_XX,crema_d_1016_IWL_SAD_XX,1016_IWL_SAD_XX.wav,crema_d,1016,IWL,SAD,sad,unspecified,,,,,,,,,,male,61
1016_IWW_ANG_XX,crema_d_1016_IWW_ANG_XX,1016_IWW_ANG_XX.wav,crema_d,1016,IWW,ANG,anger,unspecified,,,16000.0,2.8028125,16000.0,3.0,1.5868125,,,male,61
1016_IWW_DIS_XX,crema_d_1016_IWW_DIS_XX,1016_IWW_DIS_XX.wav,crema_d,1016,IWW,DIS,disgust,unspecified,,,,,,,,,,male,61
1016_IWW_FEA_XX,crema_d_1016_IWW_FEA_XX,1016_IWW_FEA_XX.wav,crema_d,1016,IWW,FEA,fear,unspecified,,,,,,,,,,male,61
1016_IWW_HAP_XX,crema_d_1016_IWW_HAP_XX,1016_IWW_HAP_XX.wav,crema_d,1016,IWW,HAP,happy,unspecified,,,16000.0,2.2755625,16000.0,3.0,1.0275625,,,male,61
1016_IWW_NEU_XX,crema_d_1016_IWW_NEU_XX,1016_IWW_NEU_XX.wav,crema_d,1016,IWW,NEU,neutral,unspecified,,,16000.0,2.002,16000.0,3.0,0.786,,,male,61
1016_IWW_SAD_XX,crema_d_1016_IWW_SAD_XX,1016_IWW_SAD_XX.wav,crema_d,1016,IWW,SAD,sad,unspecified,,,,,,,,,,male,61
1016_MTI_ANG_XX,crema_d_1016_MTI_ANG_XX,1016_MTI_ANG_XX.wav,crema_d,1016,MTI,ANG,anger,unspecified,,,16000.0,2.7360625,16000.0,3.0,1.1040625,,,male,61
1016_MTI_DIS_XX,crema_d_1016_MTI_DIS_XX,1016_MTI_DIS_XX.wav,crema_d,1016,MTI,DIS,disgust,unspecified,,,,,,,,,,male,61
1016_MTI_FEA_XX,crema_d_1016_MTI_FEA_XX,1016_MTI_FEA_XX.wav,crema_d,1016,MTI,FEA,fear,unspecified,,,,,,,,,,male,61
1016_MTI_HAP_XX,crema_d_1016_MTI_HAP_XX,1016_MTI_HAP_XX.wav,crema_d,1016,MTI,HAP,happy,unspecified,,,16000.0,2.535875,16000.0,3.0,0.551875,,,male,61
1016_MTI_NEU_XX,crema_d_1016_MTI_NEU_XX,1016_MTI_NEU_XX.wav,crema_d,1016,MTI,NEU,neutral,unspecified,,,16000.0,1.93525,16000.0,3.0,0.39925,,,male,61
1016_MTI_SAD_XX,crema_d_1016_MTI_SAD_XX,1016_MTI_SAD_XX.wav,crema_d,1016,MTI,SAD,sad,unspecified,,,,,,,,,,male,61
1016_TAI_ANG_XX,crema_d_1016_TAI_ANG_XX,1016_TAI_ANG_XX.wav,crema_d,1016,TAI,ANG,anger,unspecified,,,16000.0,2.56925,16000.0,3.0,1.22525,,,male,61
1016_TAI_DIS_XX,crema_d_1016_TAI_DIS_XX,1016_TAI_DIS_XX.wav,crema_d,1016,TAI,DIS,disgust,unspecified,,,,,,,,,,male,61
1016_TAI_FEA_XX,crema_d_1016_TAI_FEA_XX,1016_TAI_FEA_XX.wav,crema_d,1016,TAI,FEA,fear,unspecified,,,,,,,,,,male,61
1016_TAI_HAP_XX,crema_d_1016_TAI_HAP_XX,1016_TAI_HAP_XX.wav,crema_d,1016,TAI,HAP,happy,unspecified,,,16000.0,2.43575,16000.0,3.0,1.18775,,,male,61
1016_TAI_NEU_XX,crema_d_1016_TAI_NEU_XX,1016_TAI_NEU_XX.wav,crema_d,1016,TAI,NEU,neutral,unspecified,,,16000.0,2.93625,16000.0,3.0,0.21625,,,male,61
1016_TAI_SAD_XX,crema_d_1016_TAI_SAD_XX,1016_TAI_SAD_XX.wav,crema_d,1016,TAI,SAD,sad,unspecified,,,,,,,,,,male,61
1016_TIE_ANG_XX,crema_d_1016_TIE_ANG_XX,1016_TIE_ANG_XX.wav,crema_d,1016,TIE,ANG,anger,unspecified,,,16000.0,2.8028125,16000.0,3.0,1.2348125,,,male,61
1016_TIE_DIS_XX,crema_d_1016_TIE_DIS_XX,1016_TIE_DIS_XX.wav,crema_d,1016,TIE,DIS,disgust,unspecified,,,,,,,,,,male,61
1016_TIE_FEA_XX,crema_d_1016_TIE_FEA_XX,1016_TIE_FEA_XX.wav,crema_d,1016,TIE,FEA,fear,unspecified,,,,,,,,,,male,61
1016_TIE_HAP_XX,crema_d_1016_TIE_HAP_XX,1016_TIE_HAP_XX.wav,crema_d,1016,TIE,HAP,happy,unspecified,,,16000.0,2.902875,16000.0,3.0,1.366875,,,male,61
1016_TIE_NEU_XX,crema_d_1016_TIE_NEU_XX,1016_TIE_NEU_XX.wav,crema_d,1016,TIE,NEU,neutral,unspecified,,,16000.0,2.6359375,16000.0,3.0,0.4279375,,,male,61
1016_TIE_SAD_XX,crema_d_1016_TIE_SAD_XX,1016_TIE_SAD_XX.wav,crema_d,1016,TIE,SAD,sad,unspecified,,,,,,,,,,male,61
1016_TSI_ANG_XX,crema_d_1016_TSI_ANG_XX,1016_TSI_ANG_XX.wav,crema_d,1016,TSI,ANG,anger,unspecified,,,16000.0,1.8018125,16000.0,3.0,0.8738125,,,male,61
1016_TSI_DIS_XX,crema_d_1016_TSI_DIS_XX,1016_TSI_DIS_XX.wav,crema_d,1016,TSI,DIS,disgust,unspecified,,,,,,,,,,male,61
1016_TSI_FEA_XX,crema_d_1016_TSI_FEA_XX,1016_TSI_FEA_XX.wav,crema_d,1016,TSI,FEA,fear,unspecified,,,,,,,,,,male,61
1016_TSI_HAP_XX,crema_d_1016_TSI_HAP_XX,1016_TSI_HAP_XX.wav,crema_d,1016,TSI,HAP,happy,unspecified,,,16000.0,2.1688125,16000.0,3.0,1.0168125,,,male,61
1016_TSI_NEU_XX,crema_d_1016_TSI_NEU_XX,1016_TSI_NEU_XX.wav,crema_d,1016,TSI,NEU,neutral,unspecified,,,16000.0,2.035375,16000.0,3.0,0.915375,,,male,61
1016_TSI_SAD_XX,crema_d_1016_TSI_SAD_XX,1016_TSI_SAD_XX.wav,crema_d,1016,TSI,SAD,sad,unspecified,,,,,,,,,,male,61
1016_WSI_ANG_XX,crema_d_1016_WSI_ANG_XX,1016_WSI_ANG_XX.wav,crema_d,1016,WSI,ANG,anger,unspecified,,,16000.0,2.6359375,16000.0,3.0,1.2599375,,,male,61
1016_WSI_DIS_XX,crema_d_1016_WSI_DIS_XX,1016_WSI_DIS_XX.wav,crema_d,1016,WSI,DIS,disgust,unspecified,,,,,,,,,,male,61
1016_WSI_FEA_XX,crema_d_1016_WSI_FEA_XX,1016_WSI_FEA_XX.wav,crema_d,1016,WSI,FEA,fear,unspecified,,,,,,,,,,male,61
1016_WSI_HAP_XX,crema_d_1016_WSI_HAP_XX,1016_WSI_HAP_XX.wav,crema_d,1016,WSI,HAP,happy,unspecified,,,16000.0,2.2755625,16000.0,3.0,1.0595625,,,male,61
1016_WSI_NEU_XX,crema_d_1016_WSI_NEU_XX,1016_WSI_NEU_XX.wav,crema_d,1016,WSI,NEU,neutral,unspecified,,,16000.0,2.56925,16000.0,3.0,1.25725,,,male,61
1016_WSI_SAD_XX,crema_d_1016_WSI_SAD_XX,1016_WSI_SAD_XX.wav,crema_d,1016,WSI,SAD,sad,unspecified,,,,,,,,,,male,61
1017_DFA_ANG_XX,crema_d_1017_DFA_ANG_XX,1017_DFA_ANG_XX.wav,crema_d,1017,DFA,ANG,anger,unspecified,,,16000.0,1.601625,16000.0,3.0,0.161625,,,male,42
1017_DFA_DIS_XX,crema_d_1017_DFA_DIS_XX,1017_DFA_DIS_XX.wav,crema_d,1017,DFA,DIS,disgust,unspecified,,,,,,,,,,male,42
1017_DFA_FEA_XX,crema_d_1017_DFA_FEA_XX,1017_DFA_FEA_XX.wav,crema_d,1017,DFA,FEA,fear,unspecified,,,,,,,,,,male,42
1017_DFA_HAP_XX,crema_d_1017_DFA_HAP_XX,1017_DFA_HAP_XX.wav,crema_d,1017,DFA,HAP,happy,unspecified,,,16000.0,1.901875,16000.0,3.0,0.685875,,,male,42
1017_DFA_NEU_XX,crema_d_1017_DFA_NEU_XX,1017_DFA_NEU_XX.wav,crema_d,1017,DFA,NEU,neutral,unspecified,,,16000.0,1.7350625,16000.0,3.0,0.1030625,,,male,42
1017_DFA_SAD_XX,crema_d_1017_DFA_SAD_XX,1017_DFA_SAD_XX.wav,crema_d,1017,DFA,SAD,sad,unspecified,,,,,,,,,,male,42
1017_IEO_ANG_HI,crema_d_1017_IEO_ANG_HI,1017_IEO_ANG_HI.wav,crema_d,1017,IEO,ANG,anger,high,,,16000.0,2.56925,16000.0,3.0,1.03325,,,male,42
1017_IEO_ANG_LO,crema_d_1017_IEO_ANG_LO,1017_IEO_ANG_LO.wav,crema_d,1017,IEO,ANG,anger,low,,,16000.0,2.06875,16000.0,3.0,0.82075,,,male,42
1017_IEO_ANG_MD,crema_d_1017_IEO_ANG_MD,1017_IEO_ANG_MD.wav,crema_d,1017,IEO,ANG,anger,medium,,,16000.0,2.3023125,16000.0,3.0,1.3743125,,,male,42
1017_IEO_DIS_HI,crema_d_1017_IEO_DIS_HI,1017_IEO_DIS_HI.wav,crema_d,1017,IEO,DIS,disgust,high,,,,,,,,,,male,42
1017_IEO_DIS_LO,crema_d_1017_IEO_DIS_LO,1017_IEO_DIS_LO.wav,crema_d,1017,IEO,DIS,disgust,low,,,,,,,,,,male,42
1017_IEO_DIS_MD,crema_d_1017_IEO_DIS_MD,1017_IEO_DIS_MD.wav,crema_d,1017,IEO,DIS,disgust,medium,,,,,,,,,,male,42
1017_IEO_FEA_HI,crema_d_1017_IEO_FEA_HI,1017_IEO_FEA_HI.wav,crema_d,1017,IEO,FEA,fear,high,,,,,,,,,,male,42
1017_IEO_FEA_LO,crema_d_1017_IEO_FEA_LO,1017_IEO_FEA_LO.wav,crema_d,1017,IEO,FEA,fear,low,,,,,,,,,,male,42
1017_IEO_FEA_MD,crema_d_1017_IEO_FEA_MD,1017_IEO_FEA_MD.wav,crema_d,1017,IEO,FEA,fear,medium,,,,,,,,,,male,42
1017_IEO_HAP_HI,crema_d_1017_IEO_HAP_HI,1017_IEO_HAP_HI.wav,crema_d,1017,IEO,HAP,happy,high,,,16000.0,1.93525,16000.0,3.0,0.65525,,,male,42
1017_IEO_HAP_LO,crema_d_1017_IEO_HAP_LO,1017_IEO_HAP_LO.wav,crema_d,1017,IEO,HAP,happy,low,,,16000.0,1.7684375,16000.0,3.0,0.1684375,,,male,42
1017_IEO_HAP_MD,crema_d_1017_IEO_HAP_MD,1017_IEO_HAP_MD.wav,crema_d,1017,IEO,HAP,happy,medium,,,16000.0,1.8351875,16000.0,3.0,0.0751875,,,male,42
1017_IEO_NEU_XX,crema_d_1017_IEO_NEU_XX,1017_IEO_NEU_XX.wav,crema_d,1017,IEO,NEU,neutral,unspecified,,,16000.0,1.901875,16000.0,3.0,0.0,,,male,42
1017_IEO_SAD_HI,crema_d_1017_IEO_SAD_HI,1017_IEO_SAD_HI.wav,crema_d,1017,IEO,SAD,sad,high,,,,,,,,,,male,42
1017_IEO_SAD_LO,crema_d_1017_IEO_SAD_LO,1017_IEO_SAD_LO.wav,crema_d,1017,IEO,SAD,sad,low,,,,,,,,,,male,42
1017_IEO_SAD_MD,crema_d_1017_IEO_SAD_MD,1017_IEO_SAD_MD.wav,crema_d,1017,IEO,SAD,sad,medium,,,,,,,,,,male,42
1017_IOM_ANG_XX,crema_d_1017_IOM_ANG_XX,1017_IOM_ANG_XX.wav,crema_d,1017,IOM,ANG,anger,unspecified,,,16000.0,2.56925,16000.0,3.0,0.39325,,,male,42
1017_IOM_DIS_XX,crema_d_1017_IOM_DIS_XX,1017_IOM_DIS_XX.wav,crema_d,1017,IOM,DIS,disgust,unspecified,,,,,,,,,,male,42
1017_IOM_FEA_XX,crema_d_1017_IOM_FEA_XX,1017_IOM_FEA_XX.wav,crema_d,1017,IOM,FEA,fear,unspecified,,,,,,,,,,male,42
1017_IOM_HAP_XX,crema_d_1017_IOM_HAP_XX,1017_IOM_HAP_XX.wav,crema_d,1017,IOM,HAP,happy,unspecified,,,16000.0,2.06875,16000.0,3.0,0.032,,,male,42
1017_IOM_NEU_XX,crema_d_1017_IOM_NEU_XX,1017_IOM_NEU_XX.wav,crema_d,1017,IOM,NEU,neutral,unspecified,,,16000.0,2.369,16000.0,3.0,1.281,,,male,42
1017_IOM_SAD_XX,crema_d_1017_IOM_SAD_XX,1017_IOM_SAD_XX.wav,crema_d,1017,IOM,SAD,sad,unspecified,,,,,,,,,,male,42
1017_ITH_ANG_XX,crema_d_1017_ITH_ANG_XX,1017_ITH_ANG_XX.wav,crema_d,1017,ITH,ANG,anger,unspecified,,,16000.0,3.103125,16000.0,3.0,0.0,,,male,42
1017_ITH_DIS_XX,crema_d_1017_ITH_DIS_XX,1017_ITH_DIS_XX.wav,crema_d,1017,ITH,DIS,disgust,unspecified,,,,,,,,,,male,42
1017_ITH_FEA_XX,crema_d_1017_ITH_FEA_XX,1017_ITH_FEA_XX.wav,crema_d,1017,ITH,FEA,fear,unspecified,,,,,,,,,,male,42
1017_ITH_HAP_XX,crema_d_1017_ITH_HAP_XX,1017_ITH_HAP_XX.wav,crema_d,1017,ITH,HAP,happy,unspecified,,,16000.0,1.8351875,16000.0,3.0,0.5871875,,,male,42
1017_ITH_NEU_XX,crema_d_1017_ITH_NEU_XX,1017_ITH_NEU_XX.wav,crema_d,1017,ITH,NEU,neutral,unspecified,,,16000.0,2.2021875,16000.0,3.0,0.0,,,male,42
1017_ITH_SAD_XX,crema_d_1017_ITH_SAD_XX,1017_ITH_SAD_XX.wav,crema_d,1017,ITH,SAD,sad,unspecified,,,,,,,,,,male,42
1017_ITS_ANG_XX,crema_d_1017_ITS_ANG_XX,1017_ITS_ANG_XX.wav,crema_d,1017,ITS,ANG,anger,unspecified,,,16000.0,2.402375,16000.0,3.0,0.0,,,male,42
1017_ITS_DIS_XX,crema_d_1017_ITS_DIS_XX,1017_ITS_DIS_XX.wav,crema_d,1017,ITS,DIS,disgust,unspecified,,,,,,,,,,male,42
1017_ITS_FEA_XX,crema_d_1017_ITS_FEA_XX,1017_ITS_FEA_XX.wav,crema_d,1017,ITS,FEA,fear,unspecified,,,,,,,,,,male,42
1017_ITS_HAP_XX,crema_d_1017_ITS_HAP_XX,1017_ITS_HAP_XX.wav,crema_d,1017,ITS,HAP,happy,unspecified,,,16000.0,2.035375,16000.0,3.0,0.851375,,,male,42
1017_ITS_NEU_XX,crema_d_1017_ITS_NEU_XX,1017_ITS_NEU_XX.wav,crema_d,1017,ITS,NEU,neutral,unspecified,,,16000.0,1.93525,16000.0,3.0,0.01525,,,male,42
1017_ITS_SAD_XX,crema_d_1017_ITS_SAD_XX,1017_ITS_SAD_XX.wav,crema_d,1017,ITS,SAD,sad,unspecified,,,,,,,,,,male,42
1017_IWL_ANG_XX,crema_d_1017_IWL_ANG_XX,1017_IWL_ANG_XX.wav,crema_d,1017,IWL,ANG,anger,unspecified,,,16000.0,1.8685,16000.0,3.0,0.6845,,,male,42
1017_IWL_DIS_XX,crema_d_1017_IWL_DIS_XX,1017_IWL_DIS_XX.wav,crema_d,1017,IWL,DIS,disgust,unspecified,,,,,,,,,,male,42
1017_IWL_FEA_XX,crema_d_1017_IWL_FEA_XX,1017_IWL_FEA_XX.wav,crema_d,1017,IWL,FEA,fear,unspecified,,,,,,,,,,male,42
1017_IWL_HAP_XX,crema_d_1017_IWL_HAP_XX,1017_IWL_HAP_XX.wav,crema_d,1017,IWL,HAP,happy,unspecified,,,16000.0,1.968625,16000.0,3.0,0.752625,,,male,42
1017_IWL_NEU_XX,crema_d_1017_IWL_NEU_XX,1017_IWL_NEU_XX.wav,crema_d,1017,IWL,NEU,neutral,unspecified,,,16000.0,2.1354375,16000.0,3.0,0.6954375,,,male,42
1017_IWL_SAD_XX,crema_d_1017_IWL_SAD_XX,1017_IWL_SAD_XX.wav,crema_d,1017,IWL,SAD,sad,unspecified,,,,,,,,,,male,42
1017_IWW_ANG_XX,crema_d_1017_IWW_ANG_XX,1017_IWW_ANG_XX.wav,crema_d,1017,IWW,ANG,anger,unspecified,,,16000.0,1.968625,16000.0,3.0,0.0,,,male,42
1017_IWW_DIS_XX,crema_d_1017_IWW_DIS_XX,1017_IWW_DIS_XX.wav,crema_d,1017,IWW,DIS,disgust,unspecified,,,,,,,,,,male,42
1017_IWW_FEA_XX,crema_d_1017_IWW_FEA_XX,1017_IWW_FEA_XX.wav,crema_d,1017,IWW,FEA,fear,unspecified,,,,,,,,,,male,42
1017_IWW_HAP_XX,crema_d_1017_IWW_HAP_XX,1017_IWW_HAP_XX.wav,crema_d,1017,IWW,HAP,happy,unspecified,,,16000.0,1.6349375,16000.0,3.0,0.1629375,,,male,42
1017_IWW_NEU_XX,crema_d_1017_IWW_NEU_XX,1017_IWW_NEU_XX.wav,crema_d,1017,IWW,NEU,neutral,unspecified,,,16000.0,1.7350625,16000.0,3.0,0.0390625,,,male,42
1017_IWW_SAD_XX,crema_d_1017_IWW_SAD_XX,1017_IWW_SAD_XX.wav,crema_d,1017,IWW,SAD,sad,unspecified,,,,,,,,,,male,42
1017_MTI_ANG_XX,crema_d_1017_MTI_ANG_XX,1017_MTI_ANG_XX.wav,crema_d,1017,MTI,ANG,anger,unspecified,,,16000.0,2.6359375,16000.0,3.0,0.4279375,,,male,42
1017_MTI_DIS_XX,crema_d_1017_MTI_DIS_XX,1017_MTI_DIS_XX.wav,crema_d,1017,MTI,DIS,disgust,unspecified,,,,,,,,,,male,42
1017_MTI_FEA_XX,crema_d_1017_MTI_FEA_XX,1017_MTI_FEA_XX.wav,crema_d,1017,MTI,FEA,fear,unspecified,,,,,,,,,,male,42
1017_MTI_HAP_XX,crema_d_1017_MTI_HAP_XX,1017_MTI_HAP_XX.wav,crema_d,1017,MTI,HAP,happy,unspecified,,,16000.0,2.102125,16000.0,3.0,0.566125,,,male,42
1017_MTI_NEU_XX,crema_d_1017_MTI_NEU_XX,1017_MTI_NEU_XX.wav,crema_d,1017,MTI,NEU,neutral,unspecified,,,16000.0,1.93525,16000.0,3.0,0.04725,,,male,42
1017_MTI_SAD_XX,crema_d_1017_MTI_SAD_XX,1017_MTI_SAD_XX.wav,crema_d,1017,MTI,SAD,sad,unspecified,,,,,,,,,,male,42
1017_TAI_ANG_XX,crema_d_1017_TAI_ANG_XX,1017_TAI_ANG_XX.wav,crema_d,1017,TAI,ANG,anger,unspecified,,,16000.0,2.102125,16000.0,3.0,0.726125,,,male,42
1017_TAI_DIS_XX,crema_d_1017_TAI_DIS_XX,1017_TAI_DIS_XX.wav,crema_d,1017,TAI,DIS,disgust,unspecified,,,,,,,,,,male,42
1017_TAI_FEA_XX,crema_d_1017_TAI_FEA_XX,1017_TAI_FEA_XX.wav,crema_d,1017,TAI,FEA,fear,unspecified,,,,,,,,,,male,42
1017_TAI_HAP_XX,crema_d_1017_TAI_HAP_XX,1017_TAI_HAP_XX.wav,crema_d,1017,TAI,HAP,happy,unspecified,,,16000.0,2.035375,16000.0,3.0,0.032,,,male,42
1017_TAI_NEU_XX,crema_d_1017_TAI_NEU_XX,1017_TAI_NEU_XX.wav,crema_d,1017,TAI,NEU,neutral,unspecified,,,16000.0,2.369,16000.0,3.0,0.0,,,male,42
1017_TAI_SAD_XX,crema_d_1017_TAI_SAD_XX,1017_TAI_SAD_XX.wav,crema_d,1017,TAI,SAD,sad,unspecified,,,,,,,,,,male,42
1017_TIE_ANG_XX,crema_d_1017_TIE_ANG_XX,1017_TIE_ANG_XX.wav,crema_d,1017,TIE,ANG,anger,unspecified,,,16000.0,3.7036875,16000.0,3.0,0.0,,,male,42
1017_TIE_DIS_XX,crema_d_1017_TIE_DIS_XX,1017_TIE_DIS_XX.wav,crema_d,1017,TIE,DIS,disgust,unspecified,,,,,,,,,,male,42
1017_TIE_FEA_XX,crema_d_1017_TIE_FEA_XX,1017_TIE_FEA_XX.wav,crema_d,1017,TIE,FEA,fear,unspecified,,,,,,,,,,male,42
1017_TIE_HAP_XX,crema_d_1017_TIE_HAP_XX,1017_TIE_HAP_XX.wav,crema_d,1017,TIE,HAP,happy,unspecified,,,16000.0,2.2021875,16000.0,3.0,0.0261875,,,male,42
1017_TIE_NEU_XX,crema_d_1017_TIE_NEU_XX,1017_TIE_NEU_XX.wav,crema_d,1017,TIE,NEU,neutral,unspecified,,,16000.0,2.7694375,16000.0,3.0,0.0,,,male,42
1017_TIE_SAD_XX,crema_d_1017_TIE_SAD_XX,1017_TIE_SAD_XX.wav,crema_d,1017,TIE,SAD,sad,unspecified,,,,,,,,,,male,42
1017_TSI_ANG_XX,crema_d_1017_TSI_ANG_XX,1017_TSI_ANG_XX.wav,crema_d,1017,TSI,ANG,anger,unspecified,,,16000.0,2.469125,16000.0,3.0,0.069125,,,male,42
1017_TSI_DIS_XX,crema_d_1017_TSI_DIS_XX,1017_TSI_DIS_XX.wav,crema_d,1017,TSI,DIS,disgust,unspecified,,,,,,,,,,male,42
1017_TSI_FEA_XX,crema_d_1017_TSI_FEA_XX,1017_TSI_FEA_XX.wav,crema_d,1017,TSI,FEA,fear,unspecified,,,,,,,,,,male,42
1017_TSI_HAP_XX,crema_d_1017_TSI_HAP_XX,1017_TSI_HAP_XX.wav,crema_d,1017,TSI,HAP,happy,unspecified,,,16000.0,1.8351875,16000.0,3.0,0.7151875,,,male,42
1017_TSI_NEU_XX,crema_d_1017_TSI_NEU_XX,1017_TSI_NEU_XX.wav,crema_d,1017,TSI,NEU,neutral,unspecified,,,16000.0,1.6683125,16000.0,3.0,0.0,,,male,42
1017_TSI_SAD_XX,crema_d_1017_TSI_SAD_XX,1017_TSI_SAD_XX.wav,crema_d,1017,TSI,SAD,sad,unspecified,,,,,,,,,,male,42
1017_WSI_ANG_XX,crema_d_1017_WSI_ANG_XX,1017_WSI_ANG_XX.wav,crema_d,1017,WSI,ANG,anger,unspecified,,,16000.0,2.3356875,16000.0,3.0,0.3836875,,,male,42
1017_WSI_DIS_XX,crema_d_1017_WSI_DIS_XX,1017_WSI_DIS_XX.wav,crema_d,1017,WSI,DIS,disgust,unspecified,,,,,,,,,,male,42
1017_WSI_FEA_XX,crema_d_1017_WSI_FEA_XX,1017_WSI_FEA_XX.wav,crema_d,1017,WSI,FEA,fear,unspecified,,,,,,,,,,male,42
1017_WSI_HAP_XX,crema_d_1017_WSI_HAP_XX,1017_WSI_HAP_XX.wav,crema_d,1017,WSI,HAP,happy,unspecified,,,16000.0,1.56825,16000.0,3.0,0.32025,,,male,42
1017_WSI_NEU_XX,crema_d_1017_WSI_NEU_XX,1017_WSI_NEU_XX.wav,crema_d,1017,WSI,NEU,neutral,unspecified,,,16000.0,2.2021875,16000.0,3.0,0.8261875,,,male,42
1017_WSI_SAD_XX,crema_d_1017_WSI_SAD_XX,1017_WSI_SAD_XX.wav,crema_d,1017,WSI,SAD,sad,unspecified,,,,,,,,,,male,42
1018_DFA_ANG_XX,crema_d_1018_DFA_ANG_XX,1018_DFA_ANG_XX.wav,crema_d,1018,DFA,ANG,anger,unspecified,,,16000.0,1.968625,16000.0,3.0,0.720625,,,female,25
1018_DFA_DIS_XX,crema_d_1018_DFA_DIS_XX,1018_DFA_DIS_XX.wav,crema_d,1018,DFA,DIS,disgust,unspecified,,,,,,,,,,female,25
1018_DFA_FEA_XX,crema_d_1018_DFA_FEA_XX,1018_DFA_FEA_XX.wav,crema_d,1018,DFA,FEA,fear,unspecified,,,,,,,,,,female,25
1018_DFA_HAP_XX,crema_d_1018_DFA_HAP_XX,1018_DFA_HAP_XX.wav,crema_d,1018,DFA,HAP,happy,unspecified,,,16000.0,1.6349375,16000.0,3.0,0.7069375,,,female,25
1018_DFA_NEU_XX,crema_d_1018_DFA_NEU_XX,1018_DFA_NEU_XX.wav,crema_d,1018,DFA,NEU,neutral,unspecified,,,16000.0,2.002,16000.0,3.0,0.018,,,female,25
1018_DFA_SAD_XX,crema_d_1018_DFA_SAD_XX,1018_DFA_SAD_XX.wav,crema_d,1018,DFA,SAD,sad,unspecified,,,,,,,,,,female,25
1018_IEO_ANG_HI,crema_d_1018_IEO_ANG_HI,1018_IEO_ANG_HI.wav,crema_d,1018,IEO,ANG,anger,high,,,16000.0,2.7026875,16000.0,3.0,1.4546875,,,female,25
1018_IEO_ANG_LO,crema_d_1018_IEO_ANG_LO,1018_IEO_ANG_LO.wav,crema_d,1018,IEO,ANG,anger,low,,,16000.0,2.3023125,16000.0,3.0,0.3183125,,,female,25
1018_IEO_ANG_MD,crema_d_1018_IEO_ANG_MD,1018_IEO_ANG_MD.wav,crema_d,1018,IEO,ANG,anger,medium,,,16000.0,1.901875,16000.0,3.0,0.557875,,,female,25
1018_IEO_DIS_HI,crema_d_1018_IEO_DIS_HI,1018_IEO_DIS_HI.wav,crema_d,1018,IEO,DIS,disgust,high,,,,,,,,,,female,25
1018_IEO_DIS_LO,crema_d_1018_IEO_DIS_LO,1018_IEO_DIS_LO.wav,crema_d,1018,IEO,DIS,disgust,low,,,,,,,,,,female,25
1018_IEO_DIS_MD,crema_d_1018_IEO_DIS_MD,1018_IEO_DIS_MD.wav,crema_d,1018,IEO,DIS,disgust,medium,,,,,,,,,,female,25
1018_IEO_FEA_HI,crema_d_1018_IEO_FEA_HI,1018_IEO_FEA_HI.wav,crema_d,1018,IEO,FEA,fear,high,,,,,,,,,,female,25
1018_IEO_FEA_LO,crema_d_1018_IEO_FEA_LO,1018_IEO_FEA_LO.wav,crema_d,1018,IEO,FEA,fear,low,,,,,,,,,,female,25
1018_IEO_FEA_MD,crema_d_1018_IEO_FEA_MD,1018_IEO_FEA_MD.wav,crema_d,1018,IEO,FEA,fear,medium,,,,,,,,,,female,25
1018_IEO_HAP_HI,crema_d_1018_IEO_HAP_HI,1018_IEO_HAP_HI.wav,crema_d,1018,IEO,HAP,happy,high,,,16000.0,2.3023125,16000.0,3.0,1.2463125,,,female,25
1018_IEO_HAP_LO,crema_d_1018_IEO_HAP_LO,1018_IEO_HAP_LO.wav,crema_d,1018,IEO,HAP,happy,low,,,16000.0,1.8018125,16000.0,3.0,0.0,,,female,25
1018_IEO_HAP_MD,crema_d_1018_IEO_HAP_MD,1018_IEO_HAP_MD.wav,crema_d,1018,IEO,HAP,happy,medium,,,16000.0,1.6349375,16000.0,3.0,0.0349375,,,female,25
1018_IEO_NEU_XX,crema_d_1018_IEO_NEU_XX,1018_IEO_NEU_XX.wav,crema_d,1018,IEO,NEU,neutral,unspecified,,,16000.0,2.002,16000.0,3.0,0.0,,,female,25
1018_IEO_SAD_HI,crema_d_1018_IEO_SAD_HI,1018_IEO_SAD_HI.wav,crema_d,1018,IEO,SAD,sad,high,,,,,,,,,,female,25
1018_IEO_SAD_LO,crema_d_1018_IEO_SAD_LO,1018_IEO_SAD_LO.wav,crema_d,1018,IEO,SAD,sad,low,,,,,,,,,,female,25
1018_IEO_SAD_MD,crema_d_1018_IEO_SAD_MD,1018_IEO_SAD_MD.wav,crema_d,1018,IEO,SAD,sad,medium,,,,,,,,,,female,25
1018_IOM_ANG_XX,crema_d_1018_IOM_ANG_XX,1018_IOM_ANG_XX.wav,crema_d,1018,IOM,ANG,anger,unspecified,,,16000.0,2.06875,16000.0,3.0,0.46875,,,female,25
1018_IOM_DIS_XX,crema_d_1018_IOM_DIS_XX,1018_IOM_DIS_XX.wav,crema_d,1018,IOM,DIS,disgust,unspecified,,,,,,,,,,female,25
1018_IOM_FEA_XX,crema_d_1018_IOM_FEA_XX,1018_IOM_FEA_XX.wav,crema_d,1018,IOM,FEA,fear,unspecified,,,,,,,,,,female,25
1018_IOM_HAP_XX,crema_d_1018_IOM_HAP_XX,1018_IOM_HAP_XX.wav,crema_d,1018,IOM,HAP,happy,unspecified,,,16000.0,2.3023125,16000.0,3.0,1.0223125,,,female,25
1018_IOM_NEU_XX,crema_d_1018_IOM_NEU_XX,1018_IOM_NEU_XX.wav,crema_d,1018,IOM,NEU,neutral,unspecified,,,16000.0,1.968625,16000.0,3.0,0.0,,,female,25
1018_IOM_SAD_XX,crema_d_1018_IOM_SAD_XX,1018_IOM_SAD_XX.wav,crema_d,1018,IOM,SAD,sad,unspecified,,,,,,,,,,female,25
1018_ITH_ANG_XX,crema_d_1018_ITH_ANG_XX,1018_ITH_ANG_XX.wav,crema_d,1018,ITH,ANG,anger,unspecified,,,16000.0,2.8361875,16000.0,3.0,0.8201875,,,female,25
1018_ITH_DIS_XX,crema_d_1018_ITH_DIS_XX,1018_ITH_DIS_XX.wav,crema_d,1018,ITH,DIS,disgust,unspecified,,,,,,,,,,female,25
1018_ITH_FEA_XX,crema_d_1018_ITH_FEA_XX,1018_ITH_FEA_XX.wav,crema_d,1018,ITH,FEA,fear,unspecified,,,,,,,,,,female,25
1018_ITH_HAP_XX,crema_d_1018_ITH_HAP_XX,1018_ITH_HAP_XX.wav,crema_d,1018,ITH,HAP,happy,unspecified,,,16000.0,2.002,16000.0,3.0,0.466,,,female,25
1018_ITH_NEU_XX,crema_d_1018_ITH_NEU_XX,1018_ITH_NEU_XX.wav,crema_d,1018,ITH,NEU,neutral,unspecified,,,16000.0,2.2021875,16000.0,3.0,0.0,,,female,25
1018_ITH_SAD_XX,crema_d_1018_ITH_SAD_XX,1018_ITH_SAD_XX.wav,crema_d,1018,ITH,SAD,sad,unspecified,,,,,,,,,,female,25
1018_ITS_ANG_XX,crema_d_1018_ITS_ANG_XX,1018_ITS_ANG_XX.wav,crema_d,1018,ITS,ANG,anger,unspecified,,,16000.0,2.402375,16000.0,3.0,0.834375,,,female,25
1018_ITS_DIS_XX,crema_d_1018_ITS_DIS_XX,1018_ITS_DIS_XX.wav,crema_d,1018,ITS,DIS,disgust,unspecified,,,,,,,,,,female,25
1018_ITS_FEA_XX,crema_d_1018_ITS_FEA_XX,1018_ITS_FEA_XX.wav,crema_d,1018,ITS,FEA,fear,unspecified,,,,,,,,,,female,25
1018_ITS_HAP_XX,crema_d_1018_ITS_HAP_XX,1018_ITS_HAP_XX.wav,crema_d,1018,ITS,HAP,happy,unspecified,,,16000.0,1.901875,16000.0,3.0,0.621875,,,female,25
1018_ITS_NEU_XX,crema_d_1018_ITS_NEU_XX,1018_ITS_NEU_XX.wav,crema_d,1018,ITS,NEU,neutral,unspecified,,,16000.0,2.3356875,16000.0,3.0,0.0,,,female,25
1018_ITS_SAD_XX,crema_d_1018_ITS_SAD_XX,1018_ITS_SAD_XX.wav,crema_d,1018,ITS,SAD,sad,unspecified,,,,,,,,,,female,25
1018_IWL_ANG_XX,crema_d_1018_IWL_ANG_XX,1018_IWL_ANG_XX.wav,crema_d,1018,IWL,ANG,anger,unspecified,,,16000.0,2.1354375,16000.0,3.0,0.6634375,,,female,25
1018_IWL_DIS_XX,crema_d_1018_IWL_DIS_XX,1018_IWL_DIS_XX.wav,crema_d,1018,IWL,DIS,disgust,unspecified,,,,,,,,,,female,25
1018_IWL_FEA_XX,crema_d_1018_IWL_FEA_XX,1018_IWL_FEA_XX.wav,crema_d,1018,IWL,FEA,fear,unspecified,,,,,,,,,,female,25
1018_IWL_HAP_XX,crema_d_1018_IWL_HAP_XX,1018_IWL_HAP_XX.wav,crema_d,1018,IWL,HAP,happy,unspecified,,,16000.0,2.102125,16000.0,3.0,0.758125,,,female,25
1018_IWL_NEU_XX,crema_d_1018_IWL_NEU_XX,1018_IWL_NEU_XX.wav,crema_d,1018,IWL,NEU,neutral,unspecified,,,16000.0,2.002,16000.0,3.0,0.032,,,female,25
1018_IWL_SAD_XX,crema_d_1018_IWL_SAD_XX,1018_IWL_SAD_XX.wav,crema_d,1018,IWL,SAD,sad,unspecified,,,,,,,,,,female,25
1018_IWW_ANG_XX,crema_d_1018_IWW_ANG_XX,1018_IWW_ANG_XX.wav,crema_d,1018,IWW,ANG,anger,unspecified,,,16000.0,2.102125,16000.0,3.0,0.790125,,,female,25
1018_IWW_DIS_XX,crema_d_1018_IWW_DIS_XX,1018_IWW_DIS_XX.wav,crema_d,1018,IWW,DIS,disgust,unspecified,,,,,,,,,,female,25
1018_IWW_FEA_XX,crema_d_1018_IWW_FEA_XX,1018_IWW_FEA_XX.wav,crema_d,1018,IWW,FEA,fear,unspecified,,,,,,,,,,female,25
1018_IWW_HAP_XX,crema_d_1018_IWW_HAP_XX,1018_IWW_HAP_XX.wav,crema_d,1018,IWW,HAP,happy,unspecified,,,16000.0,1.968625,16000.0,3.0,0.080625,,,female,25
1018_IWW_NEU_XX,crema_d_1018_IWW_NEU_XX,1018_IWW_NEU_XX.wav,crema_d,1018,IWW,NEU,neutral,unspecified,,,16000.0,2.2755625,16000.0,3.0,0.1315625,,,female,25
1018_IWW_SAD_XX,crema_d_1018_IWW_SAD_XX,1018_IWW_SAD_XX.wav,crema_d,1018,IWW,SAD,sad,unspecified,,,,,,,,,,female,25
1018_MTI_ANG_XX,crema_d_1018_MTI_ANG_XX,1018_MTI_ANG_XX.wav,crema_d,1018,MTI,ANG,anger,unspecified,,,16000.0,2.035375,16000.0,3.0,0.531375,,,female,25
1018_MTI_DIS_XX,crema_d_1018_MTI_DIS_XX,1018_MTI_DIS_XX.wav,crema_d,1018,MTI,DIS,disgust,unspecified,,,,,,,,,,female,25
1018_MTI_FEA_XX,crema_d_1018_MTI_FEA_XX,1018_MTI_FEA_XX.wav,crema_d,1018,MTI,FEA,fear,unspecified,,,,,,,,,,female,25
1018_MTI_HAP_XX,crema_d_1018_MTI_HAP_XX,1018_MTI_HAP_XX.wav,crema_d,1018,MTI,HAP,happy,unspecified,,,16000.0,1.968625,16000.0,3.0,0.464625,,,female,25
1018_MTI_NEU_XX,crema_d_1018_MTI_NEU_XX,1018_MTI_NEU_XX.wav,crema_d,1018,MTI,NEU,neutral,unspecified,,,16000.0,2.2755625,16000.0,3.0,0.0,,,female,25
1018_MTI_SAD_XX,crema_d_1018_MTI_SAD_XX,1018_MTI_SAD_XX.wav,crema_d,1018,MTI,SAD,sad,unspecified,,,,,,,,,,female,25
1018_TAI_ANG_XX,crema_d_1018_TAI_ANG_XX,1018_TAI_ANG_XX.wav,crema_d,1018,TAI,ANG,anger,unspecified,,,16000.0,2.6693125,16000.0,3.0,0.7813125,,,female,25
1018_TAI_DIS_XX,crema_d_1018_TAI_DIS_XX,1018_TAI_DIS_XX.wav,crema_d,1018,TAI,DIS,disgust,unspecified,,,,,,,,,,female,25
1018_TAI_FEA_XX,crema_d_1018_TAI_FEA_XX,1018_TAI_FEA_XX.wav,crema_d,1018,TAI,FEA,fear,unspecified,,,,,,,,,,female,25
1018_TAI_HAP_XX,crema_d_1018_TAI_HAP_XX,1018_TAI_HAP_XX.wav,crema_d,1018,TAI,HAP,happy,unspecified,,,16000.0,2.002,16000.0,3.0,0.562,,,female,25
1018_TAI_NEU_XX,crema_d_1018_TAI_NEU_XX,1018_TAI_NEU_XX.wav,crema_d,1018,TAI,NEU,neutral,unspecified,,,16000.0,2.3356875,16000.0,3.0,0.0,,,female,25
1018_TAI_SAD_XX,crema_d_1018_TAI_SAD_XX,1018_TAI_SAD_XX.wav,crema_d,1018,TAI,SAD,sad,unspecified,,,,,,,,,,female,25
1018_TIE_ANG_XX,crema_d_1018_TIE_ANG_XX,1018_TIE_ANG_XX.wav,crema_d,1018,TIE,ANG,anger,unspecified,,,16000.0,3.6369375,16000.0,3.0,1.7809375,,,female,25
1018_TIE_DIS_XX,crema_d_1018_TIE_DIS_XX,1018_TIE_DIS_XX.wav,crema_d,1018,TIE,DIS,disgust,unspecified,,,,,,,,,,female,25
1018_TIE_FEA_XX,crema_d_1018_TIE_FEA_XX,1018_TIE_FEA_XX.wav,crema_d,1018,TIE,FEA,fear,unspecified,,,,,,,,,,female,25
1018_TIE_HAP_XX,crema_d_1018_TIE_HAP_XX,1018_TIE_HAP_XX.wav,crema_d,1018,TIE,HAP,happy,unspecified,,,16000.0,2.2355625,16000.0,3.0,0.8915625,,,female,25
1018_TIE_NEU_XX,crema_d_1018_TIE_NEU_XX,1018_TIE_NEU_XX.wav,crema_d,1018,TIE,NEU,neutral,unspecified,,,16000.0,2.469125,16000.0,3.0,0.069125,,,female,25
1018_TIE_SAD_XX,crema_d_1018_TIE_SAD_XX,1018_TIE_SAD_XX.wav,crema_d,1018,TIE,SAD,sad,unspecified,,,,,,,,,,female,25
1018_TSI_ANG_XX,crema_d_1018_TSI_ANG_XX,1018_TSI_ANG_XX.wav,crema_d,1018,TSI,ANG,anger,unspecified,,,16000.0,1.901875,16000.0,3.0,0.717875,,,female,25
1018_TSI_DIS_XX,crema_d_1018_TSI_DIS_XX,1018_TSI_DIS_XX.wav,crema_d,1018,TSI,DIS,disgust,unspecified,,,,,,,,,,female,25
1018_TSI_FEA_XX,crema_d_1018_TSI_FEA_XX,1018_TSI_FEA_XX.wav,crema_d,1018,TSI,FEA,fear,unspecified,,,,,,,,,,female,25
1018_TSI_HAP_XX,crema_d_1018_TSI_HAP_XX,1018_TSI_HAP_XX.wav,crema_d,1018,TSI,HAP,happy,unspecified,,,16000.0,1.5015,16000.0,3.0,0.0935,,,female,25
1018_TSI_NEU_XX,crema_d_1018_TSI_NEU_XX,1018_TSI_NEU_XX.wav,crema_d,1018,TSI,NEU,neutral,unspecified,,,16000.0,1.601625,16000.0,3.0,0.0,,,female,25
1018_TSI_SAD_XX,crema_d_1018_TSI_SAD_XX,1018_TSI_SAD_XX.wav,crema_d,1018,TSI,SAD,sad,unspecified,,,,,,,,,,female,25
1018_WSI_ANG_XX,crema_d_1018_WSI_ANG_XX,1018_WSI_ANG_XX.wav,crema_d,1018,WSI,ANG,anger,unspecified,,,16000.0,2.2021875,16000.0,3.0,0.6021875,,,female,25
1018_WSI_DIS_XX,crema_d_1018_WSI_DIS_XX,1018_WSI_DIS_XX.wav,crema_d,1018,WSI,DIS,disgust,unspecified,,,,,,,,,,female,25
1018_WSI_FEA_XX,crema_d_1018_WSI_FEA_XX,1018_WSI_FEA_XX.wav,crema_d,1018,WSI,FEA,fear,unspecified,,,,,,,,,,female,25
1018_WSI_HAP_XX,crema_d_1018_WSI_HAP_XX,1018_WSI_HAP_XX.wav,crema_d,1018,WSI,HAP,happy,unspecified,,,16000.0,2.1354375,16000.0,3.0,0.6634375,,,female,25
1018_WSI_NEU_XX,crema_d_1018_WSI_NEU_XX,1018_WSI_NEU_XX.wav,crema_d,1018,WSI,NEU,neutral,unspecified,,,16000.0,2.469125,16000.0,3.0,0.101125,,,female,25
1018_WSI_SAD_XX,crema_d_1018_WSI_SAD_XX,1018_WSI_SAD_XX.wav,crema_d,1018,WSI,SAD,sad,unspecified,,,,,,,,,,female,25
1019_DFA_ANG_XX,crema_d_1019_DFA_ANG_XX,1019_DFA_ANG_XX.wav,crema_d,1019,DFA,ANG,anger,unspecified,,,16000.0,1.6683125,16000.0,3.0,0.5803125,,,male,29
1019_DFA_DIS_XX,crema_d_1019_DFA_DIS_XX,1019_DFA_DIS_XX.wav,crema_d,1019,DFA,DIS,disgust,unspecified,,,,,,,,,,male,29
1019_DFA_FEA_XX,crema_d_1019_DFA_FEA_XX,1019_DFA_FEA_XX.wav,crema_d,1019,DFA,FEA,fear,unspecified,,,,,,,,,,male,29
1019_DFA_HAP_XX,crema_d_1019_DFA_HAP_XX,1019_DFA_HAP_XX.wav,crema_d,1019,DFA,HAP,happy,unspecified,,,16000.0,2.2755625,16000.0,3.0,0.2915625,,,male,29
1019_DFA_NEU_XX,crema_d_1019_DFA_NEU_XX,1019_DFA_NEU_XX.wav,crema_d,1019,DFA,NEU,neutral,unspecified,,,16000.0,1.56825,16000.0,3.0,0.19225,,,male,29
1019_DFA_SAD_XX,crema_d_1019_DFA_SAD_XX,1019_DFA_SAD_XX.wav,crema_d,1019,DFA,SAD,sad,unspecified,,,,,,,,,,male,29
1019_IEO_ANG_HI,crema_d_1019_IEO_ANG_HI,1019_IEO_ANG_HI.wav,crema_d,1019,IEO,ANG,anger,high,,,16000.0,2.102125,16000.0,3.0,0.726125,,,male,29
1019_IEO_ANG_LO,crema_d_1019_IEO_ANG_LO,1019_IEO_ANG_LO.wav,crema_d,1019,IEO,ANG,anger,low,,,16000.0,1.93525,16000.0,3.0,0.59125,,,male,29
1019_IEO_ANG_MD,crema_d_1019_IEO_ANG_MD,1019_IEO_ANG_MD.wav,crema_d,1019,IEO,ANG,anger,medium,,,16000.0,1.8685,16000.0,3.0,0.6525,,,male,29
1019_IEO_DIS_HI,crema_d_1019_IEO_DIS_HI,1019_IEO_DIS_HI.wav,crema_d,1019,IEO,DIS,disgust,high,,,,,,,,,,male,29
1019_IEO_DIS_LO,crema_d_1019_IEO_DIS_LO,1019_IEO_DIS_LO.wav,crema_d,1019,IEO,DIS,disgust,low,,,,,,,,,,male,29
1019_IEO_DIS_MD,crema_d_1019_IEO_DIS_MD,1019_IEO_DIS_MD.wav,crema_d,1019,IEO,DIS,disgust,medium,,,,,,,,,,male,29
1019_IEO_FEA_HI,crema_d_1019_IEO_FEA_HI,1019_IEO_FEA_HI.wav,crema_d,1019,IEO,FEA,fear,high,,,,,,,,,,male,29
1019_IEO_FEA_LO,crema_d_1019_IEO_FEA_LO,1019_IEO_FEA_LO.wav,crema_d,1019,IEO,FEA,fear,low,,,,,,,,,,male,29
1019_IEO_FEA_MD,crema_d_1019_IEO_FEA_MD,1019_IEO_FEA_MD.wav,crema_d,1019,IEO,FEA,fear,medium,,,,,,,,,,male,29
1019_IEO_HAP_HI,crema_d_1019_IEO_HAP_HI,1019_IEO_HAP_HI.wav,crema_d,1019,IEO,HAP,happy,high,,,16000.0,2.002,16000.0,3.0,1.042,,,male,29
1019_IEO_HAP_LO,crema_d_1019_IEO_HAP_LO,1019_IEO_HAP_LO.wav,crema_d,1019,IEO,HAP,happy,low,,,16000.0,1.7684375,16000.0,3.0,0.5844375,,,male,29
1019_IEO_HAP_MD,crema_d_1019_IEO_HAP_MD,1019_IEO_HAP_MD.wav,crema_d,1019,IEO,HAP,happy,medium,,,16000.0,1.93525,16000.0,3.0,0.20725,,,male,29
1019_IEO_NEU_XX,crema_d_1019_IEO_NEU_XX,1019_IEO_NEU_XX.wav,crema_d,1019,IEO,NEU,neutral,unspecified,,,16000.0,1.8018125,16000.0,3.0,0.9058125,,,male,29
1019_IEO_SAD_HI,crema_d_1019_IEO_SAD_HI,1019_IEO_SAD_HI.wav,crema_d,1019,IEO,SAD,sad,high,,,,,,,,,,male,29
1019_IEO_SAD_LO,crema_d_1019_IEO_SAD_LO,1019_IEO_SAD_LO.wav,crema_d,1019,IEO,SAD,sad,low,,,,,,,,,,male,29
1019_IEO_SAD_MD,crema_d_1019_IEO_SAD_MD,1019_IEO_SAD_MD.wav,crema_d,1019,IEO,SAD,sad,medium,,,,,,,,,,male,29
1019_IOM_ANG_XX,crema_d_1019_IOM_ANG_XX,1019_IOM_ANG_XX.wav,crema_d,1019,IOM,ANG,anger,unspecified,,,16000.0,2.5025,16000.0,3.0,0.7745,,,male,29
1019_IOM_DIS_XX,crema_d_1019_IOM_DIS_XX,1019_IOM_DIS_XX.wav,crema_d,1019,IOM,DIS,disgust,unspecified,,,,,,,,,,male,29
1019_IOM_FEA_XX,crema_d_1019_IOM_FEA_XX,1019_IOM_FEA_XX.wav,crema_d,1019,IOM,FEA,fear,unspecified,,,,,,,,,,male,29
1019_IOM_HAP_XX,crema_d_1019_IOM_HAP_XX,1019_IOM_HAP_XX.wav,crema_d,1019,IOM,HAP,happy,unspecified,,,16000.0,2.2755625,16000.0,3.0,0.1635625,,,male,29
1019_IOM_NEU_XX,crema_d_1019_IOM_NEU_XX,1019_IOM_NEU_XX.wav,crema_d,1019,IOM,NEU,neutral,unspecified,,,16000.0,1.8685,16000.0,3.0,0.6205,,,male,29
1019_IOM_SAD_XX,crema_d_1019_IOM_SAD_XX,1019_IOM_SAD_XX.wav,crema_d,1019,IOM,SAD,sad,unspecified,,,,,,,,,,male,29
1019_ITS_ANG_XX,crema_d_1019_ITS_ANG_XX,1019_ITS_ANG_XX.wav,crema_d,1019,ITS,ANG,anger,unspecified,,,16000.0,2.1688125,16000.0,3.0,0.8248125,,,male,29
1019_ITS_DIS_XX,crema_d_1019_ITS_DIS_XX,1019_ITS_DIS_XX.wav,crema_d,1019,ITS,DIS,disgust,unspecified,,,,,,,,,,male,29
1019_ITS_FEA_XX,crema_d_1019_ITS_FEA_XX,1019_ITS_FEA_XX.wav,crema_d,1019,ITS,FEA,fear,unspecified,,,,,,,,,,male,29
1019_ITS_HAP_XX,crema_d_1019_ITS_HAP_XX,1019_ITS_HAP_XX.wav,crema_d,1019,ITS,HAP,happy,unspecified,,,16000.0,3.2365625,16000.0,3.0,0.0365625,,,male,29
1019_ITS_NEU_XX,crema_d_1019_ITS_NEU_XX,1019_ITS_NEU_XX.wav,crema_d,1019,ITS,NEU,neutral,unspecified,,,16000.0,1.7684375,16000.0,3.0,0.032,,,male,29
1019_ITS_SAD_XX,crema_d_1019_ITS_SAD_XX,1019_ITS_SAD_XX.wav,crema_d,1019,ITS,SAD,sad,unspecified,,,,,,,,,,male,29
1019_IWL_ANG_XX,crema_d_1019_IWL_ANG_XX,1019_IWL_ANG_XX.wav,crema_d,1019,IWL,ANG,anger,unspecified,,,16000.0,2.2755625,16000.0,3.0,0.5475625,,,male,29
1019_IWL_DIS_XX,crema_d_1019_IWL_DIS_XX,1019_IWL_DIS_XX.wav,crema_d,1019,IWL,DIS,disgust,unspecified,,,,,,,,,,male,29
1019_IWL_FEA_XX,crema_d_1019_IWL_FEA_XX,1019_IWL_FEA_XX.wav,crema_d,1019,IWL,FEA,fear,unspecified,,,,,,,,,,male,29
1019_IWL_HAP_XX,crema_d_1019_IWL_HAP_XX,1019_IWL_HAP_XX.wav,crema_d,1019,IWL,HAP,happy,unspecified,,,16000.0,2.469125,16000.0,3.0,1.125125,,,male,29
1019_IWL_NEU_XX,crema_d_1019_IWL_NEU_XX,1019_IWL_NEU_XX.wav,crema_d,1019,IWL,NEU,neutral,unspecified,,,16000.0,2.1688125,16000.0,3.0,0.16,,,male,29
1019_IWL_SAD_XX,crema_d_1019_IWL_SAD_XX,1019_IWL_SAD_XX.wav,crema_d,1019,IWL,SAD,sad,unspecified,,,,,,,,,,male,29
1019_IWW_ANG_XX,crema_d_1019_IWW_ANG_XX,1019_IWW_ANG_XX.wav,crema_d,1019,IWW,ANG,anger,unspecified,,,16000.0,2.402375,16000.0,3.0,0.706375,,,male,29
1019_IWW_DIS_XX,crema_d_1019_IWW_DIS_XX,1019_IWW_DIS_XX.wav,crema_d,1019,IWW,DIS,disgust,unspecified,,,,,,,,,,male,29
1019_IWW_FEA_XX,crema_d_1019_IWW_FEA_XX,1019_IWW_FEA_XX.wav,crema_d,1019,IWW,FEA,fear,unspecified,,,,,,,,,,male,29
1019_IWW_HAP_XX,crema_d_1019_IWW_HAP_XX,1019_IWW_HAP_XX.wav,crema_d,1019,IWW,HAP,happy,unspecified,,,16000.0,2.602625,16000.0,3.0,0.042625,,,male,29
1019_IWW_NEU_XX,crema_d_1019_IWW_NEU_XX,1019_IWW_NEU_XX.wav,crema_d,1019,IWW,NEU,neutral,unspecified,,,16000.0,1.8351875,16000.0,3.0,0.7471875,,,male,29
1019_IWW_SAD_XX,crema_d_1019_IWW_SAD_XX,1019_IWW_SAD_XX.wav,crema_d,1019,IWW,SAD,sad,unspecified,,,,,,,,,,male,29
1019_MTI_ANG_XX,crema_d_1019_MTI_ANG_XX,1019_MTI_ANG_XX.wav,crema_d,1019,MTI,ANG,anger,unspecified,,,16000.0,1.901875,16000.0,3.0,0.429875,,,male,29
1019_MTI_DIS_XX,crema_d_1019_MTI_DIS_XX,1019_MTI_DIS_XX.wav,crema_d,1019,MTI,DIS,disgust,unspecified,,,,,,,,,,male,29
1019_MTI_FEA_XX,crema_d_1019_MTI_FEA_XX,1019_MTI_FEA_XX.wav,crema_d,1019,MTI,FEA,fear,unspecified,,,,,,,,,,male,29
1019_MTI_HAP_XX,crema_d_1019_MTI_HAP_XX,1019_MTI_HAP_XX.wav,crema_d,1019,MTI,HAP,happy,unspecified,,,16000.0,2.6359375,16000.0,3.0,0.9399375,,,male,29
1019_MTI_NEU_XX,crema_d_1019_MTI_NEU_XX,1019_MTI_NEU_XX.wav,crema_d,1019,MTI,NEU,neutral,unspecified,,,16000.0,2.1688125,16000.0,3.0,0.5368125,,,male,29
1019_MTI_SAD_XX,crema_d_1019_MTI_SAD_XX,1019_MTI_SAD_XX.wav,crema_d,1019,MTI,SAD,sad,unspecified,,,,,,,,,,male,29
1019_TAI_ANG_XX,crema_d_1019_TAI_ANG_XX,1019_TAI_ANG_XX.wav,crema_d,1019,TAI,ANG,anger,unspecified,,,16000.0,2.8361875,16000.0,3.0,0.8841875,,,male,29
1019_TAI_DIS_XX,crema_d_1019_TAI_DIS_XX,1019_TAI_DIS_XX.wav,crema_d,1019,TAI,DIS,disgust,unspecified,,,,,,,,,,male,29
1019_TAI_FEA_XX,crema_d_1019_TAI_FEA_XX,1019_TAI_FEA_XX.wav,crema_d,1019,TAI,FEA,fear,unspecified,,,,,,,,,,male,29
1019_TAI_HAP_XX,crema_d_1019_TAI_HAP_XX,1019_TAI_HAP_XX.wav,crema_d,1019,TAI,HAP,happy,unspecified,,,16000.0,2.3023125,16000.0,3.0,1.0863125,,,male,29
1019_TAI_NEU_XX,crema_d_1019_TAI_NEU_XX,1019_TAI_NEU_XX.wav,crema_d,1019,TAI,NEU,neutral,unspecified,,,16000.0,2.43575,16000.0,3.0,0.35575,,,male,29
1019_TAI_SAD_XX,crema_d_1019_TAI_SAD_XX,1019_TAI_SAD_XX.wav,crema_d,1019,TAI,SAD,sad,unspecified,,,,,,,,,,male,29
1019_TIE_ANG_XX,crema_d_1019_TIE_ANG_XX,1019_TIE_ANG_XX.wav,crema_d,1019,TIE,ANG,anger,unspecified,,,16000.0,3.3033125,16000.0,3.0,1.4793125,,,male,29
1019_TIE_DIS_XX,crema_d_1019_TIE_DIS_XX,1019_TIE_DIS_XX.wav,crema_d,1019,TIE,DIS,disgust,unspecified,,,,,,,,,,male,29
1019_TIE_FEA_XX,crema_d_1019_TIE_FEA_XX,1019_TIE_FEA_XX.wav,crema_d,1019,TIE,FEA,fear,unspecified,,,,,,,,,,male,29
1019_TIE_HAP_XX,crema_d_1019_TIE_HAP_XX,1019_TIE_HAP_XX.wav,crema_d,1019,TIE,HAP,happy,unspecified,,,16000.0,2.5025,16000.0,3.0,0.1025,,,male,29
1019_TIE_NEU_XX,crema_d_1019_TIE_NEU_XX,1019_TIE_NEU_XX.wav,crema_d,1019,TIE,NEU,neutral,unspecified,,,16000.0,2.469125,16000.0,3.0,0.037125,,,male,29
1019_TIE_SAD_XX,crema_d_1019_TIE_SAD_XX,1019_TIE_SAD_XX.wav,crema_d,1019,TIE,SAD,sad,unspecified,,,,,,,,,,male,29
1019_TSI_ANG_XX,crema_d_1019_TSI_ANG_XX,1019_TSI_ANG_XX.wav,crema_d,1019,TSI,ANG,anger,unspecified,,,16000.0,1.93525,16000.0,3.0,0.78325,,,male,29
1019_TSI_DIS_XX,crema_d_1019_TSI_DIS_XX,1019_TSI_DIS_XX.wav,crema_d,1019,TSI,DIS,disgust,unspecified,,,,,,,,,,male,29
1019_TSI_FEA_XX,crema_d_1019_TSI_FEA_XX,1019_TSI_FEA_XX.wav,crema_d,1019,TSI,FEA,fear,unspecified,,,,,,,,,,male,29
1019_TSI_HAP_XX,crema_d_1019_TSI_HAP_XX,1019_TSI_HAP_XX.wav,crema_d,1019,TSI,HAP,happy,unspecified,,,16000.0,2.1688125,16000.0,3.0,1.0168125,,,male,29
1019_TSI_NEU_XX,crema_d_1019_TSI_NEU_XX,1019_TSI_NEU_XX.wav,crema_d,1019,TSI,NEU,neutral,unspecified,,,16000.0,2.2021875,16000.0,3.0,0.2821875,,,male,29
1019_TSI_SAD_XX,crema_d_1019_TSI_SAD_XX,1019_TSI_SAD_XX.wav,crema_d,1019,TSI,SAD,sad,unspecified,,,,,,,,,,male,29
1019_WSI_ANG_XX,crema_d_1019_WSI_ANG_XX,1019_WSI_ANG_XX.wav,crema_d,1019,WSI,ANG,anger,unspecified,,,16000.0,3.06975,16000.0,3.0,0.92575,,,male,29
1019_WSI_DIS_XX,crema_d_1019_WSI_DIS_XX,1019_WSI_DIS_XX.wav,crema_d,1019,WSI,DIS,disgust,unspecified,,,,,,,,,,male,29
1019_WSI_FEA_XX,crema_d_1019_WSI_FEA_XX,1019_WSI_FEA_XX.wav,crema_d,1019,WSI,FEA,fear,unspecified,,,,,,,,,,male,29
1019_WSI_HAP_XX,crema_d_1019_WSI_HAP_XX,1019_WSI_HAP_XX.wav,crema_d,1019,WSI,HAP,happy,unspecified,,,16000.0,2.035375,16000.0,3.0,0.659375,,,male,29
1019_WSI_NEU_XX,crema_d_1019_WSI_NEU_XX,1019_WSI_NEU_XX.wav,crema_d,1019,WSI,NEU,neutral,unspecified,,,16000.0,2.2755625,16000.0,3.0,0.9955625,,,male,29
1019_WSI_SAD_XX,crema_d_1019_WSI_SAD_XX,1019_WSI_SAD_XX.wav,crema_d,1019,WSI,SAD,sad,unspecified,,,,,,,,,,male,29
1020_DFA_ANG_XX,crema_d_1020_DFA_ANG_XX,1020_DFA_ANG_XX.wav,crema_d,1020,DFA,ANG,anger,unspecified,,,16000.0,3.3700625,16000.0,3.0,1.3220625,,,female,61
1020_DFA_DIS_XX,crema_d_1020_DFA_DIS_XX,1020_DFA_DIS_XX.wav,crema_d,1020,DFA,DIS,disgust,unspecified,,,,,,,,,,female,61
1020_DFA_FEA_XX,crema_d_1020_DFA_FEA_XX,1020_DFA_FEA_XX.wav,crema_d,1020,DFA,FEA,fear,unspecified,,,,,,,,,,female,61
1020_DFA_HAP_XX,crema_d_1020_DFA_HAP_XX,1020_DFA_HAP_XX.wav,crema_d,1020,DFA,HAP,happy,unspecified,,,16000.0,2.102125,16000.0,3.0,1.110125,,,female,61
1020_DFA_NEU_XX,crema_d_1020_DFA_NEU_XX,1020_DFA_NEU_XX.wav,crema_d,1020,DFA,NEU,neutral,unspecified,,,16000.0,1.968625,16000.0,3.0,0.016625,,,female,61
1020_DFA_SAD_XX,crema_d_1020_DFA_SAD_XX,1020_DFA_SAD_XX.wav,crema_d,1020,DFA,SAD,sad,unspecified,,,,,,,,,,female,61
1020_IEO_ANG_HI,crema_d_1020_IEO_ANG_HI,1020_IEO_ANG_HI.wav,crema_d,1020,IEO,ANG,anger,high,,,16000.0,2.602625,16000.0,3.0,0.778625,,,female,61
1020_IEO_ANG_LO,crema_d_1020_IEO_ANG_LO,1020_IEO_ANG_LO.wav,crema_d,1020,IEO,ANG,anger,low,,,16000.0,2.7694375,16000.0,3.0,0.2734375,,,female,61
1020_IEO_ANG_MD,crema_d_1020_IEO_ANG_MD,1020_IEO_ANG_MD.wav,crema_d,1020,IEO,ANG,anger,medium,,,16000.0,3.37,16000.0,3.0,0.074,,,female,61
1020_IEO_DIS_HI,crema_d_1020_IEO_DIS_HI,1020_IEO_DIS_HI.wav,crema_d,1020,IEO,DIS,disgust,high,,,,,,,,,,female,61
1020_IEO_DIS_LO,crema_d_1020_IEO_DIS_LO,1020_IEO_DIS_LO.wav,crema_d,1020,IEO,DIS,disgust,low,,,,,,,,,,female,61
1020_IEO_DIS_MD,crema_d_1020_IEO_DIS_MD,1020_IEO_DIS_MD.wav,crema_d,1020,IEO,DIS,disgust,medium,,,,,,,,,,female,61
1020_IEO_FEA_HI,crema_d_1020_IEO_FEA_HI,1020_IEO_FEA_HI.wav,crema_d,1020,IEO,FEA,fear,high,,,,,,,,,,female,61
1020_IEO_FEA_LO,crema_d_1020_IEO_FEA_LO,1020_IEO_FEA_LO.wav,crema_d,1020,IEO,FEA,fear,low,,,,,,,,,,female,61
1020_IEO_FEA_MD,crema_d_1020_IEO_FEA_MD,1020_IEO_FEA_MD.wav,crema_d,1020,IEO,FEA,fear,medium,,,,,,,,,,female,61
1020_IEO_HAP_HI,crema_d_1020_IEO_HAP_HI,1020_IEO_HAP_HI.wav,crema_d,1020,IEO,HAP,happy,high,,,16000.0,2.469125,16000.0,3.0,0.933125,,,female,61
1020_IEO_HAP_LO,crema_d_1020_IEO_HAP_LO,1020_IEO_HAP_LO.wav,crema_d,1020,IEO,HAP,happy,low,,,16000.0,2.1688125,16000.0,3.0,0.2168125,,,female,61
1020_IEO_HAP_MD,crema_d_1020_IEO_HAP_MD,1020_IEO_HAP_MD.wav,crema_d,1020,IEO,HAP,happy,medium,,,16000.0,2.7360625,16000.0,3.0,1.2960625,,,female,61
1020_IEO_NEU_XX,crema_d_1020_IEO_NEU_XX,1020_IEO_NEU_XX.wav,crema_d,1020,IEO,NEU,neutral,unspecified,,,16000.0,2.035375,16000.0,3.0,0.0,,,female,61
1020_IEO_SAD_HI,crema_d_1020_IEO_SAD_HI,1020_IEO_SAD_HI.wav,crema_d,1020,IEO,SAD,sad,high,,,,,,,,,,female,61
1020_IEO_SAD_LO,crema_d_1020_IEO_SAD_LO,1020_IEO_SAD_LO.wav,crema_d,1020,IEO,SAD,sad,low,,,,,,,,,,female,61
1020_IEO_SAD_MD,crema_d_1020_IEO_SAD_MD,1020_IEO_SAD_MD.wav,crema_d,1020,IEO,SAD,sad,medium,,,,,,,,,,female,61
1020_IOM_ANG_XX,crema_d_1020_IOM_ANG_XX,1020_IOM_ANG_XX.wav,crema_d,1020,IOM,ANG,anger,unspecified,,,16000.0,2.8695625,16000.0,3.0,0.5975625,,,female,61
1020_IOM_DIS_XX,crema_d_1020_IOM_DIS_XX,1020_IOM_DIS_XX.wav,crema_d,1020,IOM,DIS,disgust,unspecified,,,,,,,,,,female,61
1020_IOM_FEA_XX,crema_d_1020_IOM_FEA_XX,1020_IOM_FEA_XX.wav,crema_d,1020,IOM,FEA,fear,unspecified,,,,,,,,,,female,61
1020_IOM_HAP_XX,crema_d_1020_IOM_HAP_XX,1020_IOM_HAP_XX.wav,crema_d,1020,IOM,HAP,happy,unspecified,,,16000.0,2.2689375,16000.0,3.0,0.9249375,,,female,61
1020_IOM_NEU_XX,crema_d_1020_IOM_NEU_XX,1020_IOM_NEU_XX.wav,crema_d,1020,IOM,NEU,neutral,unspecified,,,16000.0,1.968625,16000.0,3.0,0.112625,,,female,61
1020_IOM_SAD_XX,crema_d_1020_IOM_SAD_XX,1020_IOM_SAD_XX.wav,crema_d,1020,IOM,SAD,sad,unspecified,,,,,,,,,,female,61
1020_ITH_ANG_XX,crema_d_1020_ITH_ANG_XX,1020_ITH_ANG_XX.wav,crema_d,1020,ITH,ANG,anger,unspecified,,,16000.0,4.004,16000.0,3.0,1.124,,,female,61
1020_ITH_DIS_XX,crema_d_1020_ITH_DIS_XX,1020_ITH_DIS_XX.wav,crema_d,1020,ITH,DIS,disgust,unspecified,,,,,,,,,,female,61
1020_ITH_FEA_XX,crema_d_1020_ITH_FEA_XX,1020_ITH_FEA_XX.wav,crema_d,1020,ITH,FEA,fear,unspecified,,,,,,,,,,female,61
1020_ITH_HAP_XX,crema_d_1020_ITH_HAP_XX,1020_ITH_HAP_XX.wav,crema_d,1020,ITH,HAP,happy,unspecified,,,16000.0,2.5025,16000.0,3.0,0.8705,,,female,61
1020_ITH_NEU_XX,crema_d_1020_ITH_NEU_XX,1020_ITH_NEU_XX.wav,crema_d,1020,ITH,NEU,neutral,unspecified,,,16000.0,2.7360625,16000.0,3.0,0.0,,,female,61
1020_ITH_SAD_XX,crema_d_1020_ITH_SAD_XX,1020_ITH_SAD_XX.wav,crema_d,1020,ITH,SAD,sad,unspecified,,,,,,,,,,female,61
1020_ITS_ANG_XX,crema_d_1020_ITS_ANG_XX,1020_ITS_ANG_XX.wav,crema_d,1020,ITS,ANG,anger,unspecified,,,16000.0,3.3700625,16000.0,3.0,0.7780625,,,female,61
1020_ITS_DIS_XX,crema_d_1020_ITS_DIS_XX,1020_ITS_DIS_XX.wav,crema_d,1020,ITS,DIS,disgust,unspecified,,,,,,,,,,female,61
1020_ITS_FEA_XX,crema_d_1020_ITS_FEA_XX,1020_ITS_FEA_XX.wav,crema_d,1020,ITS,FEA,fear,unspecified,,,,,,,,,,female,61
1020_ITS_HAP_XX,crema_d_1020_ITS_HAP_XX,1020_ITS_HAP_XX.wav,crema_d,1020,ITS,HAP,happy,unspecified,,,16000.0,2.2021875,16000.0,3.0,0.5381875,,,female,61
1020_ITS_NEU_XX,crema_d_1020_ITS_NEU_XX,1020_ITS_NEU_XX.wav,crema_d,1020,ITS,NEU,neutral,unspecified,,,16000.0,2.3023125,16000.0,3.0,0.0,,,female,61
1020_ITS_SAD_XX,crema_d_1020_ITS_SAD_XX,1020_ITS_SAD_XX.wav,crema_d,1020,ITS,SAD,sad,unspecified,,,,,,,,,,female,61
1020_IWL_ANG_XX,crema_d_1020_IWL_ANG_XX,1020_IWL_ANG_XX.wav,crema_d,1020,IWL,ANG,anger,unspecified,,,16000.0,3.536875,16000.0,3.0,0.880875,,,female,61
1020_IWL_DIS_XX,crema_d_1020_IWL_DIS_XX,1020_IWL_DIS_XX.wav,crema_d,1020,IWL,DIS,disgust,unspecified,,,,,,,,,,female,61
1020_IWL_FEA_XX,crema_d_1020_IWL_FEA_XX,1020_IWL_FEA_XX.wav,crema_d,1020,IWL,FEA,fear,unspecified,,,,,,,,,,female,61
1020_IWL_HAP_XX,crema_d_1020_IWL_HAP_XX,1020_IWL_HAP_XX.wav,crema_d,1020,IWL,HAP,happy,unspecified,,,16000.0,2.6693125,16000.0,3.0,0.4613125,,,female,61
1020_IWL_NEU_XX,crema_d_1020_IWL_NEU_XX,1020_IWL_NEU_XX.wav,crema_d,1020,IWL,NEU,neutral,unspecified,,,16000.0,2.969625,16000.0,3.0,1.177625,,,female,61
1020_IWL_SAD_XX,crema_d_1020_IWL_SAD_XX,1020_IWL_SAD_XX.wav,crema_d,1020,IWL,SAD,sad,unspecified,,,,,,,,,,female,61
1020_IWW_ANG_XX,crema_d_1020_IWW_ANG_XX,1020_IWW_ANG_XX.wav,crema_d,1020,IWW,ANG,anger,unspecified,,,16000.0,2.7026875,16000.0,3.0,0.8786875,,,female,61
1020_IWW_DIS_XX,crema_d_1020_IWW_DIS_XX,1020_IWW_DIS_XX.wav,crema_d,1020,IWW,DIS,disgust,unspecified,,,,,,,,,,female,61
1020_IWW_FEA_XX,crema_d_1020_IWW_FEA_XX,1020_IWW_FEA_XX.wav,crema_d,1020,IWW,FEA,fear,unspecified,,,,,,,,,,female,61
1020_IWW_HAP_XX,crema_d_1020_IWW_HAP_XX,1020_IWW_HAP_XX.wav,crema_d,1020,IWW,HAP,happy,unspecified,,,16000.0,1.7016875,16000.0,3.0,0.0376875,,,female,61
1020_IWW_NEU_XX,crema_d_1020_IWW_NEU_XX,1020_IWW_NEU_XX.wav,crema_d,1020,IWW,NEU,neutral,unspecified,,,16000.0,2.002,16000.0,3.0,0.05,,,female,61
1020_IWW_SAD_XX,crema_d_1020_IWW_SAD_XX,1020_IWW_SAD_XX.wav,crema_d,1020,IWW,SAD,sad,unspecified,,,,,,,,,,female,61
1020_MTI_ANG_XX,crema_d_1020_MTI_ANG_XX,1020_MTI_ANG_XX.wav,crema_d,1020,MTI,ANG,anger,unspecified,,,16000.0,2.8028125,16000.0,3.0,0.7868125,,,female,61
1020_MTI_DIS_XX,crema_d_1020_MTI_DIS_XX,1020_MTI_DIS_XX.wav,crema_d,1020,MTI,DIS,disgust,unspecified,,,,,,,,,,female,61
1020_MTI_FEA_XX,crema_d_1020_MTI_FEA_XX,1020_MTI_FEA_XX.wav,crema_d,1020,MTI,FEA,fear,unspecified,,,,,,,,,,female,61
1020_MTI_HAP_XX,crema_d_1020_MTI_HAP_XX,1020_MTI_HAP_XX.wav,crema_d,1020,MTI,HAP,happy,unspecified,,,16000.0,2.6359375,16000.0,3.0,0.7799375,,,female,61
1020_MTI_NEU_XX,crema_d_1020_MTI_NEU_XX,1020_MTI_NEU_XX.wav,crema_d,1020,MTI,NEU,neutral,unspecified,,,16000.0,2.8361875,16000.0,3.0,1.0441875,,,female,61
1020_MTI_SAD_XX,crema_d_1020_MTI_SAD_XX,1020_MTI_SAD_XX.wav,crema_d,1020,MTI,SAD,sad,unspecified,,,,,,,,,,female,61
1020_TAI_ANG_XX,crema_d_1020_TAI_ANG_XX,1020_TAI_ANG_XX.wav,crema_d,1020,TAI,ANG,anger,unspecified,,,16000.0,2.93625,16000.0,3.0,0.56825,,,female,61
1020_TAI_DIS_XX,crema_d_1020_TAI_DIS_XX,1020_TAI_DIS_XX.wav,crema_d,1020,TAI,DIS,disgust,unspecified,,,,,,,,,,female,61
1020_TAI_FEA_XX,crema_d_1020_TAI_FEA_XX,1020_TAI_FEA_XX.wav,crema_d,1020,TAI,FEA,fear,unspecified,,,,,,,,,,female,61
1020_TAI_HAP_XX,crema_d_1020_TAI_HAP_XX,1020_TAI_HAP_XX.wav,crema_d,1020,TAI,HAP,happy,unspecified,,,16000.0,2.1354375,16000.0,3.0,0.5994375,,,female,61
1020_TAI_NEU_XX,crema_d_1020_TAI_NEU_XX,1020_TAI_NEU_XX.wav,crema_d,1020,TAI,NEU,neutral,unspecified,,,16000.0,2.7694375,16000.0,3.0,0.0814375,,,female,61
1020_TAI_SAD_XX,crema_d_1020_TAI_SAD_XX,1020_TAI_SAD_XX.wav,crema_d,1020,TAI,SAD,sad,unspecified,,,,,,,,,,female,61
1020_TIE_ANG_XX,crema_d_1020_TIE_ANG_XX,1020_TIE_ANG_XX.wav,crema_d,1020,TIE,ANG,anger,unspecified,,,16000.0,4.07075,16000.0,3.0,1.76675,,,female,61
1020_TIE_DIS_XX,crema_d_1020_TIE_DIS_XX,1020_TIE_DIS_XX.wav,crema_d,1020,TIE,DIS,disgust,unspecified,,,,,,,,,,female,61
1020_TIE_FEA_XX,crema_d_1020_TIE_FEA_XX,1020_TIE_FEA_XX.wav,crema_d,1020,TIE,FEA,fear,unspecified,,,,,,,,,,female,61
1020_TIE_HAP_XX,crema_d_1020_TIE_HAP_XX,1020_TIE_HAP_XX.wav,crema_d,1020,TIE,HAP,happy,unspecified,,,16000.0,3.2365625,16000.0,3.0,1.2205625,,,female,61
1020_TIE_NEU_XX,crema_d_1020_TIE_NEU_XX,1020_TIE_NEU_XX.wav,crema_d,1020,TIE,NEU,neutral,unspecified,,,16000.0,3.003,16000.0,3.0,0.0,,,female,61
1020_TIE_SAD_XX,crema_d_1020_TIE_SAD_XX,1020_TIE_SAD_XX.wav,crema_d,1020,TIE,SAD,sad,unspecified,,,,,,,,,,female,61
1020_TSI_ANG_XX,crema_d_1020_TSI_ANG_XX,1020_TSI_ANG_XX.wav,crema_d,1020,TSI,ANG,anger,unspecified,,,16000.0,2.902875,16000.0,3.0,0.790875,,,female,61
1020_TSI_DIS_XX,crema_d_1020_TSI_DIS_XX,1020_TSI_DIS_XX.wav,crema_d,1020,TSI,DIS,disgust,unspecified,,,,,,,,,,female,61
1020_TSI_FEA_XX,crema_d_1020_TSI_FEA_XX,1020_TSI_FEA_XX.wav,crema_d,1020,TSI,FEA,fear,unspecified,,,,,,,,,,female,61
1020_TSI_HAP_XX,crema_d_1020_TSI_HAP_XX,1020_TSI_HAP_XX.wav,crema_d,1020,TSI,HAP,happy,unspecified,,,16000.0,2.5025,16000.0,3.0,0.1345,,,female,61
1020_TSI_NEU_XX,crema_d_1020_TSI_NEU_XX,1020_TSI_NEU_XX.wav,crema_d,1020,TSI,NEU,neutral,unspecified,,,16000.0,2.402375,16000.0,3.0,0.002375,,,female,61
1020_TSI_SAD_XX,crema_d_1020_TSI_SAD_XX,1020_TSI_SAD_XX.wav,crema_d,1020,TSI,SAD,sad,unspecified,,,,,,,,,,female,61
1020_WSI_ANG_XX,crema_d_1020_WSI_ANG_XX,1020_WSI_ANG_XX.wav,crema_d,1020,WSI,ANG,anger,unspecified,,,16000.0,3.003,16000.0,3.0,0.603,,,female,61
1020_WSI_DIS_XX,crema_d_1020_WSI_DIS_XX,1020_WSI_DIS_XX.wav,crema_d,1020,WSI,DIS,disgust,unspecified,,,,,,,,,,female,61
1020_WSI_FEA_XX,crema_d_1020_WSI_FEA_XX,1020_WSI_FEA_XX.wav,crema_d,1020,WSI,FEA,fear,unspecified,,,,,,,,,,female,61
1020_WSI_HAP_XX,crema_d_1020_WSI_HAP_XX,1020_WSI_HAP_XX.wav,crema_d,1020,WSI,HAP,happy,unspecified,,,16000.0,2.3690625,16000.0,3.0,0.8330625,,,female,61
1020_WSI_NEU_XX,crema_d_1020_WSI_NEU_XX,1020_WSI_NEU_XX.wav,crema_d,1020,WSI,NEU,neutral,unspecified,,,16000.0,2.3023125,16000.0,3.0,0.0,,,female,61
1020_WSI_SAD_XX,crema_d_1020_WSI_SAD_XX,1020_WSI_SAD_XX.wav,crema_d,1020,WSI,SAD,sad,unspecified,,,,,,,,,,female,61
1021_DFA_ANG_XX,crema_d_1021_DFA_ANG_XX,1021_DFA_ANG_XX.wav,crema_d,1021,DFA,ANG,anger,unspecified,,,16000.0,2.8695625,16000.0,3.0,1.4935625,,,female,30
1021_DFA_DIS_XX,crema_d_1021_DFA_DIS_XX,1021_DFA_DIS_XX.wav,crema_d,1021,DFA,DIS,disgust,unspecified,,,,,,,,,,female,30
1021_DFA_FEA_XX,crema_d_1021_DFA_FEA_XX,1021_DFA_FEA_XX.wav,crema_d,1021,DFA,FEA,fear,unspecified,,,,,,,,,,female,30
1021_DFA_HAP_XX,crema_d_1021_DFA_HAP_XX,1021_DFA_HAP_XX.wav,crema_d,1021,DFA,HAP,happy,unspecified,,,16000.0,2.402375,16000.0,3.0,0.0,,,female,30
1021_DFA_NEU_XX,crema_d_1021_DFA_NEU_XX,1021_DFA_NEU_XX.wav,crema_d,1021,DFA,NEU,neutral,unspecified,,,16000.0,2.602625,16000.0,3.0,0.032,,,female,30
1021_DFA_SAD_XX,crema_d_1021_DFA_SAD_XX,1021_DFA_SAD_XX.wav,crema_d,1021,DFA,SAD,sad,unspecified,,,,,,,,,,female,30
1021_IEO_ANG_HI,crema_d_1021_IEO_ANG_HI,1021_IEO_ANG_HI.wav,crema_d,1021,IEO,ANG,anger,high,,,16000.0,3.6703125,16000.0,3.0,1.8143125,,,female,30
1021_IEO_ANG_LO,crema_d_1021_IEO_ANG_LO,1021_IEO_ANG_LO.wav,crema_d,1021,IEO,ANG,anger,low,,,16000.0,2.469125,16000.0,3.0,1.125125,,,female,30
1021_IEO_ANG_MD,crema_d_1021_IEO_ANG_MD,1021_IEO_ANG_MD.wav,crema_d,1021,IEO,ANG,anger,medium,,,16000.0,2.56925,16000.0,3.0,1.12925,,,female,30
1021_IEO_DIS_HI,crema_d_1021_IEO_DIS_HI,1021_IEO_DIS_HI.wav,crema_d,1021,IEO,DIS,disgust,high,,,,,,,,,,female,30
1021_IEO_DIS_LO,crema_d_1021_IEO_DIS_LO,1021_IEO_DIS_LO.wav,crema_d,1021,IEO,DIS,disgust,low,,,,,,,,,,female,30
1021_IEO_DIS_MD,crema_d_1021_IEO_DIS_MD,1021_IEO_DIS_MD.wav,crema_d,1021,IEO,DIS,disgust,medium,,,,,,,,,,female,30
1021_IEO_FEA_HI,crema_d_1021_IEO_FEA_HI,1021_IEO_FEA_HI.wav,crema_d,1021,IEO,FEA,fear,high,,,,,,,,,,female,30
1021_IEO_FEA_LO,crema_d_1021_IEO_FEA_LO,1021_IEO_FEA_LO.wav,crema_d,1021,IEO,FEA,fear,low,,,,,,,,,,female,30
1021_IEO_FEA_MD,crema_d_1021_IEO_FEA_MD,1021_IEO_FEA_MD.wav,crema_d,1021,IEO,FEA,fear,medium,,,,,,,,,,female,30
1021_IEO_HAP_HI,crema_d_1021_IEO_HAP_HI,1021_IEO_HAP_HI.wav,crema_d,1021,IEO,HAP,happy,high,,,16000.0,2.6693125,16000.0,3.0,0.0133125,,,female,30
1021_IEO_HAP_LO,crema_d_1021_IEO_HAP_LO,1021_IEO_HAP_LO.wav,crema_d,1021,IEO,HAP,happy,low,,,16000.0,1.7350625,16000.0,3.0,0.032,,,female,30
1021_IEO_HAP_MD,crema_d_1021_IEO_HAP_MD,1021_IEO_HAP_MD.wav,crema_d,1021,IEO,HAP,happy,medium,,,16000.0,2.5025,16000.0,3.0,0.0,,,female,30
1021_IEO_NEU_XX,crema_d_1021_IEO_NEU_XX,1021_IEO_NEU_XX.wav,crema_d,1021,IEO,NEU,neutral,unspecified,,,16000.0,2.06875,16000.0,3.0,0.032,,,female,30
1021_IEO_SAD_HI,crema_d_1021_IEO_SAD_HI,1021_IEO_SAD_HI.wav,crema_d,1021,IEO,SAD,sad,high,,,,,,,,,,female,30
1021_IEO_SAD_LO,crema_d_1021_IEO_SAD_LO,1021_IEO_SAD_LO.wav,crema_d,1021,IEO,SAD,sad,low,,,,,,,,,,female,30
1021_IEO_SAD_MD,crema_d_1021_IEO_SAD_MD,1021_IEO_SAD_MD.wav,crema_d,1021,IEO,SAD,sad,medium,,,,,,,,,,female,30
1021_IOM_ANG_XX,crema_d_1021_IOM_ANG_XX,1021_IOM_ANG_XX.wav,crema_d,1021,IOM,ANG,anger,unspecified,,,16000.0,2.602625,16000.0,3.0,0.682625,,,female,30
1021_IOM_DIS_XX,crema_d_1021_IOM_DIS_XX,1021_IOM_DIS_XX.wav,crema_d,1021,IOM,DIS,disgust,unspecified,,,,,,,,,,female,30
1021_IOM_FEA_XX,crema_d_1021_IOM_FEA_XX,1021_IOM_FEA_XX.wav,crema_d,1021,IOM,FEA,fear,unspecified,,,,,,,,,,female,30
1021_IOM_HAP_XX,crema_d_1021_IOM_HAP_XX,1021_IOM_HAP_XX.wav,crema_d,1021,IOM,HAP,happy,unspecified,,,16000.0,2.3023125,16000.0,3.0,0.0943125,,,female,30
1021_IOM_NEU_XX,crema_d_1021_IOM_NEU_XX,1021_IOM_NEU_XX.wav,crema_d,1021,IOM,NEU,neutral,unspecified,,,16000.0,1.968625,16000.0,3.0,0.048625,,,female,30
1021_IOM_SAD_XX,crema_d_1021_IOM_SAD_XX,1021_IOM_SAD_XX.wav,crema_d,1021,IOM,SAD,sad,unspecified,,,,,,,,,,female,30
1021_ITH_ANG_XX,crema_d_1021_ITH_ANG_XX,1021_ITH_ANG_XX.wav,crema_d,1021,ITH,ANG,anger,unspecified,,,16000.0,3.2031875,16000.0,3.0,0.6431875,,,female,30
1021_ITH_DIS_XX,crema_d_1021_ITH_DIS_XX,1021_ITH_DIS_XX.wav,crema_d,1021,ITH,DIS,disgust,unspecified,,,,,,,,,,female,30
1021_ITH_FEA_XX,crema_d_1021_ITH_FEA_XX,1021_ITH_FEA_XX.wav,crema_d,1021,ITH,FEA,fear,unspecified,,,,,,,,,,female,30
1021_ITH_HAP_XX,crema_d_1021_ITH_HAP_XX,1021_ITH_HAP_XX.wav,crema_d,1021,ITH,HAP,happy,unspecified,,,16000.0,3.1698125,16000.0,3.0,0.0658125,,,female,30
1021_ITH_NEU_XX,crema_d_1021_ITH_NEU_XX,1021_ITH_NEU_XX.wav,crema_d,1021,ITH,NEU,neutral,unspecified,,,16000.0,2.43575,16000.0,3.0,0.09975,,,female,30
1021_ITH_SAD_XX,crema_d_1021_ITH_SAD_XX,1021_ITH_SAD_XX.wav,crema_d,1021,ITH,SAD,sad,unspecified,,,,,,,,,,female,30
1021_ITS_ANG_XX,crema_d_1021_ITS_ANG_XX,1021_ITS_ANG_XX.wav,crema_d,1021,ITS,ANG,anger,unspecified,,,16000.0,3.2031875,16000.0,3.0,0.9951875,,,female,30
1021_ITS_DIS_XX,crema_d_1021_ITS_DIS_XX,1021_ITS_DIS_XX.wav,crema_d,1021,ITS,DIS,disgust,unspecified,,,,,,,,,,female,30
1021_ITS_FEA_XX,crema_d_1021_ITS_FEA_XX,1021_ITS_FEA_XX.wav,crema_d,1021,ITS,FEA,fear,unspecified,,,,,,,,,,female,30
1021_ITS_HAP_XX,crema_d_1021_ITS_HAP_XX,1021_ITS_HAP_XX.wav,crema_d,1021,ITS,HAP,happy,unspecified,,,16000.0,2.7026875,16000.0,3.0,0.0146875,,,female,30
1021_ITS_NEU_XX,crema_d_1021_ITS_NEU_XX,1021_ITS_NEU_XX.wav,crema_d,1021,ITS,NEU,neutral,unspecified,,,16000.0,2.7694375,16000.0,3.0,0.0,,,female,30
1021_ITS_SAD_XX,crema_d_1021_ITS_SAD_XX,1021_ITS_SAD_XX.wav,crema_d,1021,ITS,SAD,sad,unspecified,,,,,,,,,,female,30
1021_IWL_ANG_XX,crema_d_1021_IWL_ANG_XX,1021_IWL_ANG_XX.wav,crema_d,1021,IWL,ANG,anger,unspecified,,,16000.0,2.969625,16000.0,3.0,1.049625,,,female,30
1021_IWL_DIS_XX,crema_d_1021_IWL_DIS_XX,1021_IWL_DIS_XX.wav,crema_d,1021,IWL,DIS,disgust,unspecified,,,,,,,,,,female,30
1021_IWL_FEA_XX,crema_d_1021_IWL_FEA_XX,1021_IWL_FEA_XX.wav,crema_d,1021,IWL,FEA,fear,unspecified,,,,,,,,,,female,30
1021_IWL_HAP_XX,crema_d_1021_IWL_HAP_XX,1021_IWL_HAP_XX.wav,crema_d,1021,IWL,HAP,happy,unspecified,,,16000.0,3.3033125,16000.0,3.0,0.9353125,,,female,30
1021_IWL_NEU_XX,crema_d_1021_IWL_NEU_XX,1021_IWL_NEU_XX.wav,crema_d,1021,IWL,NEU,neutral,unspecified,,,16000.0,2.8695625,16000.0,3.0,0.0,,,female,30
1021_IWL_SAD_XX,crema_d_1021_IWL_SAD_XX,1021_IWL_SAD_XX.wav,crema_d,1021,IWL,SAD,sad,unspecified,,,,,,,,,,female,30
1021_IWW_ANG_XX,crema_d_1021_IWW_ANG_XX,1021_IWW_ANG_XX.wav,crema_d,1021,IWW,ANG,anger,unspecified,,,16000.0,2.902875,16000.0,3.0,1.526875,,,female,30
1021_IWW_DIS_XX,crema_d_1021_IWW_DIS_XX,1021_IWW_DIS_XX.wav,crema_d,1021,IWW,DIS,disgust,unspecified,,,,,,,,,,female,30
1021_IWW_FEA_XX,crema_d_1021_IWW_FEA_XX,1021_IWW_FEA_XX.wav,crema_d,1021,IWW,FEA,fear,unspecified,,,,,,,,,,female,30
1021_IWW_HAP_XX,crema_d_1021_IWW_HAP_XX,1021_IWW_HAP_XX.wav,crema_d,1021,IWW,HAP,happy,unspecified,,,16000.0,2.8028125,16000.0,3.0,0.0,,,female,30
1021_IWW_NEU_XX,crema_d_1021_IWW_NEU_XX,1021_IWW_NEU_XX.wav,crema_d,1021,IWW,NEU,neutral,unspecified,,,16000.0,2.6359375,16000.0,3.0,0.0,,,female,30
1021_IWW_SAD_XX,crema_d_1021_IWW_SAD_XX,1021_IWW_SAD_XX.wav,crema_d,1021,IWW,SAD,sad,unspecified,,,,,,,,,,female,30
1021_MTI_ANG_XX,crema_d_1021_MTI_ANG_XX,1021_MTI_ANG_XX.wav,crema_d,1021,MTI,ANG,anger,unspecified,,,16000.0,3.3700625,16000.0,3.0,1.2260625,,,female,30
1021_MTI_DIS_XX,crema_d_1021_MTI_DIS_XX,1021_MTI_DIS_XX.wav,crema_d,1021,MTI,DIS,disgust,unspecified,,,,,,,,,,female,30
1021_MTI_FEA_XX,crema_d_1021_MTI_FEA_XX,1021_MTI_FEA_XX.wav,crema_d,1021,MTI,FEA,fear,unspecified,,,,,,,,,,female,30
1021_MTI_HAP_XX,crema_d_1021_MTI_HAP_XX,1021_MTI_HAP_XX.wav,crema_d,1021,MTI,HAP,happy,unspecified,,,16000.0,3.003,16000.0,3.0,0.0,,,female,30
1021_MTI_NEU_XX,crema_d_1021_MTI_NEU_XX,1021_MTI_NEU_XX.wav,crema_d,1021,MTI,NEU,neutral,unspecified,,,16000.0,2.8361875,16000.0,3.0,0.0,,,female,30
1021_MTI_SAD_XX,crema_d_1021_MTI_SAD_XX,1021_MTI_SAD_XX.wav,crema_d,1021,MTI,SAD,sad,unspecified,,,,,,,,,,female,30
1021_TAI_ANG_XX,crema_d_1021_TAI_ANG_XX,1021_TAI_ANG_XX.wav,crema_d,1021,TAI,ANG,anger,unspecified,,,16000.0,3.5035,16000.0,3.0,0.0795,,,female,30
1021_TAI_DIS_XX,crema_d_1021_TAI_DIS_XX,1021_TAI_DIS_XX.wav,crema_d,1021,TAI,DIS,disgust,unspecified,,,,,,,,,,female,30
1021_TAI_FEA_XX,crema_d_1021_TAI_FEA_XX,1021_TAI_FEA_XX.wav,crema_d,1021,TAI,FEA,fear,unspecified,,,,,,,,,,female,30
1021_TAI_HAP_XX,crema_d_1021_TAI_HAP_XX,1021_TAI_HAP_XX.wav,crema_d,1021,TAI,HAP,happy,unspecified,,,16000.0,2.7026875,16000.0,3.0,0.0,,,female,30
1021_TAI_NEU_XX,crema_d_1021_TAI_NEU_XX,1021_TAI_NEU_XX.wav,crema_d,1021,TAI,NEU,neutral,unspecified,,,16000.0,2.969625,16000.0,3.0,0.537625,,,female,30
1021_TAI_SAD_XX,crema_d_1021_TAI_SAD_XX,1021_TAI_SAD_XX.wav,crema_d,1021,TAI,SAD,sad,unspecified,,,,,,,,,,female,30
1021_TIE_ANG_XX,crema_d_1021_TIE_ANG_XX,1021_TIE_ANG_XX.wav,crema_d,1021,TIE,ANG,anger,unspecified,,,16000.0,3.7036875,16000.0,3.0,1.3996875,,,female,30
1021_TIE_DIS_XX,crema_d_1021_TIE_DIS_XX,1021_TIE_DIS_XX.wav,crema_d,1021,TIE,DIS,disgust,unspecified,,,,,,,,,,female,30
1021_TIE_FEA_XX,crema_d_1021_TIE_FEA_XX,1021_TIE_FEA_XX.wav,crema_d,1021,TIE,FEA,fear,unspecified,,,,,,,,,,female,30
1021_TIE_HAP_XX,crema_d_1021_TIE_HAP_XX,1021_TIE_HAP_XX.wav,crema_d,1021,TIE,HAP,happy,unspecified,,,16000.0,2.602625,16000.0,3.0,0.106625,,,female,30
1021_TIE_NEU_XX,crema_d_1021_TIE_NEU_XX,1021_TIE_NEU_XX.wav,crema_d,1021,TIE,NEU,neutral,unspecified,,,16000.0,2.5025,16000.0,3.0,0.0065,,,female,30
1021_TIE_SAD_XX,crema_d_1021_TIE_SAD_XX,1021_TIE_SAD_XX.wav,crema_d,1021,TIE,SAD,sad,unspecified,,,,,,,,,,female,30
1021_TSI_ANG_XX,crema_d_1021_TSI_ANG_XX,1021_TSI_ANG_XX.wav,crema_d,1021,TSI,ANG,anger,unspecified,,,16000.0,2.6693125,16000.0,3.0,1.1013125,,,female,30
1021_TSI_DIS_XX,crema_d_1021_TSI_DIS_XX,1021_TSI_DIS_XX.wav,crema_d,1021,TSI,DIS,disgust,unspecified,,,,,,,,,,female,30
1021_TSI_FEA_XX,crema_d_1021_TSI_FEA_XX,1021_TSI_FEA_XX.wav,crema_d,1021,TSI,FEA,fear,unspecified,,,,,,,,,,female,30
1021_TSI_HAP_XX,crema_d_1021_TSI_HAP_XX,1021_TSI_HAP_XX.wav,crema_d,1021,TSI,HAP,happy,unspecified,,,16000.0,2.43575,16000.0,3.0,0.03575,,,female,30
1021_TSI_NEU_XX,crema_d_1021_TSI_NEU_XX,1021_TSI_NEU_XX.wav,crema_d,1021,TSI,NEU,neutral,unspecified,,,16000.0,2.469125,16000.0,3.0,0.0,,,female,30
1021_TSI_SAD_XX,crema_d_1021_TSI_SAD_XX,1021_TSI_SAD_XX.wav,crema_d,1021,TSI,SAD,sad,unspecified,,,,,,,,,,female,30
1021_WSI_ANG_XX,crema_d_1021_WSI_ANG_XX,1021_WSI_ANG_XX.wav,crema_d,1021,WSI,ANG,anger,unspecified,,,16000.0,2.7360625,16000.0,3.0,0.8800625,,,female,30
1021_WSI_DIS_XX,crema_d_1021_WSI_DIS_XX,1021_WSI_DIS_XX.wav,crema_d,1021,WSI,DIS,disgust,unspecified,,,,,,,,,,female,30
1021_WSI_FEA_XX,crema_d_1021_WSI_FEA_XX,1021_WSI_FEA_XX.wav,crema_d,1021,WSI,FEA,fear,unspecified,,,,,,,,,,female,30
1021_WSI_HAP_XX,crema_d_1021_WSI_HAP_XX,1021_WSI_HAP_XX.wav,crema_d,1021,WSI,HAP,happy,unspecified,,,16000.0,3.1364375,16000.0,3.0,0.0,,,female,30
1021_WSI_NEU_XX,crema_d_1021_WSI_NEU_XX,1021_WSI_NEU_XX.wav,crema_d,1021,WSI,NEU,neutral,unspecified,,,16000.0,2.469125,16000.0,3.0,0.037125,,,female,30
1021_WSI_SAD_XX,crema_d_1021_WSI_SAD_XX,1021_WSI_SAD_XX.wav,crema_d,1021,WSI,SAD,sad,unspecified,,,,,,,,,,female,30
1022_DFA_ANG_XX,crema_d_1022_DFA_ANG_XX,1022_DFA_ANG_XX.wav,crema_d,1022,DFA,ANG,anger,unspecified,,,16000.0,2.93625,16000.0,3.0,1.17625,,,male,22
1022_DFA_DIS_XX,crema_d_1022_DFA_DIS_XX,1022_DFA_DIS_XX.wav,crema_d,1022,DFA,DIS,disgust,unspecified,,,,,,,,,,male,22
1022_DFA_FEA_XX,crema_d_1022_DFA_FEA_XX,1022_DFA_FEA_XX.wav,crema_d,1022,DFA,FEA,fear,unspecified,,,,,,,,,,male,22
1022_DFA_HAP_XX,crema_d_1022_DFA_HAP_XX,1022_DFA_HAP_XX.wav,crema_d,1022,DFA,HAP,happy,unspecified,,,16000.0,2.469125,16000.0,3.0,1.381125,,,male,22
1022_DFA_NEU_XX,crema_d_1022_DFA_NEU_XX,1022_DFA_NEU_XX.wav,crema_d,1022,DFA,NEU,neutral,unspecified,,,16000.0,2.2826875,16000.0,3.0,0.1386875,,,male,22
1022_DFA_SAD_XX,crema_d_1022_DFA_SAD_XX,1022_DFA_SAD_XX.wav,crema_d,1022,DFA,SAD,sad,unspecified,,,,,,,,,,male,22
1022_IEO_ANG_HI,crema_d_1022_IEO_ANG_HI,1022_IEO_ANG_HI.wav,crema_d,1022,IEO,ANG,anger,high,,,16000.0,3.1364375,16000.0,3.0,0.6724375,,,male,22
1022_IEO_ANG_LO,crema_d_1022_IEO_ANG_LO,1022_IEO_ANG_LO.wav,crema_d,1022,IEO,ANG,anger,low,,,16000.0,1.8018125,16000.0,3.0,0.7778125,,,male,22
1022_IEO_ANG_MD,crema_d_1022_IEO_ANG_MD,1022_IEO_ANG_MD.wav,crema_d,1022,IEO,ANG,anger,medium,,,16000.0,2.5025,16000.0,3.0,1.1585,,,male,22
1022_IEO_DIS_HI,crema_d_1022_IEO_DIS_HI,1022_IEO_DIS_HI.wav,crema_d,1022,IEO,DIS,disgust,high,,,,,,,,,,male,22
1022_IEO_DIS_LO,crema_d_1022_IEO_DIS_LO,1022_IEO_DIS_LO.wav,crema_d,1022,IEO,DIS,disgust,low,,,,,,,,,,male,22
1022_IEO_DIS_MD,crema_d_1022_IEO_DIS_MD,1022_IEO_DIS_MD.wav,crema_d,1022,IEO,DIS,disgust,medium,,,,,,,,,,male,22
1022_IEO_FEA_HI,crema_d_1022_IEO_FEA_HI,1022_IEO_FEA_HI.wav,crema_d,1022,IEO,FEA,fear,high,,,,,,,,,,male,22
1022_IEO_FEA_LO,crema_d_1022_IEO_FEA_LO,1022_IEO_FEA_LO.wav,crema_d,1022,IEO,FEA,fear,low,,,,,,,,,,male,22
1022_IEO_FEA_MD,crema_d_1022_IEO_FEA_MD,1022_IEO_FEA_MD.wav,crema_d,1022,IEO,FEA,fear,medium,,,,,,,,,,male,22
1022_IEO_HAP_HI,crema_d_1022_IEO_HAP_HI,1022_IEO_HAP_HI.wav,crema_d,1022,IEO,HAP,happy,high,,,16000.0,1.8351875,16000.0,3.0,0.5551875,,,male,22
1022_IEO_HAP_LO,crema_d_1022_IEO_HAP_LO,1022_IEO_HAP_LO.wav,crema_d,1022,IEO,HAP,happy,low,,,16000.0,1.968625,16000.0,3.0,0.304625,,,male,22
1022_IEO_HAP_MD,crema_d_1022_IEO_HAP_MD,1022_IEO_HAP_MD.wav,crema_d,1022,IEO,HAP,happy,medium,,,16000.0,1.968625,16000.0,3.0,0.032,,,male,22
1022_IEO_NEU_XX,crema_d_1022_IEO_NEU_XX,1022_IEO_NEU_XX.wav,crema_d,1022,IEO,NEU,neutral,unspecified,,,16000.0,1.7016875,16000.0,3.0,0.2936875,,,male,22
1022_IEO_SAD_HI,crema_d_1022_IEO_SAD_HI,1022_IEO_SAD_HI.wav,crema_d,1022,IEO,SAD,sad,high,,,,,,,,,,male,22
1022_IEO_SAD_LO,crema_d_1022_IEO_SAD_LO,1022_IEO_SAD_LO.wav,crema_d,1022,IEO,SAD,sad,low,,,,,,,,,,male,22
1022_IEO_SAD_MD,crema_d_1022_IEO_SAD_MD,1022_IEO_SAD_MD.wav,crema_d,1022,IEO,SAD,sad,medium,,,,,,,,,,male,22
1022_IOM_ANG_XX,crema_d_1022_IOM_ANG_XX,1022_IOM_ANG_XX.wav,crema_d,1022,IOM,ANG,anger,unspecified,,,16000.0,2.8028125,16000.0,3.0,1.2348125,,,male,22
1022_IOM_DIS_XX,crema_d_1022_IOM_DIS_XX,1022_IOM_DIS_XX.wav,crema_d,1022,IOM,DIS,disgust,unspecified,,,,,,,,,,male,22
1022_IOM_FEA_XX,crema_d_1022_IOM_FEA_XX,1022_IOM_FEA_XX.wav,crema_d,1022,IOM,FEA,fear,unspecified,,,,,,,,,,male,22
1022_IOM_HAP_XX,crema_d_1022_IOM_HAP_XX,1022_IOM_HAP_XX.wav,crema_d,1022,IOM,HAP,happy,unspecified,,,16000.0,2.43575,16000.0,3.0,0.064,,,male,22
1022_IOM_NEU_XX,crema_d_1022_IOM_NEU_XX,1022_IOM_NEU_XX.wav,crema_d,1022,IOM,NEU,neutral,unspecified,,,16000.0,2.2689375,16000.0,3.0,0.1249375,,,male,22
1022_IOM_SAD_XX,crema_d_1022_IOM_SAD_XX,1022_IOM_SAD_XX.wav,crema_d,1022,IOM,SAD,sad,unspecified,,,,,,,,,,male,22
1022_ITH_ANG_XX,crema_d_1022_ITH_ANG_XX,1022_ITH_ANG_XX.wav,crema_d,1022,ITH,ANG,anger,unspecified,,,16000.0,3.2365625,16000.0,3.0,1.3485625,,,male,22
1022_ITH_DIS_XX,crema_d_1022_ITH_DIS_XX,1022_ITH_DIS_XX.wav,crema_d,1022,ITH,DIS,disgust,unspecified,,,,,,,,,,male,22
1022_ITH_FEA_XX,crema_d_1022_ITH_FEA_XX,1022_ITH_FEA_XX.wav,crema_d,1022,ITH,FEA,fear,unspecified,,,,,,,,,,male,22
1022_ITH_HAP_XX,crema_d_1022_ITH_HAP_XX,1022_ITH_HAP_XX.wav,crema_d,1022,ITH,HAP,happy,unspecified,,,16000.0,2.8695625,16000.0,3.0,1.5255625,,,male,22
1022_ITH_NEU_XX,crema_d_1022_ITH_NEU_XX,1022_ITH_NEU_XX.wav,crema_d,1022,ITH,NEU,neutral,unspecified,,,16000.0,2.902875,16000.0,3.0,0.950875,,,male,22
1022_ITH_SAD_XX,crema_d_1022_ITH_SAD_XX,1022_ITH_SAD_XX.wav,crema_d,1022,ITH,SAD,sad,unspecified,,,,,,,,,,male,22
1022_ITS_ANG_XX,crema_d_1022_ITS_ANG_XX,1022_ITS_ANG_XX.wav,crema_d,1022,ITS,ANG,anger,unspecified,,,16000.0,2.43575,16000.0,3.0,0.86775,,,male,22
1022_ITS_DIS_XX,crema_d_1022_ITS_DIS_XX,1022_ITS_DIS_XX.wav,crema_d,1022,ITS,DIS,disgust,unspecified,,,,,,,,,,male,22
1022_ITS_FEA_XX,crema_d_1022_ITS_FEA_XX,1022_ITS_FEA_XX.wav,crema_d,1022,ITS,FEA,fear,unspecified,,,,,,,,,,male,22
1022_ITS_HAP_XX,crema_d_1022_ITS_HAP_XX,1022_ITS_HAP_XX.wav,crema_d,1022,ITS,HAP,happy,unspecified,,,16000.0,2.3356875,16000.0,3.0,0.1596875,,,male,22
1022_ITS_NEU_XX,crema_d_1022_ITS_NEU_XX,1022_ITS_NEU_XX.wav,crema_d,1022,ITS,NEU,neutral,unspecified,,,16000.0,2.6359375,16000.0,3.0,0.0439375,,,male,22
1022_ITS_SAD_XX,crema_d_1022_ITS_SAD_XX,1022_ITS_SAD_XX.wav,crema_d,1022,ITS,SAD,sad,unspecified,,,,,,,,,,male,22
1022_IWL_ANG_XX,crema_d_1022_IWL_ANG_XX,1022_IWL_ANG_XX.wav,crema_d,1022,IWL,ANG,anger,unspecified,,,16000.0,2.602625,16000.0,3.0,0.746625,,,male,22
1022_IWL_DIS_XX,crema_d_1022_IWL_DIS_XX,1022_IWL_DIS_XX.wav,crema_d,1022,IWL,DIS,disgust,unspecified,,,,,,,,,,male,22
1022_IWL_FEA_XX,crema_d_1022_IWL_FEA_XX,1022_IWL_FEA_XX.wav,crema_d,1022,IWL,FEA,fear,unspecified,,,,,,,,,,male,22
1022_IWL_HAP_XX,crema_d_1022_IWL_HAP_XX,1022_IWL_HAP_XX.wav,crema_d,1022,IWL,HAP,happy,unspecified,,,16000.0,2.8028125,16000.0,3.0,1.1708125,,,male,22
1022_IWL_NEU_XX,crema_d_1022_IWL_NEU_XX,1022_IWL_NEU_XX.wav,crema_d,1022,IWL,NEU,neutral,unspecified,,,16000.0,2.6359375,16000.0,3.0,0.9399375,,,male,22
1022_IWL_SAD_XX,crema_d_1022_IWL_SAD_XX,1022_IWL_SAD_XX.wav,crema_d,1022,IWL,SAD,sad,unspecified,,,,,,,,,,male,22
1022_IWW_ANG_XX,crema_d_1022_IWW_ANG_XX,1022_IWW_ANG_XX.wav,crema_d,1022,IWW,ANG,anger,unspecified,,,16000.0,2.469125,16000.0,3.0,1.189125,,,male,22
1022_IWW_DIS_XX,crema_d_1022_IWW_DIS_XX,1022_IWW_DIS_XX.wav,crema_d,1022,IWW,DIS,disgust,unspecified,,,,,,,,,,male,22
1022_IWW_FEA_XX,crema_d_1022_IWW_FEA_XX,1022_IWW_FEA_XX.wav,crema_d,1022,IWW,FEA,fear,unspecified,,,,,,,,,,male,22
1022_IWW_HAP_XX,crema_d_1022_IWW_HAP_XX,1022_IWW_HAP_XX.wav,crema_d,1022,IWW,HAP,happy,unspecified,,,16000.0,2.002,16000.0,3.0,0.05,,,male,22
1022_IWW_NEU_XX,crema_d_1022_IWW_NEU_XX,1022_IWW_NEU_XX.wav,crema_d,1022,IWW,NEU,neutral,unspecified,,,16000.0,1.93525,16000.0,3.0,0.11125,,,male,22
1022_IWW_SAD_XX,crema_d_1022_IWW_SAD_XX,1022_IWW_SAD_XX.wav,crema_d,1022,IWW,SAD,sad,unspecified,,,,,,,,,,male,22
1022_MTI_ANG_XX,crema_d_1022_MTI_ANG_XX,1022_MTI_ANG_XX.wav,crema_d,1022,MTI,ANG,anger,unspecified,,,16000.0,3.1698125,16000.0,3.0,1.2498125,,,male,22
1022_MTI_DIS_XX,crema_d_1022_MTI_DIS_XX,1022_MTI_DIS_XX.wav,crema_d,1022,MTI,DIS,disgust,unspecified,,,,,,,,,,male,22
1022_MTI_FEA_XX,crema_d_1022_MTI_FEA_XX,1022_MTI_FEA_XX.wav,crema_d,1022,MTI,FEA,fear,unspecified,,,,,,,,,,male,22
1022_MTI_HAP_XX,crema_d_1022_MTI_HAP_XX,1022_MTI_HAP_XX.wav,crema_d,1022,MTI,HAP,happy,unspecified,,,16000.0,2.6359375,16000.0,3.0,1.1959375,,,male,22
1022_MTI_NEU_XX,crema_d_1022_MTI_NEU_XX,1022_MTI_NEU_XX.wav,crema_d,1022,MTI,NEU,neutral,unspecified,,,16000.0,2.6693125,16000.0,3.0,0.7173125,,,male,22
1022_MTI_SAD_XX,crema_d_1022_MTI_SAD_XX,1022_MTI_SAD_XX.wav,crema_d,1022,MTI,SAD,sad,unspecified,,,,,,,,,,male,22
1022_TAI_ANG_XX,crema_d_1022_TAI_ANG_XX,1022_TAI_ANG_XX.wav,crema_d,1022,TAI,ANG,anger,unspecified,,,16000.0,3.3700625,16000.0,3.0,1.4820625,,,male,22
1022_TAI_DIS_XX,crema_d_1022_TAI_DIS_XX,1022_TAI_DIS_XX.wav,crema_d,1022,TAI,DIS,disgust,unspecified,,,,,,,,,,male,22
1022_TAI_FEA_XX,crema_d_1022_TAI_FEA_XX,1022_TAI_FEA_XX.wav,crema_d,1022,TAI,FEA,fear,unspecified,,,,,,,,,,male,22
1022_TAI_HAP_XX,crema_d_1022_TAI_HAP_XX,1022_TAI_HAP_XX.wav,crema_d,1022,TAI,HAP,happy,unspecified,,,16000.0,2.6359375,16000.0,3.0,1.2919375,,,male,22
1022_TAI_NEU_XX,crema_d_1022_TAI_NEU_XX,1022_TAI_NEU_XX.wav,crema_d,1022,TAI,NEU,neutral,unspecified,,,16000.0,2.3356875,16000.0,3.0,0.7036875,,,male,22
1022_TAI_SAD_XX,crema_d_1022_TAI_SAD_XX,1022_TAI_SAD_XX.wav,crema_d,1022,TAI,SAD,sad,unspecified,,,,,,,,,,male,22
1022_TIE_ANG_XX,crema_d_1022_TIE_ANG_XX,1022_TIE_ANG_XX.wav,crema_d,1022,TIE,ANG,anger,unspecified,,,16000.0,3.93725,16000.0,3.0,2.01725,,,male,22
1022_TIE_DIS_XX,crema_d_1022_TIE_DIS_XX,1022_TIE_DIS_XX.wav,crema_d,1022,TIE,DIS,disgust,unspecified,,,,,,,,,,male,22
1022_TIE_FEA_XX,crema_d_1022_TIE_FEA_XX,1022_TIE_FEA_XX.wav,crema_d,1022,TIE,FEA,fear,unspecified,,,,,,,,,,male,22
1022_TIE_HAP_XX,crema_d_1022_TIE_HAP_XX,1022_TIE_HAP_XX.wav,crema_d,1022,TIE,HAP,happy,unspecified,,,16000.0,3.43675,16000.0,3.0,2.06075,,,male,22
1022_TIE_NEU_XX,crema_d_1022_TIE_NEU_XX,1022_TIE_NEU_XX.wav,crema_d,1022,TIE,NEU,neutral,unspecified,,,16000.0,3.003,16000.0,3.0,1.307,,,male,22
1022_TIE_SAD_XX,crema_d_1022_TIE_SAD_XX,1022_TIE_SAD_XX.wav,crema_d,1022,TIE,SAD,sad,unspecified,,,,,,,,,,male,22
1022_TSI_ANG_XX,crema_d_1022_TSI_ANG_XX,1022_TSI_ANG_XX.wav,crema_d,1022,TSI,ANG,anger,unspecified,,,16000.0,2.6693125,16000.0,3.0,1.0053125,,,male,22
1022_TSI_DIS_XX,crema_d_1022_TSI_DIS_XX,1022_TSI_DIS_XX.wav,crema_d,1022,TSI,DIS,disgust,unspecified,,,,,,,,,,male,22
1022_TSI_FEA_XX,crema_d_1022_TSI_FEA_XX,1022_TSI_FEA_XX.wav,crema_d,1022,TSI,FEA,fear,unspecified,,,,,,,,,,male,22
1022_TSI_HAP_XX,crema_d_1022_TSI_HAP_XX,1022_TSI_HAP_XX.wav,crema_d,1022,TSI,HAP,happy,unspecified,,,16000.0,2.2755625,16000.0,3.0,0.2595625,,,male,22
1022_TSI_NEU_XX,crema_d_1022_TSI_NEU_XX,1022_TSI_NEU_XX.wav,crema_d,1022,TSI,NEU,neutral,unspecified,,,16000.0,2.1688125,16000.0,3.0,0.6648125,,,male,22
1022_TSI_SAD_XX,crema_d_1022_TSI_SAD_XX,1022_TSI_SAD_XX.wav,crema_d,1022,TSI,SAD,sad,unspecified,,,,,,,,,,male,22
1022_WSI_ANG_XX,crema_d_1022_WSI_ANG_XX,1022_WSI_ANG_XX.wav,crema_d,1022,WSI,ANG,anger,unspecified,,,16000.0,2.2355625,16000.0,3.0,0.32,,,male,22
1022_WSI_DIS_XX,crema_d_1022_WSI_DIS_XX,1022_WSI_DIS_XX.wav,crema_d,1022,WSI,DIS,disgust,unspecified,,,,,,,,,,male,22
1022_WSI_FEA_XX,crema_d_1022_WSI_FEA_XX,1022_WSI_FEA_XX.wav,crema_d,1022,WSI,FEA,fear,unspecified,,,,,,,,,,male,22
1022_WSI_HAP_XX,crema_d_1022_WSI_HAP_XX,1022_WSI_HAP_XX.wav,crema_d,1022,WSI,HAP,happy,unspecified,,,16000.0,2.8028125,16000.0,3.0,1.3308125,,,male,22
1022_WSI_NEU_XX,crema_d_1022_WSI_NEU_XX,1022_WSI_NEU_XX.wav,crema_d,1022,WSI,NEU,neutral,unspecified,,,16000.0,3.003,16000.0,3.0,1.211,,,male,22
1022_WSI_SAD_XX,crema_d_1022_WSI_SAD_XX,1022_WSI_SAD_XX.wav,crema_d,1022,WSI,SAD,sad,unspecified,,,,,,,,,,male,22
1023_DFA_ANG_XX,crema_d_1023_DFA_ANG_XX,1023_DFA_ANG_XX.wav,crema_d,1023,DFA,ANG,anger,unspecified,,,16000.0,2.469125,16000.0,3.0,0.997125,,,male,22
1023_DFA_DIS_XX,crema_d_1023_DFA_DIS_XX,1023_DFA_DIS_XX.wav,crema_d,1023,DFA,DIS,disgust,unspecified,,,,,,,,,,male,22
1023_DFA_FEA_XX,crema_d_1023_DFA_FEA_XX,1023_DFA_FEA_XX.wav,crema_d,1023,DFA,FEA,fear,unspecified,,,,,,,,,,male,22
1023_DFA_HAP_XX,crema_d_1023_DFA_HAP_XX,1023_DFA_HAP_XX.wav,crema_d,1023,DFA,HAP,happy,unspecified,,,16000.0,1.8685,16000.0,3.0,0.9085,,,male,22
1023_DFA_NEU_XX,crema_d_1023_DFA_NEU_XX,1023_DFA_NEU_XX.wav,crema_d,1023,DFA,NEU,neutral,unspecified,,,16000.0,2.102125,16000.0,3.0,0.918125,,,male,22
1023_DFA_SAD_XX,crema_d_1023_DFA_SAD_XX,1023_DFA_SAD_XX.wav,crema_d,1023,DFA,SAD,sad,unspecified,,,,,,,,,,male,22
1023_IEO_ANG_HI,crema_d_1023_IEO_ANG_HI,1023_IEO_ANG_HI.wav,crema_d,1023,IEO,ANG,anger,high,,,16000.0,2.035375,16000.0,3.0,0.787375,,,male,22
1023_IEO_ANG_LO,crema_d_1023_IEO_ANG_LO,1023_IEO_ANG_LO.wav,crema_d,1023,IEO,ANG,anger,low,,,16000.0,1.7350625,16000.0,3.0,0.9030625,,,male,22
1023_IEO_ANG_MD,crema_d_1023_IEO_ANG_MD,1023_IEO_ANG_MD.wav,crema_d,1023,IEO,ANG,anger,medium,,,16000.0,1.8685,16000.0,3.0,0.9405,,,male,22
1023_IEO_DIS_HI,crema_d_1023_IEO_DIS_HI,1023_IEO_DIS_HI.wav,crema_d,1023,IEO,DIS,disgust,high,,,,,,,,,,male,22
1023_IEO_DIS_LO,crema_d_1023_IEO_DIS_LO,1023_IEO_DIS_LO.wav,crema_d,1023,IEO,DIS,disgust,low,,,,,,,,,,male,22
1023_IEO_DIS_MD,crema_d_1023_IEO_DIS_MD,1023_IEO_DIS_MD.wav,crema_d,1023,IEO,DIS,disgust,medium,,,,,,,,,,male,22
1023_IEO_FEA_HI,crema_d_1023_IEO_FEA_HI,1023_IEO_FEA_HI.wav,crema_d,1023,IEO,FEA,fear,high,,,,,,,,,,male,22
1023_IEO_FEA_LO,crema_d_1023_IEO_FEA_LO,1023_IEO_FEA_LO.wav,crema_d,1023,IEO,FEA,fear,low,,,,,,,,,,male,22
1023_IEO_FEA_MD,crema_d_1023_IEO_FEA_MD,1023_IEO_FEA_MD.wav,crema_d,1023,IEO,FEA,fear,medium,,,,,,,,,,male,22
1023_IEO_HAP_HI,crema_d_1023_IEO_HAP_HI,1023_IEO_HAP_HI.wav,crema_d,1023,IEO,HAP,happy,high,,,16000.0,1.7016875,16000.0,3.0,0.9336875,,,male,22
1023_IEO_HAP_LO,crema_d_1023_IEO_HAP_LO,1023_IEO_HAP_LO.wav,crema_d,1023,IEO,HAP,happy,low,,,16000.0,1.601625,16000.0,3.0,0.545625,,,male,22
1023_IEO_HAP_MD,crema_d_1023_IEO_HAP_MD,1023_IEO_HAP_MD.wav,crema_d,1023,IEO,HAP,happy,medium,,,16000.0,1.601625,16000.0,3.0,0.769625,,,male,22
1023_IEO_NEU_XX,crema_d_1023_IEO_NEU_XX,1023_IEO_NEU_XX.wav,crema_d,1023,IEO,NEU,neutral,unspecified,,,16000.0,1.968625,16000.0,3.0,0.0,,,male,22
1023_IEO_SAD_HI,crema_d_1023_IEO_SAD_HI,1023_IEO_SAD_HI.wav,crema_d,1023,IEO,SAD,sad,high,,,,,,,,,,male,22
1023_IEO_SAD_LO,crema_d_1023_IEO_SAD_LO,1023_IEO_SAD_LO.wav,crema_d,1023,IEO,SAD,sad,low,,,,,,,,,,male,22
1023_IEO_SAD_MD,crema_d_1023_IEO_SAD_MD,1023_IEO_SAD_MD.wav,crema_d,1023,IEO,SAD,sad,medium,,,,,,,,,,male,22
1023_IOM_ANG_XX,crema_d_1023_IOM_ANG_XX,1023_IOM_ANG_XX.wav,crema_d,1023,IOM,ANG,anger,unspecified,,,16000.0,2.2689375,16000.0,3.0,0.7649375,,,male,22
1023_IOM_DIS_XX,crema_d_1023_IOM_DIS_XX,1023_IOM_DIS_XX.wav,crema_d,1023,IOM,DIS,disgust,unspecified,,,,,,,,,,male,22
1023_IOM_FEA_XX,crema_d_1023_IOM_FEA_XX,1023_IOM_FEA_XX.wav,crema_d,1023,IOM,FEA,fear,unspecified,,,,,,,,,,male,22
1023_IOM_HAP_XX,crema_d_1023_IOM_HAP_XX,1023_IOM_HAP_XX.wav,crema_d,1023,IOM,HAP,happy,unspecified,,,16000.0,2.3023125,16000.0,3.0,1.2143125,,,male,22
1023_IOM_NEU_XX,crema_d_1023_IOM_NEU_XX,1023_IOM_NEU_XX.wav,crema_d,1023,IOM,NEU,neutral,unspecified,,,16000.0,2.3023125,16000.0,3.0,0.3823125,,,male,22
1023_IOM_SAD_XX,crema_d_1023_IOM_SAD_XX,1023_IOM_SAD_XX.wav,crema_d,1023,IOM,SAD,sad,unspecified,,,,,,,,,,male,22
1023_ITH_ANG_XX,crema_d_1023_ITH_ANG_XX,1023_ITH_ANG_XX.wav,crema_d,1023,ITH,ANG,anger,unspecified,,,16000.0,2.7026875,16000.0,3.0,0.6866875,,,male,22
1023_ITH_DIS_XX,crema_d_1023_ITH_DIS_XX,1023_ITH_DIS_XX.wav,crema_d,1023,ITH,DIS,disgust,unspecified,,,,,,,,,,male,22
1023_ITH_FEA_XX,crema_d_1023_ITH_FEA_XX,1023_ITH_FEA_XX.wav,crema_d,1023,ITH,FEA,fear,unspecified,,,,,,,,,,male,22
1023_ITH_HAP_XX,crema_d_1023_ITH_HAP_XX,1023_ITH_HAP_XX.wav,crema_d,1023,ITH,HAP,happy,unspecified,,,16000.0,2.1354375,16000.0,3.0,0.7914375,,,male,22
1023_ITH_NEU_XX,crema_d_1023_ITH_NEU_XX,1023_ITH_NEU_XX.wav,crema_d,1023,ITH,NEU,neutral,unspecified,,,16000.0,2.5025,16000.0,3.0,0.8705,,,male,22
1023_ITH_SAD_XX,crema_d_1023_ITH_SAD_XX,1023_ITH_SAD_XX.wav,crema_d,1023,ITH,SAD,sad,unspecified,,,,,,,,,,male,22
1023_ITS_ANG_XX,crema_d_1023_ITS_ANG_XX,1023_ITS_ANG_XX.wav,crema_d,1023,ITS,ANG,anger,unspecified,,,16000.0,2.8028125,16000.0,3.0,0.8188125,,,male,22
1023_ITS_DIS_XX,crema_d_1023_ITS_DIS_XX,1023_ITS_DIS_XX.wav,crema_d,1023,ITS,DIS,disgust,unspecified,,,,,,,,,,male,22
1023_ITS_FEA_XX,crema_d_1023_ITS_FEA_XX,1023_ITS_FEA_XX.wav,crema_d,1023,ITS,FEA,fear,unspecified,,,,,,,,,,male,22
1023_ITS_HAP_XX,crema_d_1023_ITS_HAP_XX,1023_ITS_HAP_XX.wav,crema_d,1023,ITS,HAP,happy,unspecified,,,16000.0,1.93525,16000.0,3.0,0.68725,,,male,22
1023_ITS_NEU_XX,crema_d_1023_ITS_NEU_XX,1023_ITS_NEU_XX.wav,crema_d,1023,ITS,NEU,neutral,unspecified,,,16000.0,2.43575,16000.0,3.0,0.86775,,,male,22
1023_ITS_SAD_XX,crema_d_1023_ITS_SAD_XX,1023_ITS_SAD_XX.wav,crema_d,1023,ITS,SAD,sad,unspecified,,,,,,,,,,male,22
1023_IWL_ANG_XX,crema_d_1023_IWL_ANG_XX,1023_IWL_ANG_XX.wav,crema_d,1023,IWL,ANG,anger,unspecified,,,16000.0,2.93625,16000.0,3.0,0.85625,,,male,22
1023_IWL_DIS_XX,crema_d_1023_IWL_DIS_XX,1023_IWL_DIS_XX.wav,crema_d,1023,IWL,DIS,disgust,unspecified,,,,,,,,,,male,22
1023_IWL_FEA_XX,crema_d_1023_IWL_FEA_XX,1023_IWL_FEA_XX.wav,crema_d,1023,IWL,FEA,fear,unspecified,,,,,,,,,,male,22
1023_IWL_HAP_XX,crema_d_1023_IWL_HAP_XX,1023_IWL_HAP_XX.wav,crema_d,1023,IWL,HAP,happy,unspecified,,,16000.0,1.968625,16000.0,3.0,0.784625,,,male,22
1023_IWL_NEU_XX,crema_d_1023_IWL_NEU_XX,1023_IWL_NEU_XX.wav,crema_d,1023,IWL,NEU,neutral,unspecified,,,16000.0,2.402375,16000.0,3.0,0.706375,,,male,22
1023_IWL_SAD_XX,crema_d_1023_IWL_SAD_XX,1023_IWL_SAD_XX.wav,crema_d,1023,IWL,SAD,sad,unspecified,,,,,,,,,,male,22
1023_IWW_ANG_XX,crema_d_1023_IWW_ANG_XX,1023_IWW_ANG_XX.wav,crema_d,1023,IWW,ANG,anger,unspecified,,,16000.0,1.8018125,16000.0,3.0,0.5218125,,,male,22
1023_IWW_DIS_XX,crema_d_1023_IWW_DIS_XX,1023_IWW_DIS_XX.wav,crema_d,1023,IWW,DIS,disgust,unspecified,,,,,,,,,,male,22
1023_IWW_FEA_XX,crema_d_1023_IWW_FEA_XX,1023_IWW_FEA_XX.wav,crema_d,1023,IWW,FEA,fear,unspecified,,,,,,,,,,male,22
1023_IWW_HAP_XX,crema_d_1023_IWW_HAP_XX,1023_IWW_HAP_XX.wav,crema_d,1023,IWW,HAP,happy,unspecified,,,16000.0,1.7684375,16000.0,3.0,0.6484375,,,male,22
1023_IWW_NEU_XX,crema_d_1023_IWW_NEU_XX,1023_IWW_NEU_XX.wav,crema_d,1023,IWW,NEU,neutral,unspecified,,,16000.0,1.7684375,16000.0,3.0,0.2324375,,,male,22
1023_IWW_SAD_XX,crema_d_1023_IWW_SAD_XX,1023_IWW_SAD_XX.wav,crema_d,1023,IWW,SAD,sad,unspecified,,,,,,,,,,male,22
1023_MTI_ANG_XX,crema_d_1023_MTI_ANG_XX,1023_MTI_ANG_XX.wav,crema_d,1023,MTI,ANG,anger,unspecified,,,16000.0,2.469125,16000.0,3.0,0.677125,,,male,22
1023_MTI_DIS_XX,crema_d_1023_MTI_DIS_XX,1023_MTI_DIS_XX.wav,crema_d,1023,MTI,DIS,disgust,unspecified,,,,,,,,,,male,22
1023_MTI_FEA_XX,crema_d_1023_MTI_FEA_XX,1023_MTI_FEA_XX.wav,crema_d,1023,MTI,FEA,fear,unspecified,,,,,,,,,,male,22
1023_MTI_HAP_XX,crema_d_1023_MTI_HAP_XX,1023_MTI_HAP_XX.wav,crema_d,1023,MTI,HAP,happy,unspecified,,,16000.0,2.002,16000.0,3.0,0.53,,,male,22
1023_MTI_NEU_XX,crema_d_1023_MTI_NEU_XX,1023_MTI_NEU_XX.wav,crema_d,1023,MTI,NEU,neutral,unspecified,,,16000.0,2.3356875,16000.0,3.0,0.5756875,,,male,22
1023_MTI_SAD_XX,crema_d_1023_MTI_SAD_XX,1023_MTI_SAD_XX.wav,crema_d,1023,MTI,SAD,sad,unspecified,,,,,,,,,,male,22
1023_TAI_ANG_XX,crema_d_1023_TAI_ANG_XX,1023_TAI_ANG_XX.wav,crema_d,1023,TAI,ANG,anger,unspecified,,,16000.0,2.602625,16000.0,3.0,0.618625,,,male,22
1023_TAI_DIS_XX,crema_d_1023_TAI_DIS_XX,1023_TAI_DIS_XX.wav,crema_d,1023,TAI,DIS,disgust,unspecified,,,,,,,,,,male,22
1023_TAI_FEA_XX,crema_d_1023_TAI_FEA_XX,1023_TAI_FEA_XX.wav,crema_d,1023,TAI,FEA,fear,unspecified,,,,,,,,,,male,22
1023_TAI_HAP_XX,crema_d_1023_TAI_HAP_XX,1023_TAI_HAP_XX.wav,crema_d,1023,TAI,HAP,happy,unspecified,,,16000.0,1.6683125,16000.0,3.0,0.3883125,,,male,22
1023_TAI_NEU_XX,crema_d_1023_TAI_NEU_XX,1023_TAI_NEU_XX.wav,crema_d,1023,TAI,NEU,neutral,unspecified,,,16000.0,2.06875,16000.0,3.0,0.59675,,,male,22
1023_TAI_SAD_XX,crema_d_1023_TAI_SAD_XX,1023_TAI_SAD_XX.wav,crema_d,1023,TAI,SAD,sad,unspecified,,,,,,,,,,male,22
1023_TIE_ANG_XX,crema_d_1023_TIE_ANG_XX,1023_TIE_ANG_XX.wav,crema_d,1023,TIE,ANG,anger,unspecified,,,16000.0,2.602625,16000.0,3.0,1.098625,,,male,22
1023_TIE_DIS_XX,crema_d_1023_TIE_DIS_XX,1023_TIE_DIS_XX.wav,crema_d,1023,TIE,DIS,disgust,unspecified,,,,,,,,,,male,22
1023_TIE_FEA_XX,crema_d_1023_TIE_FEA_XX,1023_TIE_FEA_XX.wav,crema_d,1023,TIE,FEA,fear,unspecified,,,,,,,,,,male,22
1023_TIE_HAP_XX,crema_d_1023_TIE_HAP_XX,1023_TIE_HAP_XX.wav,crema_d,1023,TIE,HAP,happy,unspecified,,,16000.0,2.3356875,16000.0,3.0,0.9276875,,,male,22
1023_TIE_NEU_XX,crema_d_1023_TIE_NEU_XX,1023_TIE_NEU_XX.wav,crema_d,1023,TIE,NEU,neutral,unspecified,,,16000.0,2.7026875,16000.0,3.0,0.5906875,,,male,22
1023_TIE_SAD_XX,crema_d_1023_TIE_SAD_XX,1023_TIE_SAD_XX.wav,crema_d,1023,TIE,SAD,sad,unspecified,,,,,,,,,,male,22
1023_TSI_ANG_XX,crema_d_1023_TSI_ANG_XX,1023_TSI_ANG_XX.wav,crema_d,1023,TSI,ANG,anger,unspecified,,,16000.0,2.6693125,16000.0,3.0,0.8453125,,,male,22
1023_TSI_DIS_XX,crema_d_1023_TSI_DIS_XX,1023_TSI_DIS_XX.wav,crema_d,1023,TSI,DIS,disgust,unspecified,,,,,,,,,,male,22
1023_TSI_FEA_XX,crema_d_1023_TSI_FEA_XX,1023_TSI_FEA_XX.wav,crema_d,1023,TSI,FEA,fear,unspecified,,,,,,,,,,male,22
1023_TSI_HAP_XX,crema_d_1023_TSI_HAP_XX,1023_TSI_HAP_XX.wav,crema_d,1023,TSI,HAP,happy,unspecified,,,16000.0,1.8685,16000.0,3.0,0.8445,,,male,22
1023_TSI_NEU_XX,crema_d_1023_TSI_NEU_XX,1023_TSI_NEU_XX.wav,crema_d,1023,TSI,NEU,neutral,unspecified,,,16000.0,2.2689375,16000.0,3.0,0.8929375,,,male,22
1023_TSI_SAD_XX,crema_d_1023_TSI_SAD_XX,1023_TSI_SAD_XX.wav,crema_d,1023,TSI,SAD,sad,unspecified,,,,,,,,,,male,22
1023_WSI_ANG_XX,crema_d_1023_WSI_ANG_XX,1023_WSI_ANG_XX.wav,crema_d,1023,WSI,ANG,anger,unspecified,,,16000.0,2.7026875,16000.0,3.0,0.7826875,,,male,22
1023_WSI_DIS_XX,crema_d_1023_WSI_DIS_XX,1023_WSI_DIS_XX.wav,crema_d,1023,WSI,DIS,disgust,unspecified,,,,,,,,,,male,22
1023_WSI_FEA_XX,crema_d_1023_WSI_FEA_XX,1023_WSI_FEA_XX.wav,crema_d,1023,WSI,FEA,fear,unspecified,,,,,,,,,,male,22
1023_WSI_HAP_XX,crema_d_1023_WSI_HAP_XX,1023_WSI_HAP_XX.wav,crema_d,1023,WSI,HAP,happy,unspecified,,,16000.0,1.93525,16000.0,3.0,0.68725,,,male,22
1023_WSI_NEU_XX,crema_d_1023_WSI_NEU_XX,1023_WSI_NEU_XX.wav,crema_d,1023,WSI,NEU,neutral,unspecified,,,16000.0,2.1354375,16000.0,3.0,0.5354375,,,male,22
1023_WSI_SAD_XX,crema_d_1023_WSI_SAD_XX,1023_WSI_SAD_XX.wav,crema_d,1023,WSI,SAD,sad,unspecified,,,,,,,,,,male,22
1024_DFA_ANG_XX,crema_d_1024_DFA_ANG_XX,1024_DFA_ANG_XX.wav,crema_d,1024,DFA,ANG,anger,unspecified,,,16000.0,2.1354375,16000.0,3.0,0.3434375,,,female,59
1024_DFA_DIS_XX,crema_d_1024_DFA_DIS_XX,1024_DFA_DIS_XX.wav,crema_d,1024,DFA,DIS,disgust,unspecified,,,,,,,,,,female,59
1024_DFA_FEA_XX,crema_d_1024_DFA_FEA_XX,1024_DFA_FEA_XX.wav,crema_d,1024,DFA,FEA,fear,unspecified,,,,,,,,,,female,59
1024_DFA_HAP_XX,crema_d_1024_DFA_HAP_XX,1024_DFA_HAP_XX.wav,crema_d,1024,DFA,HAP,happy,unspecified,,,16000.0,1.93525,16000.0,3.0,0.04725,,,female,59
1024_DFA_NEU_XX,crema_d_1024_DFA_NEU_XX,1024_DFA_NEU_XX.wav,crema_d,1024,DFA,NEU,neutral,unspecified,,,16000.0,1.8018125,16000.0,3.0,0.032,,,female,59
1024_DFA_SAD_XX,crema_d_1024_DFA_SAD_XX,1024_DFA_SAD_XX.wav,crema_d,1024,DFA,SAD,sad,unspecified,,,,,,,,,,female,59
1024_IEO_ANG_HI,crema_d_1024_IEO_ANG_HI,1024_IEO_ANG_HI.wav,crema_d,1024,IEO,ANG,anger,high,,,16000.0,2.5025,16000.0,3.0,0.9985,,,female,59
1024_IEO_ANG_LO,crema_d_1024_IEO_ANG_LO,1024_IEO_ANG_LO.wav,crema_d,1024,IEO,ANG,anger,low,,,16000.0,1.93525,16000.0,3.0,0.07925,,,female,59
1024_IEO_ANG_MD,crema_d_1024_IEO_ANG_MD,1024_IEO_ANG_MD.wav,crema_d,1024,IEO,ANG,anger,medium,,,16000.0,2.06875,16000.0,3.0,0.05275,,,female,59
1024_IEO_DIS_HI,crema_d_1024_IEO_DIS_HI,1024_IEO_DIS_HI.wav,crema_d,1024,IEO,DIS,disgust,high,,,,,,,,,,female,59
1024_IEO_DIS_LO,crema_d_1024_IEO_DIS_LO,1024_IEO_DIS_LO.wav,crema_d,1024,IEO,DIS,disgust,low,,,,,,,,,,female,59
1024_IEO_DIS_MD,crema_d_1024_IEO_DIS_MD,1024_IEO_DIS_MD.wav,crema_d,1024,IEO,DIS,disgust,medium,,,,,,,,,,female,59
1024_IEO_FEA_HI,crema_d_1024_IEO_FEA_HI,1024_IEO_FEA_HI.wav,crema_d,1024,IEO,FEA,fear,high,,,,,,,,,,female,59
1024_IEO_FEA_LO,crema_d_1024_IEO_FEA_LO,1024_IEO_FEA_LO.wav,crema_d,1024,IEO,FEA,fear,low,,,,,,,,,,female,59
1024_IEO_FEA_MD,crema_d_1024_IEO_FEA_MD,1024_IEO_FEA_MD.wav,crema_d,1024,IEO,FEA,fear,medium,,,,,,,,,,female,59
1024_IEO_HAP_HI,crema_d_1024_IEO_HAP_HI,1024_IEO_HAP_HI.wav,crema_d,1024,IEO,HAP,happy,high,,,16000.0,2.402375,16000.0,3.0,0.0,,,female,59
1024_IEO_HAP_LO,crema_d_1024_IEO_HAP_LO,1024_IEO_HAP_LO.wav,crema_d,1024,IEO,HAP,happy,low,,,16000.0,1.901875,16000.0,3.0,0.0,,,female,59
1024_IEO_HAP_MD,crema_d_1024_IEO_HAP_MD,1024_IEO_HAP_MD.wav,crema_d,1024,IEO,HAP,happy,medium,,,16000.0,2.102125,16000.0,3.0,0.598125,,,female,59
1024_IEO_NEU_XX,crema_d_1024_IEO_NEU_XX,1024_IEO_NEU_XX.wav,crema_d,1024,IEO,NEU,neutral,unspecified,,,16000.0,2.3023125,16000.0,3.0,0.0,,,female,59
1024_IEO_SAD_HI,crema_d_1024_IEO_SAD_HI,1024_IEO_SAD_HI.wav,crema_d,1024,IEO,SAD,sad,high,,,,,,,,,,female,59
1024_IEO_SAD_LO,crema_d_1024_IEO_SAD_LO,1024_IEO_SAD_LO.wav,crema_d,1024,IEO,SAD,sad,low,,,,,,,,,,female,59
1024_IEO_SAD_MD,crema_d_1024_IEO_SAD_MD,1024_IEO_SAD_MD.wav,crema_d,1024,IEO,SAD,sad,medium,,,,,,,,,,female,59
1024_IOM_ANG_XX,crema_d_1024_IOM_ANG_XX,1024_IOM_ANG_XX.wav,crema_d,1024,IOM,ANG,anger,unspecified,,,16000.0,2.1688125,16000.0,3.0,0.4408125,,,female,59
1024_IOM_DIS_XX,crema_d_1024_IOM_DIS_XX,1024_IOM_DIS_XX.wav,crema_d,1024,IOM,DIS,disgust,unspecified,,,,,,,,,,female,59
1024_IOM_FEA_XX,crema_d_1024_IOM_FEA_XX,1024_IOM_FEA_XX.wav,crema_d,1024,IOM,FEA,fear,unspecified,,,,,,,,,,female,59
1024_IOM_HAP_XX,crema_d_1024_IOM_HAP_XX,1024_IOM_HAP_XX.wav,crema_d,1024,IOM,HAP,happy,unspecified,,,16000.0,2.035375,16000.0,3.0,0.0,,,female,59
1024_IOM_NEU_XX,crema_d_1024_IOM_NEU_XX,1024_IOM_NEU_XX.wav,crema_d,1024,IOM,NEU,neutral,unspecified,,,16000.0,1.7684375,16000.0,3.0,0.0,,,female,59
1024_IOM_SAD_XX,crema_d_1024_IOM_SAD_XX,1024_IOM_SAD_XX.wav,crema_d,1024,IOM,SAD,sad,unspecified,,,,,,,,,,female,59
1024_ITH_ANG_XX,crema_d_1024_ITH_ANG_XX,1024_ITH_ANG_XX.wav,crema_d,1024,ITH,ANG,anger,unspecified,,,16000.0,2.7360625,16000.0,3.0,0.4000625,,,female,59
1024_ITH_DIS_XX,crema_d_1024_ITH_DIS_XX,1024_ITH_DIS_XX.wav,crema_d,1024,ITH,DIS,disgust,unspecified,,,,,,,,,,female,59
1024_ITH_FEA_XX,crema_d_1024_ITH_FEA_XX,1024_ITH_FEA_XX.wav,crema_d,1024,ITH,FEA,fear,unspecified,,,,,,,,,,female,59
1024_ITH_HAP_XX,crema_d_1024_ITH_HAP_XX,1024_ITH_HAP_XX.wav,crema_d,1024,ITH,HAP,happy,unspecified,,,16000.0,2.2689375,16000.0,3.0,0.0609375,,,female,59
1024_ITH_NEU_XX,crema_d_1024_ITH_NEU_XX,1024_ITH_NEU_XX.wav,crema_d,1024,ITH,NEU,neutral,unspecified,,,16000.0,2.369,16000.0,3.0,0.0,,,female,59
1024_ITH_SAD_XX,crema_d_1024_ITH_SAD_XX,1024_ITH_SAD_XX.wav,crema_d,1024,ITH,SAD,sad,unspecified,,,,,,,,,,female,59
1024_ITS_ANG_XX,crema_d_1024_ITS_ANG_XX,1024_ITS_ANG_XX.wav,crema_d,1024,ITS,ANG,anger,unspecified,,,16000.0,2.3356875,16000.0,3.0,0.3196875,,,female,59
1024_ITS_DIS_XX,crema_d_1024_ITS_DIS_XX,1024_ITS_DIS_XX.wav,crema_d,1024,ITS,DIS,disgust,unspecified,,,,,,,,,,female,59
1024_ITS_FEA_XX,crema_d_1024_ITS_FEA_XX,1024_ITS_FEA_XX.wav,crema_d,1024,ITS,FEA,fear,unspecified,,,,,,,,,,female,59
1024_ITS_HAP_XX,crema_d_1024_ITS_HAP_XX,1024_ITS_HAP_XX.wav,crema_d,1024,ITS,HAP,happy,unspecified,,,16000.0,2.402375,16000.0,3.0,0.002375,,,female,59
1024_ITS_NEU_XX,crema_d_1024_ITS_NEU_XX,1024_ITS_NEU_XX.wav,crema_d,1024,ITS,NEU,neutral,unspecified,,,16000.0,1.7684375,16000.0,3.0,0.0,,,female,59
1024_ITS_SAD_XX,crema_d_1024_ITS_SAD_XX,1024_ITS_SAD_XX.wav,crema_d,1024,ITS,SAD,sad,unspecified,,,,,,,,,,female,59
1024_IWL_ANG_XX,crema_d_1024_IWL_ANG_XX,1024_IWL_ANG_XX.wav,crema_d,1024,IWL,ANG,anger,unspecified,,,16000.0,2.602625,16000.0,3.0,0.522625,,,female,59
1024_IWL_DIS_XX,crema_d_1024_IWL_DIS_XX,1024_IWL_DIS_XX.wav,crema_d,1024,IWL,DIS,disgust,unspecified,,,,,,,,,,female,59
1024_IWL_FEA_XX,crema_d_1024_IWL_FEA_XX,1024_IWL_FEA_XX.wav,crema_d,1024,IWL,FEA,fear,unspecified,,,,,,,,,,female,59
1024_IWL_HAP_XX,crema_d_1024_IWL_HAP_XX,1024_IWL_HAP_XX.wav,crema_d,1024,IWL,HAP,happy,unspecified,,,16000.0,2.1354375,16000.0,3.0,0.1834375,,,female,59
1024_IWL_NEU_XX,crema_d_1024_IWL_NEU_XX,1024_IWL_NEU_XX.wav,crema_d,1024,IWL,NEU,neutral,unspecified,,,16000.0,2.102125,16000.0,3.0,0.032,,,female,59
1024_IWL_SAD_XX,crema_d_1024_IWL_SAD_XX,1024_IWL_SAD_XX.wav,crema_d,1024,IWL,SAD,sad,unspecified,,,,,,,,,,female,59
1024_IWW_ANG_XX,crema_d_1024_IWW_ANG_XX,1024_IWW_ANG_XX.wav,crema_d,1024,IWW,ANG,anger,unspecified,,,16000.0,2.56925,16000.0,3.0,0.29725,,,female,59
1024_IWW_DIS_XX,crema_d_1024_IWW_DIS_XX,1024_IWW_DIS_XX.wav,crema_d,1024,IWW,DIS,disgust,unspecified,,,,,,,,,,female,59
1024_IWW_FEA_XX,crema_d_1024_IWW_FEA_XX,1024_IWW_FEA_XX.wav,crema_d,1024,IWW,FEA,fear,unspecified,,,,,,,,,,female,59
1024_IWW_HAP_XX,crema_d_1024_IWW_HAP_XX,1024_IWW_HAP_XX.wav,crema_d,1024,IWW,HAP,happy,unspecified,,,16000.0,2.06875,16000.0,3.0,0.0,,,female,59
1024_IWW_NEU_XX,crema_d_1024_IWW_NEU_XX,1024_IWW_NEU_XX.wav,crema_d,1024,IWW,NEU,neutral,unspecified,,,16000.0,2.035375,16000.0,3.0,0.0,,,female,59
1024_IWW_SAD_XX,crema_d_1024_IWW_SAD_XX,1024_IWW_SAD_XX.wav,crema_d,1024,IWW,SAD,sad,unspecified,,,,,,,,,,female,59
1024_MTI_ANG_XX,crema_d_1024_MTI_ANG_XX,1024_MTI_ANG_XX.wav,crema_d,1024,MTI,ANG,anger,unspecified,,,16000.0,2.43575,16000.0,3.0,0.70775,,,female,59
1024_MTI_DIS_XX,crema_d_1024_MTI_DIS_XX,1024_MTI_DIS_XX.wav,crema_d,1024,MTI,DIS,disgust,unspecified,,,,,,,,,,female,59
1024_MTI_FEA_XX,crema_d_1024_MTI_FEA_XX,1024_MTI_FEA_XX.wav,crema_d,1024,MTI,FEA,fear,unspecified,,,,,,,,,,female,59
1024_MTI_HAP_XX,crema_d_1024_MTI_HAP_XX,1024_MTI_HAP_XX.wav,crema_d,1024,MTI,HAP,happy,unspecified,,,16000.0,2.602625,16000.0,3.0,0.042625,,,female,59
1024_MTI_NEU_XX,crema_d_1024_MTI_NEU_XX,1024_MTI_NEU_XX.wav,crema_d,1024,MTI,NEU,neutral,unspecified,,,16000.0,2.102125,16000.0,3.0,0.0,,,female,59
1024_MTI_SAD_XX,crema_d_1024_MTI_SAD_XX,1024_MTI_SAD_XX.wav,crema_d,1024,MTI,SAD,sad,unspecified,,,,,,,,,,female,59
1024_TAI_ANG_XX,crema_d_1024_TAI_ANG_XX,1024_TAI_ANG_XX.wav,crema_d,1024,TAI,ANG,anger,unspecified,,,16000.0,2.2689375,16000.0,3.0,0.3489375,,,female,59
1024_TAI_DIS_XX,crema_d_1024_TAI_DIS_XX,1024_TAI_DIS_XX.wav,crema_d,1024,TAI,DIS,disgust,unspecified,,,,,,,,,,female,59
1024_TAI_FEA_XX,crema_d_1024_TAI_FEA_XX,1024_TAI_FEA_XX.wav,crema_d,1024,TAI,FEA,fear,unspecified,,,,,,,,,,female,59
1024_TAI_HAP_XX,crema_d_1024_TAI_HAP_XX,1024_TAI_HAP_XX.wav,crema_d,1024,TAI,HAP,happy,unspecified,,,16000.0,2.3023125,16000.0,3.0,0.7343125,,,female,59
1024_TAI_NEU_XX,crema_d_1024_TAI_NEU_XX,1024_TAI_NEU_XX.wav,crema_d,1024,TAI,NEU,neutral,unspecified,,,16000.0,1.8018125,16000.0,3.0,0.0098125,,,female,59
1024_TAI_SAD_XX,crema_d_1024_TAI_SAD_XX,1024_TAI_SAD_XX.wav,crema_d,1024,TAI,SAD,sad,unspecified,,,,,,,,,,female,59
1024_TIE_ANG_XX,crema_d_1024_TIE_ANG_XX,1024_TIE_ANG_XX.wav,crema_d,1024,TIE,ANG,anger,unspecified,,,16000.0,3.036375,16000.0,3.0,1.180375,,,female,59
1024_TIE_DIS_XX,crema_d_1024_TIE_DIS_XX,1024_TIE_DIS_XX.wav,crema_d,1024,TIE,DIS,disgust,unspecified,,,,,,,,,,female,59
1024_TIE_FEA_XX,crema_d_1024_TIE_FEA_XX,1024_TIE_FEA_XX.wav,crema_d,1024,TIE,FEA,fear,unspecified,,,,,,,,,,female,59
1024_TIE_HAP_XX,crema_d_1024_TIE_HAP_XX,1024_TIE_HAP_XX.wav,crema_d,1024,TIE,HAP,happy,unspecified,,,16000.0,2.8361875,16000.0,3.0,0.0,,,female,59
1024_TIE_NEU_XX,crema_d_1024_TIE_NEU_XX,1024_TIE_NEU_XX.wav,crema_d,1024,TIE,NEU,neutral,unspecified,,,16000.0,2.602625,16000.0,3.0,0.0,,,female,59
1024_TIE_SAD_XX,crema_d_1024_TIE_SAD_XX,1024_TIE_SAD_XX.wav,crema_d,1024,TIE,SAD,sad,unspecified,,,,,,,,,,female,59
1024_TSI_ANG_XX,crema_d_1024_TSI_ANG_XX,1024_TSI_ANG_XX.wav,crema_d,1024,TSI,ANG,anger,unspecified,,,16000.0,2.035375,16000.0,3.0,0.595375,,,female,59
1024_TSI_DIS_XX,crema_d_1024_TSI_DIS_XX,1024_TSI_DIS_XX.wav,crema_d,1024,TSI,DIS,disgust,unspecified,,,,,,,,,,female,59
1024_TSI_FEA_XX,crema_d_1024_TSI_FEA_XX,1024_TSI_FEA_XX.wav,crema_d,1024,TSI,FEA,fear,unspecified,,,,,,,,,,female,59
1024_TSI_HAP_XX,crema_d_1024_TSI_HAP_XX,1024_TSI_HAP_XX.wav,crema_d,1024,TSI,HAP,happy,unspecified,,,16000.0,2.035375,16000.0,3.0,0.0,,,female,59
1024_TSI_NEU_XX,crema_d_1024_TSI_NEU_XX,1024_TSI_NEU_XX.wav,crema_d,1024,TSI,NEU,neutral,unspecified,,,16000.0,1.8351875,16000.0,3.0,0.0,,,female,59
1024_TSI_SAD_XX,crema_d_1024_TSI_SAD_XX,1024_TSI_SAD_XX.wav,crema_d,1024,TSI,SAD,sad,unspecified,,,,,,,,,,female,59
1024_WSI_ANG_XX,crema_d_1024_WSI_ANG_XX,1024_WSI_ANG_XX.wav,crema_d,1024,WSI,ANG,anger,unspecified,,,16000.0,2.2021875,16000.0,3.0,0.3461875,,,female,59
1024_WSI_DIS_XX,crema_d_1024_WSI_DIS_XX,1024_WSI_DIS_XX.wav,crema_d,1024,WSI,DIS,disgust,unspecified,,,,,,,,,,female,59
1024_WSI_FEA_XX,crema_d_1024_WSI_FEA_XX,1024_WSI_FEA_XX.wav,crema_d,1024,WSI,FEA,fear,unspecified,,,,,,,,,,female,59
1024_WSI_HAP_XX,crema_d_1024_WSI_HAP_XX,1024_WSI_HAP_XX.wav,crema_d,1024,WSI,HAP,happy,unspecified,,,16000.0,1.8351875,16000.0,3.0,0.032,,,female,59
1024_WSI_NEU_XX,crema_d_1024_WSI_NEU_XX,1024_WSI_NEU_XX.wav,crema_d,1024,WSI,NEU,neutral,unspecified,,,16000.0,2.1354375,16000.0,3.0,0.0,,,female,59
1024_WSI_SAD_XX,crema_d_1024_WSI_SAD_XX,1024_WSI_SAD_XX.wav,crema_d,1024,WSI,SAD,sad,unspecified,,,,,,,,,,female,59
1025_DFA_ANG_XX,crema_d_1025_DFA_ANG_XX,1025_DFA_ANG_XX.wav,crema_d,1025,DFA,ANG,anger,unspecified,,,16000.0,2.1688125,16000.0,3.0,1.1448125,,,female,48
1025_DFA_DIS_XX,crema_d_1025_DFA_DIS_XX,1025_DFA_DIS_XX.wav,crema_d,1025,DFA,DIS,disgust,unspecified,,,,,,,,,,female,48
1025_DFA_FEA_XX,crema_d_1025_DFA_FEA_XX,1025_DFA_FEA_XX.wav,crema_d,1025,DFA,FEA,fear,unspecified,,,,,,,,,,female,48
1025_DFA_HAP_XX,crema_d_1025_DFA_HAP_XX,1025_DFA_HAP_XX.wav,crema_d,1025,DFA,HAP,happy,unspecified,,,16000.0,1.7684375,16000.0,3.0,0.6804375,,,female,48
1025_DFA_NEU_XX,crema_d_1025_DFA_NEU_XX,1025_DFA_NEU_XX.wav,crema_d,1025,DFA,NEU,neutral,unspecified,,,16000.0,2.93625,16000.0,3.0,0.0,,,female,48
1025_DFA_SAD_XX,crema_d_1025_DFA_SAD_XX,1025_DFA_SAD_XX.wav,crema_d,1025,DFA,SAD,sad,unspecified,,,,,,,,,,female,48
1025_IEO_ANG_HI,crema_d_1025_IEO_ANG_HI,1025_IEO_ANG_HI.wav,crema_d,1025,IEO,ANG,anger,high,,,16000.0,3.8705625,16000.0,3.0,1.3425625,,,female,48
1025_IEO_ANG_LO,crema_d_1025_IEO_ANG_LO,1025_IEO_ANG_LO.wav,crema_d,1025,IEO,ANG,anger,low,,,16000.0,2.002,16000.0,3.0,0.05,,,female,48
1025_IEO_ANG_MD,crema_d_1025_IEO_ANG_MD,1025_IEO_ANG_MD.wav,crema_d,1025,IEO,ANG,anger,medium,,,16000.0,3.1698125,16000.0,3.0,1.4738125,,,female,48
1025_IEO_DIS_HI,crema_d_1025_IEO_DIS_HI,1025_IEO_DIS_HI.wav,crema_d,1025,IEO,DIS,disgust,high,,,,,,,,,,female,48
1025_IEO_DIS_LO,crema_d_1025_IEO_DIS_LO,1025_IEO_DIS_LO.wav,crema_d,1025,IEO,DIS,disgust,low,,,,,,,,,,female,48
1025_IEO_DIS_MD,crema_d_1025_IEO_DIS_MD,1025_IEO_DIS_MD.wav,crema_d,1025,IEO,DIS,disgust,medium,,,,,,,,,,female,48
1025_IEO_FEA_HI,crema_d_1025_IEO_FEA_HI,1025_IEO_FEA_HI.wav,crema_d,1025,IEO,FEA,fear,high,,,,,,,,,,female,48
1025_IEO_FEA_LO,crema_d_1025_IEO_FEA_LO,1025_IEO_FEA_LO.wav,crema_d,1025,IEO,FEA,fear,low,,,,,,,,,,female,48
1025_IEO_FEA_MD,crema_d_1025_IEO_FEA_MD,1025_IEO_FEA_MD.wav,crema_d,1025,IEO,FEA,fear,medium,,,,,,,,,,female,48
1025_IEO_HAP_HI,crema_d_1025_IEO_HAP_HI,1025_IEO_HAP_HI.wav,crema_d,1025,IEO,HAP,happy,high,,,16000.0,1.901875,16000.0,3.0,0.749875,,,female,48
1025_IEO_HAP_LO,crema_d_1025_IEO_HAP_LO,1025_IEO_HAP_LO.wav,crema_d,1025,IEO,HAP,happy,low,,,16000.0,1.7350625,16000.0,3.0,0.0070625,,,female,48
1025_IEO_HAP_MD,crema_d_1025_IEO_HAP_MD,1025_IEO_HAP_MD.wav,crema_d,1025,IEO,HAP,happy,medium,,,16000.0,1.8351875,16000.0,3.0,0.8431875,,,female,48
1025_IEO_NEU_XX,crema_d_1025_IEO_NEU_XX,1025_IEO_NEU_XX.wav,crema_d,1025,IEO,NEU,neutral,unspecified,,,16000.0,2.102125,16000.0,3.0,0.0,,,female,48
1025_IEO_SAD_HI,crema_d_1025_IEO_SAD_HI,1025_IEO_SAD_HI.wav,crema_d,1025,IEO,SAD,sad,high,,,,,,,,,,female,48
1025_IEO_SAD_LO,crema_d_1025_IEO_SAD_LO,1025_IEO_SAD_LO.wav,crema_d,1025,IEO,SAD,sad,low,,,,,,,,,,female,48
1025_IEO_SAD_MD,crema_d_1025_IEO_SAD_MD,1025_IEO_SAD_MD.wav,crema_d,1025,IEO,SAD,sad,medium,,,,,,,,,,female,48
1025_IOM_ANG_XX,crema_d_1025_IOM_ANG_XX,1025_IOM_ANG_XX.wav,crema_d,1025,IOM,ANG,anger,unspecified,,,16000.0,1.7684375,16000.0,3.0,0.5844375,,,female,48
1025_IOM_DIS_XX,crema_d_1025_IOM_DIS_XX,1025_IOM_DIS_XX.wav,crema_d,1025,IOM,DIS,disgust,unspecified,,,,,,,,,,female,48
1025_IOM_FEA_XX,crema_d_1025_IOM_FEA_XX,1025_IOM_FEA_XX.wav,crema_d,1025,IOM,FEA,fear,unspecified,,,,,,,,,,female,48
1025_IOM_HAP_XX,crema_d_1025_IOM_HAP_XX,1025_IOM_HAP_XX.wav,crema_d,1025,IOM,HAP,happy,unspecified,,,16000.0,2.6359375,16000.0,3.0,0.0759375,,,female,48
1025_IOM_NEU_XX,crema_d_1025_IOM_NEU_XX,1025_IOM_NEU_XX.wav,crema_d,1025,IOM,NEU,neutral,unspecified,,,16000.0,1.901875,16000.0,3.0,0.0,,,female,48
1025_IOM_SAD_XX,crema_d_1025_IOM_SAD_XX,1025_IOM_SAD_XX.wav,crema_d,1025,IOM,SAD,sad,unspecified,,,,,,,,,,female,48
1025_ITH_ANG_XX,crema_d_1025_ITH_ANG_XX,1025_ITH_ANG_XX.wav,crema_d,1025,ITH,ANG,anger,unspecified,,,16000.0,2.2755625,16000.0,3.0,0.6435625,,,female,48
1025_ITH_DIS_XX,crema_d_1025_ITH_DIS_XX,1025_ITH_DIS_XX.wav,crema_d,1025,ITH,DIS,disgust,unspecified,,,,,,,,,,female,48
1025_ITH_FEA_XX,crema_d_1025_ITH_FEA_XX,1025_ITH_FEA_XX.wav,crema_d,1025,ITH,FEA,fear,unspecified,,,,,,,,,,female,48
1025_ITH_HAP_XX,crema_d_1025_ITH_HAP_XX,1025_ITH_HAP_XX.wav,crema_d,1025,ITH,HAP,happy,unspecified,,,16000.0,2.5025,16000.0,3.0,0.0,,,female,48
1025_ITH_NEU_XX,crema_d_1025_ITH_NEU_XX,1025_ITH_NEU_XX.wav,crema_d,1025,ITH,NEU,neutral,unspecified,,,16000.0,2.902875,16000.0,3.0,0.0,,,female,48
1025_ITH_SAD_XX,crema_d_1025_ITH_SAD_XX,1025_ITH_SAD_XX.wav,crema_d,1025,ITH,SAD,sad,unspecified,,,,,,,,,,female,48
1025_ITS_ANG_XX,crema_d_1025_ITS_ANG_XX,1025_ITS_ANG_XX.wav,crema_d,1025,ITS,ANG,anger,unspecified,,,16000.0,2.102125,16000.0,3.0,0.118125,,,female,48
1025_ITS_DIS_XX,crema_d_1025_ITS_DIS_XX,1025_ITS_DIS_XX.wav,crema_d,1025,ITS,DIS,disgust,unspecified,,,,,,,,,,female,48
1025_ITS_FEA_XX,crema_d_1025_ITS_FEA_XX,1025_ITS_FEA_XX.wav,crema_d,1025,ITS,FEA,fear,unspecified,,,,,,,,,,female,48
1025_ITS_HAP_XX,crema_d_1025_ITS_HAP_XX,1025_ITS_HAP_XX.wav,crema_d,1025,ITS,HAP,happy,unspecified,,,16000.0,2.43575,16000.0,3.0,0.03575,,,female,48
1025_ITS_NEU_XX,crema_d_1025_ITS_NEU_XX,1025_ITS_NEU_XX.wav,crema_d,1025,ITS,NEU,neutral,unspecified,,,16000.0,2.6359375,16000.0,3.0,0.0,,,female,48
1025_ITS_SAD_XX,crema_d_1025_ITS_SAD_XX,1025_ITS_SAD_XX.wav,crema_d,1025,ITS,SAD,sad,unspecified,,,,,,,,,,female,48
1025_IWL_ANG_XX,crema_d_1025_IWL_ANG_XX,1025_IWL_ANG_XX.wav,crema_d,1025,IWL,ANG,anger,unspecified,,,16000.0,2.6359375,16000.0,3.0,1.0359375,,,female,48
1025_IWL_DIS_XX,crema_d_1025_IWL_DIS_XX,1025_IWL_DIS_XX.wav,crema_d,1025,IWL,DIS,disgust,unspecified,,,,,,,,,,female,48
1025_IWL_FEA_XX,crema_d_1025_IWL_FEA_XX,1025_IWL_FEA_XX.wav,crema_d,1025,IWL,FEA,fear,unspecified,,,,,,,,,,female,48
1025_IWL_HAP_XX,crema_d_1025_IWL_HAP_XX,1025_IWL_HAP_XX.wav,crema_d,1025,IWL,HAP,happy,unspecified,,,16000.0,2.2755625,16000.0,3.0,0.0675625,,,female,48
1025_IWL_NEU_XX,crema_d_1025_IWL_NEU_XX,1025_IWL_NEU_XX.wav,crema_d,1025,IWL,NEU,neutral,unspecified,,,16000.0,2.7026875,16000.0,3.0,0.0,,,female,48
1025_IWL_SAD_XX,crema_d_1025_IWL_SAD_XX,1025_IWL_SAD_XX.wav,crema_d,1025,IWL,SAD,sad,unspecified,,,,,,,,,,female,48
1025_IWW_ANG_XX,crema_d_1025_IWW_ANG_XX,1025_IWW_ANG_XX.wav,crema_d,1025,IWW,ANG,anger,unspecified,,,16000.0,2.002,16000.0,3.0,0.594,,,female,48
1025_IWW_DIS_XX,crema_d_1025_IWW_DIS_XX,1025_IWW_DIS_XX.wav,crema_d,1025,IWW,DIS,disgust,unspecified,,,,,,,,,,female,48
1025_IWW_FEA_XX,crema_d_1025_IWW_FEA_XX,1025_IWW_FEA_XX.wav,crema_d,1025,IWW,FEA,fear,unspecified,,,,,,,,,,female,48
1025_IWW_HAP_XX,crema_d_1025_IWW_HAP_XX,1025_IWW_HAP_XX.wav,crema_d,1025,IWW,HAP,happy,unspecified,,,16000.0,2.002,16000.0,3.0,0.0,,,female,48
1025_IWW_NEU_XX,crema_d_1025_IWW_NEU_XX,1025_IWW_NEU_XX.wav,crema_d,1025,IWW,NEU,neutral,unspecified,,,16000.0,3.103125,16000.0,3.0,0.0,,,female,48
1025_IWW_SAD_XX,crema_d_1025_IWW_SAD_XX,1025_IWW_SAD_XX.wav,crema_d,1025,IWW,SAD,sad,unspecified,,,,,,,,,,female,48
1025_MTI_ANG_XX,crema_d_1025_MTI_ANG_XX,1025_MTI_ANG_XX.wav,crema_d,1025,MTI,ANG,anger,unspecified,,,16000.0,2.469125,16000.0,3.0,0.229125,,,female,48
1025_MTI_DIS_XX,crema_d_1025_MTI_DIS_XX,1025_MTI_DIS_XX.wav,crema_d,1025,MTI,DIS,disgust,unspecified,,,,,,,,,,female,48
1025_MTI_FEA_XX,crema_d_1025_MTI_FEA_XX,1025_MTI_FEA_XX.wav,crema_d,1025,MTI,FEA,fear,unspecified,,,,,,,,,,female,48
1025_MTI_HAP_XX,crema_d_1025_MTI_HAP_XX,1025_MTI_HAP_XX.wav,crema_d,1025,MTI,HAP,happy,unspecified,,,16000.0,2.7360625,16000.0,3.0,0.0,,,female,48
1025_MTI_NEU_XX,crema_d_1025_MTI_NEU_XX,1025_MTI_NEU_XX.wav,crema_d,1025,MTI,NEU,neutral,unspecified,,,16000.0,3.2699375,16000.0,3.0,0.0,,,female,48
1025_MTI_SAD_XX,crema_d_1025_MTI_SAD_XX,1025_MTI_SAD_XX.wav,crema_d,1025,MTI,SAD,sad,unspecified,,,,,,,,,,female,48
1025_TAI_ANG_XX,crema_d_1025_TAI_ANG_XX,1025_TAI_ANG_XX.wav,crema_d,1025,TAI,ANG,anger,unspecified,,,16000.0,2.1354375,16000.0,3.0,0.0874375,,,female,48
1025_TAI_DIS_XX,crema_d_1025_TAI_DIS_XX,1025_TAI_DIS_XX.wav,crema_d,1025,TAI,DIS,disgust,unspecified,,,,,,,,,,female,48
1025_TAI_FEA_XX,crema_d_1025_TAI_FEA_XX,1025_TAI_FEA_XX.wav,crema_d,1025,TAI,FEA,fear,unspecified,,,,,,,,,,female,48
1025_TAI_HAP_XX,crema_d_1025_TAI_HAP_XX,1025_TAI_HAP_XX.wav,crema_d,1025,TAI,HAP,happy,unspecified,,,16000.0,2.7026875,16000.0,3.0,0.032,,,female,48
1025_TAI_NEU_XX,crema_d_1025_TAI_NEU_XX,1025_TAI_NEU_XX.wav,crema_d,1025,TAI,NEU,neutral,unspecified,,,16000.0,2.7026875,16000.0,3.0,0.0,,,female,48
1025_TAI_SAD_XX,crema_d_1025_TAI_SAD_XX,1025_TAI_SAD_XX.wav,crema_d,1025,TAI,SAD,sad,unspecified,,,,,,,,,,female,48
1025_TIE_ANG_XX,crema_d_1025_TIE_ANG_XX,1025_TIE_ANG_XX.wav,crema_d,1025,TIE,ANG,anger,unspecified,,,16000.0,3.903875,16000.0,3.0,1.695875,,,female,48
1025_TIE_DIS_XX,crema_d_1025_TIE_DIS_XX,1025_TIE_DIS_XX.wav,crema_d,1025,TIE,DIS,disgust,unspecified,,,,,,,,,,female,48
1025_TIE_FEA_XX,crema_d_1025_TIE_FEA_XX,1025_TIE_FEA_XX.wav,crema_d,1025,TIE,FEA,fear,unspecified,,,,,,,,,,female,48
1025_TIE_HAP_XX,crema_d_1025_TIE_HAP_XX,1025_TIE_HAP_XX.wav,crema_d,1025,TIE,HAP,happy,unspecified,,,16000.0,3.57025,16000.0,3.0,0.01825,,,female,48
1025_TIE_NEU_XX,crema_d_1025_TIE_NEU_XX,1025_TIE_NEU_XX.wav,crema_d,1025,TIE,NEU,neutral,unspecified,,,16000.0,3.43675,16000.0,3.0,0.0,,,female,48
1025_TIE_SAD_XX,crema_d_1025_TIE_SAD_XX,1025_TIE_SAD_XX.wav,crema_d,1025,TIE,SAD,sad,unspecified,,,,,,,,,,female,48
1025_TSI_ANG_XX,crema_d_1025_TSI_ANG_XX,1025_TSI_ANG_XX.wav,crema_d,1025,TSI,ANG,anger,unspecified,,,16000.0,2.06875,16000.0,3.0,0.62875,,,female,48
1025_TSI_DIS_XX,crema_d_1025_TSI_DIS_XX,1025_TSI_DIS_XX.wav,crema_d,1025,TSI,DIS,disgust,unspecified,,,,,,,,,,female,48
1025_TSI_FEA_XX,crema_d_1025_TSI_FEA_XX,1025_TSI_FEA_XX.wav,crema_d,1025,TSI,FEA,fear,unspecified,,,,,,,,,,female,48
1025_TSI_HAP_XX,crema_d_1025_TSI_HAP_XX,1025_TSI_HAP_XX.wav,crema_d,1025,TSI,HAP,happy,unspecified,,,16000.0,2.43575,16000.0,3.0,0.03575,,,female,48
1025_TSI_NEU_XX,crema_d_1025_TSI_NEU_XX,1025_TSI_NEU_XX.wav,crema_d,1025,TSI,NEU,neutral,unspecified,,,16000.0,2.43575,16000.0,3.0,0.0,,,female,48
1025_TSI_SAD_XX,crema_d_1025_TSI_SAD_XX,1025_TSI_SAD_XX.wav,crema_d,1025,TSI,SAD,sad,unspecified,,,,,,,,,,female,48
1025_WSI_ANG_XX,crema_d_1025_WSI_ANG_XX,1025_WSI_ANG_XX.wav,crema_d,1025,WSI,ANG,anger,unspecified,,,16000.0,2.1688125,16000.0,3.0,0.6008125,,,female,48
1025_WSI_DIS_XX,crema_d_1025_WSI_DIS_XX,1025_WSI_DIS_XX.wav,crema_d,1025,WSI,DIS,disgust,unspecified,,,,,,,,,,female,48
1025_WSI_FEA_XX,crema_d_1025_WSI_FEA_XX,1025_WSI_FEA_XX.wav,crema_d,1025,WSI,FEA,fear,unspecified,,,,,,,,,,female,48
1025_WSI_HAP_XX,crema_d_1025_WSI_HAP_XX,1025_WSI_HAP_XX.wav,crema_d,1025,WSI,HAP,happy,unspecified,,,16000.0,2.7694375,16000.0,3.0,0.0494375,,,female,48
1025_WSI_NEU_XX,crema_d_1025_WSI_NEU_XX,1025_WSI_NEU_XX.wav,crema_d,1025,WSI,NEU,neutral,unspecified,,,16000.0,3.103125,16000.0,3.0,0.0,,,female,48
1025_WSI_SAD_XX,crema_d_1025_WSI_SAD_XX,1025_WSI_SAD_XX.wav,crema_d,1025,WSI,SAD,sad,unspecified,,,,,,,,,,female,48
1026_DFA_ANG_XX,crema_d_1026_DFA_ANG_XX,1026_DFA_ANG_XX.wav,crema_d,1026,DFA,ANG,anger,unspecified,,,16000.0,2.06875,16000.0,3.0,0.88475,,,male,33
1026_DFA_DIS_XX,crema_d_1026_DFA_DIS_XX,1026_DFA_DIS_XX.wav,crema_d,1026,DFA,DIS,disgust,unspecified,,,,,,,,,,male,33
1026_DFA_FEA_XX,crema_d_1026_DFA_FEA_XX,1026_DFA_FEA_XX.wav,crema_d,1026,DFA,FEA,fear,unspecified,,,,,,,,,,male,33
1026_DFA_HAP_XX,crema_d_1026_DFA_HAP_XX,1026_DFA_HAP_XX.wav,crema_d,1026,DFA,HAP,happy,unspecified,,,16000.0,1.8685,16000.0,3.0,0.8125,,,male,33
1026_DFA_NEU_XX,crema_d_1026_DFA_NEU_XX,1026_DFA_NEU_XX.wav,crema_d,1026,DFA,NEU,neutral,unspecified,,,16000.0,1.8018125,16000.0,3.0,0.6178125,,,male,33
1026_DFA_SAD_XX,crema_d_1026_DFA_SAD_XX,1026_DFA_SAD_XX.wav,crema_d,1026,DFA,SAD,sad,unspecified,,,,,,,,,,male,33
1026_IEO_ANG_HI,crema_d_1026_IEO_ANG_HI,1026_IEO_ANG_HI.wav,crema_d,1026,IEO,ANG,anger,high,,,16000.0,2.56925,16000.0,3.0,1.03325,,,male,33
1026_IEO_ANG_LO,crema_d_1026_IEO_ANG_LO,1026_IEO_ANG_LO.wav,crema_d,1026,IEO,ANG,anger,low,,,16000.0,1.968625,16000.0,3.0,0.656625,,,male,33
1026_IEO_ANG_MD,crema_d_1026_IEO_ANG_MD,1026_IEO_ANG_MD.wav,crema_d,1026,IEO,ANG,anger,medium,,,16000.0,2.2689375,16000.0,3.0,1.0529375,,,male,33
1026_IEO_DIS_HI,crema_d_1026_IEO_DIS_HI,1026_IEO_DIS_HI.wav,crema_d,1026,IEO,DIS,disgust,high,,,,,,,,,,male,33
1026_IEO_DIS_LO,crema_d_1026_IEO_DIS_LO,1026_IEO_DIS_LO.wav,crema_d,1026,IEO,DIS,disgust,low,,,,,,,,,,male,33
1026_IEO_DIS_MD,crema_d_1026_IEO_DIS_MD,1026_IEO_DIS_MD.wav,crema_d,1026,IEO,DIS,disgust,medium,,,,,,,,,,male,33
1026_IEO_FEA_HI,crema_d_1026_IEO_FEA_HI,1026_IEO_FEA_HI.wav,crema_d,1026,IEO,FEA,fear,high,,,,,,,,,,male,33
1026_IEO_FEA_LO,crema_d_1026_IEO_FEA_LO,1026_IEO_FEA_LO.wav,crema_d,1026,IEO,FEA,fear,low,,,,,,,,,,male,33
1026_IEO_FEA_MD,crema_d_1026_IEO_FEA_MD,1026_IEO_FEA_MD.wav,crema_d,1026,IEO,FEA,fear,medium,,,,,,,,,,male,33
1026_IEO_HAP_HI,crema_d_1026_IEO_HAP_HI,1026_IEO_HAP_HI.wav,crema_d,1026,IEO,HAP,happy,high,,,16000.0,1.8351875,16000.0,3.0,0.7471875,,,male,33
1026_IEO_HAP_LO,crema_d_1026_IEO_HAP_LO,1026_IEO_HAP_LO.wav,crema_d,1026,IEO,HAP,happy,low,,,16000.0,2.002,16000.0,3.0,0.978,,,male,33
1026_IEO_HAP_MD,crema_d_1026_IEO_HAP_MD,1026_IEO_HAP_MD.wav,crema_d,1026,IEO,HAP,happy,medium,,,16000.0,1.6349375,16000.0,3.0,0.6749375,,,male,33
1026_IEO_NEU_XX,crema_d_1026_IEO_NEU_XX,1026_IEO_NEU_XX.wav,crema_d,1026,IEO,NEU,neutral,unspecified,,,16000.0,2.035375,16000.0,3.0,0.435375,,,male,33
1026_IEO_SAD_HI,crema_d_1026_IEO_SAD_HI,1026_IEO_SAD_HI.wav,crema_d,1026,IEO,SAD,sad,high,,,,,,,,,,male,33
1026_IEO_SAD_LO,crema_d_1026_IEO_SAD_LO,1026_IEO_SAD_LO.wav,crema_d,1026,IEO,SAD,sad,low,,,,,,,,,,male,33
1026_IEO_SAD_MD,crema_d_1026_IEO_SAD_MD,1026_IEO_SAD_MD.wav,crema_d,1026,IEO,SAD,sad,medium,,,,,,,,,,male,33
1026_IOM_ANG_XX,crema_d_1026_IOM_ANG_XX,1026_IOM_ANG_XX.wav,crema_d,1026,IOM,ANG,anger,unspecified,,,16000.0,2.102125,16000.0,3.0,0.662125,,,male,33
1026_IOM_DIS_XX,crema_d_1026_IOM_DIS_XX,1026_IOM_DIS_XX.wav,crema_d,1026,IOM,DIS,disgust,unspecified,,,,,,,,,,male,33
1026_IOM_FEA_XX,crema_d_1026_IOM_FEA_XX,1026_IOM_FEA_XX.wav,crema_d,1026,IOM,FEA,fear,unspecified,,,,,,,,,,male,33
1026_IOM_HAP_XX,crema_d_1026_IOM_HAP_XX,1026_IOM_HAP_XX.wav,crema_d,1026,IOM,HAP,happy,unspecified,,,16000.0,2.1354375,16000.0,3.0,0.8234375,,,male,33
1026_IOM_NEU_XX,crema_d_1026_IOM_NEU_XX,1026_IOM_NEU_XX.wav,crema_d,1026,IOM,NEU,neutral,unspecified,,,16000.0,2.602625,16000.0,3.0,0.064,,,male,33
1026_IOM_SAD_XX,crema_d_1026_IOM_SAD_XX,1026_IOM_SAD_XX.wav,crema_d,1026,IOM,SAD,sad,unspecified,,,,,,,,,,male,33
1026_ITH_ANG_XX,crema_d_1026_ITH_ANG_XX,1026_ITH_ANG_XX.wav,crema_d,1026,ITH,ANG,anger,unspecified,,,16000.0,2.402375,16000.0,3.0,0.706375,,,male,33
1026_ITH_DIS_XX,crema_d_1026_ITH_DIS_XX,1026_ITH_DIS_XX.wav,crema_d,1026,ITH,DIS,disgust,unspecified,,,,,,,,,,male,33
1026_ITH_FEA_XX,crema_d_1026_ITH_FEA_XX,1026_ITH_FEA_XX.wav,crema_d,1026,ITH,FEA,fear,unspecified,,,,,,,,,,male,33
1026_ITH_HAP_XX,crema_d_1026_ITH_HAP_XX,1026_ITH_HAP_XX.wav,crema_d,1026,ITH,HAP,happy,unspecified,,,16000.0,1.93525,16000.0,3.0,0.39925,,,male,33
1026_ITH_NEU_XX,crema_d_1026_ITH_NEU_XX,1026_ITH_NEU_XX.wav,crema_d,1026,ITH,NEU,neutral,unspecified,,,16000.0,2.602625,16000.0,3.0,0.042625,,,male,33
1026_ITH_SAD_XX,crema_d_1026_ITH_SAD_XX,1026_ITH_SAD_XX.wav,crema_d,1026,ITH,SAD,sad,unspecified,,,,,,,,,,male,33
1026_ITS_ANG_XX,crema_d_1026_ITS_ANG_XX,1026_ITS_ANG_XX.wav,crema_d,1026,ITS,ANG,anger,unspecified,,,16000.0,2.3023125,16000.0,3.0,0.6063125,,,male,33
1026_ITS_DIS_XX,crema_d_1026_ITS_DIS_XX,1026_ITS_DIS_XX.wav,crema_d,1026,ITS,DIS,disgust,unspecified,,,,,,,,,,male,33
1026_ITS_FEA_XX,crema_d_1026_ITS_FEA_XX,1026_ITS_FEA_XX.wav,crema_d,1026,ITS,FEA,fear,unspecified,,,,,,,,,,male,33
1026_ITS_HAP_XX,crema_d_1026_ITS_HAP_XX,1026_ITS_HAP_XX.wav,crema_d,1026,ITS,HAP,happy,unspecified,,,16000.0,1.8351875,16000.0,3.0,0.5551875,,,male,33
1026_ITS_NEU_XX,crema_d_1026_ITS_NEU_XX,1026_ITS_NEU_XX.wav,crema_d,1026,ITS,NEU,neutral,unspecified,,,16000.0,3.003,16000.0,3.0,0.027,,,male,33
1026_ITS_SAD_XX,crema_d_1026_ITS_SAD_XX,1026_ITS_SAD_XX.wav,crema_d,1026,ITS,SAD,sad,unspecified,,,,,,,,,,male,33
1026_IWL_ANG_XX,crema_d_1026_IWL_ANG_XX,1026_IWL_ANG_XX.wav,crema_d,1026,IWL,ANG,anger,unspecified,,,16000.0,2.7026875,16000.0,3.0,0.4946875,,,male,33
1026_IWL_DIS_XX,crema_d_1026_IWL_DIS_XX,1026_IWL_DIS_XX.wav,crema_d,1026,IWL,DIS,disgust,unspecified,,,,,,,,,,male,33
1026_IWL_FEA_XX,crema_d_1026_IWL_FEA_XX,1026_IWL_FEA_XX.wav,crema_d,1026,IWL,FEA,fear,unspecified,,,,,,,,,,male,33
1026_IWL_HAP_XX,crema_d_1026_IWL_HAP_XX,1026_IWL_HAP_XX.wav,crema_d,1026,IWL,HAP,happy,unspecified,,,16000.0,1.8685,16000.0,3.0,0.7165,,,male,33
1026_IWL_NEU_XX,crema_d_1026_IWL_NEU_XX,1026_IWL_NEU_XX.wav,crema_d,1026,IWL,NEU,neutral,unspecified,,,16000.0,2.56925,16000.0,3.0,0.52125,,,male,33
1026_IWL_SAD_XX,crema_d_1026_IWL_SAD_XX,1026_IWL_SAD_XX.wav,crema_d,1026,IWL,SAD,sad,unspecified,,,,,,,,,,male,33
1026_IWW_ANG_XX,crema_d_1026_IWW_ANG_XX,1026_IWW_ANG_XX.wav,crema_d,1026,IWW,ANG,anger,unspecified,,,16000.0,2.06875,16000.0,3.0,0.78875,,,male,33
1026_IWW_DIS_XX,crema_d_1026_IWW_DIS_XX,1026_IWW_DIS_XX.wav,crema_d,1026,IWW,DIS,disgust,unspecified,,,,,,,,,,male,33
1026_IWW_FEA_XX,crema_d_1026_IWW_FEA_XX,1026_IWW_FEA_XX.wav,crema_d,1026,IWW,FEA,fear,unspecified,,,,,,,,,,male,33
1026_IWW_HAP_XX,crema_d_1026_IWW_HAP_XX,1026_IWW_HAP_XX.wav,crema_d,1026,IWW,HAP,happy,unspecified,,,16000.0,1.8685,16000.0,3.0,0.6205,,,male,33
1026_IWW_NEU_XX,crema_d_1026_IWW_NEU_XX,1026_IWW_NEU_XX.wav,crema_d,1026,IWW,NEU,neutral,unspecified,,,16000.0,2.035375,16000.0,3.0,0.307375,,,male,33
1026_IWW_SAD_XX,crema_d_1026_IWW_SAD_XX,1026_IWW_SAD_XX.wav,crema_d,1026,IWW,SAD,sad,unspecified,,,,,,,,,,male,33
1026_MTI_ANG_XX,crema_d_1026_MTI_ANG_XX,1026_MTI_ANG_XX.wav,crema_d,1026,MTI,ANG,anger,unspecified,,,16000.0,2.6359375,16000.0,3.0,0.7479375,,,male,33
1026_MTI_DIS_XX,crema_d_1026_MTI_DIS_XX,1026_MTI_DIS_XX.wav,crema_d,1026,MTI,DIS,disgust,unspecified,,,,,,,,,,male,33
1026_MTI_FEA_XX,crema_d_1026_MTI_FEA_XX,1026_MTI_FEA_XX.wav,crema_d,1026,MTI,FEA,fear,unspecified,,,,,,,,,,male,33
1026_MTI_HAP_XX,crema_d_1026_MTI_HAP_XX,1026_MTI_HAP_XX.wav,crema_d,1026,MTI,HAP,happy,unspecified,,,16000.0,2.7026875,16000.0,3.0,1.0386875,,,male,33
1026_MTI_NEU_XX,crema_d_1026_MTI_NEU_XX,1026_MTI_NEU_XX.wav,crema_d,1026,MTI,NEU,neutral,unspecified,,,16000.0,2.7026875,16000.0,3.0,0.0786875,,,male,33
1026_MTI_SAD_XX,crema_d_1026_MTI_SAD_XX,1026_MTI_SAD_XX.wav,crema_d,1026,MTI,SAD,sad,unspecified,,,,,,,,,,male,33
1026_TAI_ANG_XX,crema_d_1026_TAI_ANG_XX,1026_TAI_ANG_XX.wav,crema_d,1026,TAI,ANG,anger,unspecified,,,16000.0,2.902875,16000.0,3.0,1.110875,,,male,33
1026_TAI_DIS_XX,crema_d_1026_TAI_DIS_XX,1026_TAI_DIS_XX.wav,crema_d,1026,TAI,DIS,disgust,unspecified,,,,,,,,,,male,33
1026_TAI_FEA_XX,crema_d_1026_TAI_FEA_XX,1026_TAI_FEA_XX.wav,crema_d,1026,TAI,FEA,fear,unspecified,,,,,,,,,,male,33
1026_TAI_HAP_XX,crema_d_1026_TAI_HAP_XX,1026_TAI_HAP_XX.wav,crema_d,1026,TAI,HAP,happy,unspecified,,,16000.0,2.6359375,16000.0,3.0,1.1639375,,,male,33
1026_TAI_NEU_XX,crema_d_1026_TAI_NEU_XX,1026_TAI_NEU_XX.wav,crema_d,1026,TAI,NEU,neutral,unspecified,,,16000.0,2.56925,16000.0,3.0,0.096,,,male,33
1026_TAI_SAD_XX,crema_d_1026_TAI_SAD_XX,1026_TAI_SAD_XX.wav,crema_d,1026,TAI,SAD,sad,unspecified,,,,,,,,,,male,33
1026_TIE_ANG_XX,crema_d_1026_TIE_ANG_XX,1026_TIE_ANG_XX.wav,crema_d,1026,TIE,ANG,anger,unspecified,,,16000.0,3.536875,16000.0,3.0,1.360875,,,male,33
1026_TIE_DIS_XX,crema_d_1026_TIE_DIS_XX,1026_TIE_DIS_XX.wav,crema_d,1026,TIE,DIS,disgust,unspecified,,,,,,,,,,male,33
1026_TIE_FEA_XX,crema_d_1026_TIE_FEA_XX,1026_TIE_FEA_XX.wav,crema_d,1026,TIE,FEA,fear,unspecified,,,,,,,,,,male,33
1026_TIE_HAP_XX,crema_d_1026_TIE_HAP_XX,1026_TIE_HAP_XX.wav,crema_d,1026,TIE,HAP,happy,unspecified,,,16000.0,3.6369375,16000.0,3.0,1.5569375,,,male,33
1026_TIE_NEU_XX,crema_d_1026_TIE_NEU_XX,1026_TIE_NEU_XX.wav,crema_d,1026,TIE,NEU,neutral,unspecified,,,16000.0,3.103125,16000.0,3.0,0.095125,,,male,33
1026_TIE_SAD_XX,crema_d_1026_TIE_SAD_XX,1026_TIE_SAD_XX.wav,crema_d,1026,TIE,SAD,sad,unspecified,,,,,,,,,,male,33
1026_TSI_ANG_XX,crema_d_1026_TSI_ANG_XX,1026_TSI_ANG_XX.wav,crema_d,1026,TSI,ANG,anger,unspecified,,,16000.0,2.2689375,16000.0,3.0,0.8929375,,,male,33
1026_TSI_DIS_XX,crema_d_1026_TSI_DIS_XX,1026_TSI_DIS_XX.wav,crema_d,1026,TSI,DIS,disgust,unspecified,,,,,,,,,,male,33
1026_TSI_FEA_XX,crema_d_1026_TSI_FEA_XX,1026_TSI_FEA_XX.wav,crema_d,1026,TSI,FEA,fear,unspecified,,,,,,,,,,male,33
1026_TSI_HAP_XX,crema_d_1026_TSI_HAP_XX,1026_TSI_HAP_XX.wav,crema_d,1026,TSI,HAP,happy,unspecified,,,16000.0,2.1688125,16000.0,3.0,1.0488125,,,male,33
1026_TSI_NEU_XX,crema_d_1026_TSI_NEU_XX,1026_TSI_NEU_XX.wav,crema_d,1026,TSI,NEU,neutral,unspecified,,,16000.0,2.6693125,16000.0,3.0,0.3973125,,,male,33
1026_TSI_SAD_XX,crema_d_1026_TSI_SAD_XX,1026_TSI_SAD_XX.wav,crema_d,1026,TSI,SAD,sad,unspecified,,,,,,,,,,male,33
1026_WSI_ANG_XX,crema_d_1026_WSI_ANG_XX,1026_WSI_ANG_XX.wav,crema_d,1026,WSI,ANG,anger,unspecified,,,16000.0,3.2031875,16000.0,3.0,1.2831875,,,male,33
1026_WSI_DIS_XX,crema_d_1026_WSI_DIS_XX,1026_WSI_DIS_XX.wav,crema_d,1026,WSI,DIS,disgust,unspecified,,,,,,,,,,male,33
1026_WSI_FEA_XX,crema_d_1026_WSI_FEA_XX,1026_WSI_FEA_XX.wav,crema_d,1026,WSI,FEA,fear,unspecified,,,,,,,,,,male,33
1026_WSI_HAP_XX,crema_d_1026_WSI_HAP_XX,1026_WSI_HAP_XX.wav,crema_d,1026,WSI,HAP,happy,unspecified,,,16000.0,2.43575,16000.0,3.0,0.93175,,,male,33
1026_WSI_NEU_XX,crema_d_1026_WSI_NEU_XX,1026_WSI_NEU_XX.wav,crema_d,1026,WSI,NEU,neutral,unspecified,,,16000.0,2.2755625,16000.0,3.0,0.4515625,,,male,33
1026_WSI_SAD_XX,crema_d_1026_WSI_SAD_XX,1026_WSI_SAD_XX.wav,crema_d,1026,WSI,SAD,sad,unspecified,,,,,,,,,,male,33
1027_DFA_ANG_XX,crema_d_1027_DFA_ANG_XX,1027_DFA_ANG_XX.wav,crema_d,1027,DFA,ANG,anger,unspecified,,,16000.0,1.968625,16000.0,3.0,0.720625,,,male,44
1027_DFA_DIS_XX,crema_d_1027_DFA_DIS_XX,1027_DFA_DIS_XX.wav,crema_d,1027,DFA,DIS,disgust,unspecified,,,,,,,,,,male,44
1027_DFA_FEA_XX,crema_d_1027_DFA_FEA_XX,1027_DFA_FEA_XX.wav,crema_d,1027,DFA,FEA,fear,unspecified,,,,,,,,,,male,44
1027_DFA_HAP_XX,crema_d_1027_DFA_HAP_XX,1027_DFA_HAP_XX.wav,crema_d,1027,DFA,HAP,happy,unspecified,,,16000.0,1.7016875,16000.0,3.0,0.6456875,,,male,44
1027_DFA_NEU_XX,crema_d_1027_DFA_NEU_XX,1027_DFA_NEU_XX.wav,crema_d,1027,DFA,NEU,neutral,unspecified,,,16000.0,2.1354375,16000.0,3.0,0.032,,,male,44
1027_DFA_SAD_XX,crema_d_1027_DFA_SAD_XX,1027_DFA_SAD_XX.wav,crema_d,1027,DFA,SAD,sad,unspecified,,,,,,,,,,male,44
1027_IEO_ANG_HI,crema_d_1027_IEO_ANG_HI,1027_IEO_ANG_HI.wav,crema_d,1027,IEO,ANG,anger,high,,,16000.0,2.93625,16000.0,3.0,1.27225,,,male,44
1027_IEO_ANG_LO,crema_d_1027_IEO_ANG_LO,1027_IEO_ANG_LO.wav,crema_d,1027,IEO,ANG,anger,low,,,16000.0,2.402375,16000.0,3.0,0.098375,,,male,44
1027_IEO_ANG_MD,crema_d_1027_IEO_ANG_MD,1027_IEO_ANG_MD.wav,crema_d,1027,IEO,ANG,anger,medium,,,16000.0,1.968625,16000.0,3.0,1.040625,,,male,44
1027_IEO_DIS_HI,crema_d_1027_IEO_DIS_HI,1027_IEO_DIS_HI.wav,crema_d,1027,IEO,DIS,disgust,high,,,,,,,,,,male,44
1027_IEO_DIS_LO,crema_d_1027_IEO_DIS_LO,1027_IEO_DIS_LO.wav,crema_d,1027,IEO,DIS,disgust,low,,,,,,,,,,male,44
1027_IEO_DIS_MD,crema_d_1027_IEO_DIS_MD,1027_IEO_DIS_MD.wav,crema_d,1027,IEO,DIS,disgust,medium,,,,,,,,,,male,44
1027_IEO_FEA_HI,crema_d_1027_IEO_FEA_HI,1027_IEO_FEA_HI.wav,crema_d,1027,IEO,FEA,fear,high,,,,,,,,,,male,44
1027_IEO_FEA_LO,crema_d_1027_IEO_FEA_LO,1027_IEO_FEA_LO.wav,crema_d,1027,IEO,FEA,fear,low,,,,,,,,,,male,44
1027_IEO_FEA_MD,crema_d_1027_IEO_FEA_MD,1027_IEO_FEA_MD.wav,crema_d,1027,IEO,FEA,fear,medium,,,,,,,,,,male,44
1027_IEO_HAP_HI,crema_d_1027_IEO_HAP_HI,1027_IEO_HAP_HI.wav,crema_d,1027,IEO,HAP,happy,high,,,16000.0,2.8695,16000.0,3.0,1.5575,,,male,44
1027_IEO_HAP_LO,crema_d_1027_IEO_HAP_LO,1027_IEO_HAP_LO.wav,crema_d,1027,IEO,HAP,happy,low,,,16000.0,1.8018125,16000.0,3.0,0.0,,,male,44
1027_IEO_HAP_MD,crema_d_1027_IEO_HAP_MD,1027_IEO_HAP_MD.wav,crema_d,1027,IEO,HAP,happy,medium,,,16000.0,2.6359375,16000.0,3.0,0.16,,,male,44
1027_IEO_NEU_XX,crema_d_1027_IEO_NEU_XX,1027_IEO_NEU_XX.wav,crema_d,1027,IEO,NEU,neutral,unspecified,,,16000.0,2.369,16000.0,3.0,0.001,,,male,44
1027_IEO_SAD_HI,crema_d_1027_IEO_SAD_HI,1027_IEO_SAD_HI.wav,crema_d,1027,IEO,SAD,sad,high,,,,,,,,,,male,44
1027_IEO_SAD_LO,crema_d_1027_IEO_SAD_LO,1027_IEO_SAD_LO.wav,crema_d,1027,IEO,SAD,sad,low,,,,,,,,,,male,44
1027_IEO_SAD_MD,crema_d_1027_IEO_SAD_MD,1027_IEO_SAD_MD.wav,crema_d,1027,IEO,SAD,sad,medium,,,,,,,,,,male,44
1027_IOM_ANG_XX,crema_d_1027_IOM_ANG_XX,1027_IOM_ANG_XX.wav,crema_d,1027,IOM,ANG,anger,unspecified,,,16000.0,3.06975,16000.0,3.0,1.05375,,,male,44
1027_IOM_DIS_XX,crema_d_1027_IOM_DIS_XX,1027_IOM_DIS_XX.wav,crema_d,1027,IOM,DIS,disgust,unspecified,,,,,,,,,,male,44
1027_IOM_FEA_XX,crema_d_1027_IOM_FEA_XX,1027_IOM_FEA_XX.wav,crema_d,1027,IOM,FEA,fear,unspecified,,,,,,,,,,male,44
1027_IOM_HAP_XX,crema_d_1027_IOM_HAP_XX,1027_IOM_HAP_XX.wav,crema_d,1027,IOM,HAP,happy,unspecified,,,16000.0,2.43575,16000.0,3.0,1.28375,,,male,44
1027_IOM_NEU_XX,crema_d_1027_IOM_NEU_XX,1027_IOM_NEU_XX.wav,crema_d,1027,IOM,NEU,neutral,unspecified,,,16000.0,2.2755625,16000.0,3.0,0.064,,,male,44
1027_IOM_SAD_XX,crema_d_1027_IOM_SAD_XX,1027_IOM_SAD_XX.wav,crema_d,1027,IOM,SAD,sad,unspecified,,,,,,,,,,male,44
1027_ITH_ANG_XX,crema_d_1027_ITH_ANG_XX,1027_ITH_ANG_XX.wav,crema_d,1027,ITH,ANG,anger,unspecified,,,16000.0,2.902875,16000.0,3.0,0.662875,,,male,44
1027_ITH_DIS_XX,crema_d_1027_ITH_DIS_XX,1027_ITH_DIS_XX.wav,crema_d,1027,ITH,DIS,disgust,unspecified,,,,,,,,,,male,44
1027_ITH_FEA_XX,crema_d_1027_ITH_FEA_XX,1027_ITH_FEA_XX.wav,crema_d,1027,ITH,FEA,fear,unspecified,,,,,,,,,,male,44
1027_ITH_HAP_XX,crema_d_1027_ITH_HAP_XX,1027_ITH_HAP_XX.wav,crema_d,1027,ITH,HAP,happy,unspecified,,,16000.0,2.5025,16000.0,3.0,1.0305,,,male,44
1027_ITH_NEU_XX,crema_d_1027_ITH_NEU_XX,1027_ITH_NEU_XX.wav,crema_d,1027,ITH,NEU,neutral,unspecified,,,16000.0,2.43575,16000.0,3.0,0.06775,,,male,44
1027_ITH_SAD_XX,crema_d_1027_ITH_SAD_XX,1027_ITH_SAD_XX.wav,crema_d,1027,ITH,SAD,sad,unspecified,,,,,,,,,,male,44
1027_ITS_ANG_XX,crema_d_1027_ITS_ANG_XX,1027_ITS_ANG_XX.wav,crema_d,1027,ITS,ANG,anger,unspecified,,,16000.0,2.7026875,16000.0,3.0,1.2306875,,,male,44
1027_ITS_DIS_XX,crema_d_1027_ITS_DIS_XX,1027_ITS_DIS_XX.wav,crema_d,1027,ITS,DIS,disgust,unspecified,,,,,,,,,,male,44
1027_ITS_FEA_XX,crema_d_1027_ITS_FEA_XX,1027_ITS_FEA_XX.wav,crema_d,1027,ITS,FEA,fear,unspecified,,,,,,,,,,male,44
1027_ITS_HAP_XX,crema_d_1027_ITS_HAP_XX,1027_ITS_HAP_XX.wav,crema_d,1027,ITS,HAP,happy,unspecified,,,16000.0,2.2689375,16000.0,3.0,0.0929375,,,male,44
1027_ITS_NEU_XX,crema_d_1027_ITS_NEU_XX,1027_ITS_NEU_XX.wav,crema_d,1027,ITS,NEU,neutral,unspecified,,,16000.0,1.8685,16000.0,3.0,0.1085,,,male,44
1027_ITS_SAD_XX,crema_d_1027_ITS_SAD_XX,1027_ITS_SAD_XX.wav,crema_d,1027,ITS,SAD,sad,unspecified,,,,,,,,,,male,44
1027_IWL_ANG_XX,crema_d_1027_IWL_ANG_XX,1027_IWL_ANG_XX.wav,crema_d,1027,IWL,ANG,anger,unspecified,,,16000.0,3.2699375,16000.0,3.0,0.7099375,,,male,44
1027_IWL_DIS_XX,crema_d_1027_IWL_DIS_XX,1027_IWL_DIS_XX.wav,crema_d,1027,IWL,DIS,disgust,unspecified,,,,,,,,,,male,44
1027_IWL_FEA_XX,crema_d_1027_IWL_FEA_XX,1027_IWL_FEA_XX.wav,crema_d,1027,IWL,FEA,fear,unspecified,,,,,,,,,,male,44
1027_IWL_HAP_XX,crema_d_1027_IWL_HAP_XX,1027_IWL_HAP_XX.wav,crema_d,1027,IWL,HAP,happy,unspecified,,,16000.0,2.3023125,16000.0,3.0,0.0943125,,,male,44
1027_IWL_NEU_XX,crema_d_1027_IWL_NEU_XX,1027_IWL_NEU_XX.wav,crema_d,1027,IWL,NEU,neutral,unspecified,,,16000.0,2.56925,16000.0,3.0,0.23325,,,male,44
1027_IWL_SAD_XX,crema_d_1027_IWL_SAD_XX,1027_IWL_SAD_XX.wav,crema_d,1027,IWL,SAD,sad,unspecified,,,,,,,,,,male,44
1027_IWW_ANG_XX,crema_d_1027_IWW_ANG_XX,1027_IWW_ANG_XX.wav,crema_d,1027,IWW,ANG,anger,unspecified,,,16000.0,1.7016875,16000.0,3.0,0.5816875,,,male,44
1027_IWW_DIS_XX,crema_d_1027_IWW_DIS_XX,1027_IWW_DIS_XX.wav,crema_d,1027,IWW,DIS,disgust,unspecified,,,,,,,,,,male,44
1027_IWW_FEA_XX,crema_d_1027_IWW_FEA_XX,1027_IWW_FEA_XX.wav,crema_d,1027,IWW,FEA,fear,unspecified,,,,,,,,,,male,44
1027_IWW_HAP_XX,crema_d_1027_IWW_HAP_XX,1027_IWW_HAP_XX.wav,crema_d,1027,IWW,HAP,happy,unspecified,,,16000.0,2.1354375,16000.0,3.0,0.1834375,,,male,44
1027_IWW_NEU_XX,crema_d_1027_IWW_NEU_XX,1027_IWW_NEU_XX.wav,crema_d,1027,IWW,NEU,neutral,unspecified,,,16000.0,2.102125,16000.0,3.0,0.032,,,male,44
1027_IWW_SAD_XX,crema_d_1027_IWW_SAD_XX,1027_IWW_SAD_XX.wav,crema_d,1027,IWW,SAD,sad,unspecified,,,,,,,,,,male,44
1027_MTI_ANG_XX,crema_d_1027_MTI_ANG_XX,1027_MTI_ANG_XX.wav,crema_d,1027,MTI,ANG,anger,unspecified,,,16000.0,2.035375,16000.0,3.0,0.531375,,,male,44
1027_MTI_DIS_XX,crema_d_1027_MTI_DIS_XX,1027_MTI_DIS_XX.wav,crema_d,1027,MTI,DIS,disgust,unspecified,,,,,,,,,,male,44
1027_MTI_FEA_XX,crema_d_1027_MTI_FEA_XX,1027_MTI_FEA_XX.wav,crema_d,1027,MTI,FEA,fear,unspecified,,,,,,,,,,male,44
1027_MTI_HAP_XX,crema_d_1027_MTI_HAP_XX,1027_MTI_HAP_XX.wav,crema_d,1027,MTI,HAP,happy,unspecified,,,16000.0,2.3356875,16000.0,3.0,0.9596875,,,male,44
1027_MTI_NEU_XX,crema_d_1027_MTI_NEU_XX,1027_MTI_NEU_XX.wav,crema_d,1027,MTI,NEU,neutral,unspecified,,,16000.0,2.2689375,16000.0,3.0,0.064,,,male,44
1027_MTI_SAD_XX,crema_d_1027_MTI_SAD_XX,1027_MTI_SAD_XX.wav,crema_d,1027,MTI,SAD,sad,unspecified,,,,,,,,,,male,44
1027_TAI_ANG_XX,crema_d_1027_TAI_ANG_XX,1027_TAI_ANG_XX.wav,crema_d,1027,TAI,ANG,anger,unspecified,,,16000.0,3.3033125,16000.0,3.0,1.3833125,,,male,44
1027_TAI_DIS_XX,crema_d_1027_TAI_DIS_XX,1027_TAI_DIS_XX.wav,crema_d,1027,TAI,DIS,disgust,unspecified,,,,,,,,,,male,44
1027_TAI_FEA_XX,crema_d_1027_TAI_FEA_XX,1027_TAI_FEA_XX.wav,crema_d,1027,TAI,FEA,fear,unspecified,,,,,,,,,,male,44
1027_TAI_HAP_XX,crema_d_1027_TAI_HAP_XX,1027_TAI_HAP_XX.wav,crema_d,1027,TAI,HAP,happy,unspecified,,,16000.0,2.369,16000.0,3.0,0.993,,,male,44
1027_TAI_NEU_XX,crema_d_1027_TAI_NEU_XX,1027_TAI_NEU_XX.wav,crema_d,1027,TAI,NEU,neutral,unspecified,,,16000.0,2.3356875,16000.0,3.0,0.0316875,,,male,44
1027_TAI_SAD_XX,crema_d_1027_TAI_SAD_XX,1027_TAI_SAD_XX.wav,crema_d,1027,TAI,SAD,sad,unspecified,,,,,,,,,,male,44
1027_TIE_ANG_XX,crema_d_1027_TIE_ANG_XX,1027_TIE_ANG_XX.wav,crema_d,1027,TIE,ANG,anger,unspecified,,,16000.0,2.969625,16000.0,3.0,1.529625,,,male,44
1027_TIE_DIS_XX,crema_d_1027_TIE_DIS_XX,1027_TIE_DIS_XX.wav,crema_d,1027,TIE,DIS,disgust,unspecified,,,,,,,,,,male,44
1027_TIE_FEA_XX,crema_d_1027_TIE_FEA_XX,1027_TIE_FEA_XX.wav,crema_d,1027,TIE,FEA,fear,unspecified,,,,,,,,,,male,44
1027_TIE_HAP_XX,crema_d_1027_TIE_HAP_XX,1027_TIE_HAP_XX.wav,crema_d,1027,TIE,HAP,happy,unspecified,,,16000.0,3.003,16000.0,3.0,0.0,,,male,44
1027_TIE_NEU_XX,crema_d_1027_TIE_NEU_XX,1027_TIE_NEU_XX.wav,crema_d,1027,TIE,NEU,neutral,unspecified,,,16000.0,2.7026875,16000.0,3.0,0.0,,,male,44
1027_TIE_SAD_XX,crema_d_1027_TIE_SAD_XX,1027_TIE_SAD_XX.wav,crema_d,1027,TIE,SAD,sad,unspecified,,,,,,,,,,male,44
1027_TSI_ANG_XX,crema_d_1027_TSI_ANG_XX,1027_TSI_ANG_XX.wav,crema_d,1027,TSI,ANG,anger,unspecified,,,16000.0,2.7026875,16000.0,3.0,1.1346875,,,male,44
1027_TSI_DIS_XX,crema_d_1027_TSI_DIS_XX,1027_TSI_DIS_XX.wav,crema_d,1027,TSI,DIS,disgust,unspecified,,,,,,,,,,male,44
1027_TSI_FEA_XX,crema_d_1027_TSI_FEA_XX,1027_TSI_FEA_XX.wav,crema_d,1027,TSI,FEA,fear,unspecified,,,,,,,,,,male,44
1027_TSI_HAP_XX,crema_d_1027_TSI_HAP_XX,1027_TSI_HAP_XX.wav,crema_d,1027,TSI,HAP,happy,unspecified,,,16000.0,2.102125,16000.0,3.0,0.918125,,,male,44
1027_TSI_NEU_XX,crema_d_1027_TSI_NEU_XX,1027_TSI_NEU_XX.wav,crema_d,1027,TSI,NEU,neutral,unspecified,,,16000.0,2.1354375,16000.0,3.0,0.0554375,,,male,44
1027_TSI_SAD_XX,crema_d_1027_TSI_SAD_XX,1027_TSI_SAD_XX.wav,crema_d,1027,TSI,SAD,sad,unspecified,,,,,,,,,,male,44
1027_WSI_ANG_XX,crema_d_1027_WSI_ANG_XX,1027_WSI_ANG_XX.wav,crema_d,1027,WSI,ANG,anger,unspecified,,,16000.0,2.8361875,16000.0,3.0,1.2361875,,,male,44
1027_WSI_DIS_XX,crema_d_1027_WSI_DIS_XX,1027_WSI_DIS_XX.wav,crema_d,1027,WSI,DIS,disgust,unspecified,,,,,,,,,,male,44
1027_WSI_FEA_XX,crema_d_1027_WSI_FEA_XX,1027_WSI_FEA_XX.wav,crema_d,1027,WSI,FEA,fear,unspecified,,,,,,,,,,male,44
1027_WSI_HAP_XX,crema_d_1027_WSI_HAP_XX,1027_WSI_HAP_XX.wav,crema_d,1027,WSI,HAP,happy,unspecified,,,16000.0,2.1354375,16000.0,3.0,0.8554375,,,male,44
1027_WSI_NEU_XX,crema_d_1027_WSI_NEU_XX,1027_WSI_NEU_XX.wav,crema_d,1027,WSI,NEU,neutral,unspecified,,,16000.0,2.1688125,16000.0,3.0,0.0,,,male,44
1027_WSI_SAD_XX,crema_d_1027_WSI_SAD_XX,1027_WSI_SAD_XX.wav,crema_d,1027,WSI,SAD,sad,unspecified,,,,,,,,,,male,44
1028_DFA_ANG_XX,crema_d_1028_DFA_ANG_XX,1028_DFA_ANG_XX.wav,crema_d,1028,DFA,ANG,anger,unspecified,,,16000.0,2.2021875,16000.0,3.0,0.9861875,,,female,57
1028_DFA_DIS_XX,crema_d_1028_DFA_DIS_XX,1028_DFA_DIS_XX.wav,crema_d,1028,DFA,DIS,disgust,unspecified,,,,,,,,,,female,57
1028_DFA_FEA_XX,crema_d_1028_DFA_FEA_XX,1028_DFA_FEA_XX.wav,crema_d,1028,DFA,FEA,fear,unspecified,,,,,,,,,,female,57
1028_DFA_HAP_XX,crema_d_1028_DFA_HAP_XX,1028_DFA_HAP_XX.wav,crema_d,1028,DFA,HAP,happy,unspecified,,,16000.0,1.8685,16000.0,3.0,0.6845,,,female,57
1028_DFA_NEU_XX,crema_d_1028_DFA_NEU_XX,1028_DFA_NEU_XX.wav,crema_d,1028,DFA,NEU,neutral,unspecified,,,16000.0,2.035375,16000.0,3.0,0.0,,,female,57
1028_DFA_SAD_XX,crema_d_1028_DFA_SAD_XX,1028_DFA_SAD_XX.wav,crema_d,1028,DFA,SAD,sad,unspecified,,,,,,,,,,female,57
1028_IEO_ANG_HI,crema_d_1028_IEO_ANG_HI,1028_IEO_ANG_HI.wav,crema_d,1028,IEO,ANG,anger,high,,,16000.0,2.002,16000.0,3.0,0.882,,,female,57
1028_IEO_ANG_LO,crema_d_1028_IEO_ANG_LO,1028_IEO_ANG_LO.wav,crema_d,1028,IEO,ANG,anger,low,,,16000.0,1.93525,16000.0,3.0,1.00725,,,female,57
1028_IEO_ANG_MD,crema_d_1028_IEO_ANG_MD,1028_IEO_ANG_MD.wav,crema_d,1028,IEO,ANG,anger,medium,,,16000.0,2.035375,16000.0,3.0,0.723375,,,female,57
1028_IEO_DIS_HI,crema_d_1028_IEO_DIS_HI,1028_IEO_DIS_HI.wav,crema_d,1028,IEO,DIS,disgust,high,,,,,,,,,,female,57
1028_IEO_DIS_LO,crema_d_1028_IEO_DIS_LO,1028_IEO_DIS_LO.wav,crema_d,1028,IEO,DIS,disgust,low,,,,,,,,,,female,57
1028_IEO_DIS_MD,crema_d_1028_IEO_DIS_MD,1028_IEO_DIS_MD.wav,crema_d,1028,IEO,DIS,disgust,medium,,,,,,,,,,female,57
1028_IEO_FEA_HI,crema_d_1028_IEO_FEA_HI,1028_IEO_FEA_HI.wav,crema_d,1028,IEO,FEA,fear,high,,,,,,,,,,female,57
1028_IEO_FEA_LO,crema_d_1028_IEO_FEA_LO,1028_IEO_FEA_LO.wav,crema_d,1028,IEO,FEA,fear,low,,,,,,,,,,female,57
1028_IEO_FEA_MD,crema_d_1028_IEO_FEA_MD,1028_IEO_FEA_MD.wav,crema_d,1028,IEO,FEA,fear,medium,,,,,,,,,,female,57
1028_IEO_HAP_HI,crema_d_1028_IEO_HAP_HI,1028_IEO_HAP_HI.wav,crema_d,1028,IEO,HAP,happy,high,,,16000.0,1.901875,16000.0,3.0,0.205875,,,female,57
1028_IEO_HAP_LO,crema_d_1028_IEO_HAP_LO,1028_IEO_HAP_LO.wav,crema_d,1028,IEO,HAP,happy,low,,,16000.0,1.534875,16000.0,3.0,0.350875,,,female,57
1028_IEO_HAP_MD,crema_d_1028_IEO_HAP_MD,1028_IEO_HAP_MD.wav,crema_d,1028,IEO,HAP,happy,medium,,,16000.0,1.8018125,16000.0,3.0,0.6818125,,,female,57
1028_IEO_NEU_XX,crema_d_1028_IEO_NEU_XX,1028_IEO_NEU_XX.wav,crema_d,1028,IEO,NEU,neutral,unspecified,,,16000.0,1.6349375,16000.0,3.0,0.0,,,female,57
1028_IEO_SAD_HI,crema_d_1028_IEO_SAD_HI,1028_IEO_SAD_HI.wav,crema_d,1028,IEO,SAD,sad,high,,,,,,,,,,female,57
1028_IEO_SAD_LO,crema_d_1028_IEO_SAD_LO,1028_IEO_SAD_LO.wav,crema_d,1028,IEO,SAD,sad,low,,,,,,,,,,female,57
1028_IEO_SAD_MD,crema_d_1028_IEO_SAD_MD,1028_IEO_SAD_MD.wav,crema_d,1028,IEO,SAD,sad,medium,,,,,,,,,,female,57
1028_IOM_ANG_XX,crema_d_1028_IOM_ANG_XX,1028_IOM_ANG_XX.wav,crema_d,1028,IOM,ANG,anger,unspecified,,,16000.0,2.102125,16000.0,3.0,0.470125,,,female,57
1028_IOM_DIS_XX,crema_d_1028_IOM_DIS_XX,1028_IOM_DIS_XX.wav,crema_d,1028,IOM,DIS,disgust,unspecified,,,,,,,,,,female,57
1028_IOM_FEA_XX,crema_d_1028_IOM_FEA_XX,1028_IOM_FEA_XX.wav,crema_d,1028,IOM,FEA,fear,unspecified,,,,,,,,,,female,57
1028_IOM_HAP_XX,crema_d_1028_IOM_HAP_XX,1028_IOM_HAP_XX.wav,crema_d,1028,IOM,HAP,happy,unspecified,,,16000.0,2.035375,16000.0,3.0,0.531375,,,female,57
1028_IOM_NEU_XX,crema_d_1028_IOM_NEU_XX,1028_IOM_NEU_XX.wav,crema_d,1028,IOM,NEU,neutral,unspecified,,,16000.0,2.035375,16000.0,3.0,0.0,,,female,57
1028_IOM_SAD_XX,crema_d_1028_IOM_SAD_XX,1028_IOM_SAD_XX.wav,crema_d,1028,IOM,SAD,sad,unspecified,,,,,,,,,,female,57
1028_ITH_ANG_XX,crema_d_1028_ITH_ANG_XX,1028_ITH_ANG_XX.wav,crema_d,1028,ITH,ANG,anger,unspecified,,,16000.0,2.602625,16000.0,3.0,0.810625,,,female,57
1028_ITH_DIS_XX,crema_d_1028_ITH_DIS_XX,1028_ITH_DIS_XX.wav,crema_d,1028,ITH,DIS,disgust,unspecified,,,,,,,,,,female,57
1028_ITH_FEA_XX,crema_d_1028_ITH_FEA_XX,1028_ITH_FEA_XX.wav,crema_d,1028,ITH,FEA,fear,unspecified,,,,,,,,,,female,57
1028_ITH_HAP_XX,crema_d_1028_ITH_HAP_XX,1028_ITH_HAP_XX.wav,crema_d,1028,ITH,HAP,happy,unspecified,,,16000.0,2.3023125,16000.0,3.0,0.032,,,female,57
1028_ITH_NEU_XX,crema_d_1028_ITH_NEU_XX,1028_ITH_NEU_XX.wav,crema_d,1028,ITH,NEU,neutral,unspecified,,,16000.0,3.2699375,16000.0,3.0,0.0,,,female,57
1028_ITH_SAD_XX,crema_d_1028_ITH_SAD_XX,1028_ITH_SAD_XX.wav,crema_d,1028,ITH,SAD,sad,unspecified,,,,,,,,,,female,57
1028_ITS_ANG_XX,crema_d_1028_ITS_ANG_XX,1028_ITS_ANG_XX.wav,crema_d,1028,ITS,ANG,anger,unspecified,,,16000.0,2.7026875,16000.0,3.0,0.8146875,,,female,57
1028_ITS_DIS_XX,crema_d_1028_ITS_DIS_XX,1028_ITS_DIS_XX.wav,crema_d,1028,ITS,DIS,disgust,unspecified,,,,,,,,,,female,57
1028_ITS_FEA_XX,crema_d_1028_ITS_FEA_XX,1028_ITS_FEA_XX.wav,crema_d,1028,ITS,FEA,fear,unspecified,,,,,,,,,,female,57
1028_ITS_HAP_XX,crema_d_1028_ITS_HAP_XX,1028_ITS_HAP_XX.wav,crema_d,1028,ITS,HAP,happy,unspecified,,,16000.0,2.43575,16000.0,3.0,0.22775,,,female,57
1028_ITS_NEU_XX,crema_d_1028_ITS_NEU_XX,1028_ITS_NEU_XX.wav,crema_d,1028,ITS,NEU,neutral,unspecified,,,16000.0,2.8361875,16000.0,3.0,0.0,,,female,57
1028_ITS_SAD_XX,crema_d_1028_ITS_SAD_XX,1028_ITS_SAD_XX.wav,crema_d,1028,ITS,SAD,sad,unspecified,,,,,,,,,,female,57
1028_IWL_ANG_XX,crema_d_1028_IWL_ANG_XX,1028_IWL_ANG_XX.wav,crema_d,1028,IWL,ANG,anger,unspecified,,,16000.0,2.7026875,16000.0,3.0,0.6226875,,,female,57
1028_IWL_DIS_XX,crema_d_1028_IWL_DIS_XX,1028_IWL_DIS_XX.wav,crema_d,1028,IWL,DIS,disgust,unspecified,,,,,,,,,,female,57
1028_IWL_FEA_XX,crema_d_1028_IWL_FEA_XX,1028_IWL_FEA_XX.wav,crema_d,1028,IWL,FEA,fear,unspecified,,,,,,,,,,female,57
1028_IWL_HAP_XX,crema_d_1028_IWL_HAP_XX,1028_IWL_HAP_XX.wav,crema_d,1028,IWL,HAP,happy,unspecified,,,16000.0,2.1688125,16000.0,3.0,0.4728125,,,female,57
1028_IWL_NEU_XX,crema_d_1028_IWL_NEU_XX,1028_IWL_NEU_XX.wav,crema_d,1028,IWL,NEU,neutral,unspecified,,,16000.0,2.602625,16000.0,3.0,0.0,,,female,57
1028_IWL_SAD_XX,crema_d_1028_IWL_SAD_XX,1028_IWL_SAD_XX.wav,crema_d,1028,IWL,SAD,sad,unspecified,,,,,,,,,,female,57
1028_IWW_ANG_XX,crema_d_1028_IWW_ANG_XX,1028_IWW_ANG_XX.wav,crema_d,1028,IWW,ANG,anger,unspecified,,,16000.0,2.402375,16000.0,3.0,1.378375,,,female,57
1028_IWW_DIS_XX,crema_d_1028_IWW_DIS_XX,1028_IWW_DIS_XX.wav,crema_d,1028,IWW,DIS,disgust,unspecified,,,,,,,,,,female,57
1028_IWW_FEA_XX,crema_d_1028_IWW_FEA_XX,1028_IWW_FEA_XX.wav,crema_d,1028,IWW,FEA,fear,unspecified,,,,,,,,,,female,57
1028_IWW_HAP_XX,crema_d_1028_IWW_HAP_XX,1028_IWW_HAP_XX.wav,crema_d,1028,IWW,HAP,happy,unspecified,,,16000.0,2.1688125,16000.0,3.0,0.6968125,,,female,57
1028_IWW_NEU_XX,crema_d_1028_IWW_NEU_XX,1028_IWW_NEU_XX.wav,crema_d,1028,IWW,NEU,neutral,unspecified,,,16000.0,2.56925,16000.0,3.0,0.0,,,female,57
1028_IWW_SAD_XX,crema_d_1028_IWW_SAD_XX,1028_IWW_SAD_XX.wav,crema_d,1028,IWW,SAD,sad,unspecified,,,,,,,,,,female,57
1028_MTI_ANG_XX,crema_d_1028_MTI_ANG_XX,1028_MTI_ANG_XX.wav,crema_d,1028,MTI,ANG,anger,unspecified,,,16000.0,2.602625,16000.0,3.0,0.938625,,,female,57
1028_MTI_DIS_XX,crema_d_1028_MTI_DIS_XX,1028_MTI_DIS_XX.wav,crema_d,1028,MTI,DIS,disgust,unspecified,,,,,,,,,,female,57
1028_MTI_FEA_XX,crema_d_1028_MTI_FEA_XX,1028_MTI_FEA_XX.wav,crema_d,1028,MTI,FEA,fear,unspecified,,,,,,,,,,female,57
1028_MTI_HAP_XX,crema_d_1028_MTI_HAP_XX,1028_MTI_HAP_XX.wav,crema_d,1028,MTI,HAP,happy,unspecified,,,16000.0,2.7026875,16000.0,3.0,0.8466875,,,female,57
1028_MTI_NEU_XX,crema_d_1028_MTI_NEU_XX,1028_MTI_NEU_XX.wav,crema_d,1028,MTI,NEU,neutral,unspecified,,,16000.0,2.5025,16000.0,3.0,0.0065,,,female,57
1028_MTI_SAD_XX,crema_d_1028_MTI_SAD_XX,1028_MTI_SAD_XX.wav,crema_d,1028,MTI,SAD,sad,unspecified,,,,,,,,,,female,57
1028_TAI_ANG_XX,crema_d_1028_TAI_ANG_XX,1028_TAI_ANG_XX.wav,crema_d,1028,TAI,ANG,anger,unspecified,,,16000.0,2.535875,16000.0,3.0,0.807875,,,female,57
1028_TAI_DIS_XX,crema_d_1028_TAI_DIS_XX,1028_TAI_DIS_XX.wav,crema_d,1028,TAI,DIS,disgust,unspecified,,,,,,,,,,female,57
1028_TAI_FEA_XX,crema_d_1028_TAI_FEA_XX,1028_TAI_FEA_XX.wav,crema_d,1028,TAI,FEA,fear,unspecified,,,,,,,,,,female,57
1028_TAI_HAP_XX,crema_d_1028_TAI_HAP_XX,1028_TAI_HAP_XX.wav,crema_d,1028,TAI,HAP,happy,unspecified,,,16000.0,2.002,16000.0,3.0,0.338,,,female,57
1028_TAI_NEU_XX,crema_d_1028_TAI_NEU_XX,1028_TAI_NEU_XX.wav,crema_d,1028,TAI,NEU,neutral,unspecified,,,16000.0,2.8695,16000.0,3.0,0.0215,,,female,57
1028_TAI_SAD_XX,crema_d_1028_TAI_SAD_XX,1028_TAI_SAD_XX.wav,crema_d,1028,TAI,SAD,sad,unspecified,,,,,,,,,,female,57
1028_TIE_ANG_XX,crema_d_1028_TIE_ANG_XX,1028_TIE_ANG_XX.wav,crema_d,1028,TIE,ANG,anger,unspecified,,,16000.0,3.1698125,16000.0,3.0,1.4098125,,,female,57
1028_TIE_DIS_XX,crema_d_1028_TIE_DIS_XX,1028_TIE_DIS_XX.wav,crema_d,1028,TIE,DIS,disgust,unspecified,,,,,,,,,,female,57
1028_TIE_FEA_XX,crema_d_1028_TIE_FEA_XX,1028_TIE_FEA_XX.wav,crema_d,1028,TIE,FEA,fear,unspecified,,,,,,,,,,female,57
1028_TIE_HAP_XX,crema_d_1028_TIE_HAP_XX,1028_TIE_HAP_XX.wav,crema_d,1028,TIE,HAP,happy,unspecified,,,16000.0,2.7360625,16000.0,3.0,0.0,,,female,57
1028_TIE_NEU_XX,crema_d_1028_TIE_NEU_XX,1028_TIE_NEU_XX.wav,crema_d,1028,TIE,NEU,neutral,unspecified,,,16000.0,2.602625,16000.0,3.0,0.0,,,female,57
1028_TIE_SAD_XX,crema_d_1028_TIE_SAD_XX,1028_TIE_SAD_XX.wav,crema_d,1028,TIE,SAD,sad,unspecified,,,,,,,,,,female,57
1028_TSI_ANG_XX,crema_d_1028_TSI_ANG_XX,1028_TSI_ANG_XX.wav,crema_d,1028,TSI,ANG,anger,unspecified,,,16000.0,1.93525,16000.0,3.0,0.68725,,,female,57
1028_TSI_DIS_XX,crema_d_1028_TSI_DIS_XX,1028_TSI_DIS_XX.wav,crema_d,1028,TSI,DIS,disgust,unspecified,,,,,,,,,,female,57
1028_TSI_FEA_XX,crema_d_1028_TSI_FEA_XX,1028_TSI_FEA_XX.wav,crema_d,1028,TSI,FEA,fear,unspecified,,,,,,,,,,female,57
1028_TSI_HAP_XX,crema_d_1028_TSI_HAP_XX,1028_TSI_HAP_XX.wav,crema_d,1028,TSI,HAP,happy,unspecified,,,16000.0,2.1688125,16000.0,3.0,1.0168125,,,female,57
1028_TSI_NEU_XX,crema_d_1028_TSI_NEU_XX,1028_TSI_NEU_XX.wav,crema_d,1028,TSI,NEU,neutral,unspecified,,,16000.0,2.7694375,16000.0,3.0,0.0174375,,,female,57
1028_TSI_SAD_XX,crema_d_1028_TSI_SAD_XX,1028_TSI_SAD_XX.wav,crema_d,1028,TSI,SAD,sad,unspecified,,,,,,,,,,female,57
1028_WSI_ANG_XX,crema_d_1028_WSI_ANG_XX,1028_WSI_ANG_XX.wav,crema_d,1028,WSI,ANG,anger,unspecified,,,16000.0,2.93625,16000.0,3.0,0.98425,,,female,57
1028_WSI_DIS_XX,crema_d_1028_WSI_DIS_XX,1028_WSI_DIS_XX.wav,crema_d,1028,WSI,DIS,disgust,unspecified,,,,,,,,,,female,57
1028_WSI_FEA_XX,crema_d_1028_WSI_FEA_XX,1028_WSI_FEA_XX.wav,crema_d,1028,WSI,FEA,fear,unspecified,,,,,,,,,,female,57
1028_WSI_HAP_XX,crema_d_1028_WSI_HAP_XX,1028_WSI_HAP_XX.wav,crema_d,1028,WSI,HAP,happy,unspecified,,,16000.0,2.402375,16000.0,3.0,0.290375,,,female,57
1028_WSI_NEU_XX,crema_d_1028_WSI_NEU_XX,1028_WSI_NEU_XX.wav,crema_d,1028,WSI,NEU,neutral,unspecified,,,16000.0,2.2355625,16000.0,3.0,0.0,,,female,57
1028_WSI_SAD_XX,crema_d_1028_WSI_SAD_XX,1028_WSI_SAD_XX.wav,crema_d,1028,WSI,SAD,sad,unspecified,,,,,,,,,,female,57
1029_DFA_ANG_XX,crema_d_1029_DFA_ANG_XX,1029_DFA_ANG_XX.wav,crema_d,1029,DFA,ANG,anger,unspecified,,,16000.0,2.2021875,16000.0,3.0,0.8261875,,,female,33
1029_DFA_DIS_XX,crema_d_1029_DFA_DIS_XX,1029_DFA_DIS_XX.wav,crema_d,1029,DFA,DIS,disgust,unspecified,,,,,,,,,,female,33
1029_DFA_FEA_XX,crema_d_1029_DFA_FEA_XX,1029_DFA_FEA_XX.wav,crema_d,1029,DFA,FEA,fear,unspecified,,,,,,,,,,female,33
1029_DFA_HAP_XX,crema_d_1029_DFA_HAP_XX,1029_DFA_HAP_XX.wav,crema_d,1029,DFA,HAP,happy,unspecified,,,16000.0,1.901875,16000.0,3.0,0.877875,,,female,33
1029_DFA_NEU_XX,crema_d_1029_DFA_NEU_XX,1029_DFA_NEU_XX.wav,crema_d,1029,DFA,NEU,neutral,unspecified,,,16000.0,2.2689375,16000.0,3.0,1.3089375,,,female,33
1029_DFA_SAD_XX,crema_d_1029_DFA_SAD_XX,1029_DFA_SAD_XX.wav,crema_d,1029,DFA,SAD,sad,unspecified,,,,,,,,,,female,33
1029_IEO_ANG_HI,crema_d_1029_IEO_ANG_HI,1029_IEO_ANG_HI.wav,crema_d,1029,IEO,ANG,anger,high,,,16000.0,2.102125,16000.0,3.0,0.790125,,,female,33
1029_IEO_ANG_LO,crema_d_1029_IEO_ANG_LO,1029_IEO_ANG_LO.wav,crema_d,1029,IEO,ANG,anger,low,,,16000.0,1.93525,16000.0,3.0,0.81525,,,female,33
1029_IEO_ANG_MD,crema_d_1029_IEO_ANG_MD,1029_IEO_ANG_MD.wav,crema_d,1029,IEO,ANG,anger,medium,,,16000.0,1.534875,16000.0,3.0,0.606875,,,female,33
1029_IEO_DIS_HI,crema_d_1029_IEO_DIS_HI,1029_IEO_DIS_HI.wav,crema_d,1029,IEO,DIS,disgust,high,,,,,,,,,,female,33
1029_IEO_DIS_LO,crema_d_1029_IEO_DIS_LO,1029_IEO_DIS_LO.wav,crema_d,1029,IEO,DIS,disgust,low,,,,,,,,,,female,33
1029_IEO_DIS_MD,crema_d_1029_IEO_DIS_MD,1029_IEO_DIS_MD.wav,crema_d,1029,IEO,DIS,disgust,medium,,,,,,,,,,female,33
1029_IEO_FEA_HI,crema_d_1029_IEO_FEA_HI,1029_IEO_FEA_HI.wav,crema_d,1029,IEO,FEA,fear,high,,,,,,,,,,female,33
1029_IEO_FEA_LO,crema_d_1029_IEO_FEA_LO,1029_IEO_FEA_LO.wav,crema_d,1029,IEO,FEA,fear,low,,,,,,,,,,female,33
1029_IEO_FEA_MD,crema_d_1029_IEO_FEA_MD,1029_IEO_FEA_MD.wav,crema_d,1029,IEO,FEA,fear,medium,,,,,,,,,,female,33
1029_IEO_HAP_HI,crema_d_1029_IEO_HAP_HI,1029_IEO_HAP_HI.wav,crema_d,1029,IEO,HAP,happy,high,,,16000.0,2.06875,16000.0,3.0,0.91675,,,female,33
1029_IEO_HAP_LO,crema_d_1029_IEO_HAP_LO,1029_IEO_HAP_LO.wav,crema_d,1029,IEO,HAP,happy,low,,,16000.0,1.534875,16000.0,3.0,0.670875,,,female,33
1029_IEO_HAP_MD,crema_d_1029_IEO_HAP_MD,1029_IEO_HAP_MD.wav,crema_d,1029,IEO,HAP,happy,medium,,,16000.0,1.901875,16000.0,3.0,0.973875,,,female,33
1029_IEO_NEU_XX,crema_d_1029_IEO_NEU_XX,1029_IEO_NEU_XX.wav,crema_d,1029,IEO,NEU,neutral,unspecified,,,16000.0,2.402375,16000.0,3.0,0.0,,,female,33
1029_IEO_SAD_HI,crema_d_1029_IEO_SAD_HI,1029_IEO_SAD_HI.wav,crema_d,1029,IEO,SAD,sad,high,,,,,,,,,,female,33
1029_IEO_SAD_LO,crema_d_1029_IEO_SAD_LO,1029_IEO_SAD_LO.wav,crema_d,1029,IEO,SAD,sad,low,,,,,,,,,,female,33
1029_IEO_SAD_MD,crema_d_1029_IEO_SAD_MD,1029_IEO_SAD_MD.wav,crema_d,1029,IEO,SAD,sad,medium,,,,,,,,,,female,33
1029_IOM_ANG_XX,crema_d_1029_IOM_ANG_XX,1029_IOM_ANG_XX.wav,crema_d,1029,IOM,ANG,anger,unspecified,,,16000.0,1.8685,16000.0,3.0,0.4925,,,female,33
1029_IOM_DIS_XX,crema_d_1029_IOM_DIS_XX,1029_IOM_DIS_XX.wav,crema_d,1029,IOM,DIS,disgust,unspecified,,,,,,,,,,female,33
1029_IOM_FEA_XX,crema_d_1029_IOM_FEA_XX,1029_IOM_FEA_XX.wav,crema_d,1029,IOM,FEA,fear,unspecified,,,,,,,,,,female,33
1029_IOM_HAP_XX,crema_d_1029_IOM_HAP_XX,1029_IOM_HAP_XX.wav,crema_d,1029,IOM,HAP,happy,unspecified,,,16000.0,2.43575,16000.0,3.0,0.96375,,,female,33
1029_IOM_NEU_XX,crema_d_1029_IOM_NEU_XX,1029_IOM_NEU_XX.wav,crema_d,1029,IOM,NEU,neutral,unspecified,,,16000.0,1.8351875,16000.0,3.0,0.1071875,,,female,33
1029_IOM_SAD_XX,crema_d_1029_IOM_SAD_XX,1029_IOM_SAD_XX.wav,crema_d,1029,IOM,SAD,sad,unspecified,,,,,,,,,,female,33
1029_ITH_ANG_XX,crema_d_1029_ITH_ANG_XX,1029_ITH_ANG_XX.wav,crema_d,1029,ITH,ANG,anger,unspecified,,,16000.0,2.7026875,16000.0,3.0,0.8146875,,,female,33
1029_ITH_DIS_XX,crema_d_1029_ITH_DIS_XX,1029_ITH_DIS_XX.wav,crema_d,1029,ITH,DIS,disgust,unspecified,,,,,,,,,,female,33
1029_ITH_FEA_XX,crema_d_1029_ITH_FEA_XX,1029_ITH_FEA_XX.wav,crema_d,1029,ITH,FEA,fear,unspecified,,,,,,,,,,female,33
1029_ITH_HAP_XX,crema_d_1029_ITH_HAP_XX,1029_ITH_HAP_XX.wav,crema_d,1029,ITH,HAP,happy,unspecified,,,16000.0,2.7694375,16000.0,3.0,0.8174375,,,female,33
1029_ITH_NEU_XX,crema_d_1029_ITH_NEU_XX,1029_ITH_NEU_XX.wav,crema_d,1029,ITH,NEU,neutral,unspecified,,,16000.0,2.43575,16000.0,3.0,0.51575,,,female,33
1029_ITH_SAD_XX,crema_d_1029_ITH_SAD_XX,1029_ITH_SAD_XX.wav,crema_d,1029,ITH,SAD,sad,unspecified,,,,,,,,,,female,33
1029_ITS_ANG_XX,crema_d_1029_ITS_ANG_XX,1029_ITS_ANG_XX.wav,crema_d,1029,ITS,ANG,anger,unspecified,,,16000.0,2.3356875,16000.0,3.0,0.5116875,,,female,33
1029_ITS_DIS_XX,crema_d_1029_ITS_DIS_XX,1029_ITS_DIS_XX.wav,crema_d,1029,ITS,DIS,disgust,unspecified,,,,,,,,,,female,33
1029_ITS_FEA_XX,crema_d_1029_ITS_FEA_XX,1029_ITS_FEA_XX.wav,crema_d,1029,ITS,FEA,fear,unspecified,,,,,,,,,,female,33
1029_ITS_HAP_XX,crema_d_1029_ITS_HAP_XX,1029_ITS_HAP_XX.wav,crema_d,1029,ITS,HAP,happy,unspecified,,,16000.0,2.602625,16000.0,3.0,1.002625,,,female,33
1029_ITS_NEU_XX,crema_d_1029_ITS_NEU_XX,1029_ITS_NEU_XX.wav,crema_d,1029,ITS,NEU,neutral,unspecified,,,16000.0,1.901875,16000.0,3.0,0.525875,,,female,33
1029_ITS_SAD_XX,crema_d_1029_ITS_SAD_XX,1029_ITS_SAD_XX.wav,crema_d,1029,ITS,SAD,sad,unspecified,,,,,,,,,,female,33
1029_IWL_ANG_XX,crema_d_1029_IWL_ANG_XX,1029_IWL_ANG_XX.wav,crema_d,1029,IWL,ANG,anger,unspecified,,,16000.0,2.6693125,16000.0,3.0,0.8773125,,,female,33
1029_IWL_DIS_XX,crema_d_1029_IWL_DIS_XX,1029_IWL_DIS_XX.wav,crema_d,1029,IWL,DIS,disgust,unspecified,,,,,,,,,,female,33
1029_IWL_FEA_XX,crema_d_1029_IWL_FEA_XX,1029_IWL_FEA_XX.wav,crema_d,1029,IWL,FEA,fear,unspecified,,,,,,,,,,female,33
1029_IWL_HAP_XX,crema_d_1029_IWL_HAP_XX,1029_IWL_HAP_XX.wav,crema_d,1029,IWL,HAP,happy,unspecified,,,16000.0,3.103125,16000.0,3.0,1.407125,,,female,33
1029_IWL_NEU_XX,crema_d_1029_IWL_NEU_XX,1029_IWL_NEU_XX.wav,crema_d,1029,IWL,NEU,neutral,unspecified,,,16000.0,2.56925,16000.0,3.0,0.61725,,,female,33
1029_IWL_SAD_XX,crema_d_1029_IWL_SAD_XX,1029_IWL_SAD_XX.wav,crema_d,1029,IWL,SAD,sad,unspecified,,,,,,,,,,female,33
1029_IWW_ANG_XX,crema_d_1029_IWW_ANG_XX,1029_IWW_ANG_XX.wav,crema_d,1029,IWW,ANG,anger,unspecified,,,16000.0,2.1354375,16000.0,3.0,0.8234375,,,female,33
1029_IWW_DIS_XX,crema_d_1029_IWW_DIS_XX,1029_IWW_DIS_XX.wav,crema_d,1029,IWW,DIS,disgust,unspecified,,,,,,,,,,female,33
1029_IWW_FEA_XX,crema_d_1029_IWW_FEA_XX,1029_IWW_FEA_XX.wav,crema_d,1029,IWW,FEA,fear,unspecified,,,,,,,,,,female,33
1029_IWW_HAP_XX,crema_d_1029_IWW_HAP_XX,1029_IWW_HAP_XX.wav,crema_d,1029,IWW,HAP,happy,unspecified,,,16000.0,2.2755625,16000.0,3.0,1.1555625,,,female,33
1029_IWW_NEU_XX,crema_d_1029_IWW_NEU_XX,1029_IWW_NEU_XX.wav,crema_d,1029,IWW,NEU,neutral,unspecified,,,16000.0,1.8018125,16000.0,3.0,0.0098125,,,female,33
1029_IWW_SAD_XX,crema_d_1029_IWW_SAD_XX,1029_IWW_SAD_XX.wav,crema_d,1029,IWW,SAD,sad,unspecified,,,,,,,,,,female,33
1029_MTI_ANG_XX,crema_d_1029_MTI_ANG_XX,1029_MTI_ANG_XX.wav,crema_d,1029,MTI,ANG,anger,unspecified,,,16000.0,3.1364375,16000.0,3.0,1.0564375,,,female,33
1029_MTI_DIS_XX,crema_d_1029_MTI_DIS_XX,1029_MTI_DIS_XX.wav,crema_d,1029,MTI,DIS,disgust,unspecified,,,,,,,,,,female,33
1029_MTI_FEA_XX,crema_d_1029_MTI_FEA_XX,1029_MTI_FEA_XX.wav,crema_d,1029,MTI,FEA,fear,unspecified,,,,,,,,,,female,33
1029_MTI_HAP_XX,crema_d_1029_MTI_HAP_XX,1029_MTI_HAP_XX.wav,crema_d,1029,MTI,HAP,happy,unspecified,,,16000.0,3.1364375,16000.0,3.0,1.4404375,,,female,33
1029_MTI_NEU_XX,crema_d_1029_MTI_NEU_XX,1029_MTI_NEU_XX.wav,crema_d,1029,MTI,NEU,neutral,unspecified,,,16000.0,2.035375,16000.0,3.0,0.275375,,,female,33
1029_MTI_SAD_XX,crema_d_1029_MTI_SAD_XX,1029_MTI_SAD_XX.wav,crema_d,1029,MTI,SAD,sad,unspecified,,,,,,,,,,female,33
1029_TAI_ANG_XX,crema_d_1029_TAI_ANG_XX,1029_TAI_ANG_XX.wav,crema_d,1029,TAI,ANG,anger,unspecified,,,16000.0,2.902875,16000.0,3.0,0.694875,,,female,33
1029_TAI_DIS_XX,crema_d_1029_TAI_DIS_XX,1029_TAI_DIS_XX.wav,crema_d,1029,TAI,DIS,disgust,unspecified,,,,,,,,,,female,33
1029_TAI_FEA_XX,crema_d_1029_TAI_FEA_XX,1029_TAI_FEA_XX.wav,crema_d,1029,TAI,FEA,fear,unspecified,,,,,,,,,,female,33
1029_TAI_HAP_XX,crema_d_1029_TAI_HAP_XX,1029_TAI_HAP_XX.wav,crema_d,1029,TAI,HAP,happy,unspecified,,,16000.0,2.7694375,16000.0,3.0,1.0734375,,,female,33
1029_TAI_NEU_XX,crema_d_1029_TAI_NEU_XX,1029_TAI_NEU_XX.wav,crema_d,1029,TAI,NEU,neutral,unspecified,,,16000.0,1.8351875,16000.0,3.0,0.0431875,,,female,33
1029_TAI_SAD_XX,crema_d_1029_TAI_SAD_XX,1029_TAI_SAD_XX.wav,crema_d,1029,TAI,SAD,sad,unspecified,,,,,,,,,,female,33
1029_TIE_ANG_XX,crema_d_1029_TIE_ANG_XX,1029_TIE_ANG_XX.wav,crema_d,1029,TIE,ANG,anger,unspecified,,,16000.0,2.6359375,16000.0,3.0,1.2599375,,,female,33
1029_TIE_DIS_XX,crema_d_1029_TIE_DIS_XX,1029_TIE_DIS_XX.wav,crema_d,1029,TIE,DIS,disgust,unspecified,,,,,,,,,,female,33
1029_TIE_FEA_XX,crema_d_1029_TIE_FEA_XX,1029_TIE_FEA_XX.wav,crema_d,1029,TIE,FEA,fear,unspecified,,,,,,,,,,female,33
1029_TIE_HAP_XX,crema_d_1029_TIE_HAP_XX,1029_TIE_HAP_XX.wav,crema_d,1029,TIE,HAP,happy,unspecified,,,16000.0,2.902875,16000.0,3.0,1.430875,,,female,33
1029_TIE_NEU_XX,crema_d_1029_TIE_NEU_XX,1029_TIE_NEU_XX.wav,crema_d,1029,TIE,NEU,neutral,unspecified,,,16000.0,2.56925,16000.0,3.0,0.16925,,,female,33
1029_TIE_SAD_XX,crema_d_1029_TIE_SAD_XX,1029_TIE_SAD_XX.wav,crema_d,1029,TIE,SAD,sad,unspecified,,,,,,,,,,female,33
1029_TSI_ANG_XX,crema_d_1029_TSI_ANG_XX,1029_TSI_ANG_XX.wav,crema_d,1029,TSI,ANG,anger,unspecified,,,16000.0,2.602625,16000.0,3.0,0.906625,,,female,33
1029_TSI_DIS_XX,crema_d_1029_TSI_DIS_XX,1029_TSI_DIS_XX.wav,crema_d,1029,TSI,DIS,disgust,unspecified,,,,,,,,,,female,33
1029_TSI_FEA_XX,crema_d_1029_TSI_FEA_XX,1029_TSI_FEA_XX.wav,crema_d,1029,TSI,FEA,fear,unspecified,,,,,,,,,,female,33
1029_TSI_HAP_XX,crema_d_1029_TSI_HAP_XX,1029_TSI_HAP_XX.wav,crema_d,1029,TSI,HAP,happy,unspecified,,,16000.0,1.8018125,16000.0,3.0,0.6818125,,,female,33
1029_TSI_NEU_XX,crema_d_1029_TSI_NEU_XX,1029_TSI_NEU_XX.wav,crema_d,1029,TSI,NEU,neutral,unspecified,,,16000.0,1.8018125,16000.0,3.0,0.3938125,,,female,33
1029_TSI_SAD_XX,crema_d_1029_TSI_SAD_XX,1029_TSI_SAD_XX.wav,crema_d,1029,TSI,SAD,sad,unspecified,,,,,,,,,,female,33
1029_WSI_ANG_XX,crema_d_1029_WSI_ANG_XX,1029_WSI_ANG_XX.wav,crema_d,1029,WSI,ANG,anger,unspecified,,,16000.0,2.5025,16000.0,3.0,0.8385,,,female,33
1029_WSI_DIS_XX,crema_d_1029_WSI_DIS_XX,1029_WSI_DIS_XX.wav,crema_d,1029,WSI,DIS,disgust,unspecified,,,,,,,,,,female,33
1029_WSI_FEA_XX,crema_d_1029_WSI_FEA_XX,1029_WSI_FEA_XX.wav,crema_d,1029,WSI,FEA,fear,unspecified,,,,,,,,,,female,33
1029_WSI_HAP_XX,crema_d_1029_WSI_HAP_XX,1029_WSI_HAP_XX.wav,crema_d,1029,WSI,HAP,happy,unspecified,,,16000.0,2.3356875,16000.0,3.0,0.8956875,,,female,33
1029_WSI_NEU_XX,crema_d_1029_WSI_NEU_XX,1029_WSI_NEU_XX.wav,crema_d,1029,WSI,NEU,neutral,unspecified,,,16000.0,2.402375,16000.0,3.0,0.738375,,,female,33
1029_WSI_SAD_XX,crema_d_1029_WSI_SAD_XX,1029_WSI_SAD_XX.wav,crema_d,1029,WSI,SAD,sad,unspecified,,,,,,,,,,female,33
1030_DFA_ANG_XX,crema_d_1030_DFA_ANG_XX,1030_DFA_ANG_XX.wav,crema_d,1030,DFA,ANG,anger,unspecified,,,16000.0,2.2689375,16000.0,3.0,0.8929375,,,female,42
1030_DFA_DIS_XX,crema_d_1030_DFA_DIS_XX,1030_DFA_DIS_XX.wav,crema_d,1030,DFA,DIS,disgust,unspecified,,,,,,,,,,female,42
1030_DFA_FEA_XX,crema_d_1030_DFA_FEA_XX,1030_DFA_FEA_XX.wav,crema_d,1030,DFA,FEA,fear,unspecified,,,,,,,,,,female,42
1030_DFA_HAP_XX,crema_d_1030_DFA_HAP_XX,1030_DFA_HAP_XX.wav,crema_d,1030,DFA,HAP,happy,unspecified,,,16000.0,2.6359375,16000.0,3.0,1.2599375,,,female,42
1030_DFA_NEU_XX,crema_d_1030_DFA_NEU_XX,1030_DFA_NEU_XX.wav,crema_d,1030,DFA,NEU,neutral,unspecified,,,16000.0,2.402375,16000.0,3.0,0.098375,,,female,42
1030_DFA_SAD_XX,crema_d_1030_DFA_SAD_XX,1030_DFA_SAD_XX.wav,crema_d,1030,DFA,SAD,sad,unspecified,,,,,,,,,,female,42
1030_IEO_ANG_HI,crema_d_1030_IEO_ANG_HI,1030_IEO_ANG_HI.wav,crema_d,1030,IEO,ANG,anger,high,,,16000.0,2.3356875,16000.0,3.0,0.7356875,,,female,42
1030_IEO_ANG_LO,crema_d_1030_IEO_ANG_LO,1030_IEO_ANG_LO.wav,crema_d,1030,IEO,ANG,anger,low,,,16000.0,2.06875,16000.0,3.0,0.78875,,,female,42
1030_IEO_ANG_MD,crema_d_1030_IEO_ANG_MD,1030_IEO_ANG_MD.wav,crema_d,1030,IEO,ANG,anger,medium,,,16000.0,2.6693125,16000.0,3.0,1.0053125,,,female,42
1030_IEO_DIS_HI,crema_d_1030_IEO_DIS_HI,1030_IEO_DIS_HI.wav,crema_d,1030,IEO,DIS,disgust,high,,,,,,,,,,female,42
1030_IEO_DIS_LO,crema_d_1030_IEO_DIS_LO,1030_IEO_DIS_LO.wav,crema_d,1030,IEO,DIS,disgust,low,,,,,,,,,,female,42
1030_IEO_DIS_MD,crema_d_1030_IEO_DIS_MD,1030_IEO_DIS_MD.wav,crema_d,1030,IEO,DIS,disgust,medium,,,,,,,,,,female,42
1030_IEO_FEA_HI,crema_d_1030_IEO_FEA_HI,1030_IEO_FEA_HI.wav,crema_d,1030,IEO,FEA,fear,high,,,,,,,,,,female,42
1030_IEO_FEA_LO,crema_d_1030_IEO_FEA_LO,1030_IEO_FEA_LO.wav,crema_d,1030,IEO,FEA,fear,low,,,,,,,,,,female,42
1030_IEO_FEA_MD,crema_d_1030_IEO_FEA_MD,1030_IEO_FEA_MD.wav,crema_d,1030,IEO,FEA,fear,medium,,,,,,,,,,female,42
1030_IEO_HAP_HI,crema_d_1030_IEO_HAP_HI,1030_IEO_HAP_HI.wav,crema_d,1030,IEO,HAP,happy,high,,,16000.0,1.901875,16000.0,3.0,0.845875,,,female,42
1030_IEO_HAP_LO,crema_d_1030_IEO_HAP_LO,1030_IEO_HAP_LO.wav,crema_d,1030,IEO,HAP,happy,low,,,16000.0,1.56825,16000.0,3.0,0.0,,,female,42
1030_IEO_HAP_MD,crema_d_1030_IEO_HAP_MD,1030_IEO_HAP_MD.wav,crema_d,1030,IEO,HAP,happy,medium,,,16000.0,1.8685,16000.0,3.0,0.8765,,,female,42
1030_IEO_NEU_XX,crema_d_1030_IEO_NEU_XX,1030_IEO_NEU_XX.wav,crema_d,1030,IEO,NEU,neutral,unspecified,,,16000.0,1.8018125,16000.0,3.0,0.032,,,female,42
1030_IEO_SAD_HI,crema_d_1030_IEO_SAD_HI,1030_IEO_SAD_HI.wav,crema_d,1030,IEO,SAD,sad,high,,,,,,,,,,female,42
1030_IEO_SAD_LO,crema_d_1030_IEO_SAD_LO,1030_IEO_SAD_LO.wav,crema_d,1030,IEO,SAD,sad,low,,,,,,,,,,female,42
1030_IEO_SAD_MD,crema_d_1030_IEO_SAD_MD,1030_IEO_SAD_MD.wav,crema_d,1030,IEO,SAD,sad,medium,,,,,,,,,,female,42
1030_IOM_ANG_XX,crema_d_1030_IOM_ANG_XX,1030_IOM_ANG_XX.wav,crema_d,1030,IOM,ANG,anger,unspecified,,,16000.0,2.8028125,16000.0,3.0,1.2348125,,,female,42
1030_IOM_DIS_XX,crema_d_1030_IOM_DIS_XX,1030_IOM_DIS_XX.wav,crema_d,1030,IOM,DIS,disgust,unspecified,,,,,,,,,,female,42
1030_IOM_FEA_XX,crema_d_1030_IOM_FEA_XX,1030_IOM_FEA_XX.wav,crema_d,1030,IOM,FEA,fear,unspecified,,,,,,,,,,female,42
1030_IOM_HAP_XX,crema_d_1030_IOM_HAP_XX,1030_IOM_HAP_XX.wav,crema_d,1030,IOM,HAP,happy,unspecified,,,16000.0,2.06875,16000.0,3.0,0.11675,,,female,42
1030_IOM_NEU_XX,crema_d_1030_IOM_NEU_XX,1030_IOM_NEU_XX.wav,crema_d,1030,IOM,NEU,neutral,unspecified,,,16000.0,2.535875,16000.0,3.0,0.231875,,,female,42
1030_IOM_SAD_XX,crema_d_1030_IOM_SAD_XX,1030_IOM_SAD_XX.wav,crema_d,1030,IOM,SAD,sad,unspecified,,,,,,,,,,female,42
1030_ITH_ANG_XX,crema_d_1030_ITH_ANG_XX,1030_ITH_ANG_XX.wav,crema_d,1030,ITH,ANG,anger,unspecified,,,16000.0,3.06975,16000.0,3.0,1.05375,,,female,42
1030_ITH_DIS_XX,crema_d_1030_ITH_DIS_XX,1030_ITH_DIS_XX.wav,crema_d,1030,ITH,DIS,disgust,unspecified,,,,,,,,,,female,42
1030_ITH_FEA_XX,crema_d_1030_ITH_FEA_XX,1030_ITH_FEA_XX.wav,crema_d,1030,ITH,FEA,fear,unspecified,,,,,,,,,,female,42
1030_ITH_HAP_XX,crema_d_1030_ITH_HAP_XX,1030_ITH_HAP_XX.wav,crema_d,1030,ITH,HAP,happy,unspecified,,,16000.0,2.43575,16000.0,3.0,0.70775,,,female,42
1030_ITH_NEU_XX,crema_d_1030_ITH_NEU_XX,1030_ITH_NEU_XX.wav,crema_d,1030,ITH,NEU,neutral,unspecified,,,16000.0,2.6693125,16000.0,3.0,0.0133125,,,female,42
1030_ITH_SAD_XX,crema_d_1030_ITH_SAD_XX,1030_ITH_SAD_XX.wav,crema_d,1030,ITH,SAD,sad,unspecified,,,,,,,,,,female,42
1030_ITS_ANG_XX,crema_d_1030_ITS_ANG_XX,1030_ITS_ANG_XX.wav,crema_d,1030,ITS,ANG,anger,unspecified,,,16000.0,2.3356875,16000.0,3.0,0.5756875,,,female,42
1030_ITS_DIS_XX,crema_d_1030_ITS_DIS_XX,1030_ITS_DIS_XX.wav,crema_d,1030,ITS,DIS,disgust,unspecified,,,,,,,,,,female,42
1030_ITS_FEA_XX,crema_d_1030_ITS_FEA_XX,1030_ITS_FEA_XX.wav,crema_d,1030,ITS,FEA,fear,unspecified,,,,,,,,,,female,42
1030_ITS_HAP_XX,crema_d_1030_ITS_HAP_XX,1030_ITS_HAP_XX.wav,crema_d,1030,ITS,HAP,happy,unspecified,,,16000.0,2.7026875,16000.0,3.0,1.1026875,,,female,42
1030_ITS_NEU_XX,crema_d_1030_ITS_NEU_XX,1030_ITS_NEU_XX.wav,crema_d,1030,ITS,NEU,neutral,unspecified,,,16000.0,2.3356875,16000.0,3.0,0.064,,,female,42
1030_ITS_SAD_XX,crema_d_1030_ITS_SAD_XX,1030_ITS_SAD_XX.wav,crema_d,1030,ITS,SAD,sad,unspecified,,,,,,,,,,female,42
1030_IWL_ANG_XX,crema_d_1030_IWL_ANG_XX,1030_IWL_ANG_XX.wav,crema_d,1030,IWL,ANG,anger,unspecified,,,16000.0,3.003,16000.0,3.0,0.955,,,female,42
1030_IWL_DIS_XX,crema_d_1030_IWL_DIS_XX,1030_IWL_DIS_XX.wav,crema_d,1030,IWL,DIS,disgust,unspecified,,,,,,,,,,female,42
1030_IWL_FEA_XX,crema_d_1030_IWL_FEA_XX,1030_IWL_FEA_XX.wav,crema_d,1030,IWL,FEA,fear,unspecified,,,,,,,,,,female,42
1030_IWL_HAP_XX,crema_d_1030_IWL_HAP_XX,1030_IWL_HAP_XX.wav,crema_d,1030,IWL,HAP,happy,unspecified,,,16000.0,2.3023125,16000.0,3.0,0.6703125,,,female,42
1030_IWL_NEU_XX,crema_d_1030_IWL_NEU_XX,1030_IWL_NEU_XX.wav,crema_d,1030,IWL,NEU,neutral,unspecified,,,16000.0,2.369,16000.0,3.0,0.641,,,female,42
1030_IWL_SAD_XX,crema_d_1030_IWL_SAD_XX,1030_IWL_SAD_XX.wav,crema_d,1030,IWL,SAD,sad,unspecified,,,,,,,,,,female,42
1030_IWW_ANG_XX,crema_d_1030_IWW_ANG_XX,1030_IWW_ANG_XX.wav,crema_d,1030,IWW,ANG,anger,unspecified,,,16000.0,2.369,16000.0,3.0,1.057,,,female,42
1030_IWW_DIS_XX,crema_d_1030_IWW_DIS_XX,1030_IWW_DIS_XX.wav,crema_d,1030,IWW,DIS,disgust,unspecified,,,,,,,,,,female,42
1030_IWW_FEA_XX,crema_d_1030_IWW_FEA_XX,1030_IWW_FEA_XX.wav,crema_d,1030,IWW,FEA,fear,unspecified,,,,,,,,,,female,42
1030_IWW_HAP_XX,crema_d_1030_IWW_HAP_XX,1030_IWW_HAP_XX.wav,crema_d,1030,IWW,HAP,happy,unspecified,,,16000.0,2.7694375,16000.0,3.0,1.5214375,,,female,42
1030_IWW_NEU_XX,crema_d_1030_IWW_NEU_XX,1030_IWW_NEU_XX.wav,crema_d,1030,IWW,NEU,neutral,unspecified,,,16000.0,2.035375,16000.0,3.0,0.0,,,female,42
1030_IWW_SAD_XX,crema_d_1030_IWW_SAD_XX,1030_IWW_SAD_XX.wav,crema_d,1030,IWW,SAD,sad,unspecified,,,,,,,,,,female,42
1030_MTI_ANG_XX,crema_d_1030_MTI_ANG_XX,1030_MTI_ANG_XX.wav,crema_d,1030,MTI,ANG,anger,unspecified,,,16000.0,2.8695,16000.0,3.0,0.7895,,,female,42
1030_MTI_DIS_XX,crema_d_1030_MTI_DIS_XX,1030_MTI_DIS_XX.wav,crema_d,1030,MTI,DIS,disgust,unspecified,,,,,,,,,,female,42
1030_MTI_FEA_XX,crema_d_1030_MTI_FEA_XX,1030_MTI_FEA_XX.wav,crema_d,1030,MTI,FEA,fear,unspecified,,,,,,,,,,female,42
1030_MTI_HAP_XX,crema_d_1030_MTI_HAP_XX,1030_MTI_HAP_XX.wav,crema_d,1030,MTI,HAP,happy,unspecified,,,16000.0,3.06975,16000.0,3.0,1.21375,,,female,42
1030_MTI_NEU_XX,crema_d_1030_MTI_NEU_XX,1030_MTI_NEU_XX.wav,crema_d,1030,MTI,NEU,neutral,unspecified,,,16000.0,2.3023125,16000.0,3.0,0.0623125,,,female,42
1030_MTI_SAD_XX,crema_d_1030_MTI_SAD_XX,1030_MTI_SAD_XX.wav,crema_d,1030,MTI,SAD,sad,unspecified,,,,,,,,,,female,42
1030_TAI_ANG_XX,crema_d_1030_TAI_ANG_XX,1030_TAI_ANG_XX.wav,crema_d,1030,TAI,ANG,anger,unspecified,,,16000.0,3.06975,16000.0,3.0,1.14975,,,female,42
1030_TAI_DIS_XX,crema_d_1030_TAI_DIS_XX,1030_TAI_DIS_XX.wav,crema_d,1030,TAI,DIS,disgust,unspecified,,,,,,,,,,female,42
1030_TAI_FEA_XX,crema_d_1030_TAI_FEA_XX,1030_TAI_FEA_XX.wav,crema_d,1030,TAI,FEA,fear,unspecified,,,,,,,,,,female,42
1030_TAI_HAP_XX,crema_d_1030_TAI_HAP_XX,1030_TAI_HAP_XX.wav,crema_d,1030,TAI,HAP,happy,unspecified,,,16000.0,2.5025,16000.0,3.0,0.9345,,,female,42
1030_TAI_NEU_XX,crema_d_1030_TAI_NEU_XX,1030_TAI_NEU_XX.wav,crema_d,1030,TAI,NEU,neutral,unspecified,,,16000.0,2.902875,16000.0,3.0,0.032,,,female,42
1030_TAI_SAD_XX,crema_d_1030_TAI_SAD_XX,1030_TAI_SAD_XX.wav,crema_d,1030,TAI,SAD,sad,unspecified,,,,,,,,,,female,42
1030_TIE_ANG_XX,crema_d_1030_TIE_ANG_XX,1030_TIE_ANG_XX.wav,crema_d,1030,TIE,ANG,anger,unspecified,,,16000.0,3.37,16000.0,3.0,1.578,,,female,42
1030_TIE_DIS_XX,crema_d_1030_TIE_DIS_XX,1030_TIE_DIS_XX.wav,crema_d,1030,TIE,DIS,disgust,unspecified,,,,,,,,,,female,42
1030_TIE_FEA_XX,crema_d_1030_TIE_FEA_XX,1030_TIE_FEA_XX.wav,crema_d,1030,TIE,FEA,fear,unspecified,,,,,,,,,,female,42
1030_TIE_HAP_XX,crema_d_1030_TIE_HAP_XX,1030_TIE_HAP_XX.wav,crema_d,1030,TIE,HAP,happy,unspecified,,,16000.0,2.7694375,16000.0,3.0,0.064,,,female,42
1030_TIE_NEU_XX,crema_d_1030_TIE_NEU_XX,1030_TIE_NEU_XX.wav,crema_d,1030,TIE,NEU,neutral,unspecified,,,16000.0,2.7360625,16000.0,3.0,0.8160625,,,female,42
1030_TIE_SAD_XX,crema_d_1030_TIE_SAD_XX,1030_TIE_SAD_XX.wav,crema_d,1030,TIE,SAD,sad,unspecified,,,,,,,,,,female,42
1030_TSI_ANG_XX,crema_d_1030_TSI_ANG_XX,1030_TSI_ANG_XX.wav,crema_d,1030,TSI,ANG,anger,unspecified,,,16000.0,2.43575,16000.0,3.0,1.05975,,,female,42
1030_TSI_DIS_XX,crema_d_1030_TSI_DIS_XX,1030_TSI_DIS_XX.wav,crema_d,1030,TSI,DIS,disgust,unspecified,,,,,,,,,,female,42
1030_TSI_FEA_XX,crema_d_1030_TSI_FEA_XX,1030_TSI_FEA_XX.wav,crema_d,1030,TSI,FEA,fear,unspecified,,,,,,,,,,female,42
1030_TSI_HAP_XX,crema_d_1030_TSI_HAP_XX,1030_TSI_HAP_XX.wav,crema_d,1030,TSI,HAP,happy,unspecified,,,16000.0,2.7026875,16000.0,3.0,1.7426875,,,female,42
1030_TSI_NEU_XX,crema_d_1030_TSI_NEU_XX,1030_TSI_NEU_XX.wav,crema_d,1030,TSI,NEU,neutral,unspecified,,,16000.0,2.1354375,16000.0,3.0,0.0874375,,,female,42
1030_TSI_SAD_XX,crema_d_1030_TSI_SAD_XX,1030_TSI_SAD_XX.wav,crema_d,1030,TSI,SAD,sad,unspecified,,,,,,,,,,female,42
1030_WSI_ANG_XX,crema_d_1030_WSI_ANG_XX,1030_WSI_ANG_XX.wav,crema_d,1030,WSI,ANG,anger,unspecified,,,16000.0,2.969625,16000.0,3.0,1.145625,,,female,42
1030_WSI_DIS_XX,crema_d_1030_WSI_DIS_XX,1030_WSI_DIS_XX.wav,crema_d,1030,WSI,DIS,disgust,unspecified,,,,,,,,,,female,42
1030_WSI_FEA_XX,crema_d_1030_WSI_FEA_XX,1030_WSI_FEA_XX.wav,crema_d,1030,WSI,FEA,fear,unspecified,,,,,,,,,,female,42
1030_WSI_HAP_XX,crema_d_1030_WSI_HAP_XX,1030_WSI_HAP_XX.wav,crema_d,1030,WSI,HAP,happy,unspecified,,,16000.0,2.8361875,16000.0,3.0,1.1401875,,,female,42
1030_WSI_NEU_XX,crema_d_1030_WSI_NEU_XX,1030_WSI_NEU_XX.wav,crema_d,1030,WSI,NEU,neutral,unspecified,,,16000.0,2.1688125,16000.0,3.0,0.4408125,,,female,42
1030_WSI_SAD_XX,crema_d_1030_WSI_SAD_XX,1030_WSI_SAD_XX.wav,crema_d,1030,WSI,SAD,sad,unspecified,,,,,,,,,,female,42
1031_DFA_ANG_XX,crema_d_1031_DFA_ANG_XX,1031_DFA_ANG_XX.wav,crema_d,1031,DFA,ANG,anger,unspecified,,,16000.0,2.1688125,16000.0,3.0,0.6648125,,,male,31
1031_DFA_DIS_XX,crema_d_1031_DFA_DIS_XX,1031_DFA_DIS_XX.wav,crema_d,1031,DFA,DIS,disgust,unspecified,,,,,,,,,,male,31
1031_DFA_FEA_XX,crema_d_1031_DFA_FEA_XX,1031_DFA_FEA_XX.wav,crema_d,1031,DFA,FEA,fear,unspecified,,,,,,,,,,male,31
1031_DFA_HAP_XX,crema_d_1031_DFA_HAP_XX,1031_DFA_HAP_XX.wav,crema_d,1031,DFA,HAP,happy,unspecified,,,16000.0,2.402375,16000.0,3.0,0.0,,,male,31
1031_DFA_NEU_XX,crema_d_1031_DFA_NEU_XX,1031_DFA_NEU_XX.wav,crema_d,1031,DFA,NEU,neutral,unspecified,,,16000.0,2.402375,16000.0,3.0,0.002375,,,male,31
1031_DFA_SAD_XX,crema_d_1031_DFA_SAD_XX,1031_DFA_SAD_XX.wav,crema_d,1031,DFA,SAD,sad,unspecified,,,,,,,,,,male,31
1031_IEO_ANG_HI,crema_d_1031_IEO_ANG_HI,1031_IEO_ANG_HI.wav,crema_d,1031,IEO,ANG,anger,high,,,16000.0,2.402375,16000.0,3.0,1.122375,,,male,31
1031_IEO_ANG_LO,crema_d_1031_IEO_ANG_LO,1031_IEO_ANG_LO.wav,crema_d,1031,IEO,ANG,anger,low,,,16000.0,1.901875,16000.0,3.0,0.941875,,,male,31
1031_IEO_ANG_MD,crema_d_1031_IEO_ANG_MD,1031_IEO_ANG_MD.wav,crema_d,1031,IEO,ANG,anger,medium,,,16000.0,1.968625,16000.0,3.0,0.880625,,,male,31
1031_IEO_DIS_HI,crema_d_1031_IEO_DIS_HI,1031_IEO_DIS_HI.wav,crema_d,1031,IEO,DIS,disgust,high,,,,,,,,,,male,31
1031_IEO_DIS_LO,crema_d_1031_IEO_DIS_LO,1031_IEO_DIS_LO.wav,crema_d,1031,IEO,DIS,disgust,low,,,,,,,,,,male,31
1031_IEO_DIS_MD,crema_d_1031_IEO_DIS_MD,1031_IEO_DIS_MD.wav,crema_d,1031,IEO,DIS,disgust,medium,,,,,,,,,,male,31
1031_IEO_FEA_HI,crema_d_1031_IEO_FEA_HI,1031_IEO_FEA_HI.wav,crema_d,1031,IEO,FEA,fear,high,,,,,,,,,,male,31
1031_IEO_FEA_LO,crema_d_1031_IEO_FEA_LO,1031_IEO_FEA_LO.wav,crema_d,1031,IEO,FEA,fear,low,,,,,,,,,,male,31
1031_IEO_FEA_MD,crema_d_1031_IEO_FEA_MD,1031_IEO_FEA_MD.wav,crema_d,1031,IEO,FEA,fear,medium,,,,,,,,,,male,31
1031_IEO_HAP_HI,crema_d_1031_IEO_HAP_HI,1031_IEO_HAP_HI.wav,crema_d,1031,IEO,HAP,happy,high,,,16000.0,1.93525,16000.0,3.0,0.87925,,,male,31
1031_IEO_HAP_LO,crema_d_1031_IEO_HAP_LO,1031_IEO_HAP_LO.wav,crema_d,1031,IEO,HAP,happy,low,,,16000.0,1.7684375,16000.0,3.0,0.0084375,,,male,31
1031_IEO_HAP_MD,crema_d_1031_IEO_HAP_MD,1031_IEO_HAP_MD.wav,crema_d,1031,IEO,HAP,happy,medium,,,16000.0,1.6349375,16000.0,3.0,0.0669375,,,male,31
1031_IEO_NEU_XX,crema_d_1031_IEO_NEU_XX,1031_IEO_NEU_XX.wav,crema_d,1031,IEO,NEU,neutral,unspecified,,,16000.0,1.8018125,16000.0,3.0,0.0,,,male,31
1031_IEO_SAD_HI,crema_d_1031_IEO_SAD_HI,1031_IEO_SAD_HI.wav,crema_d,1031,IEO,SAD,sad,high,,,,,,,,,,male,31
1031_IEO_SAD_LO,crema_d_1031_IEO_SAD_LO,1031_IEO_SAD_LO.wav,crema_d,1031,IEO,SAD,sad,low,,,,,,,,,,male,31
1031_IEO_SAD_MD,crema_d_1031_IEO_SAD_MD,1031_IEO_SAD_MD.wav,crema_d,1031,IEO,SAD,sad,medium,,,,,,,,,,male,31
1031_IOM_ANG_XX,crema_d_1031_IOM_ANG_XX,1031_IOM_ANG_XX.wav,crema_d,1031,IOM,ANG,anger,unspecified,,,16000.0,2.3356875,16000.0,3.0,1.0876875,,,male,31
1031_IOM_DIS_XX,crema_d_1031_IOM_DIS_XX,1031_IOM_DIS_XX.wav,crema_d,1031,IOM,DIS,disgust,unspecified,,,,,,,,,,male,31
1031_IOM_FEA_XX,crema_d_1031_IOM_FEA_XX,1031_IOM_FEA_XX.wav,crema_d,1031,IOM,FEA,fear,unspecified,,,,,,,,,,male,31
1031_IOM_HAP_XX,crema_d_1031_IOM_HAP_XX,1031_IOM_HAP_XX.wav,crema_d,1031,IOM,HAP,happy,unspecified,,,16000.0,2.3356875,16000.0,3.0,0.0,,,male,31
1031_IOM_NEU_XX,crema_d_1031_IOM_NEU_XX,1031_IOM_NEU_XX.wav,crema_d,1031,IOM,NEU,neutral,unspecified,,,16000.0,2.3023125,16000.0,3.0,0.0,,,male,31
1031_IOM_SAD_XX,crema_d_1031_IOM_SAD_XX,1031_IOM_SAD_XX.wav,crema_d,1031,IOM,SAD,sad,unspecified,,,,,,,,,,male,31
1031_ITH_ANG_XX,crema_d_1031_ITH_ANG_XX,1031_ITH_ANG_XX.wav,crema_d,1031,ITH,ANG,anger,unspecified,,,16000.0,2.7026875,16000.0,3.0,1.2306875,,,male,31
1031_ITH_DIS_XX,crema_d_1031_ITH_DIS_XX,1031_ITH_DIS_XX.wav,crema_d,1031,ITH,DIS,disgust,unspecified,,,,,,,,,,male,31
1031_ITH_FEA_XX,crema_d_1031_ITH_FEA_XX,1031_ITH_FEA_XX.wav,crema_d,1031,ITH,FEA,fear,unspecified,,,,,,,,,,male,31
1031_ITH_HAP_XX,crema_d_1031_ITH_HAP_XX,1031_ITH_HAP_XX.wav,crema_d,1031,ITH,HAP,happy,unspecified,,,16000.0,2.93625,16000.0,3.0,0.032,,,male,31
1031_ITH_NEU_XX,crema_d_1031_ITH_NEU_XX,1031_ITH_NEU_XX.wav,crema_d,1031,ITH,NEU,neutral,unspecified,,,16000.0,2.6693125,16000.0,3.0,0.0453125,,,male,31
1031_ITH_SAD_XX,crema_d_1031_ITH_SAD_XX,1031_ITH_SAD_XX.wav,crema_d,1031,ITH,SAD,sad,unspecified,,,,,,,,,,male,31
1031_ITS_ANG_XX,crema_d_1031_ITS_ANG_XX,1031_ITS_ANG_XX.wav,crema_d,1031,ITS,ANG,anger,unspecified,,,16000.0,2.3690625,16000.0,3.0,0.1290625,,,male,31
1031_ITS_DIS_XX,crema_d_1031_ITS_DIS_XX,1031_ITS_DIS_XX.wav,crema_d,1031,ITS,DIS,disgust,unspecified,,,,,,,,,,male,31
1031_ITS_FEA_XX,crema_d_1031_ITS_FEA_XX,1031_ITS_FEA_XX.wav,crema_d,1031,ITS,FEA,fear,unspecified,,,,,,,,,,male,31
1031_ITS_HAP_XX,crema_d_1031_ITS_HAP_XX,1031_ITS_HAP_XX.wav,crema_d,1031,ITS,HAP,happy,unspecified,,,16000.0,2.3356875,16000.0,3.0,1.1836875,,,male,31
1031_ITS_NEU_XX,crema_d_1031_ITS_NEU_XX,1031_ITS_NEU_XX.wav,crema_d,1031,ITS,NEU,neutral,unspecified,,,16000.0,2.43575,16000.0,3.0,0.0,,,male,31
1031_ITS_SAD_XX,crema_d_1031_ITS_SAD_XX,1031_ITS_SAD_XX.wav,crema_d,1031,ITS,SAD,sad,unspecified,,,,,,,,,,male,31
1031_IWL_ANG_XX,crema_d_1031_IWL_ANG_XX,1031_IWL_ANG_XX.wav,crema_d,1031,IWL,ANG,anger,unspecified,,,16000.0,2.602625,16000.0,3.0,1.098625,,,male,31
1031_IWL_DIS_XX,crema_d_1031_IWL_DIS_XX,1031_IWL_DIS_XX.wav,crema_d,1031,IWL,DIS,disgust,unspecified,,,,,,,,,,male,31
1031_IWL_FEA_XX,crema_d_1031_IWL_FEA_XX,1031_IWL_FEA_XX.wav,crema_d,1031,IWL,FEA,fear,unspecified,,,,,,,,,,male,31
1031_IWL_HAP_XX,crema_d_1031_IWL_HAP_XX,1031_IWL_HAP_XX.wav,crema_d,1031,IWL,HAP,happy,unspecified,,,16000.0,2.535875,16000.0,3.0,0.071875,,,male,31
1031_IWL_NEU_XX,crema_d_1031_IWL_NEU_XX,1031_IWL_NEU_XX.wav,crema_d,1031,IWL,NEU,neutral,unspecified,,,16000.0,2.602625,16000.0,3.0,0.074625,,,male,31
1031_IWL_SAD_XX,crema_d_1031_IWL_SAD_XX,1031_IWL_SAD_XX.wav,crema_d,1031,IWL,SAD,sad,unspecified,,,,,,,,,,male,31
1031_IWW_ANG_XX,crema_d_1031_IWW_ANG_XX,1031_IWW_ANG_XX.wav,crema_d,1031,IWW,ANG,anger,unspecified,,,16000.0,2.3023125,16000.0,3.0,0.0943125,,,male,31
1031_IWW_DIS_XX,crema_d_1031_IWW_DIS_XX,1031_IWW_DIS_XX.wav,crema_d,1031,IWW,DIS,disgust,unspecified,,,,,,,,,,male,31
1031_IWW_FEA_XX,crema_d_1031_IWW_FEA_XX,1031_IWW_FEA_XX.wav,crema_d,1031,IWW,FEA,fear,unspecified,,,,,,,,,,male,31
1031_IWW_HAP_XX,crema_d_1031_IWW_HAP_XX,1031_IWW_HAP_XX.wav,crema_d,1031,IWW,HAP,happy,unspecified,,,16000.0,2.402375,16000.0,3.0,0.0,,,male,31
1031_IWW_NEU_XX,crema_d_1031_IWW_NEU_XX,1031_IWW_NEU_XX.wav,crema_d,1031,IWW,NEU,neutral,unspecified,,,16000.0,2.3023125,16000.0,3.0,0.0303125,,,male,31
1031_IWW_SAD_XX,crema_d_1031_IWW_SAD_XX,1031_IWW_SAD_XX.wav,crema_d,1031,IWW,SAD,sad,unspecified,,,,,,,,,,male,31
1031_MTI_ANG_XX,crema_d_1031_MTI_ANG_XX,1031_MTI_ANG_XX.wav,crema_d,1031,MTI,ANG,anger,unspecified,,,16000.0,2.5025,16000.0,3.0,0.4545,,,male,31
1031_MTI_DIS_XX,crema_d_1031_MTI_DIS_XX,1031_MTI_DIS_XX.wav,crema_d,1031,MTI,DIS,disgust,unspecified,,,,,,,,,,male,31
1031_MTI_FEA_XX,crema_d_1031_MTI_FEA_XX,1031_MTI_FEA_XX.wav,crema_d,1031,MTI,FEA,fear,unspecified,,,,,,,,,,male,31
1031_MTI_HAP_XX,crema_d_1031_MTI_HAP_XX,1031_MTI_HAP_XX.wav,crema_d,1031,MTI,HAP,happy,unspecified,,,16000.0,2.56925,16000.0,3.0,0.032,,,male,31
1031_MTI_NEU_XX,crema_d_1031_MTI_NEU_XX,1031_MTI_NEU_XX.wav,crema_d,1031,MTI,NEU,neutral,unspecified,,,16000.0,2.5025,16000.0,3.0,0.0705,,,male,31
1031_MTI_SAD_XX,crema_d_1031_MTI_SAD_XX,1031_MTI_SAD_XX.wav,crema_d,1031,MTI,SAD,sad,unspecified,,,,,,,,,,male,31
1031_TAI_ANG_XX,crema_d_1031_TAI_ANG_XX,1031_TAI_ANG_XX.wav,crema_d,1031,TAI,ANG,anger,unspecified,,,16000.0,2.6693125,16000.0,3.0,0.0453125,,,male,31
1031_TAI_DIS_XX,crema_d_1031_TAI_DIS_XX,1031_TAI_DIS_XX.wav,crema_d,1031,TAI,DIS,disgust,unspecified,,,,,,,,,,male,31
1031_TAI_FEA_XX,crema_d_1031_TAI_FEA_XX,1031_TAI_FEA_XX.wav,crema_d,1031,TAI,FEA,fear,unspecified,,,,,,,,,,male,31
1031_TAI_HAP_XX,crema_d_1031_TAI_HAP_XX,1031_TAI_HAP_XX.wav,crema_d,1031,TAI,HAP,happy,unspecified,,,16000.0,2.3690625,16000.0,3.0,0.0970625,,,male,31
1031_TAI_NEU_XX,crema_d_1031_TAI_NEU_XX,1031_TAI_NEU_XX.wav,crema_d,1031,TAI,NEU,neutral,unspecified,,,16000.0,2.3690625,16000.0,3.0,0.1290625,,,male,31
1031_TAI_SAD_XX,crema_d_1031_TAI_SAD_XX,1031_TAI_SAD_XX.wav,crema_d,1031,TAI,SAD,sad,unspecified,,,,,,,,,,male,31
1031_TIE_ANG_XX,crema_d_1031_TIE_ANG_XX,1031_TIE_ANG_XX.wav,crema_d,1031,TIE,ANG,anger,unspecified,,,16000.0,2.7026875,16000.0,3.0,1.4226875,,,male,31
1031_TIE_DIS_XX,crema_d_1031_TIE_DIS_XX,1031_TIE_DIS_XX.wav,crema_d,1031,TIE,DIS,disgust,unspecified,,,,,,,,,,male,31
1031_TIE_FEA_XX,crema_d_1031_TIE_FEA_XX,1031_TIE_FEA_XX.wav,crema_d,1031,TIE,FEA,fear,unspecified,,,,,,,,,,male,31
1031_TIE_HAP_XX,crema_d_1031_TIE_HAP_XX,1031_TIE_HAP_XX.wav,crema_d,1031,TIE,HAP,happy,unspecified,,,16000.0,2.6359375,16000.0,3.0,0.0759375,,,male,31
1031_TIE_NEU_XX,crema_d_1031_TIE_NEU_XX,1031_TIE_NEU_XX.wav,crema_d,1031,TIE,NEU,neutral,unspecified,,,16000.0,2.469125,16000.0,3.0,0.005125,,,male,31
1031_TIE_SAD_XX,crema_d_1031_TIE_SAD_XX,1031_TIE_SAD_XX.wav,crema_d,1031,TIE,SAD,sad,unspecified,,,,,,,,,,male,31
1031_TSI_ANG_XX,crema_d_1031_TSI_ANG_XX,1031_TSI_ANG_XX.wav,crema_d,1031,TSI,ANG,anger,unspecified,,,16000.0,2.2021875,16000.0,3.0,0.8901875,,,male,31
1031_TSI_DIS_XX,crema_d_1031_TSI_DIS_XX,1031_TSI_DIS_XX.wav,crema_d,1031,TSI,DIS,disgust,unspecified,,,,,,,,,,male,31
1031_TSI_FEA_XX,crema_d_1031_TSI_FEA_XX,1031_TSI_FEA_XX.wav,crema_d,1031,TSI,FEA,fear,unspecified,,,,,,,,,,male,31
1031_TSI_HAP_XX,crema_d_1031_TSI_HAP_XX,1031_TSI_HAP_XX.wav,crema_d,1031,TSI,HAP,happy,unspecified,,,16000.0,2.2021875,16000.0,3.0,1.1461875,,,male,31
1031_TSI_NEU_XX,crema_d_1031_TSI_NEU_XX,1031_TSI_NEU_XX.wav,crema_d,1031,TSI,NEU,neutral,unspecified,,,16000.0,2.5025,16000.0,3.0,0.0385,,,male,31
1031_TSI_SAD_XX,crema_d_1031_TSI_SAD_XX,1031_TSI_SAD_XX.wav,crema_d,1031,TSI,SAD,sad,unspecified,,,,,,,,,,male,31
1031_WSI_ANG_XX,crema_d_1031_WSI_ANG_XX,1031_WSI_ANG_XX.wav,crema_d,1031,WSI,ANG,anger,unspecified,,,16000.0,2.402375,16000.0,3.0,1.122375,,,male,31
1031_WSI_DIS_XX,crema_d_1031_WSI_DIS_XX,1031_WSI_DIS_XX.wav,crema_d,1031,WSI,DIS,disgust,unspecified,,,,,,,,,,male,31
1031_WSI_FEA_XX,crema_d_1031_WSI_FEA_XX,1031_WSI_FEA_XX.wav,crema_d,1031,WSI,FEA,fear,unspecified,,,,,,,,,,male,31
1031_WSI_HAP_XX,crema_d_1031_WSI_HAP_XX,1031_WSI_HAP_XX.wav,crema_d,1031,WSI,HAP,happy,unspecified,,,16000.0,2.43575,16000.0,3.0,0.13175,,,male,31
1031_WSI_NEU_XX,crema_d_1031_WSI_NEU_XX,1031_WSI_NEU_XX.wav,crema_d,1031,WSI,NEU,neutral,unspecified,,,16000.0,2.6693125,16000.0,3.0,0.4613125,,,male,31
1031_WSI_SAD_XX,crema_d_1031_WSI_SAD_XX,1031_WSI_SAD_XX.wav,crema_d,1031,WSI,SAD,sad,unspecified,,,,,,,,,,male,31
1032_DFA_ANG_XX,crema_d_1032_DFA_ANG_XX,1032_DFA_ANG_XX.wav,crema_d,1032,DFA,ANG,anger,unspecified,,,16000.0,2.3023125,16000.0,3.0,1.0863125,,,male,30
1032_DFA_DIS_XX,crema_d_1032_DFA_DIS_XX,1032_DFA_DIS_XX.wav,crema_d,1032,DFA,DIS,disgust,unspecified,,,,,,,,,,male,30
1032_DFA_FEA_XX,crema_d_1032_DFA_FEA_XX,1032_DFA_FEA_XX.wav,crema_d,1032,DFA,FEA,fear,unspecified,,,,,,,,,,male,30
1032_DFA_HAP_XX,crema_d_1032_DFA_HAP_XX,1032_DFA_HAP_XX.wav,crema_d,1032,DFA,HAP,happy,unspecified,,,16000.0,2.035375,16000.0,3.0,1.107375,,,male,30
1032_DFA_NEU_XX,crema_d_1032_DFA_NEU_XX,1032_DFA_NEU_XX.wav,crema_d,1032,DFA,NEU,neutral,unspecified,,,16000.0,2.002,16000.0,3.0,0.082,,,male,30
1032_DFA_SAD_XX,crema_d_1032_DFA_SAD_XX,1032_DFA_SAD_XX.wav,crema_d,1032,DFA,SAD,sad,unspecified,,,,,,,,,,male,30
1032_IEO_ANG_HI,crema_d_1032_IEO_ANG_HI,1032_IEO_ANG_HI.wav,crema_d,1032,IEO,ANG,anger,high,,,16000.0,2.7694375,16000.0,3.0,1.2014375,,,male,30
1032_IEO_ANG_LO,crema_d_1032_IEO_ANG_LO,1032_IEO_ANG_LO.wav,crema_d,1032,IEO,ANG,anger,low,,,16000.0,2.2021875,16000.0,3.0,0.7621875,,,male,30
1032_IEO_ANG_MD,crema_d_1032_IEO_ANG_MD,1032_IEO_ANG_MD.wav,crema_d,1032,IEO,ANG,anger,medium,,,16000.0,2.7360625,16000.0,3.0,1.2640625,,,male,30
1032_IEO_DIS_HI,crema_d_1032_IEO_DIS_HI,1032_IEO_DIS_HI.wav,crema_d,1032,IEO,DIS,disgust,high,,,,,,,,,,male,30
1032_IEO_DIS_LO,crema_d_1032_IEO_DIS_LO,1032_IEO_DIS_LO.wav,crema_d,1032,IEO,DIS,disgust,low,,,,,,,,,,male,30
1032_IEO_DIS_MD,crema_d_1032_IEO_DIS_MD,1032_IEO_DIS_MD.wav,crema_d,1032,IEO,DIS,disgust,medium,,,,,,,,,,male,30
1032_IEO_FEA_HI,crema_d_1032_IEO_FEA_HI,1032_IEO_FEA_HI.wav,crema_d,1032,IEO,FEA,fear,high,,,,,,,,,,male,30
1032_IEO_FEA_LO,crema_d_1032_IEO_FEA_LO,1032_IEO_FEA_LO.wav,crema_d,1032,IEO,FEA,fear,low,,,,,,,,,,male,30
1032_IEO_FEA_MD,crema_d_1032_IEO_FEA_MD,1032_IEO_FEA_MD.wav,crema_d,1032,IEO,FEA,fear,medium,,,,,,,,,,male,30
1032_IEO_HAP_HI,crema_d_1032_IEO_HAP_HI,1032_IEO_HAP_HI.wav,crema_d,1032,IEO,HAP,happy,high,,,16000.0,2.002,16000.0,3.0,1.106,,,male,30
1032_IEO_HAP_LO,crema_d_1032_IEO_HAP_LO,1032_IEO_HAP_LO.wav,crema_d,1032,IEO,HAP,happy,low,,,16000.0,2.035375,16000.0,3.0,1.299375,,,male,30
1032_IEO_HAP_MD,crema_d_1032_IEO_HAP_MD,1032_IEO_HAP_MD.wav,crema_d,1032,IEO,HAP,happy,medium,,,16000.0,2.035375,16000.0,3.0,0.051375,,,male,30
1032_IEO_NEU_XX,crema_d_1032_IEO_NEU_XX,1032_IEO_NEU_XX.wav,crema_d,1032,IEO,NEU,neutral,unspecified,,,16000.0,1.8351875,16000.0,3.0,0.0751875,,,male,30
1032_IEO_SAD_HI,crema_d_1032_IEO_SAD_HI,1032_IEO_SAD_HI.wav,crema_d,1032,IEO,SAD,sad,high,,,,,,,,,,male,30
1032_IEO_SAD_LO,crema_d_1032_IEO_SAD_LO,1032_IEO_SAD_LO.wav,crema_d,1032,IEO,SAD,sad,low,,,,,,,,,,male,30
1032_IEO_SAD_MD,crema_d_1032_IEO_SAD_MD,1032_IEO_SAD_MD.wav,crema_d,1032,IEO,SAD,sad,medium,,,,,,,,,,male,30
1032_IOM_ANG_XX,crema_d_1032_IOM_ANG_XX,1032_IOM_ANG_XX.wav,crema_d,1032,IOM,ANG,anger,unspecified,,,16000.0,2.56925,16000.0,3.0,0.96925,,,male,30
1032_IOM_DIS_XX,crema_d_1032_IOM_DIS_XX,1032_IOM_DIS_XX.wav,crema_d,1032,IOM,DIS,disgust,unspecified,,,,,,,,,,male,30
1032_IOM_FEA_XX,crema_d_1032_IOM_FEA_XX,1032_IOM_FEA_XX.wav,crema_d,1032,IOM,FEA,fear,unspecified,,,,,,,,,,male,30
1032_IOM_HAP_XX,crema_d_1032_IOM_HAP_XX,1032_IOM_HAP_XX.wav,crema_d,1032,IOM,HAP,happy,unspecified,,,16000.0,1.8351875,16000.0,3.0,0.6831875,,,male,30
1032_IOM_NEU_XX,crema_d_1032_IOM_NEU_XX,1032_IOM_NEU_XX.wav,crema_d,1032,IOM,NEU,neutral,unspecified,,,16000.0,2.102125,16000.0,3.0,0.118125,,,male,30
1032_IOM_SAD_XX,crema_d_1032_IOM_SAD_XX,1032_IOM_SAD_XX.wav,crema_d,1032,IOM,SAD,sad,unspecified,,,,,,,,,,male,30
1032_ITH_ANG_XX,crema_d_1032_ITH_ANG_XX,1032_ITH_ANG_XX.wav,crema_d,1032,ITH,ANG,anger,unspecified,,,16000.0,2.969625,16000.0,3.0,0.921625,,,male,30
1032_ITH_DIS_XX,crema_d_1032_ITH_DIS_XX,1032_ITH_DIS_XX.wav,crema_d,1032,ITH,DIS,disgust,unspecified,,,,,,,,,,male,30
1032_ITH_FEA_XX,crema_d_1032_ITH_FEA_XX,1032_ITH_FEA_XX.wav,crema_d,1032,ITH,FEA,fear,unspecified,,,,,,,,,,male,30
1032_ITH_HAP_XX,crema_d_1032_ITH_HAP_XX,1032_ITH_HAP_XX.wav,crema_d,1032,ITH,HAP,happy,unspecified,,,16000.0,2.7026875,16000.0,3.0,1.3586875,,,male,30
1032_ITH_NEU_XX,crema_d_1032_ITH_NEU_XX,1032_ITH_NEU_XX.wav,crema_d,1032,ITH,NEU,neutral,unspecified,,,16000.0,2.2689375,16000.0,3.0,0.7329375,,,male,30
1032_ITH_SAD_XX,crema_d_1032_ITH_SAD_XX,1032_ITH_SAD_XX.wav,crema_d,1032,ITH,SAD,sad,unspecified,,,,,,,,,,male,30
1032_ITS_ANG_XX,crema_d_1032_ITS_ANG_XX,1032_ITS_ANG_XX.wav,crema_d,1032,ITS,ANG,anger,unspecified,,,16000.0,2.8695625,16000.0,3.0,1.0775625,,,male,30
1032_ITS_DIS_XX,crema_d_1032_ITS_DIS_XX,1032_ITS_DIS_XX.wav,crema_d,1032,ITS,DIS,disgust,unspecified,,,,,,,,,,male,30
1032_ITS_FEA_XX,crema_d_1032_ITS_FEA_XX,1032_ITS_FEA_XX.wav,crema_d,1032,ITS,FEA,fear,unspecified,,,,,,,,,,male,30
1032_ITS_HAP_XX,crema_d_1032_ITS_HAP_XX,1032_ITS_HAP_XX.wav,crema_d,1032,ITS,HAP,happy,unspecified,,,16000.0,2.5025,16000.0,3.0,1.1265,,,male,30
1032_ITS_NEU_XX,crema_d_1032_ITS_NEU_XX,1032_ITS_NEU_XX.wav,crema_d,1032,ITS,NEU,neutral,unspecified,,,16000.0,2.535875,16000.0,3.0,0.807875,,,male,30
1032_ITS_SAD_XX,crema_d_1032_ITS_SAD_XX,1032_ITS_SAD_XX.wav,crema_d,1032,ITS,SAD,sad,unspecified,,,,,,,,,,male,30
1032_IWL_ANG_XX,crema_d_1032_IWL_ANG_XX,1032_IWL_ANG_XX.wav,crema_d,1032,IWL,ANG,anger,unspecified,,,16000.0,3.403375,16000.0,3.0,1.099375,,,male,30
1032_IWL_DIS_XX,crema_d_1032_IWL_DIS_XX,1032_IWL_DIS_XX.wav,crema_d,1032,IWL,DIS,disgust,unspecified,,,,,,,,,,male,30
1032_IWL_FEA_XX,crema_d_1032_IWL_FEA_XX,1032_IWL_FEA_XX.wav,crema_d,1032,IWL,FEA,fear,unspecified,,,,,,,,,,male,30
1032_IWL_HAP_XX,crema_d_1032_IWL_HAP_XX,1032_IWL_HAP_XX.wav,crema_d,1032,IWL,HAP,happy,unspecified,,,16000.0,2.6359375,16000.0,3.0,1.0999375,,,male,30
1032_IWL_NEU_XX,crema_d_1032_IWL_NEU_XX,1032_IWL_NEU_XX.wav,crema_d,1032,IWL,NEU,neutral,unspecified,,,16000.0,2.5025,16000.0,3.0,1.0945,,,male,30
1032_IWL_SAD_XX,crema_d_1032_IWL_SAD_XX,1032_IWL_SAD_XX.wav,crema_d,1032,IWL,SAD,sad,unspecified,,,,,,,,,,male,30
1032_IWW_ANG_XX,crema_d_1032_IWW_ANG_XX,1032_IWW_ANG_XX.wav,crema_d,1032,IWW,ANG,anger,unspecified,,,16000.0,2.93625,16000.0,3.0,1.36825,,,male,30
1032_IWW_DIS_XX,crema_d_1032_IWW_DIS_XX,1032_IWW_DIS_XX.wav,crema_d,1032,IWW,DIS,disgust,unspecified,,,,,,,,,,male,30
1032_IWW_FEA_XX,crema_d_1032_IWW_FEA_XX,1032_IWW_FEA_XX.wav,crema_d,1032,IWW,FEA,fear,unspecified,,,,,,,,,,male,30
1032_IWW_HAP_XX,crema_d_1032_IWW_HAP_XX,1032_IWW_HAP_XX.wav,crema_d,1032,IWW,HAP,happy,unspecified,,,16000.0,2.469125,16000.0,3.0,0.069125,,,male,30
1032_IWW_NEU_XX,crema_d_1032_IWW_NEU_XX,1032_IWW_NEU_XX.wav,crema_d,1032,IWW,NEU,neutral,unspecified,,,16000.0,2.6359375,16000.0,3.0,0.032,,,male,30
1032_IWW_SAD_XX,crema_d_1032_IWW_SAD_XX,1032_IWW_SAD_XX.wav,crema_d,1032,IWW,SAD,sad,unspecified,,,,,,,,,,male,30
1032_MTI_ANG_XX,crema_d_1032_MTI_ANG_XX,1032_MTI_ANG_XX.wav,crema_d,1032,MTI,ANG,anger,unspecified,,,16000.0,3.1364375,16000.0,3.0,0.032,,,male,30
1032_MTI_DIS_XX,crema_d_1032_MTI_DIS_XX,1032_MTI_DIS_XX.wav,crema_d,1032,MTI,DIS,disgust,unspecified,,,,,,,,,,male,30
1032_MTI_FEA_XX,crema_d_1032_MTI_FEA_XX,1032_MTI_FEA_XX.wav,crema_d,1032,MTI,FEA,fear,unspecified,,,,,,,,,,male,30
1032_MTI_HAP_XX,crema_d_1032_MTI_HAP_XX,1032_MTI_HAP_XX.wav,crema_d,1032,MTI,HAP,happy,unspecified,,,16000.0,2.43575,16000.0,3.0,0.51575,,,male,30
1032_MTI_NEU_XX,crema_d_1032_MTI_NEU_XX,1032_MTI_NEU_XX.wav,crema_d,1032,MTI,NEU,neutral,unspecified,,,16000.0,2.43575,16000.0,3.0,0.25975,,,male,30
1032_MTI_SAD_XX,crema_d_1032_MTI_SAD_XX,1032_MTI_SAD_XX.wav,crema_d,1032,MTI,SAD,sad,unspecified,,,,,,,,,,male,30
1032_TAI_ANG_XX,crema_d_1032_TAI_ANG_XX,1032_TAI_ANG_XX.wav,crema_d,1032,TAI,ANG,anger,unspecified,,,16000.0,3.036375,16000.0,3.0,0.540375,,,male,30
1032_TAI_DIS_XX,crema_d_1032_TAI_DIS_XX,1032_TAI_DIS_XX.wav,crema_d,1032,TAI,DIS,disgust,unspecified,,,,,,,,,,male,30
1032_TAI_FEA_XX,crema_d_1032_TAI_FEA_XX,1032_TAI_FEA_XX.wav,crema_d,1032,TAI,FEA,fear,unspecified,,,,,,,,,,male,30
1032_TAI_HAP_XX,crema_d_1032_TAI_HAP_XX,1032_TAI_HAP_XX.wav,crema_d,1032,TAI,HAP,happy,unspecified,,,16000.0,2.43575,16000.0,3.0,0.77175,,,male,30
1032_TAI_NEU_XX,crema_d_1032_TAI_NEU_XX,1032_TAI_NEU_XX.wav,crema_d,1032,TAI,NEU,neutral,unspecified,,,16000.0,2.8361875,16000.0,3.0,0.0521875,,,male,30
1032_TAI_SAD_XX,crema_d_1032_TAI_SAD_XX,1032_TAI_SAD_XX.wav,crema_d,1032,TAI,SAD,sad,unspecified,,,,,,,,,,male,30
1032_TIE_ANG_XX,crema_d_1032_TIE_ANG_XX,1032_TIE_ANG_XX.wav,crema_d,1032,TIE,ANG,anger,unspecified,,,16000.0,3.970625,16000.0,3.0,1.730625,,,male,30
1032_TIE_DIS_XX,crema_d_1032_TIE_DIS_XX,1032_TIE_DIS_XX.wav,crema_d,1032,TIE,DIS,disgust,unspecified,,,,,,,,,,male,30
1032_TIE_FEA_XX,crema_d_1032_TIE_FEA_XX,1032_TIE_FEA_XX.wav,crema_d,1032,TIE,FEA,fear,unspecified,,,,,,,,,,male,30
1032_TIE_HAP_XX,crema_d_1032_TIE_HAP_XX,1032_TIE_HAP_XX.wav,crema_d,1032,TIE,HAP,happy,unspecified,,,16000.0,3.43675,16000.0,3.0,1.67675,,,male,30
1032_TIE_NEU_XX,crema_d_1032_TIE_NEU_XX,1032_TIE_NEU_XX.wav,crema_d,1032,TIE,NEU,neutral,unspecified,,,16000.0,2.56925,16000.0,3.0,0.07325,,,male,30
1032_TIE_SAD_XX,crema_d_1032_TIE_SAD_XX,1032_TIE_SAD_XX.wav,crema_d,1032,TIE,SAD,sad,unspecified,,,,,,,,,,male,30
1032_TSI_ANG_XX,crema_d_1032_TSI_ANG_XX,1032_TSI_ANG_XX.wav,crema_d,1032,TSI,ANG,anger,unspecified,,,16000.0,2.535875,16000.0,3.0,1.223875,,,male,30
1032_TSI_DIS_XX,crema_d_1032_TSI_DIS_XX,1032_TSI_DIS_XX.wav,crema_d,1032,TSI,DIS,disgust,unspecified,,,,,,,,,,male,30
1032_TSI_FEA_XX,crema_d_1032_TSI_FEA_XX,1032_TSI_FEA_XX.wav,crema_d,1032,TSI,FEA,fear,unspecified,,,,,,,,,,male,30
1032_TSI_HAP_XX,crema_d_1032_TSI_HAP_XX,1032_TSI_HAP_XX.wav,crema_d,1032,TSI,HAP,happy,unspecified,,,16000.0,2.469125,16000.0,3.0,1.349125,,,male,30
1032_TSI_NEU_XX,crema_d_1032_TSI_NEU_XX,1032_TSI_NEU_XX.wav,crema_d,1032,TSI,NEU,neutral,unspecified,,,16000.0,2.535875,16000.0,3.0,1.127875,,,male,30
1032_TSI_SAD_XX,crema_d_1032_TSI_SAD_XX,1032_TSI_SAD_XX.wav,crema_d,1032,TSI,SAD,sad,unspecified,,,,,,,,,,male,30
1032_WSI_ANG_XX,crema_d_1032_WSI_ANG_XX,1032_WSI_ANG_XX.wav,crema_d,1032,WSI,ANG,anger,unspecified,,,16000.0,2.56925,16000.0,3.0,0.96925,,,male,30
1032_WSI_DIS_XX,crema_d_1032_WSI_DIS_XX,1032_WSI_DIS_XX.wav,crema_d,1032,WSI,DIS,disgust,unspecified,,,,,,,,,,male,30
1032_WSI_FEA_XX,crema_d_1032_WSI_FEA_XX,1032_WSI_FEA_XX.wav,crema_d,1032,WSI,FEA,fear,unspecified,,,,,,,,,,male,30
1032_WSI_HAP_XX,crema_d_1032_WSI_HAP_XX,1032_WSI_HAP_XX.wav,crema_d,1032,WSI,HAP,happy,unspecified,,,16000.0,2.5025,16000.0,3.0,1.2225,,,male,30
1032_WSI_NEU_XX,crema_d_1032_WSI_NEU_XX,1032_WSI_NEU_XX.wav,crema_d,1032,WSI,NEU,neutral,unspecified,,,16000.0,3.003,16000.0,3.0,1.435,,,male,30
1032_WSI_SAD_XX,crema_d_1032_WSI_SAD_XX,1032_WSI_SAD_XX.wav,crema_d,1032,WSI,SAD,sad,unspecified,,,,,,,,,,male,30
1033_DFA_ANG_XX,crema_d_1033_DFA_ANG_XX,1033_DFA_ANG_XX.wav,crema_d,1033,DFA,ANG,anger,unspecified,,,16000.0,2.002,16000.0,3.0,1.106,,,male,31
1033_DFA_DIS_XX,crema_d_1033_DFA_DIS_XX,1033_DFA_DIS_XX.wav,crema_d,1033,DFA,DIS,disgust,unspecified,,,,,,,,,,male,31
1033_DFA_FEA_XX,crema_d_1033_DFA_FEA_XX,1033_DFA_FEA_XX.wav,crema_d,1033,DFA,FEA,fear,unspecified,,,,,,,,,,male,31
1033_DFA_HAP_XX,crema_d_1033_DFA_HAP_XX,1033_DFA_HAP_XX.wav,crema_d,1033,DFA,HAP,happy,unspecified,,,16000.0,2.8361875,16000.0,3.0,1.9081875,,,male,31
1033_DFA_NEU_XX,crema_d_1033_DFA_NEU_XX,1033_DFA_NEU_XX.wav,crema_d,1033,DFA,NEU,neutral,unspecified,,,16000.0,2.7026875,16000.0,3.0,0.8146875,,,male,31
1033_DFA_SAD_XX,crema_d_1033_DFA_SAD_XX,1033_DFA_SAD_XX.wav,crema_d,1033,DFA,SAD,sad,unspecified,,,,,,,,,,male,31
1033_IEO_ANG_HI,crema_d_1033_IEO_ANG_HI,1033_IEO_ANG_HI.wav,crema_d,1033,IEO,ANG,anger,high,,,16000.0,2.035375,16000.0,3.0,0.947375,,,male,31
1033_IEO_ANG_LO,crema_d_1033_IEO_ANG_LO,1033_IEO_ANG_LO.wav,crema_d,1033,IEO,ANG,anger,low,,,16000.0,1.7350625,16000.0,3.0,0.9350625,,,male,31
1033_IEO_ANG_MD,crema_d_1033_IEO_ANG_MD,1033_IEO_ANG_MD.wav,crema_d,1033,IEO,ANG,anger,medium,,,16000.0,2.035375,16000.0,3.0,1.075375,,,male,31
1033_IEO_DIS_HI,crema_d_1033_IEO_DIS_HI,1033_IEO_DIS_HI.wav,crema_d,1033,IEO,DIS,disgust,high,,,,,,,,,,male,31
1033_IEO_DIS_LO,crema_d_1033_IEO_DIS_LO,1033_IEO_DIS_LO.wav,crema_d,1033,IEO,DIS,disgust,low,,,,,,,,,,male,31
1033_IEO_DIS_MD,crema_d_1033_IEO_DIS_MD,1033_IEO_DIS_MD.wav,crema_d,1033,IEO,DIS,disgust,medium,,,,,,,,,,male,31
1033_IEO_FEA_HI,crema_d_1033_IEO_FEA_HI,1033_IEO_FEA_HI.wav,crema_d,1033,IEO,FEA,fear,high,,,,,,,,,,male,31
1033_IEO_FEA_LO,crema_d_1033_IEO_FEA_LO,1033_IEO_FEA_LO.wav,crema_d,1033,IEO,FEA,fear,low,,,,,,,,,,male,31
1033_IEO_FEA_MD,crema_d_1033_IEO_FEA_MD,1033_IEO_FEA_MD.wav,crema_d,1033,IEO,FEA,fear,medium,,,,,,,,,,male,31
1033_IEO_HAP_HI,crema_d_1033_IEO_HAP_HI,1033_IEO_HAP_HI.wav,crema_d,1033,IEO,HAP,happy,high,,,16000.0,2.1354375,16000.0,3.0,1.1434375,,,male,31
1033_IEO_HAP_LO,crema_d_1033_IEO_HAP_LO,1033_IEO_HAP_LO.wav,crema_d,1033,IEO,HAP,happy,low,,,16000.0,2.035375,16000.0,3.0,1.299375,,,male,31
1033_IEO_HAP_MD,crema_d_1033_IEO_HAP_MD,1033_IEO_HAP_MD.wav,crema_d,1033,IEO,HAP,happy,medium,,,16000.0,2.1688125,16000.0,3.0,1.3048125,,,male,31
1033_IEO_NEU_XX,crema_d_1033_IEO_NEU_XX,1033_IEO_NEU_XX.wav,crema_d,1033,IEO,NEU,neutral,unspecified,,,16000.0,1.6683125,16000.0,3.0,0.1003125,,,male,31
1033_IEO_SAD_HI,crema_d_1033_IEO_SAD_HI,1033_IEO_SAD_HI.wav,crema_d,1033,IEO,SAD,sad,high,,,,,,,,,,male,31
1033_IEO_SAD_LO,crema_d_1033_IEO_SAD_LO,1033_IEO_SAD_LO.wav,crema_d,1033,IEO,SAD,sad,low,,,,,,,,,,male,31
1033_IEO_SAD_MD,crema_d_1033_IEO_SAD_MD,1033_IEO_SAD_MD.wav,crema_d,1033,IEO,SAD,sad,medium,,,,,,,,,,male,31
1033_IOM_ANG_XX,crema_d_1033_IOM_ANG_XX,1033_IOM_ANG_XX.wav,crema_d,1033,IOM,ANG,anger,unspecified,,,16000.0,2.2021875,16000.0,3.0,1.0501875,,,male,31
1033_IOM_DIS_XX,crema_d_1033_IOM_DIS_XX,1033_IOM_DIS_XX.wav,crema_d,1033,IOM,DIS,disgust,unspecified,,,,,,,,,,male,31
1033_IOM_FEA_XX,crema_d_1033_IOM_FEA_XX,1033_IOM_FEA_XX.wav,crema_d,1033,IOM,FEA,fear,unspecified,,,,,,,,,,male,31
1033_IOM_HAP_XX,crema_d_1033_IOM_HAP_XX,1033_IOM_HAP_XX.wav,crema_d,1033,IOM,HAP,happy,unspecified,,,16000.0,1.7016875,16000.0,3.0,0.7096875,,,male,31
1033_IOM_NEU_XX,crema_d_1033_IOM_NEU_XX,1033_IOM_NEU_XX.wav,crema_d,1033,IOM,NEU,neutral,unspecified,,,16000.0,2.102125,16000.0,3.0,0.822125,,,male,31
1033_IOM_SAD_XX,crema_d_1033_IOM_SAD_XX,1033_IOM_SAD_XX.wav,crema_d,1033,IOM,SAD,sad,unspecified,,,,,,,,,,male,31
1033_ITH_ANG_XX,crema_d_1033_ITH_ANG_XX,1033_ITH_ANG_XX.wav,crema_d,1033,ITH,ANG,anger,unspecified,,,16000.0,2.7694375,16000.0,3.0,1.4574375,,,male,31
1033_ITH_DIS_XX,crema_d_1033_ITH_DIS_XX,1033_ITH_DIS_XX.wav,crema_d,1033,ITH,DIS,disgust,unspecified,,,,,,,,,,male,31
1033_ITH_FEA_XX,crema_d_1033_ITH_FEA_XX,1033_ITH_FEA_XX.wav,crema_d,1033,ITH,FEA,fear,unspecified,,,,,,,,,,male,31
1033_ITH_HAP_XX,crema_d_1033_ITH_HAP_XX,1033_ITH_HAP_XX.wav,crema_d,1033,ITH,HAP,happy,unspecified,,,16000.0,2.1688125,16000.0,3.0,1.0168125,,,male,31
1033_ITH_NEU_XX,crema_d_1033_ITH_NEU_XX,1033_ITH_NEU_XX.wav,crema_d,1033,ITH,NEU,neutral,unspecified,,,16000.0,3.06975,16000.0,3.0,1.66175,,,male,31
1033_ITH_SAD_XX,crema_d_1033_ITH_SAD_XX,1033_ITH_SAD_XX.wav,crema_d,1033,ITH,SAD,sad,unspecified,,,,,,,,,,male,31
1033_ITS_ANG_XX,crema_d_1033_ITS_ANG_XX,1033_ITS_ANG_XX.wav,crema_d,1033,ITS,ANG,anger,unspecified,,,16000.0,2.2021875,16000.0,3.0,0.8581875,,,male,31
1033_ITS_DIS_XX,crema_d_1033_ITS_DIS_XX,1033_ITS_DIS_XX.wav,crema_d,1033,ITS,DIS,disgust,unspecified,,,,,,,,,,male,31
1033_ITS_FEA_XX,crema_d_1033_ITS_FEA_XX,1033_ITS_FEA_XX.wav,crema_d,1033,ITS,FEA,fear,unspecified,,,,,,,,,,male,31
1033_ITS_HAP_XX,crema_d_1033_ITS_HAP_XX,1033_ITS_HAP_XX.wav,crema_d,1033,ITS,HAP,happy,unspecified,,,16000.0,2.3023125,16000.0,3.0,0.9903125,,,male,31
1033_ITS_NEU_XX,crema_d_1033_ITS_NEU_XX,1033_ITS_NEU_XX.wav,crema_d,1033,ITS,NEU,neutral,unspecified,,,16000.0,2.43575,16000.0,3.0,1.12375,,,male,31
1033_ITS_SAD_XX,crema_d_1033_ITS_SAD_XX,1033_ITS_SAD_XX.wav,crema_d,1033,ITS,SAD,sad,unspecified,,,,,,,,,,male,31
1033_IWL_ANG_XX,crema_d_1033_IWL_ANG_XX,1033_IWL_ANG_XX.wav,crema_d,1033,IWL,ANG,anger,unspecified,,,16000.0,2.8028125,16000.0,3.0,1.2348125,,,male,31
1033_IWL_DIS_XX,crema_d_1033_IWL_DIS_XX,1033_IWL_DIS_XX.wav,crema_d,1033,IWL,DIS,disgust,unspecified,,,,,,,,,,male,31
1033_IWL_FEA_XX,crema_d_1033_IWL_FEA_XX,1033_IWL_FEA_XX.wav,crema_d,1033,IWL,FEA,fear,unspecified,,,,,,,,,,male,31
1033_IWL_HAP_XX,crema_d_1033_IWL_HAP_XX,1033_IWL_HAP_XX.wav,crema_d,1033,IWL,HAP,happy,unspecified,,,16000.0,2.535875,16000.0,3.0,1.223875,,,male,31
1033_IWL_NEU_XX,crema_d_1033_IWL_NEU_XX,1033_IWL_NEU_XX.wav,crema_d,1033,IWL,NEU,neutral,unspecified,,,16000.0,2.7694375,16000.0,3.0,1.3934375,,,male,31
1033_IWL_SAD_XX,crema_d_1033_IWL_SAD_XX,1033_IWL_SAD_XX.wav,crema_d,1033,IWL,SAD,sad,unspecified,,,,,,,,,,male,31
1033_IWW_ANG_XX,crema_d_1033_IWW_ANG_XX,1033_IWW_ANG_XX.wav,crema_d,1033,IWW,ANG,anger,unspecified,,,16000.0,1.968625,16000.0,3.0,0.752625,,,male,31
1033_IWW_DIS_XX,crema_d_1033_IWW_DIS_XX,1033_IWW_DIS_XX.wav,crema_d,1033,IWW,DIS,disgust,unspecified,,,,,,,,,,male,31
1033_IWW_FEA_XX,crema_d_1033_IWW_FEA_XX,1033_IWW_FEA_XX.wav,crema_d,1033,IWW,FEA,fear,unspecified,,,,,,,,,,male,31
1033_IWW_HAP_XX,crema_d_1033_IWW_HAP_XX,1033_IWW_HAP_XX.wav,crema_d,1033,IWW,HAP,happy,unspecified,,,16000.0,1.7016875,16000.0,3.0,0.5816875,,,male,31
1033_IWW_NEU_XX,crema_d_1033_IWW_NEU_XX,1033_IWW_NEU_XX.wav,crema_d,1033,IWW,NEU,neutral,unspecified,,,16000.0,1.8018125,16000.0,3.0,0.6178125,,,male,31
1033_IWW_SAD_XX,crema_d_1033_IWW_SAD_XX,1033_IWW_SAD_XX.wav,crema_d,1033,IWW,SAD,sad,unspecified,,,,,,,,,,male,31
1033_MTI_ANG_XX,crema_d_1033_MTI_ANG_XX,1033_MTI_ANG_XX.wav,crema_d,1033,MTI,ANG,anger,unspecified,,,16000.0,2.369,16000.0,3.0,0.833,,,male,31
1033_MTI_DIS_XX,crema_d_1033_MTI_DIS_XX,1033_MTI_DIS_XX.wav,crema_d,1033,MTI,DIS,disgust,unspecified,,,,,,,,,,male,31
1033_MTI_FEA_XX,crema_d_1033_MTI_FEA_XX,1033_MTI_FEA_XX.wav,crema_d,1033,MTI,FEA,fear,unspecified,,,,,,,,,,male,31
1033_MTI_HAP_XX,crema_d_1033_MTI_HAP_XX,1033_MTI_HAP_XX.wav,crema_d,1033,MTI,HAP,happy,unspecified,,,16000.0,2.369,16000.0,3.0,1.025,,,male,31
1033_MTI_NEU_XX,crema_d_1033_MTI_NEU_XX,1033_MTI_NEU_XX.wav,crema_d,1033,MTI,NEU,neutral,unspecified,,,16000.0,2.102125,16000.0,3.0,0.406125,,,male,31
1033_MTI_SAD_XX,crema_d_1033_MTI_SAD_XX,1033_MTI_SAD_XX.wav,crema_d,1033,MTI,SAD,sad,unspecified,,,,,,,,,,male,31
1033_TAI_ANG_XX,crema_d_1033_TAI_ANG_XX,1033_TAI_ANG_XX.wav,crema_d,1033,TAI,ANG,anger,unspecified,,,16000.0,2.5025,16000.0,3.0,0.9665,,,male,31
1033_TAI_DIS_XX,crema_d_1033_TAI_DIS_XX,1033_TAI_DIS_XX.wav,crema_d,1033,TAI,DIS,disgust,unspecified,,,,,,,,,,male,31
1033_TAI_FEA_XX,crema_d_1033_TAI_FEA_XX,1033_TAI_FEA_XX.wav,crema_d,1033,TAI,FEA,fear,unspecified,,,,,,,,,,male,31
1033_TAI_HAP_XX,crema_d_1033_TAI_HAP_XX,1033_TAI_HAP_XX.wav,crema_d,1033,TAI,HAP,happy,unspecified,,,16000.0,2.2755625,16000.0,3.0,1.0915625,,,male,31
1033_TAI_NEU_XX,crema_d_1033_TAI_NEU_XX,1033_TAI_NEU_XX.wav,crema_d,1033,TAI,NEU,neutral,unspecified,,,16000.0,2.002,16000.0,3.0,0.69,,,male,31
1033_TAI_SAD_XX,crema_d_1033_TAI_SAD_XX,1033_TAI_SAD_XX.wav,crema_d,1033,TAI,SAD,sad,unspecified,,,,,,,,,,male,31
1033_TIE_ANG_XX,crema_d_1033_TIE_ANG_XX,1033_TIE_ANG_XX.wav,crema_d,1033,TIE,ANG,anger,unspecified,,,16000.0,2.5025,16000.0,3.0,1.2865,,,male,31
1033_TIE_DIS_XX,crema_d_1033_TIE_DIS_XX,1033_TIE_DIS_XX.wav,crema_d,1033,TIE,DIS,disgust,unspecified,,,,,,,,,,male,31
1033_TIE_FEA_XX,crema_d_1033_TIE_FEA_XX,1033_TIE_FEA_XX.wav,crema_d,1033,TIE,FEA,fear,unspecified,,,,,,,,,,male,31
1033_TIE_HAP_XX,crema_d_1033_TIE_HAP_XX,1033_TIE_HAP_XX.wav,crema_d,1033,TIE,HAP,happy,unspecified,,,16000.0,2.035375,16000.0,3.0,0.723375,,,male,31
1033_TIE_NEU_XX,crema_d_1033_TIE_NEU_XX,1033_TIE_NEU_XX.wav,crema_d,1033,TIE,NEU,neutral,unspecified,,,16000.0,2.43575,16000.0,3.0,1.12375,,,male,31
1033_TIE_SAD_XX,crema_d_1033_TIE_SAD_XX,1033_TIE_SAD_XX.wav,crema_d,1033,TIE,SAD,sad,unspecified,,,,,,,,,,male,31
1033_TSI_ANG_XX,crema_d_1033_TSI_ANG_XX,1033_TSI_ANG_XX.wav,crema_d,1033,TSI,ANG,anger,unspecified,,,16000.0,1.93525,16000.0,3.0,0.78325,,,male,31
1033_TSI_DIS_XX,crema_d_1033_TSI_DIS_XX,1033_TSI_DIS_XX.wav,crema_d,1033,TSI,DIS,disgust,unspecified,,,,,,,,,,male,31
1033_TSI_FEA_XX,crema_d_1033_TSI_FEA_XX,1033_TSI_FEA_XX.wav,crema_d,1033,TSI,FEA,fear,unspecified,,,,,,,,,,male,31
1033_TSI_HAP_XX,crema_d_1033_TSI_HAP_XX,1033_TSI_HAP_XX.wav,crema_d,1033,TSI,HAP,happy,unspecified,,,16000.0,1.968625,16000.0,3.0,0.816625,,,male,31
1033_TSI_NEU_XX,crema_d_1033_TSI_NEU_XX,1033_TSI_NEU_XX.wav,crema_d,1033,TSI,NEU,neutral,unspecified,,,16000.0,2.56925,16000.0,3.0,1.32125,,,male,31
1033_TSI_SAD_XX,crema_d_1033_TSI_SAD_XX,1033_TSI_SAD_XX.wav,crema_d,1033,TSI,SAD,sad,unspecified,,,,,,,,,,male,31
1033_WSI_ANG_XX,crema_d_1033_WSI_ANG_XX,1033_WSI_ANG_XX.wav,crema_d,1033,WSI,ANG,anger,unspecified,,,16000.0,2.06875,16000.0,3.0,0.91675,,,male,31
1033_WSI_DIS_XX,crema_d_1033_WSI_DIS_XX,1033_WSI_DIS_XX.wav,crema_d,1033,WSI,DIS,disgust,unspecified,,,,,,,,,,male,31
1033_WSI_FEA_XX,crema_d_1033_WSI_FEA_XX,1033_WSI_FEA_XX.wav,crema_d,1033,WSI,FEA,fear,unspecified,,,,,,,,,,male,31
1033_WSI_HAP_XX,crema_d_1033_WSI_HAP_XX,1033_WSI_HAP_XX.wav,crema_d,1033,WSI,HAP,happy,unspecified,,,16000.0,2.1688125,16000.0,3.0,1.0168125,,,male,31
1033_WSI_NEU_XX,crema_d_1033_WSI_NEU_XX,1033_WSI_NEU_XX.wav,crema_d,1033,WSI,NEU,neutral,unspecified,,,16000.0,1.968625,16000.0,3.0,0.624625,,,male,31
1033_WSI_SAD_XX,crema_d_1033_WSI_SAD_XX,1033_WSI_SAD_XX.wav,crema_d,1033,WSI,SAD,sad,unspecified,,,,,,,,,,male,31
1034_DFA_ANG_XX,crema_d_1034_DFA_ANG_XX,1034_DFA_ANG_XX.wav,crema_d,1034,DFA,ANG,anger,unspecified,,,16000.0,2.5025,16000.0,3.0,0.9985,,,male,74
1034_DFA_DIS_XX,crema_d_1034_DFA_DIS_XX,1034_DFA_DIS_XX.wav,crema_d,1034,DFA,DIS,disgust,unspecified,,,,,,,,,,male,74
1034_DFA_FEA_XX,crema_d_1034_DFA_FEA_XX,1034_DFA_FEA_XX.wav,crema_d,1034,DFA,FEA,fear,unspecified,,,,,,,,,,male,74
1034_DFA_HAP_XX,crema_d_1034_DFA_HAP_XX,1034_DFA_HAP_XX.wav,crema_d,1034,DFA,HAP,happy,unspecified,,,16000.0,2.43575,16000.0,3.0,1.21975,,,male,74
1034_DFA_NEU_XX,crema_d_1034_DFA_NEU_XX,1034_DFA_NEU_XX.wav,crema_d,1034,DFA,NEU,neutral,unspecified,,,16000.0,1.8685625,16000.0,3.0,0.4605625,,,male,74
1034_DFA_SAD_XX,crema_d_1034_DFA_SAD_XX,1034_DFA_SAD_XX.wav,crema_d,1034,DFA,SAD,sad,unspecified,,,,,,,,,,male,74
1034_IEO_ANG_HI,crema_d_1034_IEO_ANG_HI,1034_IEO_ANG_HI.wav,crema_d,1034,IEO,ANG,anger,high,,,16000.0,2.369,16000.0,3.0,0.769,,,male,74
1034_IEO_ANG_LO,crema_d_1034_IEO_ANG_LO,1034_IEO_ANG_LO.wav,crema_d,1034,IEO,ANG,anger,low,,,16000.0,1.7684375,16000.0,3.0,0.0,,,male,74
1034_IEO_ANG_MD,crema_d_1034_IEO_ANG_MD,1034_IEO_ANG_MD.wav,crema_d,1034,IEO,ANG,anger,medium,,,16000.0,1.968625,16000.0,3.0,0.944625,,,male,74
1034_IEO_DIS_HI,crema_d_1034_IEO_DIS_HI,1034_IEO_DIS_HI.wav,crema_d,1034,IEO,DIS,disgust,high,,,,,,,,,,male,74
1034_IEO_DIS_LO,crema_d_1034_IEO_DIS_LO,1034_IEO_DIS_LO.wav,crema_d,1034,IEO,DIS,disgust,low,,,,,,,,,,male,74
1034_IEO_DIS_MD,crema_d_1034_IEO_DIS_MD,1034_IEO_DIS_MD.wav,crema_d,1034,IEO,DIS,disgust,medium,,,,,,,,,,male,74
1034_IEO_FEA_HI,crema_d_1034_IEO_FEA_HI,1034_IEO_FEA_HI.wav,crema_d,1034,IEO,FEA,fear,high,,,,,,,,,,male,74
1034_IEO_FEA_LO,crema_d_1034_IEO_FEA_LO,1034_IEO_FEA_LO.wav,crema_d,1034,IEO,FEA,fear,low,,,,,,,,,,male,74
1034_IEO_FEA_MD,crema_d_1034_IEO_FEA_MD,1034_IEO_FEA_MD.wav,crema_d,1034,IEO,FEA,fear,medium,,,,,,,,,,male,74
1034_IEO_HAP_HI,crema_d_1034_IEO_HAP_HI,1034_IEO_HAP_HI.wav,crema_d,1034,IEO,HAP,happy,high,,,16000.0,2.102125,16000.0,3.0,0.694125,,,male,74
1034_IEO_HAP_LO,crema_d_1034_IEO_HAP_LO,1034_IEO_HAP_LO.wav,crema_d,1034,IEO,HAP,happy,low,,,16000.0,1.7684375,16000.0,3.0,0.2004375,,,male,74
1034_IEO_HAP_MD,crema_d_1034_IEO_HAP_MD,1034_IEO_HAP_MD.wav,crema_d,1034,IEO,HAP,happy,medium,,,16000.0,2.002,16000.0,3.0,0.85,,,male,74
1034_IEO_NEU_XX,crema_d_1034_IEO_NEU_XX,1034_IEO_NEU_XX.wav,crema_d,1034,IEO,NEU,neutral,unspecified,,,16000.0,1.7016875,16000.0,3.0,0.1016875,,,male,74
1034_IEO_SAD_HI,crema_d_1034_IEO_SAD_HI,1034_IEO_SAD_HI.wav,crema_d,1034,IEO,SAD,sad,high,,,,,,,,,,male,74
1034_IEO_SAD_LO,crema_d_1034_IEO_SAD_LO,1034_IEO_SAD_LO.wav,crema_d,1034,IEO,SAD,sad,low,,,,,,,,,,male,74
1034_IEO_SAD_MD,crema_d_1034_IEO_SAD_MD,1034_IEO_SAD_MD.wav,crema_d,1034,IEO,SAD,sad,medium,,,,,,,,,,male,74
1034_IOM_ANG_XX,crema_d_1034_IOM_ANG_XX,1034_IOM_ANG_XX.wav,crema_d,1034,IOM,ANG,anger,unspecified,,,16000.0,2.469125,16000.0,3.0,0.965125,,,male,74
1034_IOM_DIS_XX,crema_d_1034_IOM_DIS_XX,1034_IOM_DIS_XX.wav,crema_d,1034,IOM,DIS,disgust,unspecified,,,,,,,,,,male,74
1034_IOM_FEA_XX,crema_d_1034_IOM_FEA_XX,1034_IOM_FEA_XX.wav,crema_d,1034,IOM,FEA,fear,unspecified,,,,,,,,,,male,74
1034_IOM_HAP_XX,crema_d_1034_IOM_HAP_XX,1034_IOM_HAP_XX.wav,crema_d,1034,IOM,HAP,happy,unspecified,,,16000.0,2.5025,16000.0,3.0,1.0945,,,male,74
1034_IOM_NEU_XX,crema_d_1034_IOM_NEU_XX,1034_IOM_NEU_XX.wav,crema_d,1034,IOM,NEU,neutral,unspecified,,,16000.0,2.1688125,16000.0,3.0,0.0888125,,,male,74
1034_IOM_SAD_XX,crema_d_1034_IOM_SAD_XX,1034_IOM_SAD_XX.wav,crema_d,1034,IOM,SAD,sad,unspecified,,,,,,,,,,male,74
1034_ITH_ANG_XX,crema_d_1034_ITH_ANG_XX,1034_ITH_ANG_XX.wav,crema_d,1034,ITH,ANG,anger,unspecified,,,16000.0,3.3700625,16000.0,3.0,1.5780625,,,male,74
1034_ITH_DIS_XX,crema_d_1034_ITH_DIS_XX,1034_ITH_DIS_XX.wav,crema_d,1034,ITH,DIS,disgust,unspecified,,,,,,,,,,male,74
1034_ITH_FEA_XX,crema_d_1034_ITH_FEA_XX,1034_ITH_FEA_XX.wav,crema_d,1034,ITH,FEA,fear,unspecified,,,,,,,,,,male,74
1034_ITH_HAP_XX,crema_d_1034_ITH_HAP_XX,1034_ITH_HAP_XX.wav,crema_d,1034,ITH,HAP,happy,unspecified,,,16000.0,2.535875,16000.0,3.0,1.031875,,,male,74
1034_ITH_NEU_XX,crema_d_1034_ITH_NEU_XX,1034_ITH_NEU_XX.wav,crema_d,1034,ITH,NEU,neutral,unspecified,,,16000.0,2.56925,16000.0,3.0,0.16925,,,male,74
1034_ITH_SAD_XX,crema_d_1034_ITH_SAD_XX,1034_ITH_SAD_XX.wav,crema_d,1034,ITH,SAD,sad,unspecified,,,,,,,,,,male,74
1034_ITS_ANG_XX,crema_d_1034_ITS_ANG_XX,1034_ITS_ANG_XX.wav,crema_d,1034,ITS,ANG,anger,unspecified,,,16000.0,2.602625,16000.0,3.0,0.842625,,,male,74
1034_ITS_DIS_XX,crema_d_1034_ITS_DIS_XX,1034_ITS_DIS_XX.wav,crema_d,1034,ITS,DIS,disgust,unspecified,,,,,,,,,,male,74
1034_ITS_FEA_XX,crema_d_1034_ITS_FEA_XX,1034_ITS_FEA_XX.wav,crema_d,1034,ITS,FEA,fear,unspecified,,,,,,,,,,male,74
1034_ITS_HAP_XX,crema_d_1034_ITS_HAP_XX,1034_ITS_HAP_XX.wav,crema_d,1034,ITS,HAP,happy,unspecified,,,16000.0,2.6693125,16000.0,3.0,0.9093125,,,male,74
1034_ITS_NEU_XX,crema_d_1034_ITS_NEU_XX,1034_ITS_NEU_XX.wav,crema_d,1034,ITS,NEU,neutral,unspecified,,,16000.0,2.602625,16000.0,3.0,1.034625,,,male,74
1034_ITS_SAD_XX,crema_d_1034_ITS_SAD_XX,1034_ITS_SAD_XX.wav,crema_d,1034,ITS,SAD,sad,unspecified,,,,,,,,,,male,74
1034_IWL_ANG_XX,crema_d_1034_IWL_ANG_XX,1034_IWL_ANG_XX.wav,crema_d,1034,IWL,ANG,anger,unspecified,,,16000.0,3.036375,16000.0,3.0,1.020375,,,male,74
1034_IWL_DIS_XX,crema_d_1034_IWL_DIS_XX,1034_IWL_DIS_XX.wav,crema_d,1034,IWL,DIS,disgust,unspecified,,,,,,,,,,male,74
1034_IWL_FEA_XX,crema_d_1034_IWL_FEA_XX,1034_IWL_FEA_XX.wav,crema_d,1034,IWL,FEA,fear,unspecified,,,,,,,,,,male,74
1034_IWL_HAP_XX,crema_d_1034_IWL_HAP_XX,1034_IWL_HAP_XX.wav,crema_d,1034,IWL,HAP,happy,unspecified,,,16000.0,2.969625,16000.0,3.0,0.032,,,male,74
1034_IWL_NEU_XX,crema_d_1034_IWL_NEU_XX,1034_IWL_NEU_XX.wav,crema_d,1034,IWL,NEU,neutral,unspecified,,,16000.0,2.3023125,16000.0,3.0,1.0223125,,,male,74
1034_IWL_SAD_XX,crema_d_1034_IWL_SAD_XX,1034_IWL_SAD_XX.wav,crema_d,1034,IWL,SAD,sad,unspecified,,,,,,,,,,male,74
1034_IWW_ANG_XX,crema_d_1034_IWW_ANG_XX,1034_IWW_ANG_XX.wav,crema_d,1034,IWW,ANG,anger,unspecified,,,16000.0,2.56925,16000.0,3.0,1.16125,,,male,74
1034_IWW_DIS_XX,crema_d_1034_IWW_DIS_XX,1034_IWW_DIS_XX.wav,crema_d,1034,IWW,DIS,disgust,unspecified,,,,,,,,,,male,74
1034_IWW_FEA_XX,crema_d_1034_IWW_FEA_XX,1034_IWW_FEA_XX.wav,crema_d,1034,IWW,FEA,fear,unspecified,,,,,,,,,,male,74
1034_IWW_HAP_XX,crema_d_1034_IWW_HAP_XX,1034_IWW_HAP_XX.wav,crema_d,1034,IWW,HAP,happy,unspecified,,,16000.0,2.102125,16000.0,3.0,0.822125,,,male,74
1034_IWW_NEU_XX,crema_d_1034_IWW_NEU_XX,1034_IWW_NEU_XX.wav,crema_d,1034,IWW,NEU,neutral,unspecified,,,16000.0,2.3690625,16000.0,3.0,0.032,,,male,74
1034_IWW_SAD_XX,crema_d_1034_IWW_SAD_XX,1034_IWW_SAD_XX.wav,crema_d,1034,IWW,SAD,sad,unspecified,,,,,,,,,,male,74
1034_MTI_ANG_XX,crema_d_1034_MTI_ANG_XX,1034_MTI_ANG_XX.wav,crema_d,1034,MTI,ANG,anger,unspecified,,,16000.0,2.535875,16000.0,3.0,0.871875,,,male,74
1034_MTI_DIS_XX,crema_d_1034_MTI_DIS_XX,1034_MTI_DIS_XX.wav,crema_d,1034,MTI,DIS,disgust,unspecified,,,,,,,,,,male,74
1034_MTI_FEA_XX,crema_d_1034_MTI_FEA_XX,1034_MTI_FEA_XX.wav,crema_d,1034,MTI,FEA,fear,unspecified,,,,,,,,,,male,74
1034_MTI_HAP_XX,crema_d_1034_MTI_HAP_XX,1034_MTI_HAP_XX.wav,crema_d,1034,MTI,HAP,happy,unspecified,,,16000.0,3.003,16000.0,3.0,1.371,,,male,74
1034_MTI_NEU_XX,crema_d_1034_MTI_NEU_XX,1034_MTI_NEU_XX.wav,crema_d,1034,MTI,NEU,neutral,unspecified,,,16000.0,2.56925,16000.0,3.0,0.00925,,,male,74
1034_MTI_SAD_XX,crema_d_1034_MTI_SAD_XX,1034_MTI_SAD_XX.wav,crema_d,1034,MTI,SAD,sad,unspecified,,,,,,,,,,male,74
1034_TAI_ANG_XX,crema_d_1034_TAI_ANG_XX,1034_TAI_ANG_XX.wav,crema_d,1034,TAI,ANG,anger,unspecified,,,16000.0,2.6693125,16000.0,3.0,0.9733125,,,male,74
1034_TAI_DIS_XX,crema_d_1034_TAI_DIS_XX,1034_TAI_DIS_XX.wav,crema_d,1034,TAI,DIS,disgust,unspecified,,,,,,,,,,male,74
1034_TAI_FEA_XX,crema_d_1034_TAI_FEA_XX,1034_TAI_FEA_XX.wav,crema_d,1034,TAI,FEA,fear,unspecified,,,,,,,,,,male,74
1034_TAI_HAP_XX,crema_d_1034_TAI_HAP_XX,1034_TAI_HAP_XX.wav,crema_d,1034,TAI,HAP,happy,unspecified,,,16000.0,2.8695625,16000.0,3.0,1.2375625,,,male,74
1034_TAI_NEU_XX,crema_d_1034_TAI_NEU_XX,1034_TAI_NEU_XX.wav,crema_d,1034,TAI,NEU,neutral,unspecified,,,16000.0,2.1354375,16000.0,3.0,0.0554375,,,male,74
1034_TAI_SAD_XX,crema_d_1034_TAI_SAD_XX,1034_TAI_SAD_XX.wav,crema_d,1034,TAI,SAD,sad,unspecified,,,,,,,,,,male,74
1034_TIE_ANG_XX,crema_d_1034_TIE_ANG_XX,1034_TIE_ANG_XX.wav,crema_d,1034,TIE,ANG,anger,unspecified,,,16000.0,2.7026875,16000.0,3.0,1.1986875,,,male,74
1034_TIE_DIS_XX,crema_d_1034_TIE_DIS_XX,1034_TIE_DIS_XX.wav,crema_d,1034,TIE,DIS,disgust,unspecified,,,,,,,,,,male,74
1034_TIE_FEA_XX,crema_d_1034_TIE_FEA_XX,1034_TIE_FEA_XX.wav,crema_d,1034,TIE,FEA,fear,unspecified,,,,,,,,,,male,74
1034_TIE_HAP_XX,crema_d_1034_TIE_HAP_XX,1034_TIE_HAP_XX.wav,crema_d,1034,TIE,HAP,happy,unspecified,,,16000.0,2.2021875,16000.0,3.0,0.9221875,,,male,74
1034_TIE_NEU_XX,crema_d_1034_TIE_NEU_XX,1034_TIE_NEU_XX.wav,crema_d,1034,TIE,NEU,neutral,unspecified,,,16000.0,2.6693125,16000.0,3.0,0.0773125,,,male,74
1034_TIE_SAD_XX,crema_d_1034_TIE_SAD_XX,1034_TIE_SAD_XX.wav,crema_d,1034,TIE,SAD,sad,unspecified,,,,,,,,,,male,74
1034_TSI_ANG_XX,crema_d_1034_TSI_ANG_XX,1034_TSI_ANG_XX.wav,crema_d,1034,TSI,ANG,anger,unspecified,,,16000.0,2.002,16000.0,3.0,0.05,,,male,74
1034_TSI_DIS_XX,crema_d_1034_TSI_DIS_XX,1034_TSI_DIS_XX.wav,crema_d,1034,TSI,DIS,disgust,unspecified,,,,,,,,,,male,74
1034_TSI_FEA_XX,crema_d_1034_TSI_FEA_XX,1034_TSI_FEA_XX.wav,crema_d,1034,TSI,FEA,fear,unspecified,,,,,,,,,,male,74
1034_TSI_HAP_XX,crema_d_1034_TSI_HAP_XX,1034_TSI_HAP_XX.wav,crema_d,1034,TSI,HAP,happy,unspecified,,,16000.0,2.93625,16000.0,3.0,1.49625,,,male,74
1034_TSI_NEU_XX,crema_d_1034_TSI_NEU_XX,1034_TSI_NEU_XX.wav,crema_d,1034,TSI,NEU,neutral,unspecified,,,16000.0,2.102125,16000.0,3.0,0.182125,,,male,74
1034_TSI_SAD_XX,crema_d_1034_TSI_SAD_XX,1034_TSI_SAD_XX.wav,crema_d,1034,TSI,SAD,sad,unspecified,,,,,,,,,,male,74
1034_WSI_ANG_XX,crema_d_1034_WSI_ANG_XX,1034_WSI_ANG_XX.wav,crema_d,1034,WSI,ANG,anger,unspecified,,,16000.0,3.036375,16000.0,3.0,0.0,,,male,74
1034_WSI_DIS_XX,crema_d_1034_WSI_DIS_XX,1034_WSI_DIS_XX.wav,crema_d,1034,WSI,DIS,disgust,unspecified,,,,,,,,,,male,74
1034_WSI_FEA_XX,crema_d_1034_WSI_FEA_XX,1034_WSI_FEA_XX.wav,crema_d,1034,WSI,FEA,fear,unspecified,,,,,,,,,,male,74
1034_WSI_HAP_XX,crema_d_1034_WSI_HAP_XX,1034_WSI_HAP_XX.wav,crema_d,1034,WSI,HAP,happy,unspecified,,,16000.0,2.969625,16000.0,3.0,1.465625,,,male,74
1034_WSI_NEU_XX,crema_d_1034_WSI_NEU_XX,1034_WSI_NEU_XX.wav,crema_d,1034,WSI,NEU,neutral,unspecified,,,16000.0,2.469125,16000.0,3.0,1.157125,,,male,74
1034_WSI_SAD_XX,crema_d_1034_WSI_SAD_XX,1034_WSI_SAD_XX.wav,crema_d,1034,WSI,SAD,sad,unspecified,,,,,,,,,,male,74
1035_DFA_ANG_XX,crema_d_1035_DFA_ANG_XX,1035_DFA_ANG_XX.wav,crema_d,1035,DFA,ANG,anger,unspecified,,,16000.0,2.2021875,16000.0,3.0,1.1141875,,,male,48
1035_DFA_DIS_XX,crema_d_1035_DFA_DIS_XX,1035_DFA_DIS_XX.wav,crema_d,1035,DFA,DIS,disgust,unspecified,,,,,,,,,,male,48
1035_DFA_FEA_XX,crema_d_1035_DFA_FEA_XX,1035_DFA_FEA_XX.wav,crema_d,1035,DFA,FEA,fear,unspecified,,,,,,,,,,male,48
1035_DFA_HAP_XX,crema_d_1035_DFA_HAP_XX,1035_DFA_HAP_XX.wav,crema_d,1035,DFA,HAP,happy,unspecified,,,16000.0,2.3023125,16000.0,3.0,1.2783125,,,male,48
1035_DFA_NEU_XX,crema_d_1035_DFA_NEU_XX,1035_DFA_NEU_XX.wav,crema_d,1035,DFA,NEU,neutral,unspecified,,,16000.0,2.102125,16000.0,3.0,0.032,,,male,48
1035_DFA_SAD_XX,crema_d_1035_DFA_SAD_XX,1035_DFA_SAD_XX.wav,crema_d,1035,DFA,SAD,sad,unspecified,,,,,,,,,,male,48
1035_IEO_ANG_HI,crema_d_1035_IEO_ANG_HI,1035_IEO_ANG_HI.wav,crema_d,1035,IEO,ANG,anger,high,,,16000.0,2.535875,16000.0,3.0,1.255875,,,male,48
1035_IEO_ANG_LO,crema_d_1035_IEO_ANG_LO,1035_IEO_ANG_LO.wav,crema_d,1035,IEO,ANG,anger,low,,,16000.0,1.7016875,16000.0,3.0,0.8696875,,,male,48
1035_IEO_ANG_MD,crema_d_1035_IEO_ANG_MD,1035_IEO_ANG_MD.wav,crema_d,1035,IEO,ANG,anger,medium,,,16000.0,2.402375,16000.0,3.0,1.474375,,,male,48
1035_IEO_DIS_HI,crema_d_1035_IEO_DIS_HI,1035_IEO_DIS_HI.wav,crema_d,1035,IEO,DIS,disgust,high,,,,,,,,,,male,48
1035_IEO_DIS_LO,crema_d_1035_IEO_DIS_LO,1035_IEO_DIS_LO.wav,crema_d,1035,IEO,DIS,disgust,low,,,,,,,,,,male,48
1035_IEO_DIS_MD,crema_d_1035_IEO_DIS_MD,1035_IEO_DIS_MD.wav,crema_d,1035,IEO,DIS,disgust,medium,,,,,,,,,,male,48
1035_IEO_FEA_HI,crema_d_1035_IEO_FEA_HI,1035_IEO_FEA_HI.wav,crema_d,1035,IEO,FEA,fear,high,,,,,,,,,,male,48
1035_IEO_FEA_LO,crema_d_1035_IEO_FEA_LO,1035_IEO_FEA_LO.wav,crema_d,1035,IEO,FEA,fear,low,,,,,,,,,,male,48
1035_IEO_FEA_MD,crema_d_1035_IEO_FEA_MD,1035_IEO_FEA_MD.wav,crema_d,1035,IEO,FEA,fear,medium,,,,,,,,,,male,48
1035_IEO_HAP_HI,crema_d_1035_IEO_HAP_HI,1035_IEO_HAP_HI.wav,crema_d,1035,IEO,HAP,happy,high,,,16000.0,1.8685,16000.0,3.0,0.6525,,,male,48
1035_IEO_HAP_LO,crema_d_1035_IEO_HAP_LO,1035_IEO_HAP_LO.wav,crema_d,1035,IEO,HAP,happy,low,,,16000.0,1.968625,16000.0,3.0,1.200625,,,male,48
1035_IEO_HAP_MD,crema_d_1035_IEO_HAP_MD,1035_IEO_HAP_MD.wav,crema_d,1035,IEO,HAP,happy,medium,,,16000.0,2.2021875,16000.0,3.0,1.3061875,,,male,48
1035_IEO_NEU_XX,crema_d_1035_IEO_NEU_XX,1035_IEO_NEU_XX.wav,crema_d,1035,IEO,NEU,neutral,unspecified,,,16000.0,2.2021875,16000.0,3.0,0.0,,,male,48
1035_IEO_SAD_HI,crema_d_1035_IEO_SAD_HI,1035_IEO_SAD_HI.wav,crema_d,1035,IEO,SAD,sad,high,,,,,,,,,,male,48
1035_IEO_SAD_LO,crema_d_1035_IEO_SAD_LO,1035_IEO_SAD_LO.wav,crema_d,1035,IEO,SAD,sad,low,,,,,,,,,,male,48
1035_IEO_SAD_MD,crema_d_1035_IEO_SAD_MD,1035_IEO_SAD_MD.wav,crema_d,1035,IEO,SAD,sad,medium,,,,,,,,,,male,48
1035_IOM_ANG_XX,crema_d_1035_IOM_ANG_XX,1035_IOM_ANG_XX.wav,crema_d,1035,IOM,ANG,anger,unspecified,,,16000.0,2.1688125,16000.0,3.0,0.9208125,,,male,48
1035_IOM_DIS_XX,crema_d_1035_IOM_DIS_XX,1035_IOM_DIS_XX.wav,crema_d,1035,IOM,DIS,disgust,unspecified,,,,,,,,,,male,48
1035_IOM_FEA_XX,crema_d_1035_IOM_FEA_XX,1035_IOM_FEA_XX.wav,crema_d,1035,IOM,FEA,fear,unspecified,,,,,,,,,,male,48
1035_IOM_HAP_XX,crema_d_1035_IOM_HAP_XX,1035_IOM_HAP_XX.wav,crema_d,1035,IOM,HAP,happy,unspecified,,,16000.0,2.035375,16000.0,3.0,0.947375,,,male,48
1035_IOM_NEU_XX,crema_d_1035_IOM_NEU_XX,1035_IOM_NEU_XX.wav,crema_d,1035,IOM,NEU,neutral,unspecified,,,16000.0,2.2689375,16000.0,3.0,0.0,,,male,48
1035_IOM_SAD_XX,crema_d_1035_IOM_SAD_XX,1035_IOM_SAD_XX.wav,crema_d,1035,IOM,SAD,sad,unspecified,,,,,,,,,,male,48
1035_ITH_ANG_XX,crema_d_1035_ITH_ANG_XX,1035_ITH_ANG_XX.wav,crema_d,1035,ITH,ANG,anger,unspecified,,,16000.0,2.602625,16000.0,3.0,1.098625,,,male,48
1035_ITH_DIS_XX,crema_d_1035_ITH_DIS_XX,1035_ITH_DIS_XX.wav,crema_d,1035,ITH,DIS,disgust,unspecified,,,,,,,,,,male,48
1035_ITH_FEA_XX,crema_d_1035_ITH_FEA_XX,1035_ITH_FEA_XX.wav,crema_d,1035,ITH,FEA,fear,unspecified,,,,,,,,,,male,48
1035_ITH_HAP_XX,crema_d_1035_ITH_HAP_XX,1035_ITH_HAP_XX.wav,crema_d,1035,ITH,HAP,happy,unspecified,,,16000.0,2.535875,16000.0,3.0,1.287875,,,male,48
1035_ITH_NEU_XX,crema_d_1035_ITH_NEU_XX,1035_ITH_NEU_XX.wav,crema_d,1035,ITH,NEU,neutral,unspecified,,,16000.0,2.1688125,16000.0,3.0,0.0568125,,,male,48
1035_ITH_SAD_XX,crema_d_1035_ITH_SAD_XX,1035_ITH_SAD_XX.wav,crema_d,1035,ITH,SAD,sad,unspecified,,,,,,,,,,male,48
1035_ITS_ANG_XX,crema_d_1035_ITS_ANG_XX,1035_ITS_ANG_XX.wav,crema_d,1035,ITS,ANG,anger,unspecified,,,16000.0,2.469125,16000.0,3.0,1.029125,,,male,48
1035_ITS_DIS_XX,crema_d_1035_ITS_DIS_XX,1035_ITS_DIS_XX.wav,crema_d,1035,ITS,DIS,disgust,unspecified,,,,,,,,,,male,48
1035_ITS_FEA_XX,crema_d_1035_ITS_FEA_XX,1035_ITS_FEA_XX.wav,crema_d,1035,ITS,FEA,fear,unspecified,,,,,,,,,,male,48
1035_ITS_HAP_XX,crema_d_1035_ITS_HAP_XX,1035_ITS_HAP_XX.wav,crema_d,1035,ITS,HAP,happy,unspecified,,,16000.0,2.369,16000.0,3.0,1.153,,,male,48
1035_ITS_NEU_XX,crema_d_1035_ITS_NEU_XX,1035_ITS_NEU_XX.wav,crema_d,1035,ITS,NEU,neutral,unspecified,,,16000.0,2.535875,16000.0,3.0,0.071875,,,male,48
1035_ITS_SAD_XX,crema_d_1035_ITS_SAD_XX,1035_ITS_SAD_XX.wav,crema_d,1035,ITS,SAD,sad,unspecified,,,,,,,,,,male,48
1035_IWL_ANG_XX,crema_d_1035_IWL_ANG_XX,1035_IWL_ANG_XX.wav,crema_d,1035,IWL,ANG,anger,unspecified,,,16000.0,2.2021875,16000.0,3.0,0.9541875,,,male,48
1035_IWL_DIS_XX,crema_d_1035_IWL_DIS_XX,1035_IWL_DIS_XX.wav,crema_d,1035,IWL,DIS,disgust,unspecified,,,,,,,,,,male,48
1035_IWL_FEA_XX,crema_d_1035_IWL_FEA_XX,1035_IWL_FEA_XX.wav,crema_d,1035,IWL,FEA,fear,unspecified,,,,,,,,,,male,48
1035_IWL_HAP_XX,crema_d_1035_IWL_HAP_XX,1035_IWL_HAP_XX.wav,crema_d,1035,IWL,HAP,happy,unspecified,,,16000.0,2.3356875,16000.0,3.0,1.3116875,,,male,48
1035_IWL_NEU_XX,crema_d_1035_IWL_NEU_XX,1035_IWL_NEU_XX.wav,crema_d,1035,IWL,NEU,neutral,unspecified,,,16000.0,2.43575,16000.0,3.0,0.06775,,,male,48
1035_IWL_SAD_XX,crema_d_1035_IWL_SAD_XX,1035_IWL_SAD_XX.wav,crema_d,1035,IWL,SAD,sad,unspecified,,,,,,,,,,male,48
1035_IWW_ANG_XX,crema_d_1035_IWW_ANG_XX,1035_IWW_ANG_XX.wav,crema_d,1035,IWW,ANG,anger,unspecified,,,16000.0,2.369,16000.0,3.0,1.121,,,male,48
1035_IWW_DIS_XX,crema_d_1035_IWW_DIS_XX,1035_IWW_DIS_XX.wav,crema_d,1035,IWW,DIS,disgust,unspecified,,,,,,,,,,male,48
1035_IWW_FEA_XX,crema_d_1035_IWW_FEA_XX,1035_IWW_FEA_XX.wav,crema_d,1035,IWW,FEA,fear,unspecified,,,,,,,,,,male,48
1035_IWW_HAP_XX,crema_d_1035_IWW_HAP_XX,1035_IWW_HAP_XX.wav,crema_d,1035,IWW,HAP,happy,unspecified,,,16000.0,2.3356875,16000.0,3.0,1.1196875,,,male,48
1035_IWW_NEU_XX,crema_d_1035_IWW_NEU_XX,1035_IWW_NEU_XX.wav,crema_d,1035,IWW,NEU,neutral,unspecified,,,16000.0,2.2755625,16000.0,3.0,0.0355625,,,male,48
1035_IWW_SAD_XX,crema_d_1035_IWW_SAD_XX,1035_IWW_SAD_XX.wav,crema_d,1035,IWW,SAD,sad,unspecified,,,,,,,,,,male,48
1035_MTI_ANG_XX,crema_d_1035_MTI_ANG_XX,1035_MTI_ANG_XX.wav,crema_d,1035,MTI,ANG,anger,unspecified,,,16000.0,2.06875,16000.0,3.0,0.75675,,,male,48
1035_MTI_DIS_XX,crema_d_1035_MTI_DIS_XX,1035_MTI_DIS_XX.wav,crema_d,1035,MTI,DIS,disgust,unspecified,,,,,,,,,,male,48
1035_MTI_FEA_XX,crema_d_1035_MTI_FEA_XX,1035_MTI_FEA_XX.wav,crema_d,1035,MTI,FEA,fear,unspecified,,,,,,,,,,male,48
1035_MTI_HAP_XX,crema_d_1035_MTI_HAP_XX,1035_MTI_HAP_XX.wav,crema_d,1035,MTI,HAP,happy,unspecified,,,16000.0,2.6693125,16000.0,3.0,0.3973125,,,male,48
1035_MTI_NEU_XX,crema_d_1035_MTI_NEU_XX,1035_MTI_NEU_XX.wav,crema_d,1035,MTI,NEU,neutral,unspecified,,,16000.0,2.56925,16000.0,3.0,0.96925,,,male,48
1035_MTI_SAD_XX,crema_d_1035_MTI_SAD_XX,1035_MTI_SAD_XX.wav,crema_d,1035,MTI,SAD,sad,unspecified,,,,,,,,,,male,48
1035_TAI_ANG_XX,crema_d_1035_TAI_ANG_XX,1035_TAI_ANG_XX.wav,crema_d,1035,TAI,ANG,anger,unspecified,,,16000.0,2.102125,16000.0,3.0,0.694125,,,male,48
1035_TAI_DIS_XX,crema_d_1035_TAI_DIS_XX,1035_TAI_DIS_XX.wav,crema_d,1035,TAI,DIS,disgust,unspecified,,,,,,,,,,male,48
1035_TAI_FEA_XX,crema_d_1035_TAI_FEA_XX,1035_TAI_FEA_XX.wav,crema_d,1035,TAI,FEA,fear,unspecified,,,,,,,,,,male,48
1035_TAI_HAP_XX,crema_d_1035_TAI_HAP_XX,1035_TAI_HAP_XX.wav,crema_d,1035,TAI,HAP,happy,unspecified,,,16000.0,2.402375,16000.0,3.0,0.962375,,,male,48
1035_TAI_NEU_XX,crema_d_1035_TAI_NEU_XX,1035_TAI_NEU_XX.wav,crema_d,1035,TAI,NEU,neutral,unspecified,,,16000.0,2.3023125,16000.0,3.0,0.7983125,,,male,48
1035_TAI_SAD_XX,crema_d_1035_TAI_SAD_XX,1035_TAI_SAD_XX.wav,crema_d,1035,TAI,SAD,sad,unspecified,,,,,,,,,,male,48
1035_TIE_ANG_XX,crema_d_1035_TIE_ANG_XX,1035_TIE_ANG_XX.wav,crema_d,1035,TIE,ANG,anger,unspecified,,,16000.0,2.6359375,16000.0,3.0,1.1639375,,,male,48
1035_TIE_DIS_XX,crema_d_1035_TIE_DIS_XX,1035_TIE_DIS_XX.wav,crema_d,1035,TIE,DIS,disgust,unspecified,,,,,,,,,,male,48
1035_TIE_FEA_XX,crema_d_1035_TIE_FEA_XX,1035_TIE_FEA_XX.wav,crema_d,1035,TIE,FEA,fear,unspecified,,,,,,,,,,male,48
1035_TIE_HAP_XX,crema_d_1035_TIE_HAP_XX,1035_TIE_HAP_XX.wav,crema_d,1035,TIE,HAP,happy,unspecified,,,16000.0,2.8695,16000.0,3.0,1.0455,,,male,48
1035_TIE_NEU_XX,crema_d_1035_TIE_NEU_XX,1035_TIE_NEU_XX.wav,crema_d,1035,TIE,NEU,neutral,unspecified,,,16000.0,2.535875,16000.0,3.0,0.0,,,male,48
1035_TIE_SAD_XX,crema_d_1035_TIE_SAD_XX,1035_TIE_SAD_XX.wav,crema_d,1035,TIE,SAD,sad,unspecified,,,,,,,,,,male,48
1035_TSI_ANG_XX,crema_d_1035_TSI_ANG_XX,1035_TSI_ANG_XX.wav,crema_d,1035,TSI,ANG,anger,unspecified,,,16000.0,2.402375,16000.0,3.0,1.410375,,,male,48
1035_TSI_DIS_XX,crema_d_1035_TSI_DIS_XX,1035_TSI_DIS_XX.wav,crema_d,1035,TSI,DIS,disgust,unspecified,,,,,,,,,,male,48
1035_TSI_FEA_XX,crema_d_1035_TSI_FEA_XX,1035_TSI_FEA_XX.wav,crema_d,1035,TSI,FEA,fear,unspecified,,,,,,,,,,male,48
1035_TSI_HAP_XX,crema_d_1035_TSI_HAP_XX,1035_TSI_HAP_XX.wav,crema_d,1035,TSI,HAP,happy,unspecified,,,16000.0,2.6359375,16000.0,3.0,1.5799375,,,male,48
1035_TSI_NEU_XX,crema_d_1035_TSI_NEU_XX,1035_TSI_NEU_XX.wav,crema_d,1035,TSI,NEU,neutral,unspecified,,,16000.0,2.7360625,16000.0,3.0,0.0,,,male,48
1035_TSI_SAD_XX,crema_d_1035_TSI_SAD_XX,1035_TSI_SAD_XX.wav,crema_d,1035,TSI,SAD,sad,unspecified,,,,,,,,,,male,48
1035_WSI_ANG_XX,crema_d_1035_WSI_ANG_XX,1035_WSI_ANG_XX.wav,crema_d,1035,WSI,ANG,anger,unspecified,,,16000.0,2.5025,16000.0,3.0,1.1905,,,male,48
1035_WSI_DIS_XX,crema_d_1035_WSI_DIS_XX,1035_WSI_DIS_XX.wav,crema_d,1035,WSI,DIS,disgust,unspecified,,,,,,,,,,male,48
1035_WSI_FEA_XX,crema_d_1035_WSI_FEA_XX,1035_WSI_FEA_XX.wav,crema_d,1035,WSI,FEA,fear,unspecified,,,,,,,,,,male,48
1035_WSI_HAP_XX,crema_d_1035_WSI_HAP_XX,1035_WSI_HAP_XX.wav,crema_d,1035,WSI,HAP,happy,unspecified,,,16000.0,2.5025,16000.0,3.0,1.3185,,,male,48
1035_WSI_NEU_XX,crema_d_1035_WSI_NEU_XX,1035_WSI_NEU_XX.wav,crema_d,1035,WSI,NEU,neutral,unspecified,,,16000.0,2.6359375,16000.0,3.0,0.0439375,,,male,48
1035_WSI_SAD_XX,crema_d_1035_WSI_SAD_XX,1035_WSI_SAD_XX.wav,crema_d,1035,WSI,SAD,sad,unspecified,,,,,,,,,,male,48
1036_DFA_ANG_XX,crema_d_1036_DFA_ANG_XX,1036_DFA_ANG_XX.wav,crema_d,1036,DFA,ANG,anger,unspecified,,,16000.0,2.535875,16000.0,3.0,1.095875,,,male,49
1036_DFA_DIS_XX,crema_d_1036_DFA_DIS_XX,1036_DFA_DIS_XX.wav,crema_d,1036,DFA,DIS,disgust,unspecified,,,,,,,,,,male,49
1036_DFA_FEA_XX,crema_d_1036_DFA_FEA_XX,1036_DFA_FEA_XX.wav,crema_d,1036,DFA,FEA,fear,unspecified,,,,,,,,,,male,49
1036_DFA_HAP_XX,crema_d_1036_DFA_HAP_XX,1036_DFA_HAP_XX.wav,crema_d,1036,DFA,HAP,happy,unspecified,,,16000.0,2.035375,16000.0,3.0,0.787375,,,male,49
1036_DFA_NEU_XX,crema_d_1036_DFA_NEU_XX,1036_DFA_NEU_XX.wav,crema_d,1036,DFA,NEU,neutral,unspecified,,,16000.0,2.1688125,16000.0,3.0,1.0168125,,,male,49
1036_DFA_SAD_XX,crema_d_1036_DFA_SAD_XX,1036_DFA_SAD_XX.wav,crema_d,1036,DFA,SAD,sad,unspecified,,,,,,,,,,male,49
1036_IEO_ANG_HI,crema_d_1036_IEO_ANG_HI,1036_IEO_ANG_HI.wav,crema_d,1036,IEO,ANG,anger,high,,,16000.0,3.1364375,16000.0,3.0,1.2484375,,,male,49
1036_IEO_ANG_LO,crema_d_1036_IEO_ANG_LO,1036_IEO_ANG_LO.wav,crema_d,1036,IEO,ANG,anger,low,,,16000.0,2.1688125,16000.0,3.0,0.8888125,,,male,49
1036_IEO_ANG_MD,crema_d_1036_IEO_ANG_MD,1036_IEO_ANG_MD.wav,crema_d,1036,IEO,ANG,anger,medium,,,16000.0,2.3023125,16000.0,3.0,0.9903125,,,male,49
1036_IEO_DIS_HI,crema_d_1036_IEO_DIS_HI,1036_IEO_DIS_HI.wav,crema_d,1036,IEO,DIS,disgust,high,,,,,,,,,,male,49
1036_IEO_DIS_LO,crema_d_1036_IEO_DIS_LO,1036_IEO_DIS_LO.wav,crema_d,1036,IEO,DIS,disgust,low,,,,,,,,,,male,49
1036_IEO_DIS_MD,crema_d_1036_IEO_DIS_MD,1036_IEO_DIS_MD.wav,crema_d,1036,IEO,DIS,disgust,medium,,,,,,,,,,male,49
1036_IEO_FEA_HI,crema_d_1036_IEO_FEA_HI,1036_IEO_FEA_HI.wav,crema_d,1036,IEO,FEA,fear,high,,,,,,,,,,male,49
1036_IEO_FEA_LO,crema_d_1036_IEO_FEA_LO,1036_IEO_FEA_LO.wav,crema_d,1036,IEO,FEA,fear,low,,,,,,,,,,male,49
1036_IEO_FEA_MD,crema_d_1036_IEO_FEA_MD,1036_IEO_FEA_MD.wav,crema_d,1036,IEO,FEA,fear,medium,,,,,,,,,,male,49
1036_IEO_HAP_HI,crema_d_1036_IEO_HAP_HI,1036_IEO_HAP_HI.wav,crema_d,1036,IEO,HAP,happy,high,,,16000.0,2.035375,16000.0,3.0,0.819375,,,male,49
1036_IEO_HAP_LO,crema_d_1036_IEO_HAP_LO,1036_IEO_HAP_LO.wav,crema_d,1036,IEO,HAP,happy,low,,,16000.0,1.7684375,16000.0,3.0,0.2964375,,,male,49
1036_IEO_HAP_MD,crema_d_1036_IEO_HAP_MD,1036_IEO_HAP_MD.wav,crema_d,1036,IEO,HAP,happy,medium,,,16000.0,1.8351875,16000.0,3.0,0.8111875,,,male,49
1036_IEO_NEU_XX,crema_d_1036_IEO_NEU_XX,1036_IEO_NEU_XX.wav,crema_d,1036,IEO,NEU,neutral,unspecified,,,16000.0,1.8018125,16000.0,3.0,0.0098125,,,male,49
1036_IEO_SAD_HI,crema_d_1036_IEO_SAD_HI,1036_IEO_SAD_HI.wav,crema_d,1036,IEO,SAD,sad,high,,,,,,,,,,male,49
1036_IEO_SAD_LO,crema_d_1036_IEO_SAD_LO,1036_IEO_SAD_LO.wav,crema_d,1036,IEO,SAD,sad,low,,,,,,,,,,male,49
1036_IEO_SAD_MD,crema_d_1036_IEO_SAD_MD,1036_IEO_SAD_MD.wav,crema_d,1036,IEO,SAD,sad,medium,,,,,,,,,,male,49
1036_IOM_ANG_XX,crema_d_1036_IOM_ANG_XX,1036_IOM_ANG_XX.wav,crema_d,1036,IOM,ANG,anger,unspecified,,,16000.0,2.8361875,16000.0,3.0,1.1401875,,,male,49
1036_IOM_DIS_XX,crema_d_1036_IOM_DIS_XX,1036_IOM_DIS_XX.wav,crema_d,1036,IOM,DIS,disgust,unspecified,,,,,,,,,,male,49
1036_IOM_FEA_XX,crema_d_1036_IOM_FEA_XX,1036_IOM_FEA_XX.wav,crema_d,1036,IOM,FEA,fear,unspecified,,,,,,,,,,male,49
1036_IOM_HAP_XX,crema_d_1036_IOM_HAP_XX,1036_IOM_HAP_XX.wav,crema_d,1036,IOM,HAP,happy,unspecified,,,16000.0,2.602625,16000.0,3.0,1.002625,,,male,49
1036_IOM_NEU_XX,crema_d_1036_IOM_NEU_XX,1036_IOM_NEU_XX.wav,crema_d,1036,IOM,NEU,neutral,unspecified,,,16000.0,2.3023125,16000.0,3.0,0.064,,,male,49
1036_IOM_SAD_XX,crema_d_1036_IOM_SAD_XX,1036_IOM_SAD_XX.wav,crema_d,1036,IOM,SAD,sad,unspecified,,,,,,,,,,male,49
1036_ITH_ANG_XX,crema_d_1036_ITH_ANG_XX,1036_ITH_ANG_XX.wav,crema_d,1036,ITH,ANG,anger,unspecified,,,16000.0,3.103125,16000.0,3.0,1.023125,,,male,49
1036_ITH_DIS_XX,crema_d_1036_ITH_DIS_XX,1036_ITH_DIS_XX.wav,crema_d,1036,ITH,DIS,disgust,unspecified,,,,,,,,,,male,49
1036_ITH_FEA_XX,crema_d_1036_ITH_FEA_XX,1036_ITH_FEA_XX.wav,crema_d,1036,ITH,FEA,fear,unspecified,,,,,,,,,,male,49
1036_ITH_HAP_XX,crema_d_1036_ITH_HAP_XX,1036_ITH_HAP_XX.wav,crema_d,1036,ITH,HAP,happy,unspecified,,,16000.0,2.535875,16000.0,3.0,0.935875,,,male,49
1036_ITH_NEU_XX,crema_d_1036_ITH_NEU_XX,1036_ITH_NEU_XX.wav,crema_d,1036,ITH,NEU,neutral,unspecified,,,16000.0,2.5025,16000.0,3.0,0.9025,,,male,49
1036_ITH_SAD_XX,crema_d_1036_ITH_SAD_XX,1036_ITH_SAD_XX.wav,crema_d,1036,ITH,SAD,sad,unspecified,,,,,,,,,,male,49
1036_ITS_ANG_XX,crema_d_1036_ITS_ANG_XX,1036_ITS_ANG_XX.wav,crema_d,1036,ITS,ANG,anger,unspecified,,,16000.0,2.56925,16000.0,3.0,0.96925,,,male,49
1036_ITS_DIS_XX,crema_d_1036_ITS_DIS_XX,1036_ITS_DIS_XX.wav,crema_d,1036,ITS,DIS,disgust,unspecified,,,,,,,,,,male,49
1036_ITS_FEA_XX,crema_d_1036_ITS_FEA_XX,1036_ITS_FEA_XX.wav,crema_d,1036,ITS,FEA,fear,unspecified,,,,,,,,,,male,49
1036_ITS_HAP_XX,crema_d_1036_ITS_HAP_XX,1036_ITS_HAP_XX.wav,crema_d,1036,ITS,HAP,happy,unspecified,,,16000.0,2.2826875,16000.0,3.0,0.7146875,,,male,49
1036_ITS_NEU_XX,crema_d_1036_ITS_NEU_XX,1036_ITS_NEU_XX.wav,crema_d,1036,ITS,NEU,neutral,unspecified,,,16000.0,2.56925,16000.0,3.0,0.74525,,,male,49
1036_ITS_SAD_XX,crema_d_1036_ITS_SAD_XX,1036_ITS_SAD_XX.wav,crema_d,1036,ITS,SAD,sad,unspecified,,,,,,,,,,male,49
1036_IWL_ANG_XX,crema_d_1036_IWL_ANG_XX,1036_IWL_ANG_XX.wav,crema_d,1036,IWL,ANG,anger,unspecified,,,16000.0,2.7694375,16000.0,3.0,1.0414375,,,male,49
1036_IWL_DIS_XX,crema_d_1036_IWL_DIS_XX,1036_IWL_DIS_XX.wav,crema_d,1036,IWL,DIS,disgust,unspecified,,,,,,,,,,male,49
1036_IWL_FEA_XX,crema_d_1036_IWL_FEA_XX,1036_IWL_FEA_XX.wav,crema_d,1036,IWL,FEA,fear,unspecified,,,,,,,,,,male,49
1036_IWL_HAP_XX,crema_d_1036_IWL_HAP_XX,1036_IWL_HAP_XX.wav,crema_d,1036,IWL,HAP,happy,unspecified,,,16000.0,2.7694375,16000.0,3.0,1.2974375,,,male,49
1036_IWL_NEU_XX,crema_d_1036_IWL_NEU_XX,1036_IWL_NEU_XX.wav,crema_d,1036,IWL,NEU,neutral,unspecified,,,16000.0,2.6359375,16000.0,3.0,1.1959375,,,male,49
1036_IWL_SAD_XX,crema_d_1036_IWL_SAD_XX,1036_IWL_SAD_XX.wav,crema_d,1036,IWL,SAD,sad,unspecified,,,,,,,,,,male,49
1036_IWW_ANG_XX,crema_d_1036_IWW_ANG_XX,1036_IWW_ANG_XX.wav,crema_d,1036,IWW,ANG,anger,unspecified,,,16000.0,2.56925,16000.0,3.0,0.74525,,,male,49
1036_IWW_DIS_XX,crema_d_1036_IWW_DIS_XX,1036_IWW_DIS_XX.wav,crema_d,1036,IWW,DIS,disgust,unspecified,,,,,,,,,,male,49
1036_IWW_FEA_XX,crema_d_1036_IWW_FEA_XX,1036_IWW_FEA_XX.wav,crema_d,1036,IWW,FEA,fear,unspecified,,,,,,,,,,male,49
1036_IWW_HAP_XX,crema_d_1036_IWW_HAP_XX,1036_IWW_HAP_XX.wav,crema_d,1036,IWW,HAP,happy,unspecified,,,16000.0,2.7026875,16000.0,3.0,1.1346875,,,male,49
1036_IWW_NEU_XX,crema_d_1036_IWW_NEU_XX,1036_IWW_NEU_XX.wav,crema_d,1036,IWW,NEU,neutral,unspecified,,,16000.0,2.469125,16000.0,3.0,0.101125,,,male,49
1036_IWW_SAD_XX,crema_d_1036_IWW_SAD_XX,1036_IWW_SAD_XX.wav,crema_d,1036,IWW,SAD,sad,unspecified,,,,,,,,,,male,49
1036_MTI_ANG_XX,crema_d_1036_MTI_ANG_XX,1036_MTI_ANG_XX.wav,crema_d,1036,MTI,ANG,anger,unspecified,,,16000.0,2.8361875,16000.0,3.0,1.0441875,,,male,49
1036_MTI_DIS_XX,crema_d_1036_MTI_DIS_XX,1036_MTI_DIS_XX.wav,crema_d,1036,MTI,DIS,disgust,unspecified,,,,,,,,,,male,49
1036_MTI_FEA_XX,crema_d_1036_MTI_FEA_XX,1036_MTI_FEA_XX.wav,crema_d,1036,MTI,FEA,fear,unspecified,,,,,,,,,,male,49
1036_MTI_HAP_XX,crema_d_1036_MTI_HAP_XX,1036_MTI_HAP_XX.wav,crema_d,1036,MTI,HAP,happy,unspecified,,,16000.0,2.93625,16000.0,3.0,0.85625,,,male,49
1036_MTI_NEU_XX,crema_d_1036_MTI_NEU_XX,1036_MTI_NEU_XX.wav,crema_d,1036,MTI,NEU,neutral,unspecified,,,16000.0,2.3690625,16000.0,3.0,0.6410625,,,male,49
1036_MTI_SAD_XX,crema_d_1036_MTI_SAD_XX,1036_MTI_SAD_XX.wav,crema_d,1036,MTI,SAD,sad,unspecified,,,,,,,,,,male,49
1036_TAI_ANG_XX,crema_d_1036_TAI_ANG_XX,1036_TAI_ANG_XX.wav,crema_d,1036,TAI,ANG,anger,unspecified,,,16000.0,2.56925,16000.0,3.0,0.96925,,,male,49
1036_TAI_DIS_XX,crema_d_1036_TAI_DIS_XX,1036_TAI_DIS_XX.wav,crema_d,1036,TAI,DIS,disgust,unspecified,,,,,,,,,,male,49
1036_TAI_FEA_XX,crema_d_1036_TAI_FEA_XX,1036_TAI_FEA_XX.wav,crema_d,1036,TAI,FEA,fear,unspecified,,,,,,,,,,male,49
1036_TAI_HAP_XX,crema_d_1036_TAI_HAP_XX,1036_TAI_HAP_XX.wav,crema_d,1036,TAI,HAP,happy,unspecified,,,16000.0,3.2699375,16000.0,3.0,0.8379375,,,male,49
1036_TAI_NEU_XX,crema_d_1036_TAI_NEU_XX,1036_TAI_NEU_XX.wav,crema_d,1036,TAI,NEU,neutral,unspecified,,,16000.0,2.56925,16000.0,3.0,0.52125,,,male,49
1036_TAI_SAD_XX,crema_d_1036_TAI_SAD_XX,1036_TAI_SAD_XX.wav,crema_d,1036,TAI,SAD,sad,unspecified,,,,,,,,,,male,49
1036_TIE_ANG_XX,crema_d_1036_TIE_ANG_XX,1036_TIE_ANG_XX.wav,crema_d,1036,TIE,ANG,anger,unspecified,,,16000.0,3.1364375,16000.0,3.0,0.0964375,,,male,49
1036_TIE_DIS_XX,crema_d_1036_TIE_DIS_XX,1036_TIE_DIS_XX.wav,crema_d,1036,TIE,DIS,disgust,unspecified,,,,,,,,,,male,49
1036_TIE_FEA_XX,crema_d_1036_TIE_FEA_XX,1036_TIE_FEA_XX.wav,crema_d,1036,TIE,FEA,fear,unspecified,,,,,,,,,,male,49
1036_TIE_HAP_XX,crema_d_1036_TIE_HAP_XX,1036_TIE_HAP_XX.wav,crema_d,1036,TIE,HAP,happy,unspecified,,,16000.0,2.8361875,16000.0,3.0,1.1401875,,,male,49
1036_TIE_NEU_XX,crema_d_1036_TIE_NEU_XX,1036_TIE_NEU_XX.wav,crema_d,1036,TIE,NEU,neutral,unspecified,,,16000.0,2.402375,16000.0,3.0,0.032,,,male,49
1036_TIE_SAD_XX,crema_d_1036_TIE_SAD_XX,1036_TIE_SAD_XX.wav,crema_d,1036,TIE,SAD,sad,unspecified,,,,,,,,,,male,49
1036_TSI_ANG_XX,crema_d_1036_TSI_ANG_XX,1036_TSI_ANG_XX.wav,crema_d,1036,TSI,ANG,anger,unspecified,,,16000.0,2.535875,16000.0,3.0,1.095875,,,male,49
1036_TSI_DIS_XX,crema_d_1036_TSI_DIS_XX,1036_TSI_DIS_XX.wav,crema_d,1036,TSI,DIS,disgust,unspecified,,,,,,,,,,male,49
1036_TSI_FEA_XX,crema_d_1036_TSI_FEA_XX,1036_TSI_FEA_XX.wav,crema_d,1036,TSI,FEA,fear,unspecified,,,,,,,,,,male,49
1036_TSI_HAP_XX,crema_d_1036_TSI_HAP_XX,1036_TSI_HAP_XX.wav,crema_d,1036,TSI,HAP,happy,unspecified,,,16000.0,2.7026875,16000.0,3.0,1.3586875,,,male,49
1036_TSI_NEU_XX,crema_d_1036_TSI_NEU_XX,1036_TSI_NEU_XX.wav,crema_d,1036,TSI,NEU,neutral,unspecified,,,16000.0,2.3356875,16000.0,3.0,0.1916875,,,male,49
1036_TSI_SAD_XX,crema_d_1036_TSI_SAD_XX,1036_TSI_SAD_XX.wav,crema_d,1036,TSI,SAD,sad,unspecified,,,,,,,,,,male,49
1036_WSI_ANG_XX,crema_d_1036_WSI_ANG_XX,1036_WSI_ANG_XX.wav,crema_d,1036,WSI,ANG,anger,unspecified,,,16000.0,2.8361875,16000.0,3.0,0.9801875,,,male,49
1036_WSI_DIS_XX,crema_d_1036_WSI_DIS_XX,1036_WSI_DIS_XX.wav,crema_d,1036,WSI,DIS,disgust,unspecified,,,,,,,,,,male,49
1036_WSI_FEA_XX,crema_d_1036_WSI_FEA_XX,1036_WSI_FEA_XX.wav,crema_d,1036,WSI,FEA,fear,unspecified,,,,,,,,,,male,49
1036_WSI_HAP_XX,crema_d_1036_WSI_HAP_XX,1036_WSI_HAP_XX.wav,crema_d,1036,WSI,HAP,happy,unspecified,,,16000.0,2.969625,16000.0,3.0,1.081625,,,male,49
1036_WSI_NEU_XX,crema_d_1036_WSI_NEU_XX,1036_WSI_NEU_XX.wav,crema_d,1036,WSI,NEU,neutral,unspecified,,,16000.0,2.469125,16000.0,3.0,0.869125,,,male,49
1036_WSI_SAD_XX,crema_d_1036_WSI_SAD_XX,1036_WSI_SAD_XX.wav,crema_d,1036,WSI,SAD,sad,unspecified,,,,,,,,,,male,49
1037_DFA_ANG_XX,crema_d_1037_DFA_ANG_XX,1037_DFA_ANG_XX.wav,crema_d,1037,DFA,ANG,anger,unspecified,,,16000.0,2.56925,16000.0,3.0,0.90525,,,female,45
1037_DFA_DIS_XX,crema_d_1037_DFA_DIS_XX,1037_DFA_DIS_XX.wav,crema_d,1037,DFA,DIS,disgust,unspecified,,,,,,,,,,female,45
1037_DFA_FEA_XX,crema_d_1037_DFA_FEA_XX,1037_DFA_FEA_XX.wav,crema_d,1037,DFA,FEA,fear,unspecified,,,,,,,,,,female,45
1037_DFA_HAP_XX,crema_d_1037_DFA_HAP_XX,1037_DFA_HAP_XX.wav,crema_d,1037,DFA,HAP,happy,unspecified,,,16000.0,1.7684375,16000.0,3.0,0.5524375,,,female,45
1037_DFA_NEU_XX,crema_d_1037_DFA_NEU_XX,1037_DFA_NEU_XX.wav,crema_d,1037,DFA,NEU,neutral,unspecified,,,16000.0,1.968625,16000.0,3.0,0.496625,,,female,45
1037_DFA_SAD_XX,crema_d_1037_DFA_SAD_XX,1037_DFA_SAD_XX.wav,crema_d,1037,DFA,SAD,sad,unspecified,,,,,,,,,,female,45
1037_IEO_ANG_HI,crema_d_1037_IEO_ANG_HI,1037_IEO_ANG_HI.wav,crema_d,1037,IEO,ANG,anger,high,,,16000.0,2.2689375,16000.0,3.0,0.7649375,,,female,45
1037_IEO_ANG_LO,crema_d_1037_IEO_ANG_LO,1037_IEO_ANG_LO.wav,crema_d,1037,IEO,ANG,anger,low,,,16000.0,2.2021875,16000.0,3.0,0.7301875,,,female,45
1037_IEO_ANG_MD,crema_d_1037_IEO_ANG_MD,1037_IEO_ANG_MD.wav,crema_d,1037,IEO,ANG,anger,medium,,,16000.0,2.8695,16000.0,3.0,0.8535,,,female,45
1037_IEO_DIS_HI,crema_d_1037_IEO_DIS_HI,1037_IEO_DIS_HI.wav,crema_d,1037,IEO,DIS,disgust,high,,,,,,,,,,female,45
1037_IEO_DIS_LO,crema_d_1037_IEO_DIS_LO,1037_IEO_DIS_LO.wav,crema_d,1037,IEO,DIS,disgust,low,,,,,,,,,,female,45
1037_IEO_DIS_MD,crema_d_1037_IEO_DIS_MD,1037_IEO_DIS_MD.wav,crema_d,1037,IEO,DIS,disgust,medium,,,,,,,,,,female,45
1037_IEO_FEA_HI,crema_d_1037_IEO_FEA_HI,1037_IEO_FEA_HI.wav,crema_d,1037,IEO,FEA,fear,high,,,,,,,,,,female,45
1037_IEO_FEA_LO,crema_d_1037_IEO_FEA_LO,1037_IEO_FEA_LO.wav,crema_d,1037,IEO,FEA,fear,low,,,,,,,,,,female,45
1037_IEO_FEA_MD,crema_d_1037_IEO_FEA_MD,1037_IEO_FEA_MD.wav,crema_d,1037,IEO,FEA,fear,medium,,,,,,,,,,female,45
1037_IEO_HAP_HI,crema_d_1037_IEO_HAP_HI,1037_IEO_HAP_HI.wav,crema_d,1037,IEO,HAP,happy,high,,,16000.0,1.8018125,16000.0,3.0,0.5858125,,,female,45
1037_IEO_HAP_LO,crema_d_1037_IEO_HAP_LO,1037_IEO_HAP_LO.wav,crema_d,1037,IEO,HAP,happy,low,,,16000.0,1.6683125,16000.0,3.0,0.0363125,,,female,45
1037_IEO_HAP_MD,crema_d_1037_IEO_HAP_MD,1037_IEO_HAP_MD.wav,crema_d,1037,IEO,HAP,happy,medium,,,16000.0,1.901875,16000.0,3.0,0.813875,,,female,45
1037_IEO_NEU_XX,crema_d_1037_IEO_NEU_XX,1037_IEO_NEU_XX.wav,crema_d,1037,IEO,NEU,neutral,unspecified,,,16000.0,1.6683125,16000.0,3.0,0.1643125,,,female,45
1037_IEO_SAD_HI,crema_d_1037_IEO_SAD_HI,1037_IEO_SAD_HI.wav,crema_d,1037,IEO,SAD,sad,high,,,,,,,,,,female,45
1037_IEO_SAD_LO,crema_d_1037_IEO_SAD_LO,1037_IEO_SAD_LO.wav,crema_d,1037,IEO,SAD,sad,low,,,,,,,,,,female,45
1037_IEO_SAD_MD,crema_d_1037_IEO_SAD_MD,1037_IEO_SAD_MD.wav,crema_d,1037,IEO,SAD,sad,medium,,,,,,,,,,female,45
1037_IOM_ANG_XX,crema_d_1037_IOM_ANG_XX,1037_IOM_ANG_XX.wav,crema_d,1037,IOM,ANG,anger,unspecified,,,16000.0,2.7694375,16000.0,3.0,0.7214375,,,female,45
1037_IOM_DIS_XX,crema_d_1037_IOM_DIS_XX,1037_IOM_DIS_XX.wav,crema_d,1037,IOM,DIS,disgust,unspecified,,,,,,,,,,female,45
1037_IOM_FEA_XX,crema_d_1037_IOM_FEA_XX,1037_IOM_FEA_XX.wav,crema_d,1037,IOM,FEA,fear,unspecified,,,,,,,,,,female,45
1037_IOM_HAP_XX,crema_d_1037_IOM_HAP_XX,1037_IOM_HAP_XX.wav,crema_d,1037,IOM,HAP,happy,unspecified,,,16000.0,1.8018125,16000.0,3.0,0.4258125,,,female,45
1037_IOM_NEU_XX,crema_d_1037_IOM_NEU_XX,1037_IOM_NEU_XX.wav,crema_d,1037,IOM,NEU,neutral,unspecified,,,16000.0,2.2021875,16000.0,3.0,0.3141875,,,female,45
1037_IOM_SAD_XX,crema_d_1037_IOM_SAD_XX,1037_IOM_SAD_XX.wav,crema_d,1037,IOM,SAD,sad,unspecified,,,,,,,,,,female,45
1037_ITH_ANG_XX,crema_d_1037_ITH_ANG_XX,1037_ITH_ANG_XX.wav,crema_d,1037,ITH,ANG,anger,unspecified,,,16000.0,2.93625,16000.0,3.0,0.66425,,,female,45
1037_ITH_DIS_XX,crema_d_1037_ITH_DIS_XX,1037_ITH_DIS_XX.wav,crema_d,1037,ITH,DIS,disgust,unspecified,,,,,,,,,,female,45
1037_ITH_FEA_XX,crema_d_1037_ITH_FEA_XX,1037_ITH_FEA_XX.wav,crema_d,1037,ITH,FEA,fear,unspecified,,,,,,,,,,female,45
1037_ITH_HAP_XX,crema_d_1037_ITH_HAP_XX,1037_ITH_HAP_XX.wav,crema_d,1037,ITH,HAP,happy,unspecified,,,16000.0,2.535875,16000.0,3.0,0.679875,,,female,45
1037_ITH_NEU_XX,crema_d_1037_ITH_NEU_XX,1037_ITH_NEU_XX.wav,crema_d,1037,ITH,NEU,neutral,unspecified,,,16000.0,2.7360625,16000.0,3.0,0.1120625,,,female,45
1037_ITH_SAD_XX,crema_d_1037_ITH_SAD_XX,1037_ITH_SAD_XX.wav,crema_d,1037,ITH,SAD,sad,unspecified,,,,,,,,,,female,45
1037_ITS_ANG_XX,crema_d_1037_ITS_ANG_XX,1037_ITS_ANG_XX.wav,crema_d,1037,ITS,ANG,anger,unspecified,,,16000.0,3.003,16000.0,3.0,0.603,,,female,45
1037_ITS_DIS_XX,crema_d_1037_ITS_DIS_XX,1037_ITS_DIS_XX.wav,crema_d,1037,ITS,DIS,disgust,unspecified,,,,,,,,,,female,45
1037_ITS_FEA_XX,crema_d_1037_ITS_FEA_XX,1037_ITS_FEA_XX.wav,crema_d,1037,ITS,FEA,fear,unspecified,,,,,,,,,,female,45
1037_ITS_HAP_XX,crema_d_1037_ITS_HAP_XX,1037_ITS_HAP_XX.wav,crema_d,1037,ITS,HAP,happy,unspecified,,,16000.0,2.602625,16000.0,3.0,0.106625,,,female,45
1037_ITS_NEU_XX,crema_d_1037_ITS_NEU_XX,1037_ITS_NEU_XX.wav,crema_d,1037,ITS,NEU,neutral,unspecified,,,16000.0,2.06875,16000.0,3.0,0.05275,,,female,45
1037_ITS_SAD_XX,crema_d_1037_ITS_SAD_XX,1037_ITS_SAD_XX.wav,crema_d,1037,ITS,SAD,sad,unspecified,,,,,,,,,,female,45
1037_IWL_ANG_XX,crema_d_1037_IWL_ANG_XX,1037_IWL_ANG_XX.wav,crema_d,1037,IWL,ANG,anger,unspecified,,,16000.0,3.003,16000.0,3.0,0.859,,,female,45
1037_IWL_DIS_XX,crema_d_1037_IWL_DIS_XX,1037_IWL_DIS_XX.wav,crema_d,1037,IWL,DIS,disgust,unspecified,,,,,,,,,,female,45
1037_IWL_FEA_XX,crema_d_1037_IWL_FEA_XX,1037_IWL_FEA_XX.wav,crema_d,1037,IWL,FEA,fear,unspecified,,,,,,,,,,female,45
1037_IWL_HAP_XX,crema_d_1037_IWL_HAP_XX,1037_IWL_HAP_XX.wav,crema_d,1037,IWL,HAP,happy,unspecified,,,16000.0,2.6693125,16000.0,3.0,1.0053125,,,female,45
1037_IWL_NEU_XX,crema_d_1037_IWL_NEU_XX,1037_IWL_NEU_XX.wav,crema_d,1037,IWL,NEU,neutral,unspecified,,,16000.0,2.2021875,16000.0,3.0,0.3781875,,,female,45
1037_IWL_SAD_XX,crema_d_1037_IWL_SAD_XX,1037_IWL_SAD_XX.wav,crema_d,1037,IWL,SAD,sad,unspecified,,,,,,,,,,female,45
1037_IWW_ANG_XX,crema_d_1037_IWW_ANG_XX,1037_IWW_ANG_XX.wav,crema_d,1037,IWW,ANG,anger,unspecified,,,16000.0,2.902875,16000.0,3.0,0.950875,,,female,45
1037_IWW_DIS_XX,crema_d_1037_IWW_DIS_XX,1037_IWW_DIS_XX.wav,crema_d,1037,IWW,DIS,disgust,unspecified,,,,,,,,,,female,45
1037_IWW_FEA_XX,crema_d_1037_IWW_FEA_XX,1037_IWW_FEA_XX.wav,crema_d,1037,IWW,FEA,fear,unspecified,,,,,,,,,,female,45
1037_IWW_HAP_XX,crema_d_1037_IWW_HAP_XX,1037_IWW_HAP_XX.wav,crema_d,1037,IWW,HAP,happy,unspecified,,,16000.0,2.3690625,16000.0,3.0,0.0330625,,,female,45
1037_IWW_NEU_XX,crema_d_1037_IWW_NEU_XX,1037_IWW_NEU_XX.wav,crema_d,1037,IWW,NEU,neutral,unspecified,,,16000.0,2.6359375,16000.0,3.0,0.4599375,,,female,45
1037_IWW_SAD_XX,crema_d_1037_IWW_SAD_XX,1037_IWW_SAD_XX.wav,crema_d,1037,IWW,SAD,sad,unspecified,,,,,,,,,,female,45
1037_MTI_ANG_XX,crema_d_1037_MTI_ANG_XX,1037_MTI_ANG_XX.wav,crema_d,1037,MTI,ANG,anger,unspecified,,,16000.0,3.103125,16000.0,3.0,0.863125,,,female,45
1037_MTI_DIS_XX,crema_d_1037_MTI_DIS_XX,1037_MTI_DIS_XX.wav,crema_d,1037,MTI,DIS,disgust,unspecified,,,,,,,,,,female,45
1037_MTI_FEA_XX,crema_d_1037_MTI_FEA_XX,1037_MTI_FEA_XX.wav,crema_d,1037,MTI,FEA,fear,unspecified,,,,,,,,,,female,45
1037_MTI_HAP_XX,crema_d_1037_MTI_HAP_XX,1037_MTI_HAP_XX.wav,crema_d,1037,MTI,HAP,happy,unspecified,,,16000.0,2.902875,16000.0,3.0,0.566875,,,female,45
1037_MTI_NEU_XX,crema_d_1037_MTI_NEU_XX,1037_MTI_NEU_XX.wav,crema_d,1037,MTI,NEU,neutral,unspecified,,,16000.0,2.7694375,16000.0,3.0,0.9134375,,,female,45
1037_MTI_SAD_XX,crema_d_1037_MTI_SAD_XX,1037_MTI_SAD_XX.wav,crema_d,1037,MTI,SAD,sad,unspecified,,,,,,,,,,female,45
1037_TAI_ANG_XX,crema_d_1037_TAI_ANG_XX,1037_TAI_ANG_XX.wav,crema_d,1037,TAI,ANG,anger,unspecified,,,16000.0,3.06975,16000.0,3.0,0.86175,,,female,45
1037_TAI_DIS_XX,crema_d_1037_TAI_DIS_XX,1037_TAI_DIS_XX.wav,crema_d,1037,TAI,DIS,disgust,unspecified,,,,,,,,,,female,45
1037_TAI_FEA_XX,crema_d_1037_TAI_FEA_XX,1037_TAI_FEA_XX.wav,crema_d,1037,TAI,FEA,fear,unspecified,,,,,,,,,,female,45
1037_TAI_HAP_XX,crema_d_1037_TAI_HAP_XX,1037_TAI_HAP_XX.wav,crema_d,1037,TAI,HAP,happy,unspecified,,,16000.0,2.7694375,16000.0,3.0,1.0414375,,,female,45
1037_TAI_NEU_XX,crema_d_1037_TAI_NEU_XX,1037_TAI_NEU_XX.wav,crema_d,1037,TAI,NEU,neutral,unspecified,,,16000.0,2.7360625,16000.0,3.0,0.9440625,,,female,45
1037_TAI_SAD_XX,crema_d_1037_TAI_SAD_XX,1037_TAI_SAD_XX.wav,crema_d,1037,TAI,SAD,sad,unspecified,,,,,,,,,,female,45
1037_TIE_ANG_XX,crema_d_1037_TIE_ANG_XX,1037_TIE_ANG_XX.wav,crema_d,1037,TIE,ANG,anger,unspecified,,,16000.0,2.969625,16000.0,3.0,0.857625,,,female,45
1037_TIE_DIS_XX,crema_d_1037_TIE_DIS_XX,1037_TIE_DIS_XX.wav,crema_d,1037,TIE,DIS,disgust,unspecified,,,,,,,,,,female,45
1037_TIE_FEA_XX,crema_d_1037_TIE_FEA_XX,1037_TIE_FEA_XX.wav,crema_d,1037,TIE,FEA,fear,unspecified,,,,,,,,,,female,45
1037_TIE_HAP_XX,crema_d_1037_TIE_HAP_XX,1037_TIE_HAP_XX.wav,crema_d,1037,TIE,HAP,happy,unspecified,,,16000.0,2.7026875,16000.0,3.0,0.8786875,,,female,45
1037_TIE_NEU_XX,crema_d_1037_TIE_NEU_XX,1037_TIE_NEU_XX.wav,crema_d,1037,TIE,NEU,neutral,unspecified,,,16000.0,2.602625,16000.0,3.0,1.034625,,,female,45
1037_TIE_SAD_XX,crema_d_1037_TIE_SAD_XX,1037_TIE_SAD_XX.wav,crema_d,1037,TIE,SAD,sad,unspecified,,,,,,,,,,female,45
1037_TSI_ANG_XX,crema_d_1037_TSI_ANG_XX,1037_TSI_ANG_XX.wav,crema_d,1037,TSI,ANG,anger,unspecified,,,16000.0,2.8361875,16000.0,3.0,0.9801875,,,female,45
1037_TSI_DIS_XX,crema_d_1037_TSI_DIS_XX,1037_TSI_DIS_XX.wav,crema_d,1037,TSI,DIS,disgust,unspecified,,,,,,,,,,female,45
1037_TSI_FEA_XX,crema_d_1037_TSI_FEA_XX,1037_TSI_FEA_XX.wav,crema_d,1037,TSI,FEA,fear,unspecified,,,,,,,,,,female,45
1037_TSI_HAP_XX,crema_d_1037_TSI_HAP_XX,1037_TSI_HAP_XX.wav,crema_d,1037,TSI,HAP,happy,unspecified,,,16000.0,2.469125,16000.0,3.0,0.645125,,,female,45
1037_TSI_NEU_XX,crema_d_1037_TSI_NEU_XX,1037_TSI_NEU_XX.wav,crema_d,1037,TSI,NEU,neutral,unspecified,,,16000.0,2.7360625,16000.0,3.0,0.1120625,,,female,45
1037_TSI_SAD_XX,crema_d_1037_TSI_SAD_XX,1037_TSI_SAD_XX.wav,crema_d,1037,TSI,SAD,sad,unspecified,,,,,,,,,,female,45
1037_WSI_ANG_XX,crema_d_1037_WSI_ANG_XX,1037_WSI_ANG_XX.wav,crema_d,1037,WSI,ANG,anger,unspecified,,,16000.0,3.1698125,16000.0,3.0,0.8978125,,,female,45
1037_WSI_DIS_XX,crema_d_1037_WSI_DIS_XX,1037_WSI_DIS_XX.wav,crema_d,1037,WSI,DIS,disgust,unspecified,,,,,,,,,,female,45
1037_WSI_FEA_XX,crema_d_1037_WSI_FEA_XX,1037_WSI_FEA_XX.wav,crema_d,1037,WSI,FEA,fear,unspecified,,,,,,,,,,female,45
1037_WSI_HAP_XX,crema_d_1037_WSI_HAP_XX,1037_WSI_HAP_XX.wav,crema_d,1037,WSI,HAP,happy,unspecified,,,16000.0,2.56925,16000.0,3.0,0.84125,,,female,45
1037_WSI_NEU_XX,crema_d_1037_WSI_NEU_XX,1037_WSI_NEU_XX.wav,crema_d,1037,WSI,NEU,neutral,unspecified,,,16000.0,2.7360625,16000.0,3.0,1.2000625,,,female,45
1037_WSI_SAD_XX,crema_d_1037_WSI_SAD_XX,1037_WSI_SAD_XX.wav,crema_d,1037,WSI,SAD,sad,unspecified,,,,,,,,,,female,45
1038_DFA_ANG_XX,crema_d_1038_DFA_ANG_XX,1038_DFA_ANG_XX.wav,crema_d,1038,DFA,ANG,anger,unspecified,,,16000.0,2.56925,16000.0,3.0,0.93725,,,male,21
1038_DFA_DIS_XX,crema_d_1038_DFA_DIS_XX,1038_DFA_DIS_XX.wav,crema_d,1038,DFA,DIS,disgust,unspecified,,,,,,,,,,male,21
1038_DFA_FEA_XX,crema_d_1038_DFA_FEA_XX,1038_DFA_FEA_XX.wav,crema_d,1038,DFA,FEA,fear,unspecified,,,,,,,,,,male,21
1038_DFA_HAP_XX,crema_d_1038_DFA_HAP_XX,1038_DFA_HAP_XX.wav,crema_d,1038,DFA,HAP,happy,unspecified,,,16000.0,2.002,16000.0,3.0,0.786,,,male,21
1038_DFA_NEU_XX,crema_d_1038_DFA_NEU_XX,1038_DFA_NEU_XX.wav,crema_d,1038,DFA,NEU,neutral,unspecified,,,16000.0,2.2689375,16000.0,3.0,0.9889375,,,male,21
1038_DFA_SAD_XX,crema_d_1038_DFA_SAD_XX,1038_DFA_SAD_XX.wav,crema_d,1038,DFA,SAD,sad,unspecified,,,,,,,,,,male,21
1038_IEO_ANG_HI,crema_d_1038_IEO_ANG_HI,1038_IEO_ANG_HI.wav,crema_d,1038,IEO,ANG,anger,high,,,16000.0,3.036375,16000.0,3.0,1.180375,,,male,21
1038_IEO_ANG_LO,crema_d_1038_IEO_ANG_LO,1038_IEO_ANG_LO.wav,crema_d,1038,IEO,ANG,anger,low,,,16000.0,2.035375,16000.0,3.0,0.947375,,,male,21
1038_IEO_ANG_MD,crema_d_1038_IEO_ANG_MD,1038_IEO_ANG_MD.wav,crema_d,1038,IEO,ANG,anger,medium,,,16000.0,2.102125,16000.0,3.0,0.854125,,,male,21
1038_IEO_DIS_HI,crema_d_1038_IEO_DIS_HI,1038_IEO_DIS_HI.wav,crema_d,1038,IEO,DIS,disgust,high,,,,,,,,,,male,21
1038_IEO_DIS_LO,crema_d_1038_IEO_DIS_LO,1038_IEO_DIS_LO.wav,crema_d,1038,IEO,DIS,disgust,low,,,,,,,,,,male,21
1038_IEO_DIS_MD,crema_d_1038_IEO_DIS_MD,1038_IEO_DIS_MD.wav,crema_d,1038,IEO,DIS,disgust,medium,,,,,,,,,,male,21
1038_IEO_FEA_HI,crema_d_1038_IEO_FEA_HI,1038_IEO_FEA_HI.wav,crema_d,1038,IEO,FEA,fear,high,,,,,,,,,,male,21
1038_IEO_FEA_LO,crema_d_1038_IEO_FEA_LO,1038_IEO_FEA_LO.wav,crema_d,1038,IEO,FEA,fear,low,,,,,,,,,,male,21
1038_IEO_FEA_MD,crema_d_1038_IEO_FEA_MD,1038_IEO_FEA_MD.wav,crema_d,1038,IEO,FEA,fear,medium,,,,,,,,,,male,21
1038_IEO_HAP_HI,crema_d_1038_IEO_HAP_HI,1038_IEO_HAP_HI.wav,crema_d,1038,IEO,HAP,happy,high,,,16000.0,1.901875,16000.0,3.0,0.653875,,,male,21
1038_IEO_HAP_LO,crema_d_1038_IEO_HAP_LO,1038_IEO_HAP_LO.wav,crema_d,1038,IEO,HAP,happy,low,,,16000.0,2.06875,16000.0,3.0,0.0,,,male,21
1038_IEO_HAP_MD,crema_d_1038_IEO_HAP_MD,1038_IEO_HAP_MD.wav,crema_d,1038,IEO,HAP,happy,medium,,,16000.0,2.2021875,16000.0,3.0,1.0821875,,,male,21
1038_IEO_NEU_XX,crema_d_1038_IEO_NEU_XX,1038_IEO_NEU_XX.wav,crema_d,1038,IEO,NEU,neutral,unspecified,,,16000.0,1.968625,16000.0,3.0,0.0,,,male,21
1038_IEO_SAD_HI,crema_d_1038_IEO_SAD_HI,1038_IEO_SAD_HI.wav,crema_d,1038,IEO,SAD,sad,high,,,,,,,,,,male,21
1038_IEO_SAD_LO,crema_d_1038_IEO_SAD_LO,1038_IEO_SAD_LO.wav,crema_d,1038,IEO,SAD,sad,low,,,,,,,,,,male,21
1038_IEO_SAD_MD,crema_d_1038_IEO_SAD_MD,1038_IEO_SAD_MD.wav,crema_d,1038,IEO,SAD,sad,medium,,,,,,,,,,male,21
1038_IOM_ANG_XX,crema_d_1038_IOM_ANG_XX,1038_IOM_ANG_XX.wav,crema_d,1038,IOM,ANG,anger,unspecified,,,16000.0,2.7694375,16000.0,3.0,0.9454375,,,male,21
1038_IOM_DIS_XX,crema_d_1038_IOM_DIS_XX,1038_IOM_DIS_XX.wav,crema_d,1038,IOM,DIS,disgust,unspecified,,,,,,,,,,male,21
1038_IOM_FEA_XX,crema_d_1038_IOM_FEA_XX,1038_IOM_FEA_XX.wav,crema_d,1038,IOM,FEA,fear,unspecified,,,,,,,,,,male,21
1038_IOM_HAP_XX,crema_d_1038_IOM_HAP_XX,1038_IOM_HAP_XX.wav,crema_d,1038,IOM,HAP,happy,unspecified,,,16000.0,2.402375,16000.0,3.0,0.866375,,,male,21
1038_IOM_NEU_XX,crema_d_1038_IOM_NEU_XX,1038_IOM_NEU_XX.wav,crema_d,1038,IOM,NEU,neutral,unspecified,,,16000.0,2.6359375,16000.0,3.0,0.4919375,,,male,21
1038_IOM_SAD_XX,crema_d_1038_IOM_SAD_XX,1038_IOM_SAD_XX.wav,crema_d,1038,IOM,SAD,sad,unspecified,,,,,,,,,,male,21
1038_ITH_ANG_XX,crema_d_1038_ITH_ANG_XX,1038_ITH_ANG_XX.wav,crema_d,1038,ITH,ANG,anger,unspecified,,,16000.0,2.8695,16000.0,3.0,0.7575,,,male,21
1038_ITH_DIS_XX,crema_d_1038_ITH_DIS_XX,1038_ITH_DIS_XX.wav,crema_d,1038,ITH,DIS,disgust,unspecified,,,,,,,,,,male,21
1038_ITH_FEA_XX,crema_d_1038_ITH_FEA_XX,1038_ITH_FEA_XX.wav,crema_d,1038,ITH,FEA,fear,unspecified,,,,,,,,,,male,21
1038_ITH_HAP_XX,crema_d_1038_ITH_HAP_XX,1038_ITH_HAP_XX.wav,crema_d,1038,ITH,HAP,happy,unspecified,,,16000.0,2.3023125,16000.0,3.0,0.5103125,,,male,21
1038_ITH_NEU_XX,crema_d_1038_ITH_NEU_XX,1038_ITH_NEU_XX.wav,crema_d,1038,ITH,NEU,neutral,unspecified,,,16000.0,2.8361875,16000.0,3.0,0.4041875,,,male,21
1038_ITH_SAD_XX,crema_d_1038_ITH_SAD_XX,1038_ITH_SAD_XX.wav,crema_d,1038,ITH,SAD,sad,unspecified,,,,,,,,,,male,21
1038_ITS_ANG_XX,crema_d_1038_ITS_ANG_XX,1038_ITS_ANG_XX.wav,crema_d,1038,ITS,ANG,anger,unspecified,,,16000.0,3.003,16000.0,3.0,0.827,,,male,21
1038_ITS_DIS_XX,crema_d_1038_ITS_DIS_XX,1038_ITS_DIS_XX.wav,crema_d,1038,ITS,DIS,disgust,unspecified,,,,,,,,,,male,21
1038_ITS_FEA_XX,crema_d_1038_ITS_FEA_XX,1038_ITS_FEA_XX.wav,crema_d,1038,ITS,FEA,fear,unspecified,,,,,,,,,,male,21
1038_ITS_HAP_XX,crema_d_1038_ITS_HAP_XX,1038_ITS_HAP_XX.wav,crema_d,1038,ITS,HAP,happy,unspecified,,,16000.0,2.7026875,16000.0,3.0,0.8146875,,,male,21
1038_ITS_NEU_XX,crema_d_1038_ITS_NEU_XX,1038_ITS_NEU_XX.wav,crema_d,1038,ITS,NEU,neutral,unspecified,,,16000.0,2.602625,16000.0,3.0,0.106625,,,male,21
1038_ITS_SAD_XX,crema_d_1038_ITS_SAD_XX,1038_ITS_SAD_XX.wav,crema_d,1038,ITS,SAD,sad,unspecified,,,,,,,,,,male,21
1038_IWL_ANG_XX,crema_d_1038_IWL_ANG_XX,1038_IWL_ANG_XX.wav,crema_d,1038,IWL,ANG,anger,unspecified,,,16000.0,2.7694375,16000.0,3.0,0.7534375,,,male,21
1038_IWL_DIS_XX,crema_d_1038_IWL_DIS_XX,1038_IWL_DIS_XX.wav,crema_d,1038,IWL,DIS,disgust,unspecified,,,,,,,,,,male,21
1038_IWL_FEA_XX,crema_d_1038_IWL_FEA_XX,1038_IWL_FEA_XX.wav,crema_d,1038,IWL,FEA,fear,unspecified,,,,,,,,,,male,21
1038_IWL_HAP_XX,crema_d_1038_IWL_HAP_XX,1038_IWL_HAP_XX.wav,crema_d,1038,IWL,HAP,happy,unspecified,,,16000.0,2.7694375,16000.0,3.0,1.2014375,,,male,21
1038_IWL_NEU_XX,crema_d_1038_IWL_NEU_XX,1038_IWL_NEU_XX.wav,crema_d,1038,IWL,NEU,neutral,unspecified,,,16000.0,2.969625,16000.0,3.0,0.601625,,,male,21
1038_IWL_SAD_XX,crema_d_1038_IWL_SAD_XX,1038_IWL_SAD_XX.wav,crema_d,1038,IWL,SAD,sad,unspecified,,,,,,,,,,male,21
1038_IWW_ANG_XX,crema_d_1038_IWW_ANG_XX,1038_IWW_ANG_XX.wav,crema_d,1038,IWW,ANG,anger,unspecified,,,16000.0,2.6693125,16000.0,3.0,0.9733125,,,male,21
1038_IWW_DIS_XX,crema_d_1038_IWW_DIS_XX,1038_IWW_DIS_XX.wav,crema_d,1038,IWW,DIS,disgust,unspecified,,,,,,,,,,male,21
1038_IWW_FEA_XX,crema_d_1038_IWW_FEA_XX,1038_IWW_FEA_XX.wav,crema_d,1038,IWW,FEA,fear,unspecified,,,,,,,,,,male,21
1038_IWW_HAP_XX,crema_d_1038_IWW_HAP_XX,1038_IWW_HAP_XX.wav,crema_d,1038,IWW,HAP,happy,unspecified,,,16000.0,2.2689375,16000.0,3.0,0.8609375,,,male,21
1038_IWW_NEU_XX,crema_d_1038_IWW_NEU_XX,1038_IWW_NEU_XX.wav,crema_d,1038,IWW,NEU,neutral,unspecified,,,16000.0,2.7694375,16000.0,3.0,1.4254375,,,male,21
1038_IWW_SAD_XX,crema_d_1038_IWW_SAD_XX,1038_IWW_SAD_XX.wav,crema_d,1038,IWW,SAD,sad,unspecified,,,,,,,,,,male,21
1038_MTI_ANG_XX,crema_d_1038_MTI_ANG_XX,1038_MTI_ANG_XX.wav,crema_d,1038,MTI,ANG,anger,unspecified,,,16000.0,2.7360625,16000.0,3.0,0.8480625,,,male,21
1038_MTI_DIS_XX,crema_d_1038_MTI_DIS_XX,1038_MTI_DIS_XX.wav,crema_d,1038,MTI,DIS,disgust,unspecified,,,,,,,,,,male,21
1038_MTI_FEA_XX,crema_d_1038_MTI_FEA_XX,1038_MTI_FEA_XX.wav,crema_d,1038,MTI,FEA,fear,unspecified,,,,,,,,,,male,21
1038_MTI_HAP_XX,crema_d_1038_MTI_HAP_XX,1038_MTI_HAP_XX.wav,crema_d,1038,MTI,HAP,happy,unspecified,,,16000.0,2.8695,16000.0,3.0,1.1095,,,male,21
1038_MTI_NEU_XX,crema_d_1038_MTI_NEU_XX,1038_MTI_NEU_XX.wav,crema_d,1038,MTI,NEU,neutral,unspecified,,,16000.0,2.93625,16000.0,3.0,0.82425,,,male,21
1038_MTI_SAD_XX,crema_d_1038_MTI_SAD_XX,1038_MTI_SAD_XX.wav,crema_d,1038,MTI,SAD,sad,unspecified,,,,,,,,,,male,21
1038_TAI_ANG_XX,crema_d_1038_TAI_ANG_XX,1038_TAI_ANG_XX.wav,crema_d,1038,TAI,ANG,anger,unspecified,,,16000.0,2.969625,16000.0,3.0,1.017625,,,male,21
1038_TAI_DIS_XX,crema_d_1038_TAI_DIS_XX,1038_TAI_DIS_XX.wav,crema_d,1038,TAI,DIS,disgust,unspecified,,,,,,,,,,male,21
1038_TAI_FEA_XX,crema_d_1038_TAI_FEA_XX,1038_TAI_FEA_XX.wav,crema_d,1038,TAI,FEA,fear,unspecified,,,,,,,,,,male,21
1038_TAI_HAP_XX,crema_d_1038_TAI_HAP_XX,1038_TAI_HAP_XX.wav,crema_d,1038,TAI,HAP,happy,unspecified,,,16000.0,2.535875,16000.0,3.0,0.679875,,,male,21
1038_TAI_NEU_XX,crema_d_1038_TAI_NEU_XX,1038_TAI_NEU_XX.wav,crema_d,1038,TAI,NEU,neutral,unspecified,,,16000.0,2.7360625,16000.0,3.0,1.2640625,,,male,21
1038_TAI_SAD_XX,crema_d_1038_TAI_SAD_XX,1038_TAI_SAD_XX.wav,crema_d,1038,TAI,SAD,sad,unspecified,,,,,,,,,,male,21
1038_TIE_ANG_XX,crema_d_1038_TIE_ANG_XX,1038_TIE_ANG_XX.wav,crema_d,1038,TIE,ANG,anger,unspecified,,,16000.0,2.8361875,16000.0,3.0,1.1721875,,,male,21
1038_TIE_DIS_XX,crema_d_1038_TIE_DIS_XX,1038_TIE_DIS_XX.wav,crema_d,1038,TIE,DIS,disgust,unspecified,,,,,,,,,,male,21
1038_TIE_FEA_XX,crema_d_1038_TIE_FEA_XX,1038_TIE_FEA_XX.wav,crema_d,1038,TIE,FEA,fear,unspecified,,,,,,,,,,male,21
1038_TIE_HAP_XX,crema_d_1038_TIE_HAP_XX,1038_TIE_HAP_XX.wav,crema_d,1038,TIE,HAP,happy,unspecified,,,16000.0,2.535875,16000.0,3.0,0.999875,,,male,21
1038_TIE_NEU_XX,crema_d_1038_TIE_NEU_XX,1038_TIE_NEU_XX.wav,crema_d,1038,TIE,NEU,neutral,unspecified,,,16000.0,2.602625,16000.0,3.0,0.0,,,male,21
1038_TIE_SAD_XX,crema_d_1038_TIE_SAD_XX,1038_TIE_SAD_XX.wav,crema_d,1038,TIE,SAD,sad,unspecified,,,,,,,,,,male,21
1038_TSI_ANG_XX,crema_d_1038_TSI_ANG_XX,1038_TSI_ANG_XX.wav,crema_d,1038,TSI,ANG,anger,unspecified,,,16000.0,2.6693125,16000.0,3.0,1.0373125,,,male,21
1038_TSI_DIS_XX,crema_d_1038_TSI_DIS_XX,1038_TSI_DIS_XX.wav,crema_d,1038,TSI,DIS,disgust,unspecified,,,,,,,,,,male,21
1038_TSI_FEA_XX,crema_d_1038_TSI_FEA_XX,1038_TSI_FEA_XX.wav,crema_d,1038,TSI,FEA,fear,unspecified,,,,,,,,,,male,21
1038_TSI_HAP_XX,crema_d_1038_TSI_HAP_XX,1038_TSI_HAP_XX.wav,crema_d,1038,TSI,HAP,happy,unspecified,,,16000.0,2.7360625,16000.0,3.0,1.5200625,,,male,21
1038_TSI_NEU_XX,crema_d_1038_TSI_NEU_XX,1038_TSI_NEU_XX.wav,crema_d,1038,TSI,NEU,neutral,unspecified,,,16000.0,2.93625,16000.0,3.0,0.0,,,male,21
1038_TSI_SAD_XX,crema_d_1038_TSI_SAD_XX,1038_TSI_SAD_XX.wav,crema_d,1038,TSI,SAD,sad,unspecified,,,,,,,,,,male,21
1038_WSI_ANG_XX,crema_d_1038_WSI_ANG_XX,1038_WSI_ANG_XX.wav,crema_d,1038,WSI,ANG,anger,unspecified,,,16000.0,2.93625,16000.0,3.0,1.20825,,,male,21
1038_WSI_DIS_XX,crema_d_1038_WSI_DIS_XX,1038_WSI_DIS_XX.wav,crema_d,1038,WSI,DIS,disgust,unspecified,,,,,,,,,,male,21
1038_WSI_FEA_XX,crema_d_1038_WSI_FEA_XX,1038_WSI_FEA_XX.wav,crema_d,1038,WSI,FEA,fear,unspecified,,,,,,,,,,male,21
1038_WSI_HAP_XX,crema_d_1038_WSI_HAP_XX,1038_WSI_HAP_XX.wav,crema_d,1038,WSI,HAP,happy,unspecified,,,16000.0,2.6693125,16000.0,3.0,1.1973125,,,male,21
1038_WSI_NEU_XX,crema_d_1038_WSI_NEU_XX,1038_WSI_NEU_XX.wav,crema_d,1038,WSI,NEU,neutral,unspecified,,,16000.0,2.902875,16000.0,3.0,0.982875,,,male,21
1038_WSI_SAD_XX,crema_d_1038_WSI_SAD_XX,1038_WSI_SAD_XX.wav,crema_d,1038,WSI,SAD,sad,unspecified,,,,,,,,,,male,21
1039_DFA_ANG_XX,crema_d_1039_DFA_ANG_XX,1039_DFA_ANG_XX.wav,crema_d,1039,DFA,ANG,anger,unspecified,,,16000.0,2.5025,16000.0,3.0,1.2225,,,male,51
1039_DFA_DIS_XX,crema_d_1039_DFA_DIS_XX,1039_DFA_DIS_XX.wav,crema_d,1039,DFA,DIS,disgust,unspecified,,,,,,,,,,male,51
1039_DFA_FEA_XX,crema_d_1039_DFA_FEA_XX,1039_DFA_FEA_XX.wav,crema_d,1039,DFA,FEA,fear,unspecified,,,,,,,,,,male,51
1039_DFA_HAP_XX,crema_d_1039_DFA_HAP_XX,1039_DFA_HAP_XX.wav,crema_d,1039,DFA,HAP,happy,unspecified,,,16000.0,2.035375,16000.0,3.0,0.947375,,,male,51
1039_DFA_NEU_XX,crema_d_1039_DFA_NEU_XX,1039_DFA_NEU_XX.wav,crema_d,1039,DFA,NEU,neutral,unspecified,,,16000.0,2.06875,16000.0,3.0,0.05275,,,male,51
1039_DFA_SAD_XX,crema_d_1039_DFA_SAD_XX,1039_DFA_SAD_XX.wav,crema_d,1039,DFA,SAD,sad,unspecified,,,,,,,,,,male,51
1039_IEO_ANG_HI,crema_d_1039_IEO_ANG_HI,1039_IEO_ANG_HI.wav,crema_d,1039,IEO,ANG,anger,high,,,16000.0,2.2826875,16000.0,3.0,1.0346875,,,male,51
1039_IEO_ANG_LO,crema_d_1039_IEO_ANG_LO,1039_IEO_ANG_LO.wav,crema_d,1039,IEO,ANG,anger,low,,,16000.0,1.968625,16000.0,3.0,0.176625,,,male,51
1039_IEO_ANG_MD,crema_d_1039_IEO_ANG_MD,1039_IEO_ANG_MD.wav,crema_d,1039,IEO,ANG,anger,medium,,,16000.0,1.8351875,16000.0,3.0,1.0351875,,,male,51
1039_IEO_DIS_HI,crema_d_1039_IEO_DIS_HI,1039_IEO_DIS_HI.wav,crema_d,1039,IEO,DIS,disgust,high,,,,,,,,,,male,51
1039_IEO_DIS_LO,crema_d_1039_IEO_DIS_LO,1039_IEO_DIS_LO.wav,crema_d,1039,IEO,DIS,disgust,low,,,,,,,,,,male,51
1039_IEO_DIS_MD,crema_d_1039_IEO_DIS_MD,1039_IEO_DIS_MD.wav,crema_d,1039,IEO,DIS,disgust,medium,,,,,,,,,,male,51
1039_IEO_FEA_HI,crema_d_1039_IEO_FEA_HI,1039_IEO_FEA_HI.wav,crema_d,1039,IEO,FEA,fear,high,,,,,,,,,,male,51
1039_IEO_FEA_LO,crema_d_1039_IEO_FEA_LO,1039_IEO_FEA_LO.wav,crema_d,1039,IEO,FEA,fear,low,,,,,,,,,,male,51
1039_IEO_FEA_MD,crema_d_1039_IEO_FEA_MD,1039_IEO_FEA_MD.wav,crema_d,1039,IEO,FEA,fear,medium,,,,,,,,,,male,51
1039_IEO_HAP_HI,crema_d_1039_IEO_HAP_HI,1039_IEO_HAP_HI.wav,crema_d,1039,IEO,HAP,happy,high,,,16000.0,2.2689375,16000.0,3.0,1.2769375,,,male,51
1039_IEO_HAP_LO,crema_d_1039_IEO_HAP_LO,1039_IEO_HAP_LO.wav,crema_d,1039,IEO,HAP,happy,low,,,16000.0,2.1354375,16000.0,3.0,1.2714375,,,male,51
1039_IEO_HAP_MD,crema_d_1039_IEO_HAP_MD,1039_IEO_HAP_MD.wav,crema_d,1039,IEO,HAP,happy,medium,,,16000.0,2.2021875,16000.0,3.0,1.1781875,,,male,51
1039_IEO_NEU_XX,crema_d_1039_IEO_NEU_XX,1039_IEO_NEU_XX.wav,crema_d,1039,IEO,NEU,neutral,unspecified,,,16000.0,1.93525,16000.0,3.0,0.0,,,male,51
1039_IEO_SAD_HI,crema_d_1039_IEO_SAD_HI,1039_IEO_SAD_HI.wav,crema_d,1039,IEO,SAD,sad,high,,,,,,,,,,male,51
1039_IEO_SAD_LO,crema_d_1039_IEO_SAD_LO,1039_IEO_SAD_LO.wav,crema_d,1039,IEO,SAD,sad,low,,,,,,,,,,male,51
1039_IEO_SAD_MD,crema_d_1039_IEO_SAD_MD,1039_IEO_SAD_MD.wav,crema_d,1039,IEO,SAD,sad,medium,,,,,,,,,,male,51
1039_IOM_ANG_XX,crema_d_1039_IOM_ANG_XX,1039_IOM_ANG_XX.wav,crema_d,1039,IOM,ANG,anger,unspecified,,,16000.0,2.902875,16000.0,3.0,1.430875,,,male,51
1039_IOM_DIS_XX,crema_d_1039_IOM_DIS_XX,1039_IOM_DIS_XX.wav,crema_d,1039,IOM,DIS,disgust,unspecified,,,,,,,,,,male,51
1039_IOM_FEA_XX,crema_d_1039_IOM_FEA_XX,1039_IOM_FEA_XX.wav,crema_d,1039,IOM,FEA,fear,unspecified,,,,,,,,,,male,51
1039_IOM_HAP_XX,crema_d_1039_IOM_HAP_XX,1039_IOM_HAP_XX.wav,crema_d,1039,IOM,HAP,happy,unspecified,,,16000.0,2.402375,16000.0,3.0,1.154375,,,male,51
1039_IOM_NEU_XX,crema_d_1039_IOM_NEU_XX,1039_IOM_NEU_XX.wav,crema_d,1039,IOM,NEU,neutral,unspecified,,,16000.0,2.035375,16000.0,3.0,0.115375,,,male,51
1039_IOM_SAD_XX,crema_d_1039_IOM_SAD_XX,1039_IOM_SAD_XX.wav,crema_d,1039,IOM,SAD,sad,unspecified,,,,,,,,,,male,51
1039_ITH_ANG_XX,crema_d_1039_ITH_ANG_XX,1039_ITH_ANG_XX.wav,crema_d,1039,ITH,ANG,anger,unspecified,,,16000.0,2.3690625,16000.0,3.0,0.9290625,,,male,51
1039_ITH_DIS_XX,crema_d_1039_ITH_DIS_XX,1039_ITH_DIS_XX.wav,crema_d,1039,ITH,DIS,disgust,unspecified,,,,,,,,,,male,51
1039_ITH_FEA_XX,crema_d_1039_ITH_FEA_XX,1039_ITH_FEA_XX.wav,crema_d,1039,ITH,FEA,fear,unspecified,,,,,,,,,,male,51
1039_ITH_HAP_XX,crema_d_1039_ITH_HAP_XX,1039_ITH_HAP_XX.wav,crema_d,1039,ITH,HAP,happy,unspecified,,,16000.0,2.7694375,16000.0,3.0,1.2654375,,,male,51
1039_ITH_NEU_XX,crema_d_1039_ITH_NEU_XX,1039_ITH_NEU_XX.wav,crema_d,1039,ITH,NEU,neutral,unspecified,,,16000.0,2.469125,16000.0,3.0,0.645125,,,male,51
1039_ITH_SAD_XX,crema_d_1039_ITH_SAD_XX,1039_ITH_SAD_XX.wav,crema_d,1039,ITH,SAD,sad,unspecified,,,,,,,,,,male,51
1039_ITS_ANG_XX,crema_d_1039_ITS_ANG_XX,1039_ITS_ANG_XX.wav,crema_d,1039,ITS,ANG,anger,unspecified,,,16000.0,2.602625,16000.0,3.0,0.842625,,,male,51
1039_ITS_DIS_XX,crema_d_1039_ITS_DIS_XX,1039_ITS_DIS_XX.wav,crema_d,1039,ITS,DIS,disgust,unspecified,,,,,,,,,,male,51
1039_ITS_FEA_XX,crema_d_1039_ITS_FEA_XX,1039_ITS_FEA_XX.wav,crema_d,1039,ITS,FEA,fear,unspecified,,,,,,,,,,male,51
1039_ITS_HAP_XX,crema_d_1039_ITS_HAP_XX,1039_ITS_HAP_XX.wav,crema_d,1039,ITS,HAP,happy,unspecified,,,16000.0,2.3023125,16000.0,3.0,0.7023125,,,male,51
1039_ITS_NEU_XX,crema_d_1039_ITS_NEU_XX,1039_ITS_NEU_XX.wav,crema_d,1039,ITS,NEU,neutral,unspecified,,,16000.0,2.102125,16000.0,3.0,0.032,,,male,51
1039_ITS_SAD_XX,crema_d_1039_ITS_SAD_XX,1039_ITS_SAD_XX.wav,crema_d,1039,ITS,SAD,sad,unspecified,,,,,,,,,,male,51
1039_IWL_ANG_XX,crema_d_1039_IWL_ANG_XX,1039_IWL_ANG_XX.wav,crema_d,1039,IWL,ANG,anger,unspecified,,,16000.0,3.2031875,16000.0,3.0,1.3791875,,,male,51
1039_IWL_DIS_XX,crema_d_1039_IWL_DIS_XX,1039_IWL_DIS_XX.wav,crema_d,1039,IWL,DIS,disgust,unspecified,,,,,,,,,,male,51
1039_IWL_FEA_XX,crema_d_1039_IWL_FEA_XX,1039_IWL_FEA_XX.wav,crema_d,1039,IWL,FEA,fear,unspecified,,,,,,,,,,male,51
1039_IWL_HAP_XX,crema_d_1039_IWL_HAP_XX,1039_IWL_HAP_XX.wav,crema_d,1039,IWL,HAP,happy,unspecified,,,16000.0,2.2826875,16000.0,3.0,0.7146875,,,male,51
1039_IWL_NEU_XX,crema_d_1039_IWL_NEU_XX,1039_IWL_NEU_XX.wav,crema_d,1039,IWL,NEU,neutral,unspecified,,,16000.0,2.2021875,16000.0,3.0,0.2821875,,,male,51
1039_IWL_SAD_XX,crema_d_1039_IWL_SAD_XX,1039_IWL_SAD_XX.wav,crema_d,1039,IWL,SAD,sad,unspecified,,,,,,,,,,male,51
1039_IWW_ANG_XX,crema_d_1039_IWW_ANG_XX,1039_IWW_ANG_XX.wav,crema_d,1039,IWW,ANG,anger,unspecified,,,16000.0,2.1354375,16000.0,3.0,1.1114375,,,male,51
1039_IWW_DIS_XX,crema_d_1039_IWW_DIS_XX,1039_IWW_DIS_XX.wav,crema_d,1039,IWW,DIS,disgust,unspecified,,,,,,,,,,male,51
1039_IWW_FEA_XX,crema_d_1039_IWW_FEA_XX,1039_IWW_FEA_XX.wav,crema_d,1039,IWW,FEA,fear,unspecified,,,,,,,,,,male,51
1039_IWW_HAP_XX,crema_d_1039_IWW_HAP_XX,1039_IWW_HAP_XX.wav,crema_d,1039,IWW,HAP,happy,unspecified,,,16000.0,2.402375,16000.0,3.0,1.250375,,,male,51
1039_IWW_NEU_XX,crema_d_1039_IWW_NEU_XX,1039_IWW_NEU_XX.wav,crema_d,1039,IWW,NEU,neutral,unspecified,,,16000.0,2.2021875,16000.0,3.0,0.032,,,male,51
1039_IWW_SAD_XX,crema_d_1039_IWW_SAD_XX,1039_IWW_SAD_XX.wav,crema_d,1039,IWW,SAD,sad,unspecified,,,,,,,,,,male,51
1039_MTI_ANG_XX,crema_d_1039_MTI_ANG_XX,1039_MTI_ANG_XX.wav,crema_d,1039,MTI,ANG,anger,unspecified,,,16000.0,3.036375,16000.0,3.0,1.276375,,,male,51
1039_MTI_DIS_XX,crema_d_1039_MTI_DIS_XX,1039_MTI_DIS_XX.wav,crema_d,1039,MTI,DIS,disgust,unspecified,,,,,,,,,,male,51
1039_MTI_FEA_XX,crema_d_1039_MTI_FEA_XX,1039_MTI_FEA_XX.wav,crema_d,1039,MTI,FEA,fear,unspecified,,,,,,,,,,male,51
1039_MTI_HAP_XX,crema_d_1039_MTI_HAP_XX,1039_MTI_HAP_XX.wav,crema_d,1039,MTI,HAP,happy,unspecified,,,16000.0,2.602625,16000.0,3.0,0.714625,,,male,51
1039_MTI_NEU_XX,crema_d_1039_MTI_NEU_XX,1039_MTI_NEU_XX.wav,crema_d,1039,MTI,NEU,neutral,unspecified,,,16000.0,2.3690625,16000.0,3.0,0.4170625,,,male,51
1039_MTI_SAD_XX,crema_d_1039_MTI_SAD_XX,1039_MTI_SAD_XX.wav,crema_d,1039,MTI,SAD,sad,unspecified,,,,,,,,,,male,51
1039_TAI_ANG_XX,crema_d_1039_TAI_ANG_XX,1039_TAI_ANG_XX.wav,crema_d,1039,TAI,ANG,anger,unspecified,,,16000.0,2.43575,16000.0,3.0,0.73975,,,male,51
1039_TAI_DIS_XX,crema_d_1039_TAI_DIS_XX,1039_TAI_DIS_XX.wav,crema_d,1039,TAI,DIS,disgust,unspecified,,,,,,,,,,male,51
1039_TAI_FEA_XX,crema_d_1039_TAI_FEA_XX,1039_TAI_FEA_XX.wav,crema_d,1039,TAI,FEA,fear,unspecified,,,,,,,,,,male,51
1039_TAI_HAP_XX,crema_d_1039_TAI_HAP_XX,1039_TAI_HAP_XX.wav,crema_d,1039,TAI,HAP,happy,unspecified,,,16000.0,2.7026875,16000.0,3.0,1.1026875,,,male,51
1039_TAI_NEU_XX,crema_d_1039_TAI_NEU_XX,1039_TAI_NEU_XX.wav,crema_d,1039,TAI,NEU,neutral,unspecified,,,16000.0,2.402375,16000.0,3.0,0.034375,,,male,51
1039_TAI_SAD_XX,crema_d_1039_TAI_SAD_XX,1039_TAI_SAD_XX.wav,crema_d,1039,TAI,SAD,sad,unspecified,,,,,,,,,,male,51
1039_TIE_ANG_XX,crema_d_1039_TIE_ANG_XX,1039_TIE_ANG_XX.wav,crema_d,1039,TIE,ANG,anger,unspecified,,,16000.0,2.8361875,16000.0,3.0,1.3321875,,,male,51
1039_TIE_DIS_XX,crema_d_1039_TIE_DIS_XX,1039_TIE_DIS_XX.wav,crema_d,1039,TIE,DIS,disgust,unspecified,,,,,,,,,,male,51
1039_TIE_FEA_XX,crema_d_1039_TIE_FEA_XX,1039_TIE_FEA_XX.wav,crema_d,1039,TIE,FEA,fear,unspecified,,,,,,,,,,male,51
1039_TIE_HAP_XX,crema_d_1039_TIE_HAP_XX,1039_TIE_HAP_XX.wav,crema_d,1039,TIE,HAP,happy,unspecified,,,16000.0,3.036375,16000.0,3.0,1.404375,,,male,51
1039_TIE_NEU_XX,crema_d_1039_TIE_NEU_XX,1039_TIE_NEU_XX.wav,crema_d,1039,TIE,NEU,neutral,unspecified,,,16000.0,2.2755625,16000.0,3.0,1.2195625,,,male,51
1039_TIE_SAD_XX,crema_d_1039_TIE_SAD_XX,1039_TIE_SAD_XX.wav,crema_d,1039,TIE,SAD,sad,unspecified,,,,,,,,,,male,51
1039_TSI_ANG_XX,crema_d_1039_TSI_ANG_XX,1039_TSI_ANG_XX.wav,crema_d,1039,TSI,ANG,anger,unspecified,,,16000.0,2.402375,16000.0,3.0,1.186375,,,male,51
1039_TSI_DIS_XX,crema_d_1039_TSI_DIS_XX,1039_TSI_DIS_XX.wav,crema_d,1039,TSI,DIS,disgust,unspecified,,,,,,,,,,male,51
1039_TSI_FEA_XX,crema_d_1039_TSI_FEA_XX,1039_TSI_FEA_XX.wav,crema_d,1039,TSI,FEA,fear,unspecified,,,,,,,,,,male,51
1039_TSI_HAP_XX,crema_d_1039_TSI_HAP_XX,1039_TSI_HAP_XX.wav,crema_d,1039,TSI,HAP,happy,unspecified,,,16000.0,2.3356875,16000.0,3.0,1.3116875,,,male,51
1039_TSI_NEU_XX,crema_d_1039_TSI_NEU_XX,1039_TSI_NEU_XX.wav,crema_d,1039,TSI,NEU,neutral,unspecified,,,16000.0,1.968625,16000.0,3.0,0.112625,,,male,51
1039_TSI_SAD_XX,crema_d_1039_TSI_SAD_XX,1039_TSI_SAD_XX.wav,crema_d,1039,TSI,SAD,sad,unspecified,,,,,,,,,,male,51
1039_WSI_ANG_XX,crema_d_1039_WSI_ANG_XX,1039_WSI_ANG_XX.wav,crema_d,1039,WSI,ANG,anger,unspecified,,,16000.0,2.5025,16000.0,3.0,1.0625,,,male,51
1039_WSI_DIS_XX,crema_d_1039_WSI_DIS_XX,1039_WSI_DIS_XX.wav,crema_d,1039,WSI,DIS,disgust,unspecified,,,,,,,,,,male,51
1039_WSI_FEA_XX,crema_d_1039_WSI_FEA_XX,1039_WSI_FEA_XX.wav,crema_d,1039,WSI,FEA,fear,unspecified,,,,,,,,,,male,51
1039_WSI_HAP_XX,crema_d_1039_WSI_HAP_XX,1039_WSI_HAP_XX.wav,crema_d,1039,WSI,HAP,happy,unspecified,,,16000.0,2.402375,16000.0,3.0,1.090375,,,male,51
1039_WSI_NEU_XX,crema_d_1039_WSI_NEU_XX,1039_WSI_NEU_XX.wav,crema_d,1039,WSI,NEU,neutral,unspecified,,,16000.0,2.2826875,16000.0,3.0,1.0346875,,,male,51
1039_WSI_SAD_XX,crema_d_1039_WSI_SAD_XX,1039_WSI_SAD_XX.wav,crema_d,1039,WSI,SAD,sad,unspecified,,,,,,,,,,male,51
1040_DFA_ANG_XX,crema_d_1040_DFA_ANG_XX,1040_DFA_ANG_XX.wav,crema_d,1040,DFA,ANG,anger,unspecified,,,16000.0,2.2755625,16000.0,3.0,1.3475625,,,male,42
1040_DFA_DIS_XX,crema_d_1040_DFA_DIS_XX,1040_DFA_DIS_XX.wav,crema_d,1040,DFA,DIS,disgust,unspecified,,,,,,,,,,male,42
1040_DFA_FEA_XX,crema_d_1040_DFA_FEA_XX,1040_DFA_FEA_XX.wav,crema_d,1040,DFA,FEA,fear,unspecified,,,,,,,,,,male,42
1040_DFA_HAP_XX,crema_d_1040_DFA_HAP_XX,1040_DFA_HAP_XX.wav,crema_d,1040,DFA,HAP,happy,unspecified,,,16000.0,2.06875,16000.0,3.0,1.14075,,,male,42
1040_DFA_NEU_XX,crema_d_1040_DFA_NEU_XX,1040_DFA_NEU_XX.wav,crema_d,1040,DFA,NEU,neutral,unspecified,,,16000.0,2.002,16000.0,3.0,0.0,,,male,42
1040_DFA_SAD_XX,crema_d_1040_DFA_SAD_XX,1040_DFA_SAD_XX.wav,crema_d,1040,DFA,SAD,sad,unspecified,,,,,,,,,,male,42
1040_IEO_ANG_HI,crema_d_1040_IEO_ANG_HI,1040_IEO_ANG_HI.wav,crema_d,1040,IEO,ANG,anger,high,,,16000.0,2.3023125,16000.0,3.0,0.9583125,,,male,42
1040_IEO_ANG_LO,crema_d_1040_IEO_ANG_LO,1040_IEO_ANG_LO.wav,crema_d,1040,IEO,ANG,anger,low,,,16000.0,2.035375,16000.0,3.0,0.979375,,,male,42
1040_IEO_ANG_MD,crema_d_1040_IEO_ANG_MD,1040_IEO_ANG_MD.wav,crema_d,1040,IEO,ANG,anger,medium,,,16000.0,2.002,16000.0,3.0,0.85,,,male,42
1040_IEO_DIS_HI,crema_d_1040_IEO_DIS_HI,1040_IEO_DIS_HI.wav,crema_d,1040,IEO,DIS,disgust,high,,,,,,,,,,male,42
1040_IEO_DIS_LO,crema_d_1040_IEO_DIS_LO,1040_IEO_DIS_LO.wav,crema_d,1040,IEO,DIS,disgust,low,,,,,,,,,,male,42
1040_IEO_DIS_MD,crema_d_1040_IEO_DIS_MD,1040_IEO_DIS_MD.wav,crema_d,1040,IEO,DIS,disgust,medium,,,,,,,,,,male,42
1040_IEO_FEA_HI,crema_d_1040_IEO_FEA_HI,1040_IEO_FEA_HI.wav,crema_d,1040,IEO,FEA,fear,high,,,,,,,,,,male,42
1040_IEO_FEA_LO,crema_d_1040_IEO_FEA_LO,1040_IEO_FEA_LO.wav,crema_d,1040,IEO,FEA,fear,low,,,,,,,,,,male,42
1040_IEO_FEA_MD,crema_d_1040_IEO_FEA_MD,1040_IEO_FEA_MD.wav,crema_d,1040,IEO,FEA,fear,medium,,,,,,,,,,male,42
1040_IEO_HAP_HI,crema_d_1040_IEO_HAP_HI,1040_IEO_HAP_HI.wav,crema_d,1040,IEO,HAP,happy,high,,,16000.0,2.369,16000.0,3.0,1.313,,,male,42
1040_IEO_HAP_LO,crema_d_1040_IEO_HAP_LO,1040_IEO_HAP_LO.wav,crema_d,1040,IEO,HAP,happy,low,,,16000.0,2.002,16000.0,3.0,1.234,,,male,42
1040_IEO_HAP_MD,crema_d_1040_IEO_HAP_MD,1040_IEO_HAP_MD.wav,crema_d,1040,IEO,HAP,happy,medium,,,16000.0,2.2755625,16000.0,3.0,0.0,,,male,42
1040_IEO_NEU_XX,crema_d_1040_IEO_NEU_XX,1040_IEO_NEU_XX.wav,crema_d,1040,IEO,NEU,neutral,unspecified,,,16000.0,2.002,16000.0,3.0,1.17,,,male,42
1040_IEO_SAD_HI,crema_d_1040_IEO_SAD_HI,1040_IEO_SAD_HI.wav,crema_d,1040,IEO,SAD,sad,high,,,,,,,,,,male,42
1040_IEO_SAD_LO,crema_d_1040_IEO_SAD_LO,1040_IEO_SAD_LO.wav,crema_d,1040,IEO,SAD,sad,low,,,,,,,,,,male,42
1040_IEO_SAD_MD,crema_d_1040_IEO_SAD_MD,1040_IEO_SAD_MD.wav,crema_d,1040,IEO,SAD,sad,medium,,,,,,,,,,male,42
1040_IOM_ANG_XX,crema_d_1040_IOM_ANG_XX,1040_IOM_ANG_XX.wav,crema_d,1040,IOM,ANG,anger,unspecified,,,16000.0,2.2689375,16000.0,3.0,0.8289375,,,male,42
1040_IOM_DIS_XX,crema_d_1040_IOM_DIS_XX,1040_IOM_DIS_XX.wav,crema_d,1040,IOM,DIS,disgust,unspecified,,,,,,,,,,male,42
1040_IOM_FEA_XX,crema_d_1040_IOM_FEA_XX,1040_IOM_FEA_XX.wav,crema_d,1040,IOM,FEA,fear,unspecified,,,,,,,,,,male,42
1040_IOM_HAP_XX,crema_d_1040_IOM_HAP_XX,1040_IOM_HAP_XX.wav,crema_d,1040,IOM,HAP,happy,unspecified,,,16000.0,2.402375,16000.0,3.0,0.706375,,,male,42
1040_IOM_NEU_XX,crema_d_1040_IOM_NEU_XX,1040_IOM_NEU_XX.wav,crema_d,1040,IOM,NEU,neutral,unspecified,,,16000.0,2.5025,16000.0,3.0,0.032,,,male,42
1040_IOM_SAD_XX,crema_d_1040_IOM_SAD_XX,1040_IOM_SAD_XX.wav,crema_d,1040,IOM,SAD,sad,unspecified,,,,,,,,,,male,42
1040_ITH_ANG_XX,crema_d_1040_ITH_ANG_XX,1040_ITH_ANG_XX.wav,crema_d,1040,ITH,ANG,anger,unspecified,,,16000.0,2.402375,16000.0,3.0,0.834375,,,male,42
1040_ITH_DIS_XX,crema_d_1040_ITH_DIS_XX,1040_ITH_DIS_XX.wav,crema_d,1040,ITH,DIS,disgust,unspecified,,,,,,,,,,male,42
1040_ITH_FEA_XX,crema_d_1040_ITH_FEA_XX,1040_ITH_FEA_XX.wav,crema_d,1040,ITH,FEA,fear,unspecified,,,,,,,,,,male,42
1040_ITH_HAP_XX,crema_d_1040_ITH_HAP_XX,1040_ITH_HAP_XX.wav,crema_d,1040,ITH,HAP,happy,unspecified,,,16000.0,2.535875,16000.0,3.0,0.032,,,male,42
1040_ITH_NEU_XX,crema_d_1040_ITH_NEU_XX,1040_ITH_NEU_XX.wav,crema_d,1040,ITH,NEU,neutral,unspecified,,,16000.0,2.7360625,16000.0,3.0,0.0,,,male,42
1040_ITH_SAD_XX,crema_d_1040_ITH_SAD_XX,1040_ITH_SAD_XX.wav,crema_d,1040,ITH,SAD,sad,unspecified,,,,,,,,,,male,42
1040_ITS_ANG_XX,crema_d_1040_ITS_ANG_XX,1040_ITS_ANG_XX.wav,crema_d,1040,ITS,ANG,anger,unspecified,,,16000.0,2.3356875,16000.0,3.0,0.9276875,,,male,42
1040_ITS_DIS_XX,crema_d_1040_ITS_DIS_XX,1040_ITS_DIS_XX.wav,crema_d,1040,ITS,DIS,disgust,unspecified,,,,,,,,,,male,42
1040_ITS_FEA_XX,crema_d_1040_ITS_FEA_XX,1040_ITS_FEA_XX.wav,crema_d,1040,ITS,FEA,fear,unspecified,,,,,,,,,,male,42
1040_ITS_HAP_XX,crema_d_1040_ITS_HAP_XX,1040_ITS_HAP_XX.wav,crema_d,1040,ITS,HAP,happy,unspecified,,,16000.0,2.535875,16000.0,3.0,0.711875,,,male,42
1040_ITS_NEU_XX,crema_d_1040_ITS_NEU_XX,1040_ITS_NEU_XX.wav,crema_d,1040,ITS,NEU,neutral,unspecified,,,16000.0,2.06875,16000.0,3.0,0.032,,,male,42
1040_ITS_SAD_XX,crema_d_1040_ITS_SAD_XX,1040_ITS_SAD_XX.wav,crema_d,1040,ITS,SAD,sad,unspecified,,,,,,,,,,male,42
1040_IWL_ANG_XX,crema_d_1040_IWL_ANG_XX,1040_IWL_ANG_XX.wav,crema_d,1040,IWL,ANG,anger,unspecified,,,16000.0,2.7026875,16000.0,3.0,1.1026875,,,male,42
1040_IWL_DIS_XX,crema_d_1040_IWL_DIS_XX,1040_IWL_DIS_XX.wav,crema_d,1040,IWL,DIS,disgust,unspecified,,,,,,,,,,male,42
1040_IWL_FEA_XX,crema_d_1040_IWL_FEA_XX,1040_IWL_FEA_XX.wav,crema_d,1040,IWL,FEA,fear,unspecified,,,,,,,,,,male,42
1040_IWL_HAP_XX,crema_d_1040_IWL_HAP_XX,1040_IWL_HAP_XX.wav,crema_d,1040,IWL,HAP,happy,unspecified,,,16000.0,2.43575,16000.0,3.0,0.86775,,,male,42
1040_IWL_NEU_XX,crema_d_1040_IWL_NEU_XX,1040_IWL_NEU_XX.wav,crema_d,1040,IWL,NEU,neutral,unspecified,,,16000.0,2.7360625,16000.0,3.0,0.0480625,,,male,42
1040_IWL_SAD_XX,crema_d_1040_IWL_SAD_XX,1040_IWL_SAD_XX.wav,crema_d,1040,IWL,SAD,sad,unspecified,,,,,,,,,,male,42
1040_IWW_ANG_XX,crema_d_1040_IWW_ANG_XX,1040_IWW_ANG_XX.wav,crema_d,1040,IWW,ANG,anger,unspecified,,,16000.0,2.5025,16000.0,3.0,1.2545,,,male,42
1040_IWW_DIS_XX,crema_d_1040_IWW_DIS_XX,1040_IWW_DIS_XX.wav,crema_d,1040,IWW,DIS,disgust,unspecified,,,,,,,,,,male,42
1040_IWW_FEA_XX,crema_d_1040_IWW_FEA_XX,1040_IWW_FEA_XX.wav,crema_d,1040,IWW,FEA,fear,unspecified,,,,,,,,,,male,42
1040_IWW_HAP_XX,crema_d_1040_IWW_HAP_XX,1040_IWW_HAP_XX.wav,crema_d,1040,IWW,HAP,happy,unspecified,,,16000.0,2.1354375,16000.0,3.0,0.0,,,male,42
1040_IWW_NEU_XX,crema_d_1040_IWW_NEU_XX,1040_IWW_NEU_XX.wav,crema_d,1040,IWW,NEU,neutral,unspecified,,,16000.0,2.56925,16000.0,3.0,0.04125,,,male,42
1040_IWW_SAD_XX,crema_d_1040_IWW_SAD_XX,1040_IWW_SAD_XX.wav,crema_d,1040,IWW,SAD,sad,unspecified,,,,,,,,,,male,42
1040_MTI_ANG_XX,crema_d_1040_MTI_ANG_XX,1040_MTI_ANG_XX.wav,crema_d,1040,MTI,ANG,anger,unspecified,,,16000.0,2.3356875,16000.0,3.0,0.7676875,,,male,42
1040_MTI_DIS_XX,crema_d_1040_MTI_DIS_XX,1040_MTI_DIS_XX.wav,crema_d,1040,MTI,DIS,disgust,unspecified,,,,,,,,,,male,42
1040_MTI_FEA_XX,crema_d_1040_MTI_FEA_XX,1040_MTI_FEA_XX.wav,crema_d,1040,MTI,FEA,fear,unspecified,,,,,,,,,,male,42
1040_MTI_HAP_XX,crema_d_1040_MTI_HAP_XX,1040_MTI_HAP_XX.wav,crema_d,1040,MTI,HAP,happy,unspecified,,,16000.0,2.402375,16000.0,3.0,0.034375,,,male,42
1040_MTI_NEU_XX,crema_d_1040_MTI_NEU_XX,1040_MTI_NEU_XX.wav,crema_d,1040,MTI,NEU,neutral,unspecified,,,16000.0,2.7694375,16000.0,3.0,0.0,,,male,42
1040_MTI_SAD_XX,crema_d_1040_MTI_SAD_XX,1040_MTI_SAD_XX.wav,crema_d,1040,MTI,SAD,sad,unspecified,,,,,,,,,,male,42
1040_TAI_ANG_XX,crema_d_1040_TAI_ANG_XX,1040_TAI_ANG_XX.wav,crema_d,1040,TAI,ANG,anger,unspecified,,,16000.0,2.969625,16000.0,3.0,1.369625,,,male,42
1040_TAI_DIS_XX,crema_d_1040_TAI_DIS_XX,1040_TAI_DIS_XX.wav,crema_d,1040,TAI,DIS,disgust,unspecified,,,,,,,,,,male,42
1040_TAI_FEA_XX,crema_d_1040_TAI_FEA_XX,1040_TAI_FEA_XX.wav,crema_d,1040,TAI,FEA,fear,unspecified,,,,,,,,,,male,42
1040_TAI_HAP_XX,crema_d_1040_TAI_HAP_XX,1040_TAI_HAP_XX.wav,crema_d,1040,TAI,HAP,happy,unspecified,,,16000.0,2.6693125,16000.0,3.0,0.0133125,,,male,42
1040_TAI_NEU_XX,crema_d_1040_TAI_NEU_XX,1040_TAI_NEU_XX.wav,crema_d,1040,TAI,NEU,neutral,unspecified,,,16000.0,2.2689375,16000.0,3.0,0.032,,,male,42
1040_TAI_SAD_XX,crema_d_1040_TAI_SAD_XX,1040_TAI_SAD_XX.wav,crema_d,1040,TAI,SAD,sad,unspecified,,,,,,,,,,male,42
1040_TIE_ANG_XX,crema_d_1040_TIE_ANG_XX,1040_TIE_ANG_XX.wav,crema_d,1040,TIE,ANG,anger,unspecified,,,16000.0,2.902875,16000.0,3.0,1.238875,,,male,42
1040_TIE_DIS_XX,crema_d_1040_TIE_DIS_XX,1040_TIE_DIS_XX.wav,crema_d,1040,TIE,DIS,disgust,unspecified,,,,,,,,,,male,42
1040_TIE_FEA_XX,crema_d_1040_TIE_FEA_XX,1040_TIE_FEA_XX.wav,crema_d,1040,TIE,FEA,fear,unspecified,,,,,,,,,,male,42
1040_TIE_HAP_XX,crema_d_1040_TIE_HAP_XX,1040_TIE_HAP_XX.wav,crema_d,1040,TIE,HAP,happy,unspecified,,,16000.0,2.93625,16000.0,3.0,0.12025,,,male,42
1040_TIE_NEU_XX,crema_d_1040_TIE_NEU_XX,1040_TIE_NEU_XX.wav,crema_d,1040,TIE,NEU,neutral,unspecified,,,16000.0,2.7360625,16000.0,3.0,0.0,,,male,42
1040_TIE_SAD_XX,crema_d_1040_TIE_SAD_XX,1040_TIE_SAD_XX.wav,crema_d,1040,TIE,SAD,sad,unspecified,,,,,,,,,,male,42
1040_TSI_ANG_XX,crema_d_1040_TSI_ANG_XX,1040_TSI_ANG_XX.wav,crema_d,1040,TSI,ANG,anger,unspecified,,,16000.0,2.3356875,16000.0,3.0,1.0556875,,,male,42
1040_TSI_DIS_XX,crema_d_1040_TSI_DIS_XX,1040_TSI_DIS_XX.wav,crema_d,1040,TSI,DIS,disgust,unspecified,,,,,,,,,,male,42
1040_TSI_FEA_XX,crema_d_1040_TSI_FEA_XX,1040_TSI_FEA_XX.wav,crema_d,1040,TSI,FEA,fear,unspecified,,,,,,,,,,male,42
1040_TSI_HAP_XX,crema_d_1040_TSI_HAP_XX,1040_TSI_HAP_XX.wav,crema_d,1040,TSI,HAP,happy,unspecified,,,16000.0,2.402375,16000.0,3.0,0.034375,,,male,42
1040_TSI_NEU_XX,crema_d_1040_TSI_NEU_XX,1040_TSI_NEU_XX.wav,crema_d,1040,TSI,NEU,neutral,unspecified,,,16000.0,2.2755625,16000.0,3.0,0.0995625,,,male,42
1040_TSI_SAD_XX,crema_d_1040_TSI_SAD_XX,1040_TSI_SAD_XX.wav,crema_d,1040,TSI,SAD,sad,unspecified,,,,,,,,,,male,42
1040_WSI_ANG_XX,crema_d_1040_WSI_ANG_XX,1040_WSI_ANG_XX.wav,crema_d,1040,WSI,ANG,anger,unspecified,,,16000.0,2.8361875,16000.0,3.0,1.2681875,,,male,42
1040_WSI_DIS_XX,crema_d_1040_WSI_DIS_XX,1040_WSI_DIS_XX.wav,crema_d,1040,WSI,DIS,disgust,unspecified,,,,,,,,,,male,42
1040_WSI_FEA_XX,crema_d_1040_WSI_FEA_XX,1040_WSI_FEA_XX.wav,crema_d,1040,WSI,FEA,fear,unspecified,,,,,,,,,,male,42
1040_WSI_HAP_XX,crema_d_1040_WSI_HAP_XX,1040_WSI_HAP_XX.wav,crema_d,1040,WSI,HAP,happy,unspecified,,,16000.0,2.469125,16000.0,3.0,0.613125,,,male,42
1040_WSI_NEU_XX,crema_d_1040_WSI_NEU_XX,1040_WSI_NEU_XX.wav,crema_d,1040,WSI,NEU,neutral,unspecified,,,16000.0,2.602625,16000.0,3.0,0.032,,,male,42
1040_WSI_SAD_XX,crema_d_1040_WSI_SAD_XX,1040_WSI_SAD_XX.wav,crema_d,1040,WSI,SAD,sad,unspecified,,,,,,,,,,male,42
1041_DFA_ANG_XX,crema_d_1041_DFA_ANG_XX,1041_DFA_ANG_XX.wav,crema_d,1041,DFA,ANG,anger,unspecified,,,16000.0,2.1354375,16000.0,3.0,0.9834375,,,male,42
1041_DFA_DIS_XX,crema_d_1041_DFA_DIS_XX,1041_DFA_DIS_XX.wav,crema_d,1041,DFA,DIS,disgust,unspecified,,,,,,,,,,male,42
1041_DFA_FEA_XX,crema_d_1041_DFA_FEA_XX,1041_DFA_FEA_XX.wav,crema_d,1041,DFA,FEA,fear,unspecified,,,,,,,,,,male,42
1041_DFA_HAP_XX,crema_d_1041_DFA_HAP_XX,1041_DFA_HAP_XX.wav,crema_d,1041,DFA,HAP,happy,unspecified,,,16000.0,1.93525,16000.0,3.0,0.91125,,,male,42
1041_DFA_NEU_XX,crema_d_1041_DFA_NEU_XX,1041_DFA_NEU_XX.wav,crema_d,1041,DFA,NEU,neutral,unspecified,,,16000.0,1.8018125,16000.0,3.0,0.032,,,male,42
1041_DFA_SAD_XX,crema_d_1041_DFA_SAD_XX,1041_DFA_SAD_XX.wav,crema_d,1041,DFA,SAD,sad,unspecified,,,,,,,,,,male,42
1041_IEO_ANG_HI,crema_d_1041_IEO_ANG_HI,1041_IEO_ANG_HI.wav,crema_d,1041,IEO,ANG,anger,high,,,16000.0,2.3690625,16000.0,3.0,1.1530625,,,male,42
1041_IEO_ANG_LO,crema_d_1041_IEO_ANG_LO,1041_IEO_ANG_LO.wav,crema_d,1041,IEO,ANG,anger,low,,,16000.0,1.8018125,16000.0,3.0,0.0098125,,,male,42
1041_IEO_ANG_MD,crema_d_1041_IEO_ANG_MD,1041_IEO_ANG_MD.wav,crema_d,1041,IEO,ANG,anger,medium,,,16000.0,2.2021875,16000.0,3.0,0.9541875,,,male,42
1041_IEO_DIS_HI,crema_d_1041_IEO_DIS_HI,1041_IEO_DIS_HI.wav,crema_d,1041,IEO,DIS,disgust,high,,,,,,,,,,male,42
1041_IEO_DIS_LO,crema_d_1041_IEO_DIS_LO,1041_IEO_DIS_LO.wav,crema_d,1041,IEO,DIS,disgust,low,,,,,,,,,,male,42
1041_IEO_DIS_MD,crema_d_1041_IEO_DIS_MD,1041_IEO_DIS_MD.wav,crema_d,1041,IEO,DIS,disgust,medium,,,,,,,,,,male,42
1041_IEO_FEA_HI,crema_d_1041_IEO_FEA_HI,1041_IEO_FEA_HI.wav,crema_d,1041,IEO,FEA,fear,high,,,,,,,,,,male,42
1041_IEO_FEA_LO,crema_d_1041_IEO_FEA_LO,1041_IEO_FEA_LO.wav,crema_d,1041,IEO,FEA,fear,low,,,,,,,,,,male,42
1041_IEO_FEA_MD,crema_d_1041_IEO_FEA_MD,1041_IEO_FEA_MD.wav,crema_d,1041,IEO,FEA,fear,medium,,,,,,,,,,male,42
1041_IEO_HAP_HI,crema_d_1041_IEO_HAP_HI,1041_IEO_HAP_HI.wav,crema_d,1041,IEO,HAP,happy,high,,,16000.0,2.2689375,16000.0,3.0,1.1489375,,,male,42
1041_IEO_HAP_LO,crema_d_1041_IEO_HAP_LO,1041_IEO_HAP_LO.wav,crema_d,1041,IEO,HAP,happy,low,,,16000.0,2.102125,16000.0,3.0,0.0,,,male,42
1041_IEO_HAP_MD,crema_d_1041_IEO_HAP_MD,1041_IEO_HAP_MD.wav,crema_d,1041,IEO,HAP,happy,medium,,,16000.0,1.901875,16000.0,3.0,0.013875,,,male,42
1041_IEO_NEU_XX,crema_d_1041_IEO_NEU_XX,1041_IEO_NEU_XX.wav,crema_d,1041,IEO,NEU,neutral,unspecified,,,16000.0,1.7684375,16000.0,3.0,0.0,,,male,42
1041_IEO_SAD_HI,crema_d_1041_IEO_SAD_HI,1041_IEO_SAD_HI.wav,crema_d,1041,IEO,SAD,sad,high,,,,,,,,,,male,42
1041_IEO_SAD_LO,crema_d_1041_IEO_SAD_LO,1041_IEO_SAD_LO.wav,crema_d,1041,IEO,SAD,sad,low,,,,,,,,,,male,42
1041_IEO_SAD_MD,crema_d_1041_IEO_SAD_MD,1041_IEO_SAD_MD.wav,crema_d,1041,IEO,SAD,sad,medium,,,,,,,,,,male,42
1041_IOM_ANG_XX,crema_d_1041_IOM_ANG_XX,1041_IOM_ANG_XX.wav,crema_d,1041,IOM,ANG,anger,unspecified,,,16000.0,2.002,16000.0,3.0,0.882,,,male,42
1041_IOM_DIS_XX,crema_d_1041_IOM_DIS_XX,1041_IOM_DIS_XX.wav,crema_d,1041,IOM,DIS,disgust,unspecified,,,,,,,,,,male,42
1041_IOM_FEA_XX,crema_d_1041_IOM_FEA_XX,1041_IOM_FEA_XX.wav,crema_d,1041,IOM,FEA,fear,unspecified,,,,,,,,,,male,42
1041_IOM_HAP_XX,crema_d_1041_IOM_HAP_XX,1041_IOM_HAP_XX.wav,crema_d,1041,IOM,HAP,happy,unspecified,,,16000.0,2.002,16000.0,3.0,0.882,,,male,42
1041_IOM_NEU_XX,crema_d_1041_IOM_NEU_XX,1041_IOM_NEU_XX.wav,crema_d,1041,IOM,NEU,neutral,unspecified,,,16000.0,2.002,16000.0,3.0,0.0,,,male,42
1041_IOM_SAD_XX,crema_d_1041_IOM_SAD_XX,1041_IOM_SAD_XX.wav,crema_d,1041,IOM,SAD,sad,unspecified,,,,,,,,,,male,42
1041_ITH_ANG_XX,crema_d_1041_ITH_ANG_XX,1041_ITH_ANG_XX.wav,crema_d,1041,ITH,ANG,anger,unspecified,,,16000.0,2.6693125,16000.0,3.0,1.1013125,,,male,42
1041_ITH_DIS_XX,crema_d_1041_ITH_DIS_XX,1041_ITH_DIS_XX.wav,crema_d,1041,ITH,DIS,disgust,unspecified,,,,,,,,,,male,42
1041_ITH_FEA_XX,crema_d_1041_ITH_FEA_XX,1041_ITH_FEA_XX.wav,crema_d,1041,ITH,FEA,fear,unspecified,,,,,,,,,,male,42
1041_ITH_HAP_XX,crema_d_1041_ITH_HAP_XX,1041_ITH_HAP_XX.wav,crema_d,1041,ITH,HAP,happy,unspecified,,,16000.0,2.3356875,16000.0,3.0,0.9596875,,,male,42
1041_ITH_NEU_XX,crema_d_1041_ITH_NEU_XX,1041_ITH_NEU_XX.wav,crema_d,1041,ITH,NEU,neutral,unspecified,,,16000.0,2.6693125,16000.0,3.0,0.0,,,male,42
1041_ITH_SAD_XX,crema_d_1041_ITH_SAD_XX,1041_ITH_SAD_XX.wav,crema_d,1041,ITH,SAD,sad,unspecified,,,,,,,,,,male,42
1041_ITS_ANG_XX,crema_d_1041_ITS_ANG_XX,1041_ITS_ANG_XX.wav,crema_d,1041,ITS,ANG,anger,unspecified,,,16000.0,2.93625,16000.0,3.0,1.20825,,,male,42
1041_ITS_DIS_XX,crema_d_1041_ITS_DIS_XX,1041_ITS_DIS_XX.wav,crema_d,1041,ITS,DIS,disgust,unspecified,,,,,,,,,,male,42
1041_ITS_FEA_XX,crema_d_1041_ITS_FEA_XX,1041_ITS_FEA_XX.wav,crema_d,1041,ITS,FEA,fear,unspecified,,,,,,,,,,male,42
1041_ITS_HAP_XX,crema_d_1041_ITS_HAP_XX,1041_ITS_HAP_XX.wav,crema_d,1041,ITS,HAP,happy,unspecified,,,16000.0,1.8351875,16000.0,3.0,0.6191875,,,male,42
1041_ITS_NEU_XX,crema_d_1041_ITS_NEU_XX,1041_ITS_NEU_XX.wav,crema_d,1041,ITS,NEU,neutral,unspecified,,,16000.0,2.1688125,16000.0,3.0,0.0,,,male,42
1041_ITS_SAD_XX,crema_d_1041_ITS_SAD_XX,1041_ITS_SAD_XX.wav,crema_d,1041,ITS,SAD,sad,unspecified,,,,,,,,,,male,42
1041_IWL_ANG_XX,crema_d_1041_IWL_ANG_XX,1041_IWL_ANG_XX.wav,crema_d,1041,IWL,ANG,anger,unspecified,,,16000.0,2.93625,16000.0,3.0,1.24025,,,male,42
1041_IWL_DIS_XX,crema_d_1041_IWL_DIS_XX,1041_IWL_DIS_XX.wav,crema_d,1041,IWL,DIS,disgust,unspecified,,,,,,,,,,male,42
1041_IWL_FEA_XX,crema_d_1041_IWL_FEA_XX,1041_IWL_FEA_XX.wav,crema_d,1041,IWL,FEA,fear,unspecified,,,,,,,,,,male,42
1041_IWL_HAP_XX,crema_d_1041_IWL_HAP_XX,1041_IWL_HAP_XX.wav,crema_d,1041,IWL,HAP,happy,unspecified,,,16000.0,2.6359375,16000.0,3.0,1.4519375,,,male,42
1041_IWL_NEU_XX,crema_d_1041_IWL_NEU_XX,1041_IWL_NEU_XX.wav,crema_d,1041,IWL,NEU,neutral,unspecified,,,16000.0,2.5025,16000.0,3.0,0.7425,,,male,42
1041_IWL_SAD_XX,crema_d_1041_IWL_SAD_XX,1041_IWL_SAD_XX.wav,crema_d,1041,IWL,SAD,sad,unspecified,,,,,,,,,,male,42
1041_IWW_ANG_XX,crema_d_1041_IWW_ANG_XX,1041_IWW_ANG_XX.wav,crema_d,1041,IWW,ANG,anger,unspecified,,,16000.0,2.06875,16000.0,3.0,0.82075,,,male,42
1041_IWW_DIS_XX,crema_d_1041_IWW_DIS_XX,1041_IWW_DIS_XX.wav,crema_d,1041,IWW,DIS,disgust,unspecified,,,,,,,,,,male,42
1041_IWW_FEA_XX,crema_d_1041_IWW_FEA_XX,1041_IWW_FEA_XX.wav,crema_d,1041,IWW,FEA,fear,unspecified,,,,,,,,,,male,42
1041_IWW_HAP_XX,crema_d_1041_IWW_HAP_XX,1041_IWW_HAP_XX.wav,crema_d,1041,IWW,HAP,happy,unspecified,,,16000.0,1.6683125,16000.0,3.0,0.5483125,,,male,42
1041_IWW_NEU_XX,crema_d_1041_IWW_NEU_XX,1041_IWW_NEU_XX.wav,crema_d,1041,IWW,NEU,neutral,unspecified,,,16000.0,2.3356875,16000.0,3.0,0.0,,,male,42
1041_IWW_SAD_XX,crema_d_1041_IWW_SAD_XX,1041_IWW_SAD_XX.wav,crema_d,1041,IWW,SAD,sad,unspecified,,,,,,,,,,male,42
1041_MTI_ANG_XX,crema_d_1041_MTI_ANG_XX,1041_MTI_ANG_XX.wav,crema_d,1041,MTI,ANG,anger,unspecified,,,16000.0,2.56925,16000.0,3.0,1.12925,,,male,42
1041_MTI_DIS_XX,crema_d_1041_MTI_DIS_XX,1041_MTI_DIS_XX.wav,crema_d,1041,MTI,DIS,disgust,unspecified,,,,,,,,,,male,42
1041_MTI_FEA_XX,crema_d_1041_MTI_FEA_XX,1041_MTI_FEA_XX.wav,crema_d,1041,MTI,FEA,fear,unspecified,,,,,,,,,,male,42
1041_MTI_HAP_XX,crema_d_1041_MTI_HAP_XX,1041_MTI_HAP_XX.wav,crema_d,1041,MTI,HAP,happy,unspecified,,,16000.0,1.7684375,16000.0,3.0,0.3284375,,,male,42
1041_MTI_NEU_XX,crema_d_1041_MTI_NEU_XX,1041_MTI_NEU_XX.wav,crema_d,1041,MTI,NEU,neutral,unspecified,,,16000.0,2.2755625,16000.0,3.0,0.0995625,,,male,42
1041_MTI_SAD_XX,crema_d_1041_MTI_SAD_XX,1041_MTI_SAD_XX.wav,crema_d,1041,MTI,SAD,sad,unspecified,,,,,,,,,,male,42
1041_TAI_ANG_XX,crema_d_1041_TAI_ANG_XX,1041_TAI_ANG_XX.wav,crema_d,1041,TAI,ANG,anger,unspecified,,,16000.0,2.8028125,16000.0,3.0,1.3628125,,,male,42
1041_TAI_DIS_XX,crema_d_1041_TAI_DIS_XX,1041_TAI_DIS_XX.wav,crema_d,1041,TAI,DIS,disgust,unspecified,,,,,,,,,,male,42
1041_TAI_FEA_XX,crema_d_1041_TAI_FEA_XX,1041_TAI_FEA_XX.wav,crema_d,1041,TAI,FEA,fear,unspecified,,,,,,,,,,male,42
1041_TAI_HAP_XX,crema_d_1041_TAI_HAP_XX,1041_TAI_HAP_XX.wav,crema_d,1041,TAI,HAP,happy,unspecified,,,16000.0,2.3356875,16000.0,3.0,0.7996875,,,male,42
1041_TAI_NEU_XX,crema_d_1041_TAI_NEU_XX,1041_TAI_NEU_XX.wav,crema_d,1041,TAI,NEU,neutral,unspecified,,,16000.0,2.5025,16000.0,3.0,0.0705,,,male,42
1041_TAI_SAD_XX,crema_d_1041_TAI_SAD_XX,1041_TAI_SAD_XX.wav,crema_d,1041,TAI,SAD,sad,unspecified,,,,,,,,,,male,42
1041_TIE_ANG_XX,crema_d_1041_TIE_ANG_XX,1041_TIE_ANG_XX.wav,crema_d,1041,TIE,ANG,anger,unspecified,,,16000.0,2.7360625,16000.0,3.0,1.2960625,,,male,42
1041_TIE_DIS_XX,crema_d_1041_TIE_DIS_XX,1041_TIE_DIS_XX.wav,crema_d,1041,TIE,DIS,disgust,unspecified,,,,,,,,,,male,42
1041_TIE_FEA_XX,crema_d_1041_TIE_FEA_XX,1041_TIE_FEA_XX.wav,crema_d,1041,TIE,FEA,fear,unspecified,,,,,,,,,,male,42
1041_TIE_HAP_XX,crema_d_1041_TIE_HAP_XX,1041_TIE_HAP_XX.wav,crema_d,1041,TIE,HAP,happy,unspecified,,,16000.0,2.535875,16000.0,3.0,0.071875,,,male,42
1041_TIE_NEU_XX,crema_d_1041_TIE_NEU_XX,1041_TIE_NEU_XX.wav,crema_d,1041,TIE,NEU,neutral,unspecified,,,16000.0,2.7360625,16000.0,3.0,0.0,,,male,42
1041_TIE_SAD_XX,crema_d_1041_TIE_SAD_XX,1041_TIE_SAD_XX.wav,crema_d,1041,TIE,SAD,sad,unspecified,,,,,,,,,,male,42
1041_TSI_ANG_XX,crema_d_1041_TSI_ANG_XX,1041_TSI_ANG_XX.wav,crema_d,1041,TSI,ANG,anger,unspecified,,,16000.0,2.3356875,16000.0,3.0,0.9596875,,,male,42
1041_TSI_DIS_XX,crema_d_1041_TSI_DIS_XX,1041_TSI_DIS_XX.wav,crema_d,1041,TSI,DIS,disgust,unspecified,,,,,,,,,,male,42
1041_TSI_FEA_XX,crema_d_1041_TSI_FEA_XX,1041_TSI_FEA_XX.wav,crema_d,1041,TSI,FEA,fear,unspecified,,,,,,,,,,male,42
1041_TSI_HAP_XX,crema_d_1041_TSI_HAP_XX,1041_TSI_HAP_XX.wav,crema_d,1041,TSI,HAP,happy,unspecified,,,16000.0,2.402375,16000.0,3.0,1.442375,,,male,42
1041_TSI_NEU_XX,crema_d_1041_TSI_NEU_XX,1041_TSI_NEU_XX.wav,crema_d,1041,TSI,NEU,neutral,unspecified,,,16000.0,2.43575,16000.0,3.0,0.00375,,,male,42
1041_TSI_SAD_XX,crema_d_1041_TSI_SAD_XX,1041_TSI_SAD_XX.wav,crema_d,1041,TSI,SAD,sad,unspecified,,,,,,,,,,male,42
1041_WSI_ANG_XX,crema_d_1041_WSI_ANG_XX,1041_WSI_ANG_XX.wav,crema_d,1041,WSI,ANG,anger,unspecified,,,16000.0,3.003,16000.0,3.0,1.275,,,male,42
1041_WSI_DIS_XX,crema_d_1041_WSI_DIS_XX,1041_WSI_DIS_XX.wav,crema_d,1041,WSI,DIS,disgust,unspecified,,,,,,,,,,male,42
1041_WSI_FEA_XX,crema_d_1041_WSI_FEA_XX,1041_WSI_FEA_XX.wav,crema_d,1041,WSI,FEA,fear,unspecified,,,,,,,,,,male,42
1041_WSI_HAP_XX,crema_d_1041_WSI_HAP_XX,1041_WSI_HAP_XX.wav,crema_d,1041,WSI,HAP,happy,unspecified,,,16000.0,2.06875,16000.0,3.0,0.85275,,,male,42
1041_WSI_NEU_XX,crema_d_1041_WSI_NEU_XX,1041_WSI_NEU_XX.wav,crema_d,1041,WSI,NEU,neutral,unspecified,,,16000.0,2.535875,16000.0,3.0,0.032,,,male,42
1041_WSI_SAD_XX,crema_d_1041_WSI_SAD_XX,1041_WSI_SAD_XX.wav,crema_d,1041,WSI,SAD,sad,unspecified,,,,,,,,,,male,42
1042_DFA_ANG_XX,crema_d_1042_DFA_ANG_XX,1042_DFA_ANG_XX.wav,crema_d,1042,DFA,ANG,anger,unspecified,,,16000.0,1.93525,16000.0,3.0,0.84725,,,male,37
1042_DFA_DIS_XX,crema_d_1042_DFA_DIS_XX,1042_DFA_DIS_XX.wav,crema_d,1042,DFA,DIS,disgust,unspecified,,,,,,,,,,male,37
1042_DFA_FEA_XX,crema_d_1042_DFA_FEA_XX,1042_DFA_FEA_XX.wav,crema_d,1042,DFA,FEA,fear,unspecified,,,,,,,,,,male,37
1042_DFA_HAP_XX,crema_d_1042_DFA_HAP_XX,1042_DFA_HAP_XX.wav,crema_d,1042,DFA,HAP,happy,unspecified,,,16000.0,2.002,16000.0,3.0,0.946,,,male,37
1042_DFA_NEU_XX,crema_d_1042_DFA_NEU_XX,1042_DFA_NEU_XX.wav,crema_d,1042,DFA,NEU,neutral,unspecified,,,16000.0,2.3690625,16000.0,3.0,0.2570625,,,male,37
1042_DFA_SAD_XX,crema_d_1042_DFA_SAD_XX,1042_DFA_SAD_XX.wav,crema_d,1042,DFA,SAD,sad,unspecified,,,,,,,,,,male,37
1042_IEO_ANG_HI,crema_d_1042_IEO_ANG_HI,1042_IEO_ANG_HI.wav,crema_d,1042,IEO,ANG,anger,high,,,16000.0,2.535875,16000.0,3.0,1.095875,,,male,37
1042_IEO_ANG_LO,crema_d_1042_IEO_ANG_LO,1042_IEO_ANG_LO.wav,crema_d,1042,IEO,ANG,anger,low,,,16000.0,1.7016875,16000.0,3.0,0.7416875,,,male,37
1042_IEO_ANG_MD,crema_d_1042_IEO_ANG_MD,1042_IEO_ANG_MD.wav,crema_d,1042,IEO,ANG,anger,medium,,,16000.0,1.8351875,16000.0,3.0,0.9071875,,,male,37
1042_IEO_DIS_HI,crema_d_1042_IEO_DIS_HI,1042_IEO_DIS_HI.wav,crema_d,1042,IEO,DIS,disgust,high,,,,,,,,,,male,37
1042_IEO_DIS_LO,crema_d_1042_IEO_DIS_LO,1042_IEO_DIS_LO.wav,crema_d,1042,IEO,DIS,disgust,low,,,,,,,,,,male,37
1042_IEO_DIS_MD,crema_d_1042_IEO_DIS_MD,1042_IEO_DIS_MD.wav,crema_d,1042,IEO,DIS,disgust,medium,,,,,,,,,,male,37
1042_IEO_FEA_HI,crema_d_1042_IEO_FEA_HI,1042_IEO_FEA_HI.wav,crema_d,1042,IEO,FEA,fear,high,,,,,,,,,,male,37
1042_IEO_FEA_LO,crema_d_1042_IEO_FEA_LO,1042_IEO_FEA_LO.wav,crema_d,1042,IEO,FEA,fear,low,,,,,,,,,,male,37
1042_IEO_FEA_MD,crema_d_1042_IEO_FEA_MD,1042_IEO_FEA_MD.wav,crema_d,1042,IEO,FEA,fear,medium,,,,,,,,,,male,37
1042_IEO_HAP_HI,crema_d_1042_IEO_HAP_HI,1042_IEO_HAP_HI.wav,crema_d,1042,IEO,HAP,happy,high,,,16000.0,2.7026875,16000.0,3.0,1.5826875,,,male,37
1042_IEO_HAP_LO,crema_d_1042_IEO_HAP_LO,1042_IEO_HAP_LO.wav,crema_d,1042,IEO,HAP,happy,low,,,16000.0,2.035375,16000.0,3.0,1.267375,,,male,37
1042_IEO_HAP_MD,crema_d_1042_IEO_HAP_MD,1042_IEO_HAP_MD.wav,crema_d,1042,IEO,HAP,happy,medium,,,16000.0,2.06875,16000.0,3.0,1.10875,,,male,37
1042_IEO_NEU_XX,crema_d_1042_IEO_NEU_XX,1042_IEO_NEU_XX.wav,crema_d,1042,IEO,NEU,neutral,unspecified,,,16000.0,1.93525,16000.0,3.0,0.032,,,male,37
1042_IEO_SAD_HI,crema_d_1042_IEO_SAD_HI,1042_IEO_SAD_HI.wav,crema_d,1042,IEO,SAD,sad,high,,,,,,,,,,male,37
1042_IEO_SAD_LO,crema_d_1042_IEO_SAD_LO,1042_IEO_SAD_LO.wav,crema_d,1042,IEO,SAD,sad,low,,,,,,,,,,male,37
1042_IEO_SAD_MD,crema_d_1042_IEO_SAD_MD,1042_IEO_SAD_MD.wav,crema_d,1042,IEO,SAD,sad,medium,,,,,,,,,,male,37
1042_IOM_ANG_XX,crema_d_1042_IOM_ANG_XX,1042_IOM_ANG_XX.wav,crema_d,1042,IOM,ANG,anger,unspecified,,,16000.0,2.002,16000.0,3.0,0.946,,,male,37
1042_IOM_DIS_XX,crema_d_1042_IOM_DIS_XX,1042_IOM_DIS_XX.wav,crema_d,1042,IOM,DIS,disgust,unspecified,,,,,,,,,,male,37
1042_IOM_FEA_XX,crema_d_1042_IOM_FEA_XX,1042_IOM_FEA_XX.wav,crema_d,1042,IOM,FEA,fear,unspecified,,,,,,,,,,male,37
1042_IOM_HAP_XX,crema_d_1042_IOM_HAP_XX,1042_IOM_HAP_XX.wav,crema_d,1042,IOM,HAP,happy,unspecified,,,16000.0,2.3356875,16000.0,3.0,1.1196875,,,male,37
1042_IOM_NEU_XX,crema_d_1042_IOM_NEU_XX,1042_IOM_NEU_XX.wav,crema_d,1042,IOM,NEU,neutral,unspecified,,,16000.0,2.1688125,16000.0,3.0,0.7928125,,,male,37
1042_IOM_SAD_XX,crema_d_1042_IOM_SAD_XX,1042_IOM_SAD_XX.wav,crema_d,1042,IOM,SAD,sad,unspecified,,,,,,,,,,male,37
1042_ITH_ANG_XX,crema_d_1042_ITH_ANG_XX,1042_ITH_ANG_XX.wav,crema_d,1042,ITH,ANG,anger,unspecified,,,16000.0,2.7360625,16000.0,3.0,1.2000625,,,male,37
1042_ITH_DIS_XX,crema_d_1042_ITH_DIS_XX,1042_ITH_DIS_XX.wav,crema_d,1042,ITH,DIS,disgust,unspecified,,,,,,,,,,male,37
1042_ITH_FEA_XX,crema_d_1042_ITH_FEA_XX,1042_ITH_FEA_XX.wav,crema_d,1042,ITH,FEA,fear,unspecified,,,,,,,,,,male,37
1042_ITH_HAP_XX,crema_d_1042_ITH_HAP_XX,1042_ITH_HAP_XX.wav,crema_d,1042,ITH,HAP,happy,unspecified,,,16000.0,2.43575,16000.0,3.0,0.89975,,,male,37
1042_ITH_NEU_XX,crema_d_1042_ITH_NEU_XX,1042_ITH_NEU_XX.wav,crema_d,1042,ITH,NEU,neutral,unspecified,,,16000.0,2.3356875,16000.0,3.0,0.8636875,,,male,37
1042_ITH_SAD_XX,crema_d_1042_ITH_SAD_XX,1042_ITH_SAD_XX.wav,crema_d,1042,ITH,SAD,sad,unspecified,,,,,,,,,,male,37
1042_ITS_ANG_XX,crema_d_1042_ITS_ANG_XX,1042_ITS_ANG_XX.wav,crema_d,1042,ITS,ANG,anger,unspecified,,,16000.0,2.2689375,16000.0,3.0,0.7009375,,,male,37
1042_ITS_DIS_XX,crema_d_1042_ITS_DIS_XX,1042_ITS_DIS_XX.wav,crema_d,1042,ITS,DIS,disgust,unspecified,,,,,,,,,,male,37
1042_ITS_FEA_XX,crema_d_1042_ITS_FEA_XX,1042_ITS_FEA_XX.wav,crema_d,1042,ITS,FEA,fear,unspecified,,,,,,,,,,male,37
1042_ITS_HAP_XX,crema_d_1042_ITS_HAP_XX,1042_ITS_HAP_XX.wav,crema_d,1042,ITS,HAP,happy,unspecified,,,16000.0,2.1354375,16000.0,3.0,0.8554375,,,male,37
1042_ITS_NEU_XX,crema_d_1042_ITS_NEU_XX,1042_ITS_NEU_XX.wav,crema_d,1042,ITS,NEU,neutral,unspecified,,,16000.0,2.2021875,16000.0,3.0,0.5701875,,,male,37
1042_ITS_SAD_XX,crema_d_1042_ITS_SAD_XX,1042_ITS_SAD_XX.wav,crema_d,1042,ITS,SAD,sad,unspecified,,,,,,,,,,male,37
1042_IWL_ANG_XX,crema_d_1042_IWL_ANG_XX,1042_IWL_ANG_XX.wav,crema_d,1042,IWL,ANG,anger,unspecified,,,16000.0,2.56925,16000.0,3.0,0.90525,,,male,37
1042_IWL_DIS_XX,crema_d_1042_IWL_DIS_XX,1042_IWL_DIS_XX.wav,crema_d,1042,IWL,DIS,disgust,unspecified,,,,,,,,,,male,37
1042_IWL_FEA_XX,crema_d_1042_IWL_FEA_XX,1042_IWL_FEA_XX.wav,crema_d,1042,IWL,FEA,fear,unspecified,,,,,,,,,,male,37
1042_IWL_HAP_XX,crema_d_1042_IWL_HAP_XX,1042_IWL_HAP_XX.wav,crema_d,1042,IWL,HAP,happy,unspecified,,,16000.0,1.7684375,16000.0,3.0,0.3924375,,,male,37
1042_IWL_NEU_XX,crema_d_1042_IWL_NEU_XX,1042_IWL_NEU_XX.wav,crema_d,1042,IWL,NEU,neutral,unspecified,,,16000.0,2.035375,16000.0,3.0,0.691375,,,male,37
1042_IWL_SAD_XX,crema_d_1042_IWL_SAD_XX,1042_IWL_SAD_XX.wav,crema_d,1042,IWL,SAD,sad,unspecified,,,,,,,,,,male,37
1042_IWW_ANG_XX,crema_d_1042_IWW_ANG_XX,1042_IWW_ANG_XX.wav,crema_d,1042,IWW,ANG,anger,unspecified,,,16000.0,2.2689375,16000.0,3.0,1.1489375,,,male,37
1042_IWW_DIS_XX,crema_d_1042_IWW_DIS_XX,1042_IWW_DIS_XX.wav,crema_d,1042,IWW,DIS,disgust,unspecified,,,,,,,,,,male,37
1042_IWW_FEA_XX,crema_d_1042_IWW_FEA_XX,1042_IWW_FEA_XX.wav,crema_d,1042,IWW,FEA,fear,unspecified,,,,,,,,,,male,37
1042_IWW_HAP_XX,crema_d_1042_IWW_HAP_XX,1042_IWW_HAP_XX.wav,crema_d,1042,IWW,HAP,happy,unspecified,,,16000.0,2.06875,16000.0,3.0,0.98075,,,male,37
1042_IWW_NEU_XX,crema_d_1042_IWW_NEU_XX,1042_IWW_NEU_XX.wav,crema_d,1042,IWW,NEU,neutral,unspecified,,,16000.0,2.2689375,16000.0,3.0,1.0849375,,,male,37
1042_IWW_SAD_XX,crema_d_1042_IWW_SAD_XX,1042_IWW_SAD_XX.wav,crema_d,1042,IWW,SAD,sad,unspecified,,,,,,,,,,male,37
1042_MTI_ANG_XX,crema_d_1042_MTI_ANG_XX,1042_MTI_ANG_XX.wav,crema_d,1042,MTI,ANG,anger,unspecified,,,16000.0,2.43575,16000.0,3.0,0.57975,,,male,37
1042_MTI_DIS_XX,crema_d_1042_MTI_DIS_XX,1042_MTI_DIS_XX.wav,crema_d,1042,MTI,DIS,disgust,unspecified,,,,,,,,,,male,37
1042_MTI_FEA_XX,crema_d_1042_MTI_FEA_XX,1042_MTI_FEA_XX.wav,crema_d,1042,MTI,FEA,fear,unspecified,,,,,,,,,,male,37
1042_MTI_HAP_XX,crema_d_1042_MTI_HAP_XX,1042_MTI_HAP_XX.wav,crema_d,1042,MTI,HAP,happy,unspecified,,,16000.0,2.902875,16000.0,3.0,1.110875,,,male,37
1042_MTI_NEU_XX,crema_d_1042_MTI_NEU_XX,1042_MTI_NEU_XX.wav,crema_d,1042,MTI,NEU,neutral,unspecified,,,16000.0,2.469125,16000.0,3.0,0.549125,,,male,37
1042_MTI_SAD_XX,crema_d_1042_MTI_SAD_XX,1042_MTI_SAD_XX.wav,crema_d,1042,MTI,SAD,sad,unspecified,,,,,,,,,,male,37
1042_TAI_ANG_XX,crema_d_1042_TAI_ANG_XX,1042_TAI_ANG_XX.wav,crema_d,1042,TAI,ANG,anger,unspecified,,,16000.0,2.2021875,16000.0,3.0,0.6661875,,,male,37
1042_TAI_DIS_XX,crema_d_1042_TAI_DIS_XX,1042_TAI_DIS_XX.wav,crema_d,1042,TAI,DIS,disgust,unspecified,,,,,,,,,,male,37
1042_TAI_FEA_XX,crema_d_1042_TAI_FEA_XX,1042_TAI_FEA_XX.wav,crema_d,1042,TAI,FEA,fear,unspecified,,,,,,,,,,male,37
1042_TAI_HAP_XX,crema_d_1042_TAI_HAP_XX,1042_TAI_HAP_XX.wav,crema_d,1042,TAI,HAP,happy,unspecified,,,16000.0,2.2689375,16000.0,3.0,0.9249375,,,male,37
1042_TAI_NEU_XX,crema_d_1042_TAI_NEU_XX,1042_TAI_NEU_XX.wav,crema_d,1042,TAI,NEU,neutral,unspecified,,,16000.0,2.3023125,16000.0,3.0,0.1903125,,,male,37
1042_TAI_SAD_XX,crema_d_1042_TAI_SAD_XX,1042_TAI_SAD_XX.wav,crema_d,1042,TAI,SAD,sad,unspecified,,,,,,,,,,male,37
1042_TIE_ANG_XX,crema_d_1042_TIE_ANG_XX,1042_TIE_ANG_XX.wav,crema_d,1042,TIE,ANG,anger,unspecified,,,16000.0,3.003,16000.0,3.0,1.211,,,male,37
1042_TIE_DIS_XX,crema_d_1042_TIE_DIS_XX,1042_TIE_DIS_XX.wav,crema_d,1042,TIE,DIS,disgust,unspecified,,,,,,,,,,male,37
1042_TIE_FEA_XX,crema_d_1042_TIE_FEA_XX,1042_TIE_FEA_XX.wav,crema_d,1042,TIE,FEA,fear,unspecified,,,,,,,,,,male,37
1042_TIE_HAP_XX,crema_d_1042_TIE_HAP_XX,1042_TIE_HAP_XX.wav,crema_d,1042,TIE,HAP,happy,unspecified,,,16000.0,2.5025,16000.0,3.0,1.1585,,,male,37
1042_TIE_NEU_XX,crema_d_1042_TIE_NEU_XX,1042_TIE_NEU_XX.wav,crema_d,1042,TIE,NEU,neutral,unspecified,,,16000.0,2.2689375,16000.0,3.0,0.2529375,,,male,37
1042_TIE_SAD_XX,crema_d_1042_TIE_SAD_XX,1042_TIE_SAD_XX.wav,crema_d,1042,TIE,SAD,sad,unspecified,,,,,,,,,,male,37
1042_TSI_ANG_XX,crema_d_1042_TSI_ANG_XX,1042_TSI_ANG_XX.wav,crema_d,1042,TSI,ANG,anger,unspecified,,,16000.0,1.968625,16000.0,3.0,1.040625,,,male,37
1042_TSI_DIS_XX,crema_d_1042_TSI_DIS_XX,1042_TSI_DIS_XX.wav,crema_d,1042,TSI,DIS,disgust,unspecified,,,,,,,,,,male,37
1042_TSI_FEA_XX,crema_d_1042_TSI_FEA_XX,1042_TSI_FEA_XX.wav,crema_d,1042,TSI,FEA,fear,unspecified,,,,,,,,,,male,37
1042_TSI_HAP_XX,crema_d_1042_TSI_HAP_XX,1042_TSI_HAP_XX.wav,crema_d,1042,TSI,HAP,happy,unspecified,,,16000.0,2.469125,16000.0,3.0,1.445125,,,male,37
1042_TSI_NEU_XX,crema_d_1042_TSI_NEU_XX,1042_TSI_NEU_XX.wav,crema_d,1042,TSI,NEU,neutral,unspecified,,,16000.0,2.2021875,16000.0,3.0,1.2421875,,,male,37
1042_TSI_SAD_XX,crema_d_1042_TSI_SAD_XX,1042_TSI_SAD_XX.wav,crema_d,1042,TSI,SAD,sad,unspecified,,,,,,,,,,male,37
1042_WSI_ANG_XX,crema_d_1042_WSI_ANG_XX,1042_WSI_ANG_XX.wav,crema_d,1042,WSI,ANG,anger,unspecified,,,16000.0,2.3690625,16000.0,3.0,0.7050625,,,male,37
1042_WSI_DIS_XX,crema_d_1042_WSI_DIS_XX,1042_WSI_DIS_XX.wav,crema_d,1042,WSI,DIS,disgust,unspecified,,,,,,,,,,male,37
1042_WSI_FEA_XX,crema_d_1042_WSI_FEA_XX,1042_WSI_FEA_XX.wav,crema_d,1042,WSI,FEA,fear,unspecified,,,,,,,,,,male,37
1042_WSI_HAP_XX,crema_d_1042_WSI_HAP_XX,1042_WSI_HAP_XX.wav,crema_d,1042,WSI,HAP,happy,unspecified,,,16000.0,2.2689375,16000.0,3.0,0.8609375,,,male,37
1042_WSI_NEU_XX,crema_d_1042_WSI_NEU_XX,1042_WSI_NEU_XX.wav,crema_d,1042,WSI,NEU,neutral,unspecified,,,16000.0,2.3356875,16000.0,3.0,0.7676875,,,male,37
1042_WSI_SAD_XX,crema_d_1042_WSI_SAD_XX,1042_WSI_SAD_XX.wav,crema_d,1042,WSI,SAD,sad,unspecified,,,,,,,,,,male,37
1043_DFA_ANG_XX,crema_d_1043_DFA_ANG_XX,1043_DFA_ANG_XX.wav,crema_d,1043,DFA,ANG,anger,unspecified,,,16000.0,1.6683125,16000.0,3.0,0.5803125,,,female,25
1043_DFA_DIS_XX,crema_d_1043_DFA_DIS_XX,1043_DFA_DIS_XX.wav,crema_d,1043,DFA,DIS,disgust,unspecified,,,,,,,,,,female,25
1043_DFA_FEA_XX,crema_d_1043_DFA_FEA_XX,1043_DFA_FEA_XX.wav,crema_d,1043,DFA,FEA,fear,unspecified,,,,,,,,,,female,25
1043_DFA_HAP_XX,crema_d_1043_DFA_HAP_XX,1043_DFA_HAP_XX.wav,crema_d,1043,DFA,HAP,happy,unspecified,,,16000.0,1.7684375,16000.0,3.0,0.7124375,,,female,25
1043_DFA_NEU_XX,crema_d_1043_DFA_NEU_XX,1043_DFA_NEU_XX.wav,crema_d,1043,DFA,NEU,neutral,unspecified,,,16000.0,1.7350625,16000.0,3.0,0.0,,,female,25
1043_DFA_SAD_XX,crema_d_1043_DFA_SAD_XX,1043_DFA_SAD_XX.wav,crema_d,1043,DFA,SAD,sad,unspecified,,,,,,,,,,female,25
1043_IEO_ANG_HI,crema_d_1043_IEO_ANG_HI,1043_IEO_ANG_HI.wav,crema_d,1043,IEO,ANG,anger,high,,,16000.0,2.602625,16000.0,3.0,1.226625,,,female,25
1043_IEO_ANG_LO,crema_d_1043_IEO_ANG_LO,1043_IEO_ANG_LO.wav,crema_d,1043,IEO,ANG,anger,low,,,16000.0,2.035375,16000.0,3.0,0.115375,,,female,25
1043_IEO_ANG_MD,crema_d_1043_IEO_ANG_MD,1043_IEO_ANG_MD.wav,crema_d,1043,IEO,ANG,anger,medium,,,16000.0,2.102125,16000.0,3.0,1.078125,,,female,25
1043_IEO_DIS_HI,crema_d_1043_IEO_DIS_HI,1043_IEO_DIS_HI.wav,crema_d,1043,IEO,DIS,disgust,high,,,,,,,,,,female,25
1043_IEO_DIS_LO,crema_d_1043_IEO_DIS_LO,1043_IEO_DIS_LO.wav,crema_d,1043,IEO,DIS,disgust,low,,,,,,,,,,female,25
1043_IEO_DIS_MD,crema_d_1043_IEO_DIS_MD,1043_IEO_DIS_MD.wav,crema_d,1043,IEO,DIS,disgust,medium,,,,,,,,,,female,25
1043_IEO_FEA_HI,crema_d_1043_IEO_FEA_HI,1043_IEO_FEA_HI.wav,crema_d,1043,IEO,FEA,fear,high,,,,,,,,,,female,25
1043_IEO_FEA_LO,crema_d_1043_IEO_FEA_LO,1043_IEO_FEA_LO.wav,crema_d,1043,IEO,FEA,fear,low,,,,,,,,,,female,25
1043_IEO_FEA_MD,crema_d_1043_IEO_FEA_MD,1043_IEO_FEA_MD.wav,crema_d,1043,IEO,FEA,fear,medium,,,,,,,,,,female,25
1043_IEO_HAP_HI,crema_d_1043_IEO_HAP_HI,1043_IEO_HAP_HI.wav,crema_d,1043,IEO,HAP,happy,high,,,16000.0,1.93525,16000.0,3.0,0.91125,,,female,25
1043_IEO_HAP_LO,crema_d_1043_IEO_HAP_LO,1043_IEO_HAP_LO.wav,crema_d,1043,IEO,HAP,happy,low,,,16000.0,1.8351875,16000.0,3.0,0.0431875,,,female,25
1043_IEO_HAP_MD,crema_d_1043_IEO_HAP_MD,1043_IEO_HAP_MD.wav,crema_d,1043,IEO,HAP,happy,medium,,,16000.0,2.1688125,16000.0,3.0,1.0808125,,,female,25
1043_IEO_NEU_XX,crema_d_1043_IEO_NEU_XX,1043_IEO_NEU_XX.wav,crema_d,1043,IEO,NEU,neutral,unspecified,,,16000.0,1.8018125,16000.0,3.0,0.0,,,female,25
1043_IEO_SAD_HI,crema_d_1043_IEO_SAD_HI,1043_IEO_SAD_HI.wav,crema_d,1043,IEO,SAD,sad,high,,,,,,,,,,female,25
1043_IEO_SAD_LO,crema_d_1043_IEO_SAD_LO,1043_IEO_SAD_LO.wav,crema_d,1043,IEO,SAD,sad,low,,,,,,,,,,female,25
1043_IEO_SAD_MD,crema_d_1043_IEO_SAD_MD,1043_IEO_SAD_MD.wav,crema_d,1043,IEO,SAD,sad,medium,,,,,,,,,,female,25
1043_IOM_ANG_XX,crema_d_1043_IOM_ANG_XX,1043_IOM_ANG_XX.wav,crema_d,1043,IOM,ANG,anger,unspecified,,,16000.0,1.93525,16000.0,3.0,0.52725,,,female,25
1043_IOM_DIS_XX,crema_d_1043_IOM_DIS_XX,1043_IOM_DIS_XX.wav,crema_d,1043,IOM,DIS,disgust,unspecified,,,,,,,,,,female,25
1043_IOM_FEA_XX,crema_d_1043_IOM_FEA_XX,1043_IOM_FEA_XX.wav,crema_d,1043,IOM,FEA,fear,unspecified,,,,,,,,,,female,25
1043_IOM_HAP_XX,crema_d_1043_IOM_HAP_XX,1043_IOM_HAP_XX.wav,crema_d,1043,IOM,HAP,happy,unspecified,,,16000.0,1.7016875,16000.0,3.0,0.4856875,,,female,25
1043_IOM_NEU_XX,crema_d_1043_IOM_NEU_XX,1043_IOM_NEU_XX.wav,crema_d,1043,IOM,NEU,neutral,unspecified,,,16000.0,1.8018125,16000.0,3.0,0.1058125,,,female,25
1043_IOM_SAD_XX,crema_d_1043_IOM_SAD_XX,1043_IOM_SAD_XX.wav,crema_d,1043,IOM,SAD,sad,unspecified,,,,,,,,,,female,25
1043_ITH_ANG_XX,crema_d_1043_ITH_ANG_XX,1043_ITH_ANG_XX.wav,crema_d,1043,ITH,ANG,anger,unspecified,,,16000.0,2.1354375,16000.0,3.0,0.4714375,,,female,25
1043_ITH_DIS_XX,crema_d_1043_ITH_DIS_XX,1043_ITH_DIS_XX.wav,crema_d,1043,ITH,DIS,disgust,unspecified,,,,,,,,,,female,25
1043_ITH_FEA_XX,crema_d_1043_ITH_FEA_XX,1043_ITH_FEA_XX.wav,crema_d,1043,ITH,FEA,fear,unspecified,,,,,,,,,,female,25
1043_ITH_HAP_XX,crema_d_1043_ITH_HAP_XX,1043_ITH_HAP_XX.wav,crema_d,1043,ITH,HAP,happy,unspecified,,,16000.0,2.1688125,16000.0,3.0,0.6328125,,,female,25
1043_ITH_NEU_XX,crema_d_1043_ITH_NEU_XX,1043_ITH_NEU_XX.wav,crema_d,1043,ITH,NEU,neutral,unspecified,,,16000.0,2.1688125,16000.0,3.0,0.0,,,female,25
1043_ITH_SAD_XX,crema_d_1043_ITH_SAD_XX,1043_ITH_SAD_XX.wav,crema_d,1043,ITH,SAD,sad,unspecified,,,,,,,,,,female,25
1043_ITS_ANG_XX,crema_d_1043_ITS_ANG_XX,1043_ITS_ANG_XX.wav,crema_d,1043,ITS,ANG,anger,unspecified,,,16000.0,1.8685625,16000.0,3.0,0.4605625,,,female,25
1043_ITS_DIS_XX,crema_d_1043_ITS_DIS_XX,1043_ITS_DIS_XX.wav,crema_d,1043,ITS,DIS,disgust,unspecified,,,,,,,,,,female,25
1043_ITS_FEA_XX,crema_d_1043_ITS_FEA_XX,1043_ITS_FEA_XX.wav,crema_d,1043,ITS,FEA,fear,unspecified,,,,,,,,,,female,25
1043_ITS_HAP_XX,crema_d_1043_ITS_HAP_XX,1043_ITS_HAP_XX.wav,crema_d,1043,ITS,HAP,happy,unspecified,,,16000.0,1.7684375,16000.0,3.0,0.1044375,,,female,25
1043_ITS_NEU_XX,crema_d_1043_ITS_NEU_XX,1043_ITS_NEU_XX.wav,crema_d,1043,ITS,NEU,neutral,unspecified,,,16000.0,1.7350625,16000.0,3.0,0.0,,,female,25
1043_ITS_SAD_XX,crema_d_1043_ITS_SAD_XX,1043_ITS_SAD_XX.wav,crema_d,1043,ITS,SAD,sad,unspecified,,,,,,,,,,female,25
1043_IWL_ANG_XX,crema_d_1043_IWL_ANG_XX,1043_IWL_ANG_XX.wav,crema_d,1043,IWL,ANG,anger,unspecified,,,16000.0,2.6693125,16000.0,3.0,0.6853125,,,female,25
1043_IWL_DIS_XX,crema_d_1043_IWL_DIS_XX,1043_IWL_DIS_XX.wav,crema_d,1043,IWL,DIS,disgust,unspecified,,,,,,,,,,female,25
1043_IWL_FEA_XX,crema_d_1043_IWL_FEA_XX,1043_IWL_FEA_XX.wav,crema_d,1043,IWL,FEA,fear,unspecified,,,,,,,,,,female,25
1043_IWL_HAP_XX,crema_d_1043_IWL_HAP_XX,1043_IWL_HAP_XX.wav,crema_d,1043,IWL,HAP,happy,unspecified,,,16000.0,2.469125,16000.0,3.0,1.061125,,,female,25
1043_IWL_NEU_XX,crema_d_1043_IWL_NEU_XX,1043_IWL_NEU_XX.wav,crema_d,1043,IWL,NEU,neutral,unspecified,,,16000.0,2.1688125,16000.0,3.0,0.0,,,female,25
1043_IWL_SAD_XX,crema_d_1043_IWL_SAD_XX,1043_IWL_SAD_XX.wav,crema_d,1043,IWL,SAD,sad,unspecified,,,,,,,,,,female,25
1043_IWW_ANG_XX,crema_d_1043_IWW_ANG_XX,1043_IWW_ANG_XX.wav,crema_d,1043,IWW,ANG,anger,unspecified,,,16000.0,1.8018125,16000.0,3.0,0.5858125,,,female,25
1043_IWW_DIS_XX,crema_d_1043_IWW_DIS_XX,1043_IWW_DIS_XX.wav,crema_d,1043,IWW,DIS,disgust,unspecified,,,,,,,,,,female,25
1043_IWW_FEA_XX,crema_d_1043_IWW_FEA_XX,1043_IWW_FEA_XX.wav,crema_d,1043,IWW,FEA,fear,unspecified,,,,,,,,,,female,25
1043_IWW_HAP_XX,crema_d_1043_IWW_HAP_XX,1043_IWW_HAP_XX.wav,crema_d,1043,IWW,HAP,happy,unspecified,,,16000.0,1.8351875,16000.0,3.0,0.1391875,,,female,25
1043_IWW_NEU_XX,crema_d_1043_IWW_NEU_XX,1043_IWW_NEU_XX.wav,crema_d,1043,IWW,NEU,neutral,unspecified,,,16000.0,1.8018125,16000.0,3.0,0.032,,,female,25
1043_IWW_SAD_XX,crema_d_1043_IWW_SAD_XX,1043_IWW_SAD_XX.wav,crema_d,1043,IWW,SAD,sad,unspecified,,,,,,,,,,female,25
1043_MTI_ANG_XX,crema_d_1043_MTI_ANG_XX,1043_MTI_ANG_XX.wav,crema_d,1043,MTI,ANG,anger,unspecified,,,16000.0,2.402375,16000.0,3.0,0.706375,,,female,25
1043_MTI_DIS_XX,crema_d_1043_MTI_DIS_XX,1043_MTI_DIS_XX.wav,crema_d,1043,MTI,DIS,disgust,unspecified,,,,,,,,,,female,25
1043_MTI_FEA_XX,crema_d_1043_MTI_FEA_XX,1043_MTI_FEA_XX.wav,crema_d,1043,MTI,FEA,fear,unspecified,,,,,,,,,,female,25
1043_MTI_HAP_XX,crema_d_1043_MTI_HAP_XX,1043_MTI_HAP_XX.wav,crema_d,1043,MTI,HAP,happy,unspecified,,,16000.0,2.102125,16000.0,3.0,0.598125,,,female,25
1043_MTI_NEU_XX,crema_d_1043_MTI_NEU_XX,1043_MTI_NEU_XX.wav,crema_d,1043,MTI,NEU,neutral,unspecified,,,16000.0,2.2689375,16000.0,3.0,0.1889375,,,female,25
1043_MTI_SAD_XX,crema_d_1043_MTI_SAD_XX,1043_MTI_SAD_XX.wav,crema_d,1043,MTI,SAD,sad,unspecified,,,,,,,,,,female,25
1043_TAI_ANG_XX,crema_d_1043_TAI_ANG_XX,1043_TAI_ANG_XX.wav,crema_d,1043,TAI,ANG,anger,unspecified,,,16000.0,2.3690625,16000.0,3.0,0.32,,,female,25
1043_TAI_DIS_XX,crema_d_1043_TAI_DIS_XX,1043_TAI_DIS_XX.wav,crema_d,1043,TAI,DIS,disgust,unspecified,,,,,,,,,,female,25
1043_TAI_FEA_XX,crema_d_1043_TAI_FEA_XX,1043_TAI_FEA_XX.wav,crema_d,1043,TAI,FEA,fear,unspecified,,,,,,,,,,female,25
1043_TAI_HAP_XX,crema_d_1043_TAI_HAP_XX,1043_TAI_HAP_XX.wav,crema_d,1043,TAI,HAP,happy,unspecified,,,16000.0,2.06875,16000.0,3.0,0.69275,,,female,25
1043_TAI_NEU_XX,crema_d_1043_TAI_NEU_XX,1043_TAI_NEU_XX.wav,crema_d,1043,TAI,NEU,neutral,unspecified,,,16000.0,2.06875,16000.0,3.0,0.0,,,female,25
1043_TAI_SAD_XX,crema_d_1043_TAI_SAD_XX,1043_TAI_SAD_XX.wav,crema_d,1043,TAI,SAD,sad,unspecified,,,,,,,,,,female,25
1043_TIE_ANG_XX,crema_d_1043_TIE_ANG_XX,1043_TIE_ANG_XX.wav,crema_d,1043,TIE,ANG,anger,unspecified,,,16000.0,2.6693125,16000.0,3.0,1.1013125,,,female,25
1043_TIE_DIS_XX,crema_d_1043_TIE_DIS_XX,1043_TIE_DIS_XX.wav,crema_d,1043,TIE,DIS,disgust,unspecified,,,,,,,,,,female,25
1043_TIE_FEA_XX,crema_d_1043_TIE_FEA_XX,1043_TIE_FEA_XX.wav,crema_d,1043,TIE,FEA,fear,unspecified,,,,,,,,,,female,25
1043_TIE_HAP_XX,crema_d_1043_TIE_HAP_XX,1043_TIE_HAP_XX.wav,crema_d,1043,TIE,HAP,happy,unspecified,,,16000.0,2.43575,16000.0,3.0,0.06775,,,female,25
1043_TIE_NEU_XX,crema_d_1043_TIE_NEU_XX,1043_TIE_NEU_XX.wav,crema_d,1043,TIE,NEU,neutral,unspecified,,,16000.0,2.535875,16000.0,3.0,0.0,,,female,25
1043_TIE_SAD_XX,crema_d_1043_TIE_SAD_XX,1043_TIE_SAD_XX.wav,crema_d,1043,TIE,SAD,sad,unspecified,,,,,,,,,,female,25
1043_TSI_ANG_XX,crema_d_1043_TSI_ANG_XX,1043_TSI_ANG_XX.wav,crema_d,1043,TSI,ANG,anger,unspecified,,,16000.0,2.1688125,16000.0,3.0,0.8888125,,,female,25
1043_TSI_DIS_XX,crema_d_1043_TSI_DIS_XX,1043_TSI_DIS_XX.wav,crema_d,1043,TSI,DIS,disgust,unspecified,,,,,,,,,,female,25
1043_TSI_FEA_XX,crema_d_1043_TSI_FEA_XX,1043_TSI_FEA_XX.wav,crema_d,1043,TSI,FEA,fear,unspecified,,,,,,,,,,female,25
1043_TSI_HAP_XX,crema_d_1043_TSI_HAP_XX,1043_TSI_HAP_XX.wav,crema_d,1043,TSI,HAP,happy,unspecified,,,16000.0,1.7016875,16000.0,3.0,0.6136875,,,female,25
1043_TSI_NEU_XX,crema_d_1043_TSI_NEU_XX,1043_TSI_NEU_XX.wav,crema_d,1043,TSI,NEU,neutral,unspecified,,,16000.0,1.7350625,16000.0,3.0,0.0390625,,,female,25
1043_TSI_SAD_XX,crema_d_1043_TSI_SAD_XX,1043_TSI_SAD_XX.wav,crema_d,1043,TSI,SAD,sad,unspecified,,,,,,,,,,female,25
1043_WSI_ANG_XX,crema_d_1043_WSI_ANG_XX,1043_WSI_ANG_XX.wav,crema_d,1043,WSI,ANG,anger,unspecified,,,16000.0,2.3356875,16000.0,3.0,0.7676875,,,female,25
1043_WSI_DIS_XX,crema_d_1043_WSI_DIS_XX,1043_WSI_DIS_XX.wav,crema_d,1043,WSI,DIS,disgust,unspecified,,,,,,,,,,female,25
1043_WSI_FEA_XX,crema_d_1043_WSI_FEA_XX,1043_WSI_FEA_XX.wav,crema_d,1043,WSI,FEA,fear,unspecified,,,,,,,,,,female,25
1043_WSI_HAP_XX,crema_d_1043_WSI_HAP_XX,1043_WSI_HAP_XX.wav,crema_d,1043,WSI,HAP,happy,unspecified,,,16000.0,2.2826875,16000.0,3.0,0.9386875,,,female,25
1043_WSI_NEU_XX,crema_d_1043_WSI_NEU_XX,1043_WSI_NEU_XX.wav,crema_d,1043,WSI,NEU,neutral,unspecified,,,16000.0,2.3356875,16000.0,3.0,0.0636875,,,female,25
1043_WSI_SAD_XX,crema_d_1043_WSI_SAD_XX,1043_WSI_SAD_XX.wav,crema_d,1043,WSI,SAD,sad,unspecified,,,,,,,,,,female,25
1044_DFA_ANG_XX,crema_d_1044_DFA_ANG_XX,1044_DFA_ANG_XX.wav,crema_d,1044,DFA,ANG,anger,unspecified,,,16000.0,2.6693125,16000.0,3.0,1.1333125,,,male,40
1044_DFA_DIS_XX,crema_d_1044_DFA_DIS_XX,1044_DFA_DIS_XX.wav,crema_d,1044,DFA,DIS,disgust,unspecified,,,,,,,,,,male,40
1044_DFA_FEA_XX,crema_d_1044_DFA_FEA_XX,1044_DFA_FEA_XX.wav,crema_d,1044,DFA,FEA,fear,unspecified,,,,,,,,,,male,40
1044_DFA_HAP_XX,crema_d_1044_DFA_HAP_XX,1044_DFA_HAP_XX.wav,crema_d,1044,DFA,HAP,happy,unspecified,,,16000.0,2.1688125,16000.0,3.0,1.2408125,,,male,40
1044_DFA_NEU_XX,crema_d_1044_DFA_NEU_XX,1044_DFA_NEU_XX.wav,crema_d,1044,DFA,NEU,neutral,unspecified,,,16000.0,2.469125,16000.0,3.0,1.253125,,,male,40
1044_DFA_SAD_XX,crema_d_1044_DFA_SAD_XX,1044_DFA_SAD_XX.wav,crema_d,1044,DFA,SAD,sad,unspecified,,,,,,,,,,male,40
1044_IEO_ANG_HI,crema_d_1044_IEO_ANG_HI,1044_IEO_ANG_HI.wav,crema_d,1044,IEO,ANG,anger,high,,,16000.0,3.1698125,16000.0,3.0,1.5378125,,,male,40
1044_IEO_ANG_LO,crema_d_1044_IEO_ANG_LO,1044_IEO_ANG_LO.wav,crema_d,1044,IEO,ANG,anger,low,,,16000.0,2.93625,16000.0,3.0,1.84825,,,male,40
1044_IEO_ANG_MD,crema_d_1044_IEO_ANG_MD,1044_IEO_ANG_MD.wav,crema_d,1044,IEO,ANG,anger,medium,,,16000.0,2.369,16000.0,3.0,1.153,,,male,40
1044_IEO_DIS_HI,crema_d_1044_IEO_DIS_HI,1044_IEO_DIS_HI.wav,crema_d,1044,IEO,DIS,disgust,high,,,,,,,,,,male,40
1044_IEO_DIS_LO,crema_d_1044_IEO_DIS_LO,1044_IEO_DIS_LO.wav,crema_d,1044,IEO,DIS,disgust,low,,,,,,,,,,male,40
1044_IEO_DIS_MD,crema_d_1044_IEO_DIS_MD,1044_IEO_DIS_MD.wav,crema_d,1044,IEO,DIS,disgust,medium,,,,,,,,,,male,40
1044_IEO_FEA_HI,crema_d_1044_IEO_FEA_HI,1044_IEO_FEA_HI.wav,crema_d,1044,IEO,FEA,fear,high,,,,,,,,,,male,40
1044_IEO_FEA_LO,crema_d_1044_IEO_FEA_LO,1044_IEO_FEA_LO.wav,crema_d,1044,IEO,FEA,fear,low,,,,,,,,,,male,40
1044_IEO_FEA_MD,crema_d_1044_IEO_FEA_MD,1044_IEO_FEA_MD.wav,crema_d,1044,IEO,FEA,fear,medium,,,,,,,,,,male,40
1044_IEO_HAP_HI,crema_d_1044_IEO_HAP_HI,1044_IEO_HAP_HI.wav,crema_d,1044,IEO,HAP,happy,high,,,16000.0,3.2699375,16000.0,3.0,2.3739375,,,male,40
1044_IEO_HAP_LO,crema_d_1044_IEO_HAP_LO,1044_IEO_HAP_LO.wav,crema_d,1044,IEO,HAP,happy,low,,,16000.0,1.8018125,16000.0,3.0,1.0978125,,,male,40
1044_IEO_HAP_MD,crema_d_1044_IEO_HAP_MD,1044_IEO_HAP_MD.wav,crema_d,1044,IEO,HAP,happy,medium,,,16000.0,2.602625,16000.0,3.0,0.010625,,,male,40
1044_IEO_NEU_XX,crema_d_1044_IEO_NEU_XX,1044_IEO_NEU_XX.wav,crema_d,1044,IEO,NEU,neutral,unspecified,,,16000.0,2.06875,16000.0,3.0,1.10875,,,male,40
1044_IEO_SAD_HI,crema_d_1044_IEO_SAD_HI,1044_IEO_SAD_HI.wav,crema_d,1044,IEO,SAD,sad,high,,,,,,,,,,male,40
1044_IEO_SAD_LO,crema_d_1044_IEO_SAD_LO,1044_IEO_SAD_LO.wav,crema_d,1044,IEO,SAD,sad,low,,,,,,,,,,male,40
1044_IEO_SAD_MD,crema_d_1044_IEO_SAD_MD,1044_IEO_SAD_MD.wav,crema_d,1044,IEO,SAD,sad,medium,,,,,,,,,,male,40
1044_IOM_ANG_XX,crema_d_1044_IOM_ANG_XX,1044_IOM_ANG_XX.wav,crema_d,1044,IOM,ANG,anger,unspecified,,,16000.0,2.102125,16000.0,3.0,0.886125,,,male,40
1044_IOM_DIS_XX,crema_d_1044_IOM_DIS_XX,1044_IOM_DIS_XX.wav,crema_d,1044,IOM,DIS,disgust,unspecified,,,,,,,,,,male,40
1044_IOM_FEA_XX,crema_d_1044_IOM_FEA_XX,1044_IOM_FEA_XX.wav,crema_d,1044,IOM,FEA,fear,unspecified,,,,,,,,,,male,40
1044_IOM_HAP_XX,crema_d_1044_IOM_HAP_XX,1044_IOM_HAP_XX.wav,crema_d,1044,IOM,HAP,happy,unspecified,,,16000.0,2.3023125,16000.0,3.0,1.0223125,,,male,40
1044_IOM_NEU_XX,crema_d_1044_IOM_NEU_XX,1044_IOM_NEU_XX.wav,crema_d,1044,IOM,NEU,neutral,unspecified,,,16000.0,2.8695,16000.0,3.0,0.5015,,,male,40
1044_IOM_SAD_XX,crema_d_1044_IOM_SAD_XX,1044_IOM_SAD_XX.wav,crema_d,1044,IOM,SAD,sad,unspecified,,,,,,,,,,male,40
1044_ITH_ANG_XX,crema_d_1044_ITH_ANG_XX,1044_ITH_ANG_XX.wav,crema_d,1044,ITH,ANG,anger,unspecified,,,16000.0,3.1364375,16000.0,3.0,1.2804375,,,male,40
1044_ITH_DIS_XX,crema_d_1044_ITH_DIS_XX,1044_ITH_DIS_XX.wav,crema_d,1044,ITH,DIS,disgust,unspecified,,,,,,,,,,male,40
1044_ITH_FEA_XX,crema_d_1044_ITH_FEA_XX,1044_ITH_FEA_XX.wav,crema_d,1044,ITH,FEA,fear,unspecified,,,,,,,,,,male,40
1044_ITH_HAP_XX,crema_d_1044_ITH_HAP_XX,1044_ITH_HAP_XX.wav,crema_d,1044,ITH,HAP,happy,unspecified,,,16000.0,2.969625,16000.0,3.0,1.401625,,,male,40
1044_ITH_NEU_XX,crema_d_1044_ITH_NEU_XX,1044_ITH_NEU_XX.wav,crema_d,1044,ITH,NEU,neutral,unspecified,,,16000.0,2.8361875,16000.0,3.0,1.1721875,,,male,40
1044_ITH_SAD_XX,crema_d_1044_ITH_SAD_XX,1044_ITH_SAD_XX.wav,crema_d,1044,ITH,SAD,sad,unspecified,,,,,,,,,,male,40
1044_ITS_ANG_XX,crema_d_1044_ITS_ANG_XX,1044_ITS_ANG_XX.wav,crema_d,1044,ITS,ANG,anger,unspecified,,,16000.0,3.2031875,16000.0,3.0,1.4111875,,,male,40
1044_ITS_DIS_XX,crema_d_1044_ITS_DIS_XX,1044_ITS_DIS_XX.wav,crema_d,1044,ITS,DIS,disgust,unspecified,,,,,,,,,,male,40
1044_ITS_FEA_XX,crema_d_1044_ITS_FEA_XX,1044_ITS_FEA_XX.wav,crema_d,1044,ITS,FEA,fear,unspecified,,,,,,,,,,male,40
1044_ITS_HAP_XX,crema_d_1044_ITS_HAP_XX,1044_ITS_HAP_XX.wav,crema_d,1044,ITS,HAP,happy,unspecified,,,16000.0,2.6359375,16000.0,3.0,1.1319375,,,male,40
1044_ITS_NEU_XX,crema_d_1044_ITS_NEU_XX,1044_ITS_NEU_XX.wav,crema_d,1044,ITS,NEU,neutral,unspecified,,,16000.0,2.2689375,16000.0,3.0,0.8289375,,,male,40
1044_ITS_SAD_XX,crema_d_1044_ITS_SAD_XX,1044_ITS_SAD_XX.wav,crema_d,1044,ITS,SAD,sad,unspecified,,,,,,,,,,male,40
1044_IWL_ANG_XX,crema_d_1044_IWL_ANG_XX,1044_IWL_ANG_XX.wav,crema_d,1044,IWL,ANG,anger,unspecified,,,16000.0,3.470125,16000.0,3.0,1.678125,,,male,40
1044_IWL_DIS_XX,crema_d_1044_IWL_DIS_XX,1044_IWL_DIS_XX.wav,crema_d,1044,IWL,DIS,disgust,unspecified,,,,,,,,,,male,40
1044_IWL_FEA_XX,crema_d_1044_IWL_FEA_XX,1044_IWL_FEA_XX.wav,crema_d,1044,IWL,FEA,fear,unspecified,,,,,,,,,,male,40
1044_IWL_HAP_XX,crema_d_1044_IWL_HAP_XX,1044_IWL_HAP_XX.wav,crema_d,1044,IWL,HAP,happy,unspecified,,,16000.0,2.902875,16000.0,3.0,1.206875,,,male,40
1044_IWL_NEU_XX,crema_d_1044_IWL_NEU_XX,1044_IWL_NEU_XX.wav,crema_d,1044,IWL,NEU,neutral,unspecified,,,16000.0,2.969625,16000.0,3.0,0.857625,,,male,40
1044_IWL_SAD_XX,crema_d_1044_IWL_SAD_XX,1044_IWL_SAD_XX.wav,crema_d,1044,IWL,SAD,sad,unspecified,,,,,,,,,,male,40
1044_IWW_ANG_XX,crema_d_1044_IWW_ANG_XX,1044_IWW_ANG_XX.wav,crema_d,1044,IWW,ANG,anger,unspecified,,,16000.0,2.369,16000.0,3.0,1.217,,,male,40
1044_IWW_DIS_XX,crema_d_1044_IWW_DIS_XX,1044_IWW_DIS_XX.wav,crema_d,1044,IWW,DIS,disgust,unspecified,,,,,,,,,,male,40
1044_IWW_FEA_XX,crema_d_1044_IWW_FEA_XX,1044_IWW_FEA_XX.wav,crema_d,1044,IWW,FEA,fear,unspecified,,,,,,,,,,male,40
1044_IWW_HAP_XX,crema_d_1044_IWW_HAP_XX,1044_IWW_HAP_XX.wav,crema_d,1044,IWW,HAP,happy,unspecified,,,16000.0,2.5025,16000.0,3.0,1.2865,,,male,40
1044_IWW_NEU_XX,crema_d_1044_IWW_NEU_XX,1044_IWW_NEU_XX.wav,crema_d,1044,IWW,NEU,neutral,unspecified,,,16000.0,2.969625,16000.0,3.0,1.497625,,,male,40
1044_IWW_SAD_XX,crema_d_1044_IWW_SAD_XX,1044_IWW_SAD_XX.wav,crema_d,1044,IWW,SAD,sad,unspecified,,,,,,,,,,male,40
1044_MTI_ANG_XX,crema_d_1044_MTI_ANG_XX,1044_MTI_ANG_XX.wav,crema_d,1044,MTI,ANG,anger,unspecified,,,16000.0,2.602625,16000.0,3.0,1.130625,,,male,40
1044_MTI_DIS_XX,crema_d_1044_MTI_DIS_XX,1044_MTI_DIS_XX.wav,crema_d,1044,MTI,DIS,disgust,unspecified,,,,,,,,,,male,40
1044_MTI_FEA_XX,crema_d_1044_MTI_FEA_XX,1044_MTI_FEA_XX.wav,crema_d,1044,MTI,FEA,fear,unspecified,,,,,,,,,,male,40
1044_MTI_HAP_XX,crema_d_1044_MTI_HAP_XX,1044_MTI_HAP_XX.wav,crema_d,1044,MTI,HAP,happy,unspecified,,,16000.0,2.7026875,16000.0,3.0,1.1986875,,,male,40
1044_MTI_NEU_XX,crema_d_1044_MTI_NEU_XX,1044_MTI_NEU_XX.wav,crema_d,1044,MTI,NEU,neutral,unspecified,,,16000.0,2.8695,16000.0,3.0,1.0775,,,male,40
1044_MTI_SAD_XX,crema_d_1044_MTI_SAD_XX,1044_MTI_SAD_XX.wav,crema_d,1044,MTI,SAD,sad,unspecified,,,,,,,,,,male,40
1044_TAI_ANG_XX,crema_d_1044_TAI_ANG_XX,1044_TAI_ANG_XX.wav,crema_d,1044,TAI,ANG,anger,unspecified,,,16000.0,2.535875,16000.0,3.0,0.999875,,,male,40
1044_TAI_DIS_XX,crema_d_1044_TAI_DIS_XX,1044_TAI_DIS_XX.wav,crema_d,1044,TAI,DIS,disgust,unspecified,,,,,,,,,,male,40
1044_TAI_FEA_XX,crema_d_1044_TAI_FEA_XX,1044_TAI_FEA_XX.wav,crema_d,1044,TAI,FEA,fear,unspecified,,,,,,,,,,male,40
1044_TAI_HAP_XX,crema_d_1044_TAI_HAP_XX,1044_TAI_HAP_XX.wav,crema_d,1044,TAI,HAP,happy,unspecified,,,16000.0,2.602625,16000.0,3.0,1.098625,,,male,40
1044_TAI_NEU_XX,crema_d_1044_TAI_NEU_XX,1044_TAI_NEU_XX.wav,crema_d,1044,TAI,NEU,neutral,unspecified,,,16000.0,3.003,16000.0,3.0,0.123,,,male,40
1044_TAI_SAD_XX,crema_d_1044_TAI_SAD_XX,1044_TAI_SAD_XX.wav,crema_d,1044,TAI,SAD,sad,unspecified,,,,,,,,,,male,40
1044_TIE_ANG_XX,crema_d_1044_TIE_ANG_XX,1044_TIE_ANG_XX.wav,crema_d,1044,TIE,ANG,anger,unspecified,,,16000.0,3.1364375,16000.0,3.0,1.3764375,,,male,40
1044_TIE_DIS_XX,crema_d_1044_TIE_DIS_XX,1044_TIE_DIS_XX.wav,crema_d,1044,TIE,DIS,disgust,unspecified,,,,,,,,,,male,40
1044_TIE_FEA_XX,crema_d_1044_TIE_FEA_XX,1044_TIE_FEA_XX.wav,crema_d,1044,TIE,FEA,fear,unspecified,,,,,,,,,,male,40
1044_TIE_HAP_XX,crema_d_1044_TIE_HAP_XX,1044_TIE_HAP_XX.wav,crema_d,1044,TIE,HAP,happy,unspecified,,,16000.0,2.402375,16000.0,3.0,1.026375,,,male,40
1044_TIE_NEU_XX,crema_d_1044_TIE_NEU_XX,1044_TIE_NEU_XX.wav,crema_d,1044,TIE,NEU,neutral,unspecified,,,16000.0,2.56925,16000.0,3.0,1.12925,,,male,40
1044_TIE_SAD_XX,crema_d_1044_TIE_SAD_XX,1044_TIE_SAD_XX.wav,crema_d,1044,TIE,SAD,sad,unspecified,,,,,,,,,,male,40
1044_TSI_ANG_XX,crema_d_1044_TSI_ANG_XX,1044_TSI_ANG_XX.wav,crema_d,1044,TSI,ANG,anger,unspecified,,,16000.0,2.402375,16000.0,3.0,1.186375,,,male,40
1044_TSI_DIS_XX,crema_d_1044_TSI_DIS_XX,1044_TSI_DIS_XX.wav,crema_d,1044,TSI,DIS,disgust,unspecified,,,,,,,,,,male,40
1044_TSI_FEA_XX,crema_d_1044_TSI_FEA_XX,1044_TSI_FEA_XX.wav,crema_d,1044,TSI,FEA,fear,unspecified,,,,,,,,,,male,40
1044_TSI_HAP_XX,crema_d_1044_TSI_HAP_XX,1044_TSI_HAP_XX.wav,crema_d,1044,TSI,HAP,happy,unspecified,,,16000.0,2.43575,16000.0,3.0,1.28375,,,male,40
1044_TSI_NEU_XX,crema_d_1044_TSI_NEU_XX,1044_TSI_NEU_XX.wav,crema_d,1044,TSI,NEU,neutral,unspecified,,,16000.0,2.535875,16000.0,3.0,1.319875,,,male,40
1044_TSI_SAD_XX,crema_d_1044_TSI_SAD_XX,1044_TSI_SAD_XX.wav,crema_d,1044,TSI,SAD,sad,unspecified,,,,,,,,,,male,40
1044_WSI_ANG_XX,crema_d_1044_WSI_ANG_XX,1044_WSI_ANG_XX.wav,crema_d,1044,WSI,ANG,anger,unspecified,,,16000.0,2.969625,16000.0,3.0,1.369625,,,male,40
1044_WSI_DIS_XX,crema_d_1044_WSI_DIS_XX,1044_WSI_DIS_XX.wav,crema_d,1044,WSI,DIS,disgust,unspecified,,,,,,,,,,male,40
1044_WSI_FEA_XX,crema_d_1044_WSI_FEA_XX,1044_WSI_FEA_XX.wav,crema_d,1044,WSI,FEA,fear,unspecified,,,,,,,,,,male,40
1044_WSI_HAP_XX,crema_d_1044_WSI_HAP_XX,1044_WSI_HAP_XX.wav,crema_d,1044,WSI,HAP,happy,unspecified,,,16000.0,2.3356875,16000.0,3.0,0.5756875,,,male,40
1044_WSI_NEU_XX,crema_d_1044_WSI_NEU_XX,1044_WSI_NEU_XX.wav,crema_d,1044,WSI,NEU,neutral,unspecified,,,16000.0,2.7026875,16000.0,3.0,1.2626875,,,male,40
1044_WSI_SAD_XX,crema_d_1044_WSI_SAD_XX,1044_WSI_SAD_XX.wav,crema_d,1044,WSI,SAD,sad,unspecified,,,,,,,,,,male,40
1045_DFA_ANG_XX,crema_d_1045_DFA_ANG_XX,1045_DFA_ANG_XX.wav,crema_d,1045,DFA,ANG,anger,unspecified,,,16000.0,2.535875,16000.0,3.0,1.319875,,,male,22
1045_DFA_DIS_XX,crema_d_1045_DFA_DIS_XX,1045_DFA_DIS_XX.wav,crema_d,1045,DFA,DIS,disgust,unspecified,,,,,,,,,,male,22
1045_DFA_FEA_XX,crema_d_1045_DFA_FEA_XX,1045_DFA_FEA_XX.wav,crema_d,1045,DFA,FEA,fear,unspecified,,,,,,,,,,male,22
1045_DFA_HAP_XX,crema_d_1045_DFA_HAP_XX,1045_DFA_HAP_XX.wav,crema_d,1045,DFA,HAP,happy,unspecified,,,16000.0,2.1354375,16000.0,3.0,0.7594375,,,male,22
1045_DFA_NEU_XX,crema_d_1045_DFA_NEU_XX,1045_DFA_NEU_XX.wav,crema_d,1045,DFA,NEU,neutral,unspecified,,,16000.0,2.2826875,16000.0,3.0,0.2986875,,,male,22
1045_DFA_SAD_XX,crema_d_1045_DFA_SAD_XX,1045_DFA_SAD_XX.wav,crema_d,1045,DFA,SAD,sad,unspecified,,,,,,,,,,male,22
1045_IEO_ANG_HI,crema_d_1045_IEO_ANG_HI,1045_IEO_ANG_HI.wav,crema_d,1045,IEO,ANG,anger,high,,,16000.0,2.602625,16000.0,3.0,1.258625,,,male,22
1045_IEO_ANG_LO,crema_d_1045_IEO_ANG_LO,1045_IEO_ANG_LO.wav,crema_d,1045,IEO,ANG,anger,low,,,16000.0,2.602625,16000.0,3.0,1.066625,,,male,22
1045_IEO_ANG_MD,crema_d_1045_IEO_ANG_MD,1045_IEO_ANG_MD.wav,crema_d,1045,IEO,ANG,anger,medium,,,16000.0,1.8351875,16000.0,3.0,0.6511875,,,male,22
1045_IEO_DIS_HI,crema_d_1045_IEO_DIS_HI,1045_IEO_DIS_HI.wav,crema_d,1045,IEO,DIS,disgust,high,,,,,,,,,,male,22
1045_IEO_DIS_LO,crema_d_1045_IEO_DIS_LO,1045_IEO_DIS_LO.wav,crema_d,1045,IEO,DIS,disgust,low,,,,,,,,,,male,22
1045_IEO_DIS_MD,crema_d_1045_IEO_DIS_MD,1045_IEO_DIS_MD.wav,crema_d,1045,IEO,DIS,disgust,medium,,,,,,,,,,male,22
1045_IEO_FEA_HI,crema_d_1045_IEO_FEA_HI,1045_IEO_FEA_HI.wav,crema_d,1045,IEO,FEA,fear,high,,,,,,,,,,male,22
1045_IEO_FEA_LO,crema_d_1045_IEO_FEA_LO,1045_IEO_FEA_LO.wav,crema_d,1045,IEO,FEA,fear,low,,,,,,,,,,male,22
1045_IEO_FEA_MD,crema_d_1045_IEO_FEA_MD,1045_IEO_FEA_MD.wav,crema_d,1045,IEO,FEA,fear,medium,,,,,,,,,,male,22
1045_IEO_HAP_HI,crema_d_1045_IEO_HAP_HI,1045_IEO_HAP_HI.wav,crema_d,1045,IEO,HAP,happy,high,,,16000.0,2.369,16000.0,3.0,0.609,,,male,22
1045_IEO_HAP_LO,crema_d_1045_IEO_HAP_LO,1045_IEO_HAP_LO.wav,crema_d,1045,IEO,HAP,happy,low,,,16000.0,1.7350625,16000.0,3.0,0.0710625,,,male,22
1045_IEO_HAP_MD,crema_d_1045_IEO_HAP_MD,1045_IEO_HAP_MD.wav,crema_d,1045,IEO,HAP,happy,medium,,,16000.0,2.102125,16000.0,3.0,0.0,,,male,22
1045_IEO_NEU_XX,crema_d_1045_IEO_NEU_XX,1045_IEO_NEU_XX.wav,crema_d,1045,IEO,NEU,neutral,unspecified,,,16000.0,1.968625,16000.0,3.0,0.016625,,,male,22
1045_IEO_SAD_HI,crema_d_1045_IEO_SAD_HI,1045_IEO_SAD_HI.wav,crema_d,1045,IEO,SAD,sad,high,,,,,,,,,,male,22
1045_IEO_SAD_LO,crema_d_1045_IEO_SAD_LO,1045_IEO_SAD_LO.wav,crema_d,1045,IEO,SAD,sad,low,,,,,,,,,,male,22
1045_IEO_SAD_MD,crema_d_1045_IEO_SAD_MD,1045_IEO_SAD_MD.wav,crema_d,1045,IEO,SAD,sad,medium,,,,,,,,,,male,22
1045_IOM_ANG_XX,crema_d_1045_IOM_ANG_XX,1045_IOM_ANG_XX.wav,crema_d,1045,IOM,ANG,anger,unspecified,,,16000.0,2.469125,16000.0,3.0,1.061125,,,male,22
1045_IOM_DIS_XX,crema_d_1045_IOM_DIS_XX,1045_IOM_DIS_XX.wav,crema_d,1045,IOM,DIS,disgust,unspecified,,,,,,,,,,male,22
1045_IOM_FEA_XX,crema_d_1045_IOM_FEA_XX,1045_IOM_FEA_XX.wav,crema_d,1045,IOM,FEA,fear,unspecified,,,,,,,,,,male,22
1045_IOM_HAP_XX,crema_d_1045_IOM_HAP_XX,1045_IOM_HAP_XX.wav,crema_d,1045,IOM,HAP,happy,unspecified,,,16000.0,2.1354375,16000.0,3.0,0.8874375,,,male,22
1045_IOM_NEU_XX,crema_d_1045_IOM_NEU_XX,1045_IOM_NEU_XX.wav,crema_d,1045,IOM,NEU,neutral,unspecified,,,16000.0,2.2826875,16000.0,3.0,0.1066875,,,male,22
1045_IOM_SAD_XX,crema_d_1045_IOM_SAD_XX,1045_IOM_SAD_XX.wav,crema_d,1045,IOM,SAD,sad,unspecified,,,,,,,,,,male,22
1045_ITH_ANG_XX,crema_d_1045_ITH_ANG_XX,1045_ITH_ANG_XX.wav,crema_d,1045,ITH,ANG,anger,unspecified,,,16000.0,2.6359375,16000.0,3.0,1.1959375,,,male,22
1045_ITH_DIS_XX,crema_d_1045_ITH_DIS_XX,1045_ITH_DIS_XX.wav,crema_d,1045,ITH,DIS,disgust,unspecified,,,,,,,,,,male,22
1045_ITH_FEA_XX,crema_d_1045_ITH_FEA_XX,1045_ITH_FEA_XX.wav,crema_d,1045,ITH,FEA,fear,unspecified,,,,,,,,,,male,22
1045_ITH_HAP_XX,crema_d_1045_ITH_HAP_XX,1045_ITH_HAP_XX.wav,crema_d,1045,ITH,HAP,happy,unspecified,,,16000.0,2.469125,16000.0,3.0,0.901125,,,male,22
1045_ITH_NEU_XX,crema_d_1045_ITH_NEU_XX,1045_ITH_NEU_XX.wav,crema_d,1045,ITH,NEU,neutral,unspecified,,,16000.0,3.036375,16000.0,3.0,0.0,,,male,22
1045_ITH_SAD_XX,crema_d_1045_ITH_SAD_XX,1045_ITH_SAD_XX.wav,crema_d,1045,ITH,SAD,sad,unspecified,,,,,,,,,,male,22
1045_ITS_ANG_XX,crema_d_1045_ITS_ANG_XX,1045_ITS_ANG_XX.wav,crema_d,1045,ITS,ANG,anger,unspecified,,,16000.0,2.7694375,16000.0,3.0,0.1134375,,,male,22
1045_ITS_DIS_XX,crema_d_1045_ITS_DIS_XX,1045_ITS_DIS_XX.wav,crema_d,1045,ITS,DIS,disgust,unspecified,,,,,,,,,,male,22
1045_ITS_FEA_XX,crema_d_1045_ITS_FEA_XX,1045_ITS_FEA_XX.wav,crema_d,1045,ITS,FEA,fear,unspecified,,,,,,,,,,male,22
1045_ITS_HAP_XX,crema_d_1045_ITS_HAP_XX,1045_ITS_HAP_XX.wav,crema_d,1045,ITS,HAP,happy,unspecified,,,16000.0,2.369,16000.0,3.0,0.929,,,male,22
1045_ITS_NEU_XX,crema_d_1045_ITS_NEU_XX,1045_ITS_NEU_XX.wav,crema_d,1045,ITS,NEU,neutral,unspecified,,,16000.0,2.6359375,16000.0,3.0,0.0759375,,,male,22
1045_ITS_SAD_XX,crema_d_1045_ITS_SAD_XX,1045_ITS_SAD_XX.wav,crema_d,1045,ITS,SAD,sad,unspecified,,,,,,,,,,male,22
1045_IWL_ANG_XX,crema_d_1045_IWL_ANG_XX,1045_IWL_ANG_XX.wav,crema_d,1045,IWL,ANG,anger,unspecified,,,16000.0,2.969625,16000.0,3.0,1.081625,,,male,22
1045_IWL_DIS_XX,crema_d_1045_IWL_DIS_XX,1045_IWL_DIS_XX.wav,crema_d,1045,IWL,DIS,disgust,unspecified,,,,,,,,,,male,22
1045_IWL_FEA_XX,crema_d_1045_IWL_FEA_XX,1045_IWL_FEA_XX.wav,crema_d,1045,IWL,FEA,fear,unspecified,,,,,,,,,,male,22
1045_IWL_HAP_XX,crema_d_1045_IWL_HAP_XX,1045_IWL_HAP_XX.wav,crema_d,1045,IWL,HAP,happy,unspecified,,,16000.0,2.1688125,16000.0,3.0,0.6968125,,,male,22
1045_IWL_NEU_XX,crema_d_1045_IWL_NEU_XX,1045_IWL_NEU_XX.wav,crema_d,1045,IWL,NEU,neutral,unspecified,,,16000.0,2.7360625,16000.0,3.0,1.1360625,,,male,22
1045_IWL_SAD_XX,crema_d_1045_IWL_SAD_XX,1045_IWL_SAD_XX.wav,crema_d,1045,IWL,SAD,sad,unspecified,,,,,,,,,,male,22
1045_IWW_ANG_XX,crema_d_1045_IWW_ANG_XX,1045_IWW_ANG_XX.wav,crema_d,1045,IWW,ANG,anger,unspecified,,,16000.0,2.6359375,16000.0,3.0,1.3559375,,,male,22
1045_IWW_DIS_XX,crema_d_1045_IWW_DIS_XX,1045_IWW_DIS_XX.wav,crema_d,1045,IWW,DIS,disgust,unspecified,,,,,,,,,,male,22
1045_IWW_FEA_XX,crema_d_1045_IWW_FEA_XX,1045_IWW_FEA_XX.wav,crema_d,1045,IWW,FEA,fear,unspecified,,,,,,,,,,male,22
1045_IWW_HAP_XX,crema_d_1045_IWW_HAP_XX,1045_IWW_HAP_XX.wav,crema_d,1045,IWW,HAP,happy,unspecified,,,16000.0,2.1354375,16000.0,3.0,0.0874375,,,male,22
1045_IWW_NEU_XX,crema_d_1045_IWW_NEU_XX,1045_IWW_NEU_XX.wav,crema_d,1045,IWW,NEU,neutral,unspecified,,,16000.0,2.3356875,16000.0,3.0,0.3516875,,,male,22
1045_IWW_SAD_XX,crema_d_1045_IWW_SAD_XX,1045_IWW_SAD_XX.wav,crema_d,1045,IWW,SAD,sad,unspecified,,,,,,,,,,male,22
1045_MTI_ANG_XX,crema_d_1045_MTI_ANG_XX,1045_MTI_ANG_XX.wav,crema_d,1045,MTI,ANG,anger,unspecified,,,16000.0,2.7694375,16000.0,3.0,0.9774375,,,male,22
1045_MTI_DIS_XX,crema_d_1045_MTI_DIS_XX,1045_MTI_DIS_XX.wav,crema_d,1045,MTI,DIS,disgust,unspecified,,,,,,,,,,male,22
1045_MTI_FEA_XX,crema_d_1045_MTI_FEA_XX,1045_MTI_FEA_XX.wav,crema_d,1045,MTI,FEA,fear,unspecified,,,,,,,,,,male,22
1045_MTI_HAP_XX,crema_d_1045_MTI_HAP_XX,1045_MTI_HAP_XX.wav,crema_d,1045,MTI,HAP,happy,unspecified,,,16000.0,2.6693125,16000.0,3.0,1.1653125,,,male,22
1045_MTI_NEU_XX,crema_d_1045_MTI_NEU_XX,1045_MTI_NEU_XX.wav,crema_d,1045,MTI,NEU,neutral,unspecified,,,16000.0,2.7694375,16000.0,3.0,0.1454375,,,male,22
1045_MTI_SAD_XX,crema_d_1045_MTI_SAD_XX,1045_MTI_SAD_XX.wav,crema_d,1045,MTI,SAD,sad,unspecified,,,,,,,,,,male,22
1045_TAI_ANG_XX,crema_d_1045_TAI_ANG_XX,1045_TAI_ANG_XX.wav,crema_d,1045,TAI,ANG,anger,unspecified,,,16000.0,3.2365625,16000.0,3.0,1.0925625,,,male,22
1045_TAI_DIS_XX,crema_d_1045_TAI_DIS_XX,1045_TAI_DIS_XX.wav,crema_d,1045,TAI,DIS,disgust,unspecified,,,,,,,,,,male,22
1045_TAI_FEA_XX,crema_d_1045_TAI_FEA_XX,1045_TAI_FEA_XX.wav,crema_d,1045,TAI,FEA,fear,unspecified,,,,,,,,,,male,22
1045_TAI_HAP_XX,crema_d_1045_TAI_HAP_XX,1045_TAI_HAP_XX.wav,crema_d,1045,TAI,HAP,happy,unspecified,,,16000.0,2.6359375,16000.0,3.0,1.1319375,,,male,22
1045_TAI_NEU_XX,crema_d_1045_TAI_NEU_XX,1045_TAI_NEU_XX.wav,crema_d,1045,TAI,NEU,neutral,unspecified,,,16000.0,2.7026875,16000.0,3.0,0.2386875,,,male,22
1045_TAI_SAD_XX,crema_d_1045_TAI_SAD_XX,1045_TAI_SAD_XX.wav,crema_d,1045,TAI,SAD,sad,unspecified,,,,,,,,,,male,22
1045_TIE_ANG_XX,crema_d_1045_TIE_ANG_XX,1045_TIE_ANG_XX.wav,crema_d,1045,TIE,ANG,anger,unspecified,,,16000.0,3.3033125,16000.0,3.0,1.2553125,,,male,22
1045_TIE_DIS_XX,crema_d_1045_TIE_DIS_XX,1045_TIE_DIS_XX.wav,crema_d,1045,TIE,DIS,disgust,unspecified,,,,,,,,,,male,22
1045_TIE_FEA_XX,crema_d_1045_TIE_FEA_XX,1045_TIE_FEA_XX.wav,crema_d,1045,TIE,FEA,fear,unspecified,,,,,,,,,,male,22
1045_TIE_HAP_XX,crema_d_1045_TIE_HAP_XX,1045_TIE_HAP_XX.wav,crema_d,1045,TIE,HAP,happy,unspecified,,,16000.0,3.2365625,16000.0,3.0,1.9885625,,,male,22
1045_TIE_NEU_XX,crema_d_1045_TIE_NEU_XX,1045_TIE_NEU_XX.wav,crema_d,1045,TIE,NEU,neutral,unspecified,,,16000.0,2.602625,16000.0,3.0,0.042625,,,male,22
1045_TIE_SAD_XX,crema_d_1045_TIE_SAD_XX,1045_TIE_SAD_XX.wav,crema_d,1045,TIE,SAD,sad,unspecified,,,,,,,,,,male,22
1045_TSI_ANG_XX,crema_d_1045_TSI_ANG_XX,1045_TSI_ANG_XX.wav,crema_d,1045,TSI,ANG,anger,unspecified,,,16000.0,2.8695625,16000.0,3.0,1.2695625,,,male,22
1045_TSI_DIS_XX,crema_d_1045_TSI_DIS_XX,1045_TSI_DIS_XX.wav,crema_d,1045,TSI,DIS,disgust,unspecified,,,,,,,,,,male,22
1045_TSI_FEA_XX,crema_d_1045_TSI_FEA_XX,1045_TSI_FEA_XX.wav,crema_d,1045,TSI,FEA,fear,unspecified,,,,,,,,,,male,22
1045_TSI_HAP_XX,crema_d_1045_TSI_HAP_XX,1045_TSI_HAP_XX.wav,crema_d,1045,TSI,HAP,happy,unspecified,,,16000.0,2.402375,16000.0,3.0,1.282375,,,male,22
1045_TSI_NEU_XX,crema_d_1045_TSI_NEU_XX,1045_TSI_NEU_XX.wav,crema_d,1045,TSI,NEU,neutral,unspecified,,,16000.0,2.8028125,16000.0,3.0,0.2748125,,,male,22
1045_TSI_SAD_XX,crema_d_1045_TSI_SAD_XX,1045_TSI_SAD_XX.wav,crema_d,1045,TSI,SAD,sad,unspecified,,,,,,,,,,male,22
1045_WSI_ANG_XX,crema_d_1045_WSI_ANG_XX,1045_WSI_ANG_XX.wav,crema_d,1045,WSI,ANG,anger,unspecified,,,16000.0,3.1698125,16000.0,3.0,1.3778125,,,male,22
1045_WSI_DIS_XX,crema_d_1045_WSI_DIS_XX,1045_WSI_DIS_XX.wav,crema_d,1045,WSI,DIS,disgust,unspecified,,,,,,,,,,male,22
1045_WSI_FEA_XX,crema_d_1045_WSI_FEA_XX,1045_WSI_FEA_XX.wav,crema_d,1045,WSI,FEA,fear,unspecified,,,,,,,,,,male,22
1045_WSI_HAP_XX,crema_d_1045_WSI_HAP_XX,1045_WSI_HAP_XX.wav,crema_d,1045,WSI,HAP,happy,unspecified,,,16000.0,2.602625,16000.0,3.0,1.098625,,,male,22
1045_WSI_NEU_XX,crema_d_1045_WSI_NEU_XX,1045_WSI_NEU_XX.wav,crema_d,1045,WSI,NEU,neutral,unspecified,,,16000.0,3.1364375,16000.0,3.0,1.3444375,,,male,22
1045_WSI_SAD_XX,crema_d_1045_WSI_SAD_XX,1045_WSI_SAD_XX.wav,crema_d,1045,WSI,SAD,sad,unspecified,,,,,,,,,,male,22
1046_DFA_ANG_XX,crema_d_1046_DFA_ANG_XX,1046_DFA_ANG_XX.wav,crema_d,1046,DFA,ANG,anger,unspecified,,,16000.0,2.2826875,16000.0,3.0,0.8426875,,,female,22
1046_DFA_DIS_XX,crema_d_1046_DFA_DIS_XX,1046_DFA_DIS_XX.wav,crema_d,1046,DFA,DIS,disgust,unspecified,,,,,,,,,,female,22
1046_DFA_FEA_XX,crema_d_1046_DFA_FEA_XX,1046_DFA_FEA_XX.wav,crema_d,1046,DFA,FEA,fear,unspecified,,,,,,,,,,female,22
1046_DFA_HAP_XX,crema_d_1046_DFA_HAP_XX,1046_DFA_HAP_XX.wav,crema_d,1046,DFA,HAP,happy,unspecified,,,16000.0,2.035375,16000.0,3.0,1.107375,,,female,22
1046_DFA_NEU_XX,crema_d_1046_DFA_NEU_XX,1046_DFA_NEU_XX.wav,crema_d,1046,DFA,NEU,neutral,unspecified,,,16000.0,2.1688125,16000.0,3.0,0.6648125,,,female,22
1046_DFA_SAD_XX,crema_d_1046_DFA_SAD_XX,1046_DFA_SAD_XX.wav,crema_d,1046,DFA,SAD,sad,unspecified,,,,,,,,,,female,22
1046_IEO_ANG_HI,crema_d_1046_IEO_ANG_HI,1046_IEO_ANG_HI.wav,crema_d,1046,IEO,ANG,anger,high,,,16000.0,2.3356875,16000.0,3.0,1.2476875,,,female,22
1046_IEO_ANG_LO,crema_d_1046_IEO_ANG_LO,1046_IEO_ANG_LO.wav,crema_d,1046,IEO,ANG,anger,low,,,16000.0,2.102125,16000.0,3.0,1.046125,,,female,22
1046_IEO_ANG_MD,crema_d_1046_IEO_ANG_MD,1046_IEO_ANG_MD.wav,crema_d,1046,IEO,ANG,anger,medium,,,16000.0,2.2689375,16000.0,3.0,0.9889375,,,female,22
1046_IEO_DIS_HI,crema_d_1046_IEO_DIS_HI,1046_IEO_DIS_HI.wav,crema_d,1046,IEO,DIS,disgust,high,,,,,,,,,,female,22
1046_IEO_DIS_LO,crema_d_1046_IEO_DIS_LO,1046_IEO_DIS_LO.wav,crema_d,1046,IEO,DIS,disgust,low,,,,,,,,,,female,22
1046_IEO_DIS_MD,crema_d_1046_IEO_DIS_MD,1046_IEO_DIS_MD.wav,crema_d,1046,IEO,DIS,disgust,medium,,,,,,,,,,female,22
1046_IEO_FEA_HI,crema_d_1046_IEO_FEA_HI,1046_IEO_FEA_HI.wav,crema_d,1046,IEO,FEA,fear,high,,,,,,,,,,female,22
1046_IEO_FEA_LO,crema_d_1046_IEO_FEA_LO,1046_IEO_FEA_LO.wav,crema_d,1046,IEO,FEA,fear,low,,,,,,,,,,female,22
1046_IEO_FEA_MD,crema_d_1046_IEO_FEA_MD,1046_IEO_FEA_MD.wav,crema_d,1046,IEO,FEA,fear,medium,,,,,,,,,,female,22
1046_IEO_HAP_HI,crema_d_1046_IEO_HAP_HI,1046_IEO_HAP_HI.wav,crema_d,1046,IEO,HAP,happy,high,,,16000.0,1.7350625,16000.0,3.0,0.7750625,,,female,22
1046_IEO_HAP_LO,crema_d_1046_IEO_HAP_LO,1046_IEO_HAP_LO.wav,crema_d,1046,IEO,HAP,happy,low,,,16000.0,1.8351875,16000.0,3.0,0.0,,,female,22
1046_IEO_HAP_MD,crema_d_1046_IEO_HAP_MD,1046_IEO_HAP_MD.wav,crema_d,1046,IEO,HAP,happy,medium,,,16000.0,1.7684375,16000.0,3.0,0.0,,,female,22
1046_IEO_NEU_XX,crema_d_1046_IEO_NEU_XX,1046_IEO_NEU_XX.wav,crema_d,1046,IEO,NEU,neutral,unspecified,,,16000.0,1.7016875,16000.0,3.0,0.0056875,,,female,22
1046_IEO_SAD_HI,crema_d_1046_IEO_SAD_HI,1046_IEO_SAD_HI.wav,crema_d,1046,IEO,SAD,sad,high,,,,,,,,,,female,22
1046_IEO_SAD_LO,crema_d_1046_IEO_SAD_LO,1046_IEO_SAD_LO.wav,crema_d,1046,IEO,SAD,sad,low,,,,,,,,,,female,22
1046_IEO_SAD_MD,crema_d_1046_IEO_SAD_MD,1046_IEO_SAD_MD.wav,crema_d,1046,IEO,SAD,sad,medium,,,,,,,,,,female,22
1046_IOM_ANG_XX,crema_d_1046_IOM_ANG_XX,1046_IOM_ANG_XX.wav,crema_d,1046,IOM,ANG,anger,unspecified,,,16000.0,2.3356875,16000.0,3.0,0.9916875,,,female,22
1046_IOM_DIS_XX,crema_d_1046_IOM_DIS_XX,1046_IOM_DIS_XX.wav,crema_d,1046,IOM,DIS,disgust,unspecified,,,,,,,,,,female,22
1046_IOM_FEA_XX,crema_d_1046_IOM_FEA_XX,1046_IOM_FEA_XX.wav,crema_d,1046,IOM,FEA,fear,unspecified,,,,,,,,,,female,22
1046_IOM_HAP_XX,crema_d_1046_IOM_HAP_XX,1046_IOM_HAP_XX.wav,crema_d,1046,IOM,HAP,happy,unspecified,,,16000.0,1.901875,16000.0,3.0,0.013875,,,female,22
1046_IOM_NEU_XX,crema_d_1046_IOM_NEU_XX,1046_IOM_NEU_XX.wav,crema_d,1046,IOM,NEU,neutral,unspecified,,,16000.0,2.102125,16000.0,3.0,0.0,,,female,22
1046_IOM_SAD_XX,crema_d_1046_IOM_SAD_XX,1046_IOM_SAD_XX.wav,crema_d,1046,IOM,SAD,sad,unspecified,,,,,,,,,,female,22
1046_ITH_ANG_XX,crema_d_1046_ITH_ANG_XX,1046_ITH_ANG_XX.wav,crema_d,1046,ITH,ANG,anger,unspecified,,,16000.0,2.1688125,16000.0,3.0,0.6968125,,,female,22
1046_ITH_DIS_XX,crema_d_1046_ITH_DIS_XX,1046_ITH_DIS_XX.wav,crema_d,1046,ITH,DIS,disgust,unspecified,,,,,,,,,,female,22
1046_ITH_FEA_XX,crema_d_1046_ITH_FEA_XX,1046_ITH_FEA_XX.wav,crema_d,1046,ITH,FEA,fear,unspecified,,,,,,,,,,female,22
1046_ITH_HAP_XX,crema_d_1046_ITH_HAP_XX,1046_ITH_HAP_XX.wav,crema_d,1046,ITH,HAP,happy,unspecified,,,16000.0,2.102125,16000.0,3.0,0.854125,,,female,22
1046_ITH_NEU_XX,crema_d_1046_ITH_NEU_XX,1046_ITH_NEU_XX.wav,crema_d,1046,ITH,NEU,neutral,unspecified,,,16000.0,2.3690625,16000.0,3.0,0.0010625,,,female,22
1046_ITH_SAD_XX,crema_d_1046_ITH_SAD_XX,1046_ITH_SAD_XX.wav,crema_d,1046,ITH,SAD,sad,unspecified,,,,,,,,,,female,22
1046_ITS_ANG_XX,crema_d_1046_ITS_ANG_XX,1046_ITS_ANG_XX.wav,crema_d,1046,ITS,ANG,anger,unspecified,,,16000.0,2.56925,16000.0,3.0,1.03325,,,female,22
1046_ITS_DIS_XX,crema_d_1046_ITS_DIS_XX,1046_ITS_DIS_XX.wav,crema_d,1046,ITS,DIS,disgust,unspecified,,,,,,,,,,female,22
1046_ITS_FEA_XX,crema_d_1046_ITS_FEA_XX,1046_ITS_FEA_XX.wav,crema_d,1046,ITS,FEA,fear,unspecified,,,,,,,,,,female,22
1046_ITS_HAP_XX,crema_d_1046_ITS_HAP_XX,1046_ITS_HAP_XX.wav,crema_d,1046,ITS,HAP,happy,unspecified,,,16000.0,2.1354375,16000.0,3.0,0.8554375,,,female,22
1046_ITS_NEU_XX,crema_d_1046_ITS_NEU_XX,1046_ITS_NEU_XX.wav,crema_d,1046,ITS,NEU,neutral,unspecified,,,16000.0,2.102125,16000.0,3.0,0.086125,,,female,22
1046_ITS_SAD_XX,crema_d_1046_ITS_SAD_XX,1046_ITS_SAD_XX.wav,crema_d,1046,ITS,SAD,sad,unspecified,,,,,,,,,,female,22
1046_IWL_ANG_XX,crema_d_1046_IWL_ANG_XX,1046_IWL_ANG_XX.wav,crema_d,1046,IWL,ANG,anger,unspecified,,,16000.0,2.1354375,16000.0,3.0,0.5354375,,,female,22
1046_IWL_DIS_XX,crema_d_1046_IWL_DIS_XX,1046_IWL_DIS_XX.wav,crema_d,1046,IWL,DIS,disgust,unspecified,,,,,,,,,,female,22
1046_IWL_FEA_XX,crema_d_1046_IWL_FEA_XX,1046_IWL_FEA_XX.wav,crema_d,1046,IWL,FEA,fear,unspecified,,,,,,,,,,female,22
1046_IWL_HAP_XX,crema_d_1046_IWL_HAP_XX,1046_IWL_HAP_XX.wav,crema_d,1046,IWL,HAP,happy,unspecified,,,16000.0,2.035375,16000.0,3.0,0.851375,,,female,22
1046_IWL_NEU_XX,crema_d_1046_IWL_NEU_XX,1046_IWL_NEU_XX.wav,crema_d,1046,IWL,NEU,neutral,unspecified,,,16000.0,2.402375,16000.0,3.0,0.066375,,,female,22
1046_IWL_SAD_XX,crema_d_1046_IWL_SAD_XX,1046_IWL_SAD_XX.wav,crema_d,1046,IWL,SAD,sad,unspecified,,,,,,,,,,female,22
1046_IWW_ANG_XX,crema_d_1046_IWW_ANG_XX,1046_IWW_ANG_XX.wav,crema_d,1046,IWW,ANG,anger,unspecified,,,16000.0,2.1354375,16000.0,3.0,0.5994375,,,female,22
1046_IWW_DIS_XX,crema_d_1046_IWW_DIS_XX,1046_IWW_DIS_XX.wav,crema_d,1046,IWW,DIS,disgust,unspecified,,,,,,,,,,female,22
1046_IWW_FEA_XX,crema_d_1046_IWW_FEA_XX,1046_IWW_FEA_XX.wav,crema_d,1046,IWW,FEA,fear,unspecified,,,,,,,,,,female,22
1046_IWW_HAP_XX,crema_d_1046_IWW_HAP_XX,1046_IWW_HAP_XX.wav,crema_d,1046,IWW,HAP,happy,unspecified,,,16000.0,1.8685625,16000.0,3.0,0.0445625,,,female,22
1046_IWW_NEU_XX,crema_d_1046_IWW_NEU_XX,1046_IWW_NEU_XX.wav,crema_d,1046,IWW,NEU,neutral,unspecified,,,16000.0,2.2826875,16000.0,3.0,0.032,,,female,22
1046_IWW_SAD_XX,crema_d_1046_IWW_SAD_XX,1046_IWW_SAD_XX.wav,crema_d,1046,IWW,SAD,sad,unspecified,,,,,,,,,,female,22
1046_MTI_ANG_XX,crema_d_1046_MTI_ANG_XX,1046_MTI_ANG_XX.wav,crema_d,1046,MTI,ANG,anger,unspecified,,,16000.0,2.6693125,16000.0,3.0,0.9733125,,,female,22
1046_MTI_DIS_XX,crema_d_1046_MTI_DIS_XX,1046_MTI_DIS_XX.wav,crema_d,1046,MTI,DIS,disgust,unspecified,,,,,,,,,,female,22
1046_MTI_FEA_XX,crema_d_1046_MTI_FEA_XX,1046_MTI_FEA_XX.wav,crema_d,1046,MTI,FEA,fear,unspecified,,,,,,,,,,female,22
1046_MTI_HAP_XX,crema_d_1046_MTI_HAP_XX,1046_MTI_HAP_XX.wav,crema_d,1046,MTI,HAP,happy,unspecified,,,16000.0,2.002,16000.0,3.0,0.37,,,female,22
1046_MTI_NEU_XX,crema_d_1046_MTI_NEU_XX,1046_MTI_NEU_XX.wav,crema_d,1046,MTI,NEU,neutral,unspecified,,,16000.0,2.06875,16000.0,3.0,0.08475,,,female,22
1046_MTI_SAD_XX,crema_d_1046_MTI_SAD_XX,1046_MTI_SAD_XX.wav,crema_d,1046,MTI,SAD,sad,unspecified,,,,,,,,,,female,22
1046_TAI_ANG_XX,crema_d_1046_TAI_ANG_XX,1046_TAI_ANG_XX.wav,crema_d,1046,TAI,ANG,anger,unspecified,,,16000.0,2.2021875,16000.0,3.0,0.7621875,,,female,22
1046_TAI_DIS_XX,crema_d_1046_TAI_DIS_XX,1046_TAI_DIS_XX.wav,crema_d,1046,TAI,DIS,disgust,unspecified,,,,,,,,,,female,22
1046_TAI_FEA_XX,crema_d_1046_TAI_FEA_XX,1046_TAI_FEA_XX.wav,crema_d,1046,TAI,FEA,fear,unspecified,,,,,,,,,,female,22
1046_TAI_HAP_XX,crema_d_1046_TAI_HAP_XX,1046_TAI_HAP_XX.wav,crema_d,1046,TAI,HAP,happy,unspecified,,,16000.0,1.968625,16000.0,3.0,0.400625,,,female,22
1046_TAI_NEU_XX,crema_d_1046_TAI_NEU_XX,1046_TAI_NEU_XX.wav,crema_d,1046,TAI,NEU,neutral,unspecified,,,16000.0,2.2021875,16000.0,3.0,0.0,,,female,22
1046_TAI_SAD_XX,crema_d_1046_TAI_SAD_XX,1046_TAI_SAD_XX.wav,crema_d,1046,TAI,SAD,sad,unspecified,,,,,,,,,,female,22
1046_TIE_ANG_XX,crema_d_1046_TIE_ANG_XX,1046_TIE_ANG_XX.wav,crema_d,1046,TIE,ANG,anger,unspecified,,,16000.0,2.2755625,16000.0,3.0,0.8995625,,,female,22
1046_TIE_DIS_XX,crema_d_1046_TIE_DIS_XX,1046_TIE_DIS_XX.wav,crema_d,1046,TIE,DIS,disgust,unspecified,,,,,,,,,,female,22
1046_TIE_FEA_XX,crema_d_1046_TIE_FEA_XX,1046_TIE_FEA_XX.wav,crema_d,1046,TIE,FEA,fear,unspecified,,,,,,,,,,female,22
1046_TIE_HAP_XX,crema_d_1046_TIE_HAP_XX,1046_TIE_HAP_XX.wav,crema_d,1046,TIE,HAP,happy,unspecified,,,16000.0,2.2021875,16000.0,3.0,0.0581875,,,female,22
1046_TIE_NEU_XX,crema_d_1046_TIE_NEU_XX,1046_TIE_NEU_XX.wav,crema_d,1046,TIE,NEU,neutral,unspecified,,,16000.0,2.369,16000.0,3.0,0.033,,,female,22
1046_TIE_SAD_XX,crema_d_1046_TIE_SAD_XX,1046_TIE_SAD_XX.wav,crema_d,1046,TIE,SAD,sad,unspecified,,,,,,,,,,female,22
1046_TSI_ANG_XX,crema_d_1046_TSI_ANG_XX,1046_TSI_ANG_XX.wav,crema_d,1046,TSI,ANG,anger,unspecified,,,16000.0,1.8351875,16000.0,3.0,0.7151875,,,female,22
1046_TSI_DIS_XX,crema_d_1046_TSI_DIS_XX,1046_TSI_DIS_XX.wav,crema_d,1046,TSI,DIS,disgust,unspecified,,,,,,,,,,female,22
1046_TSI_FEA_XX,crema_d_1046_TSI_FEA_XX,1046_TSI_FEA_XX.wav,crema_d,1046,TSI,FEA,fear,unspecified,,,,,,,,,,female,22
1046_TSI_HAP_XX,crema_d_1046_TSI_HAP_XX,1046_TSI_HAP_XX.wav,crema_d,1046,TSI,HAP,happy,unspecified,,,16000.0,1.601625,16000.0,3.0,0.353625,,,female,22
1046_TSI_NEU_XX,crema_d_1046_TSI_NEU_XX,1046_TSI_NEU_XX.wav,crema_d,1046,TSI,NEU,neutral,unspecified,,,16000.0,2.035375,16000.0,3.0,0.083375,,,female,22
1046_TSI_SAD_XX,crema_d_1046_TSI_SAD_XX,1046_TSI_SAD_XX.wav,crema_d,1046,TSI,SAD,sad,unspecified,,,,,,,,,,female,22
1046_WSI_ANG_XX,crema_d_1046_WSI_ANG_XX,1046_WSI_ANG_XX.wav,crema_d,1046,WSI,ANG,anger,unspecified,,,16000.0,2.3690625,16000.0,3.0,1.0570625,,,female,22
1046_WSI_DIS_XX,crema_d_1046_WSI_DIS_XX,1046_WSI_DIS_XX.wav,crema_d,1046,WSI,DIS,disgust,unspecified,,,,,,,,,,female,22
1046_WSI_FEA_XX,crema_d_1046_WSI_FEA_XX,1046_WSI_FEA_XX.wav,crema_d,1046,WSI,FEA,fear,unspecified,,,,,,,,,,female,22
1046_WSI_HAP_XX,crema_d_1046_WSI_HAP_XX,1046_WSI_HAP_XX.wav,crema_d,1046,WSI,HAP,happy,unspecified,,,16000.0,1.7350625,16000.0,3.0,0.5190625,,,female,22
1046_WSI_NEU_XX,crema_d_1046_WSI_NEU_XX,1046_WSI_NEU_XX.wav,crema_d,1046,WSI,NEU,neutral,unspecified,,,16000.0,1.93525,16000.0,3.0,0.032,,,female,22
1046_WSI_SAD_XX,crema_d_1046_WSI_SAD_XX,1046_WSI_SAD_XX.wav,crema_d,1046,WSI,SAD,sad,unspecified,,,,,,,,,,female,22
1047_DFA_ANG_XX,crema_d_1047_DFA_ANG_XX,1047_DFA_ANG_XX.wav,crema_d,1047,DFA,ANG,anger,unspecified,,,16000.0,2.035375,16000.0,3.0,0.563375,,,female,22
1047_DFA_DIS_XX,crema_d_1047_DFA_DIS_XX,1047_DFA_DIS_XX.wav,crema_d,1047,DFA,DIS,disgust,unspecified,,,,,,,,,,female,22
1047_DFA_FEA_XX,crema_d_1047_DFA_FEA_XX,1047_DFA_FEA_XX.wav,crema_d,1047,DFA,FEA,fear,unspecified,,,,,,,,,,female,22
1047_DFA_HAP_XX,crema_d_1047_DFA_HAP_XX,1047_DFA_HAP_XX.wav,crema_d,1047,DFA,HAP,happy,unspecified,,,16000.0,1.601625,16000.0,3.0,0.609625,,,female,22
1047_DFA_NEU_XX,crema_d_1047_DFA_NEU_XX,1047_DFA_NEU_XX.wav,crema_d,1047,DFA,NEU,neutral,unspecified,,,16000.0,2.3356875,16000.0,3.0,0.0,,,female,22
1047_DFA_SAD_XX,crema_d_1047_DFA_SAD_XX,1047_DFA_SAD_XX.wav,crema_d,1047,DFA,SAD,sad,unspecified,,,,,,,,,,female,22
1047_IEO_ANG_HI,crema_d_1047_IEO_ANG_HI,1047_IEO_ANG_HI.wav,crema_d,1047,IEO,ANG,anger,high,,,16000.0,2.535875,16000.0,3.0,1.191875,,,female,22
1047_IEO_ANG_LO,crema_d_1047_IEO_ANG_LO,1047_IEO_ANG_LO.wav,crema_d,1047,IEO,ANG,anger,low,,,16000.0,2.002,16000.0,3.0,0.786,,,female,22
1047_IEO_ANG_MD,crema_d_1047_IEO_ANG_MD,1047_IEO_ANG_MD.wav,crema_d,1047,IEO,ANG,anger,medium,,,16000.0,2.3023125,16000.0,3.0,0.0,,,female,22
1047_IEO_DIS_HI,crema_d_1047_IEO_DIS_HI,1047_IEO_DIS_HI.wav,crema_d,1047,IEO,DIS,disgust,high,,,,,,,,,,female,22
1047_IEO_DIS_LO,crema_d_1047_IEO_DIS_LO,1047_IEO_DIS_LO.wav,crema_d,1047,IEO,DIS,disgust,low,,,,,,,,,,female,22
1047_IEO_DIS_MD,crema_d_1047_IEO_DIS_MD,1047_IEO_DIS_MD.wav,crema_d,1047,IEO,DIS,disgust,medium,,,,,,,,,,female,22
1047_IEO_FEA_HI,crema_d_1047_IEO_FEA_HI,1047_IEO_FEA_HI.wav,crema_d,1047,IEO,FEA,fear,high,,,,,,,,,,female,22
1047_IEO_FEA_LO,crema_d_1047_IEO_FEA_LO,1047_IEO_FEA_LO.wav,crema_d,1047,IEO,FEA,fear,low,,,,,,,,,,female,22
1047_IEO_FEA_MD,crema_d_1047_IEO_FEA_MD,1047_IEO_FEA_MD.wav,crema_d,1047,IEO,FEA,fear,medium,,,,,,,,,,female,22
1047_IEO_HAP_HI,crema_d_1047_IEO_HAP_HI,1047_IEO_HAP_HI.wav,crema_d,1047,IEO,HAP,happy,high,,,16000.0,1.8685625,16000.0,3.0,0.7165625,,,female,22
1047_IEO_HAP_LO,crema_d_1047_IEO_HAP_LO,1047_IEO_HAP_LO.wav,crema_d,1047,IEO,HAP,happy,low,,,16000.0,1.8351875,16000.0,3.0,0.9391875,,,female,22
1047_IEO_HAP_MD,crema_d_1047_IEO_HAP_MD,1047_IEO_HAP_MD.wav,crema_d,1047,IEO,HAP,happy,medium,,,16000.0,1.534875,16000.0,3.0,0.638875,,,female,22
1047_IEO_NEU_XX,crema_d_1047_IEO_NEU_XX,1047_IEO_NEU_XX.wav,crema_d,1047,IEO,NEU,neutral,unspecified,,,16000.0,1.8351875,16000.0,3.0,0.0431875,,,female,22
1047_IEO_SAD_HI,crema_d_1047_IEO_SAD_HI,1047_IEO_SAD_HI.wav,crema_d,1047,IEO,SAD,sad,high,,,,,,,,,,female,22
1047_IEO_SAD_LO,crema_d_1047_IEO_SAD_LO,1047_IEO_SAD_LO.wav,crema_d,1047,IEO,SAD,sad,low,,,,,,,,,,female,22
1047_IEO_SAD_MD,crema_d_1047_IEO_SAD_MD,1047_IEO_SAD_MD.wav,crema_d,1047,IEO,SAD,sad,medium,,,,,,,,,,female,22
1047_IOM_ANG_XX,crema_d_1047_IOM_ANG_XX,1047_IOM_ANG_XX.wav,crema_d,1047,IOM,ANG,anger,unspecified,,,16000.0,2.2689375,16000.0,3.0,0.8609375,,,female,22
1047_IOM_DIS_XX,crema_d_1047_IOM_DIS_XX,1047_IOM_DIS_XX.wav,crema_d,1047,IOM,DIS,disgust,unspecified,,,,,,,,,,female,22
1047_IOM_FEA_XX,crema_d_1047_IOM_FEA_XX,1047_IOM_FEA_XX.wav,crema_d,1047,IOM,FEA,fear,unspecified,,,,,,,,,,female,22
1047_IOM_HAP_XX,crema_d_1047_IOM_HAP_XX,1047_IOM_HAP_XX.wav,crema_d,1047,IOM,HAP,happy,unspecified,,,16000.0,2.002,16000.0,3.0,0.786,,,female,22
1047_IOM_NEU_XX,crema_d_1047_IOM_NEU_XX,1047_IOM_NEU_XX.wav,crema_d,1047,IOM,NEU,neutral,unspecified,,,16000.0,2.602625,16000.0,3.0,0.0,,,female,22
1047_IOM_SAD_XX,crema_d_1047_IOM_SAD_XX,1047_IOM_SAD_XX.wav,crema_d,1047,IOM,SAD,sad,unspecified,,,,,,,,,,female,22
1047_ITH_ANG_XX,crema_d_1047_ITH_ANG_XX,1047_ITH_ANG_XX.wav,crema_d,1047,ITH,ANG,anger,unspecified,,,16000.0,3.003,16000.0,3.0,1.019,,,female,22
1047_ITH_DIS_XX,crema_d_1047_ITH_DIS_XX,1047_ITH_DIS_XX.wav,crema_d,1047,ITH,DIS,disgust,unspecified,,,,,,,,,,female,22
1047_ITH_FEA_XX,crema_d_1047_ITH_FEA_XX,1047_ITH_FEA_XX.wav,crema_d,1047,ITH,FEA,fear,unspecified,,,,,,,,,,female,22
1047_ITH_HAP_XX,crema_d_1047_ITH_HAP_XX,1047_ITH_HAP_XX.wav,crema_d,1047,ITH,HAP,happy,unspecified,,,16000.0,2.3023125,16000.0,3.0,0.7663125,,,female,22
1047_ITH_NEU_XX,crema_d_1047_ITH_NEU_XX,1047_ITH_NEU_XX.wav,crema_d,1047,ITH,NEU,neutral,unspecified,,,16000.0,2.7026875,16000.0,3.0,0.0466875,,,female,22
1047_ITH_SAD_XX,crema_d_1047_ITH_SAD_XX,1047_ITH_SAD_XX.wav,crema_d,1047,ITH,SAD,sad,unspecified,,,,,,,,,,female,22
1047_ITS_ANG_XX,crema_d_1047_ITS_ANG_XX,1047_ITS_ANG_XX.wav,crema_d,1047,ITS,ANG,anger,unspecified,,,16000.0,2.8361875,16000.0,3.0,1.0121875,,,female,22
1047_ITS_DIS_XX,crema_d_1047_ITS_DIS_XX,1047_ITS_DIS_XX.wav,crema_d,1047,ITS,DIS,disgust,unspecified,,,,,,,,,,female,22
1047_ITS_FEA_XX,crema_d_1047_ITS_FEA_XX,1047_ITS_FEA_XX.wav,crema_d,1047,ITS,FEA,fear,unspecified,,,,,,,,,,female,22
1047_ITS_HAP_XX,crema_d_1047_ITS_HAP_XX,1047_ITS_HAP_XX.wav,crema_d,1047,ITS,HAP,happy,unspecified,,,16000.0,2.469125,16000.0,3.0,0.773125,,,female,22
1047_ITS_NEU_XX,crema_d_1047_ITS_NEU_XX,1047_ITS_NEU_XX.wav,crema_d,1047,ITS,NEU,neutral,unspecified,,,16000.0,2.56925,16000.0,3.0,0.04125,,,female,22
1047_ITS_SAD_XX,crema_d_1047_ITS_SAD_XX,1047_ITS_SAD_XX.wav,crema_d,1047,ITS,SAD,sad,unspecified,,,,,,,,,,female,22
1047_IWL_ANG_XX,crema_d_1047_IWL_ANG_XX,1047_IWL_ANG_XX.wav,crema_d,1047,IWL,ANG,anger,unspecified,,,16000.0,2.469125,16000.0,3.0,0.773125,,,female,22
1047_IWL_DIS_XX,crema_d_1047_IWL_DIS_XX,1047_IWL_DIS_XX.wav,crema_d,1047,IWL,DIS,disgust,unspecified,,,,,,,,,,female,22
1047_IWL_FEA_XX,crema_d_1047_IWL_FEA_XX,1047_IWL_FEA_XX.wav,crema_d,1047,IWL,FEA,fear,unspecified,,,,,,,,,,female,22
1047_IWL_HAP_XX,crema_d_1047_IWL_HAP_XX,1047_IWL_HAP_XX.wav,crema_d,1047,IWL,HAP,happy,unspecified,,,16000.0,2.5025,16000.0,3.0,0.7105,,,female,22
1047_IWL_NEU_XX,crema_d_1047_IWL_NEU_XX,1047_IWL_NEU_XX.wav,crema_d,1047,IWL,NEU,neutral,unspecified,,,16000.0,2.469125,16000.0,3.0,0.613125,,,female,22
1047_IWL_SAD_XX,crema_d_1047_IWL_SAD_XX,1047_IWL_SAD_XX.wav,crema_d,1047,IWL,SAD,sad,unspecified,,,,,,,,,,female,22
1047_IWW_ANG_XX,crema_d_1047_IWW_ANG_XX,1047_IWW_ANG_XX.wav,crema_d,1047,IWW,ANG,anger,unspecified,,,16000.0,2.102125,16000.0,3.0,0.822125,,,female,22
1047_IWW_DIS_XX,crema_d_1047_IWW_DIS_XX,1047_IWW_DIS_XX.wav,crema_d,1047,IWW,DIS,disgust,unspecified,,,,,,,,,,female,22
1047_IWW_FEA_XX,crema_d_1047_IWW_FEA_XX,1047_IWW_FEA_XX.wav,crema_d,1047,IWW,FEA,fear,unspecified,,,,,,,,,,female,22
1047_IWW_HAP_XX,crema_d_1047_IWW_HAP_XX,1047_IWW_HAP_XX.wav,crema_d,1047,IWW,HAP,happy,unspecified,,,16000.0,2.535875,16000.0,3.0,0.295875,,,female,22
1047_IWW_NEU_XX,crema_d_1047_IWW_NEU_XX,1047_IWW_NEU_XX.wav,crema_d,1047,IWW,NEU,neutral,unspecified,,,16000.0,2.06875,16000.0,3.0,0.0,,,female,22
1047_IWW_SAD_XX,crema_d_1047_IWW_SAD_XX,1047_IWW_SAD_XX.wav,crema_d,1047,IWW,SAD,sad,unspecified,,,,,,,,,,female,22
1047_MTI_ANG_XX,crema_d_1047_MTI_ANG_XX,1047_MTI_ANG_XX.wav,crema_d,1047,MTI,ANG,anger,unspecified,,,16000.0,2.5025,16000.0,3.0,0.6145,,,female,22
1047_MTI_DIS_XX,crema_d_1047_MTI_DIS_XX,1047_MTI_DIS_XX.wav,crema_d,1047,MTI,DIS,disgust,unspecified,,,,,,,,,,female,22
1047_MTI_FEA_XX,crema_d_1047_MTI_FEA_XX,1047_MTI_FEA_XX.wav,crema_d,1047,MTI,FEA,fear,unspecified,,,,,,,,,,female,22
1047_MTI_HAP_XX,crema_d_1047_MTI_HAP_XX,1047_MTI_HAP_XX.wav,crema_d,1047,MTI,HAP,happy,unspecified,,,16000.0,2.8361875,16000.0,3.0,0.8521875,,,female,22
1047_MTI_NEU_XX,crema_d_1047_MTI_NEU_XX,1047_MTI_NEU_XX.wav,crema_d,1047,MTI,NEU,neutral,unspecified,,,16000.0,2.6693125,16000.0,3.0,0.0453125,,,female,22
1047_MTI_SAD_XX,crema_d_1047_MTI_SAD_XX,1047_MTI_SAD_XX.wav,crema_d,1047,MTI,SAD,sad,unspecified,,,,,,,,,,female,22
1047_TAI_ANG_XX,crema_d_1047_TAI_ANG_XX,1047_TAI_ANG_XX.wav,crema_d,1047,TAI,ANG,anger,unspecified,,,16000.0,2.6693125,16000.0,3.0,0.4933125,,,female,22
1047_TAI_DIS_XX,crema_d_1047_TAI_DIS_XX,1047_TAI_DIS_XX.wav,crema_d,1047,TAI,DIS,disgust,unspecified,,,,,,,,,,female,22
1047_TAI_FEA_XX,crema_d_1047_TAI_FEA_XX,1047_TAI_FEA_XX.wav,crema_d,1047,TAI,FEA,fear,unspecified,,,,,,,,,,female,22
1047_TAI_HAP_XX,crema_d_1047_TAI_HAP_XX,1047_TAI_HAP_XX.wav,crema_d,1047,TAI,HAP,happy,unspecified,,,16000.0,1.7684375,16000.0,3.0,0.4884375,,,female,22
1047_TAI_NEU_XX,crema_d_1047_TAI_NEU_XX,1047_TAI_NEU_XX.wav,crema_d,1047,TAI,NEU,neutral,unspecified,,,16000.0,2.56925,16000.0,3.0,0.07325,,,female,22
1047_TAI_SAD_XX,crema_d_1047_TAI_SAD_XX,1047_TAI_SAD_XX.wav,crema_d,1047,TAI,SAD,sad,unspecified,,,,,,,,,,female,22
1047_TIE_ANG_XX,crema_d_1047_TIE_ANG_XX,1047_TIE_ANG_XX.wav,crema_d,1047,TIE,ANG,anger,unspecified,,,16000.0,2.6359375,16000.0,3.0,0.9399375,,,female,22
1047_TIE_DIS_XX,crema_d_1047_TIE_DIS_XX,1047_TIE_DIS_XX.wav,crema_d,1047,TIE,DIS,disgust,unspecified,,,,,,,,,,female,22
1047_TIE_FEA_XX,crema_d_1047_TIE_FEA_XX,1047_TIE_FEA_XX.wav,crema_d,1047,TIE,FEA,fear,unspecified,,,,,,,,,,female,22
1047_TIE_HAP_XX,crema_d_1047_TIE_HAP_XX,1047_TIE_HAP_XX.wav,crema_d,1047,TIE,HAP,happy,unspecified,,,16000.0,2.6359375,16000.0,3.0,1.1639375,,,female,22
1047_TIE_NEU_XX,crema_d_1047_TIE_NEU_XX,1047_TIE_NEU_XX.wav,crema_d,1047,TIE,NEU,neutral,unspecified,,,16000.0,2.602625,16000.0,3.0,0.0,,,female,22
1047_TIE_SAD_XX,crema_d_1047_TIE_SAD_XX,1047_TIE_SAD_XX.wav,crema_d,1047,TIE,SAD,sad,unspecified,,,,,,,,,,female,22
1047_TSI_ANG_XX,crema_d_1047_TSI_ANG_XX,1047_TSI_ANG_XX.wav,crema_d,1047,TSI,ANG,anger,unspecified,,,16000.0,2.2755625,16000.0,3.0,0.7715625,,,female,22
1047_TSI_DIS_XX,crema_d_1047_TSI_DIS_XX,1047_TSI_DIS_XX.wav,crema_d,1047,TSI,DIS,disgust,unspecified,,,,,,,,,,female,22
1047_TSI_FEA_XX,crema_d_1047_TSI_FEA_XX,1047_TSI_FEA_XX.wav,crema_d,1047,TSI,FEA,fear,unspecified,,,,,,,,,,female,22
1047_TSI_HAP_XX,crema_d_1047_TSI_HAP_XX,1047_TSI_HAP_XX.wav,crema_d,1047,TSI,HAP,happy,unspecified,,,16000.0,2.1354375,16000.0,3.0,0.5994375,,,female,22
1047_TSI_NEU_XX,crema_d_1047_TSI_NEU_XX,1047_TSI_NEU_XX.wav,crema_d,1047,TSI,NEU,neutral,unspecified,,,16000.0,2.2021875,16000.0,3.0,0.0261875,,,female,22
1047_TSI_SAD_XX,crema_d_1047_TSI_SAD_XX,1047_TSI_SAD_XX.wav,crema_d,1047,TSI,SAD,sad,unspecified,,,,,,,,,,female,22
1047_WSI_ANG_XX,crema_d_1047_WSI_ANG_XX,1047_WSI_ANG_XX.wav,crema_d,1047,WSI,ANG,anger,unspecified,,,16000.0,2.6359375,16000.0,3.0,0.7799375,,,female,22
1047_WSI_DIS_XX,crema_d_1047_WSI_DIS_XX,1047_WSI_DIS_XX.wav,crema_d,1047,WSI,DIS,disgust,unspecified,,,,,,,,,,female,22
1047_WSI_FEA_XX,crema_d_1047_WSI_FEA_XX,1047_WSI_FEA_XX.wav,crema_d,1047,WSI,FEA,fear,unspecified,,,,,,,,,,female,22
1047_WSI_HAP_XX,crema_d_1047_WSI_HAP_XX,1047_WSI_HAP_XX.wav,crema_d,1047,WSI,HAP,happy,unspecified,,,16000.0,2.2689375,16000.0,3.0,0.6689375,,,female,22
1047_WSI_NEU_XX,crema_d_1047_WSI_NEU_XX,1047_WSI_NEU_XX.wav,crema_d,1047,WSI,NEU,neutral,unspecified,,,16000.0,2.1688125,16000.0,3.0,0.1528125,,,female,22
1047_WSI_SAD_XX,crema_d_1047_WSI_SAD_XX,1047_WSI_SAD_XX.wav,crema_d,1047,WSI,SAD,sad,unspecified,,,,,,,,,,female,22
1048_DFA_ANG_XX,crema_d_1048_DFA_ANG_XX,1048_DFA_ANG_XX.wav,crema_d,1048,DFA,ANG,anger,unspecified,,,16000.0,2.5025,16000.0,3.0,1.0625,,,male,38
1048_DFA_DIS_XX,crema_d_1048_DFA_DIS_XX,1048_DFA_DIS_XX.wav,crema_d,1048,DFA,DIS,disgust,unspecified,,,,,,,,,,male,38
1048_DFA_FEA_XX,crema_d_1048_DFA_FEA_XX,1048_DFA_FEA_XX.wav,crema_d,1048,DFA,FEA,fear,unspecified,,,,,,,,,,male,38
1048_DFA_HAP_XX,crema_d_1048_DFA_HAP_XX,1048_DFA_HAP_XX.wav,crema_d,1048,DFA,HAP,happy,unspecified,,,16000.0,2.1688125,16000.0,3.0,1.2088125,,,male,38
1048_DFA_NEU_XX,crema_d_1048_DFA_NEU_XX,1048_DFA_NEU_XX.wav,crema_d,1048,DFA,NEU,neutral,unspecified,,,16000.0,2.2826875,16000.0,3.0,1.3226875,,,male,38
1048_DFA_SAD_XX,crema_d_1048_DFA_SAD_XX,1048_DFA_SAD_XX.wav,crema_d,1048,DFA,SAD,sad,unspecified,,,,,,,,,,male,38
1048_IEO_ANG_HI,crema_d_1048_IEO_ANG_HI,1048_IEO_ANG_HI.wav,crema_d,1048,IEO,ANG,anger,high,,,16000.0,2.3356875,16000.0,3.0,1.3436875,,,male,38
1048_IEO_ANG_LO,crema_d_1048_IEO_ANG_LO,1048_IEO_ANG_LO.wav,crema_d,1048,IEO,ANG,anger,low,,,16000.0,2.1354375,16000.0,3.0,1.2074375,,,male,38
1048_IEO_ANG_MD,crema_d_1048_IEO_ANG_MD,1048_IEO_ANG_MD.wav,crema_d,1048,IEO,ANG,anger,medium,,,16000.0,2.56925,16000.0,3.0,1.73725,,,male,38
1048_IEO_DIS_HI,crema_d_1048_IEO_DIS_HI,1048_IEO_DIS_HI.wav,crema_d,1048,IEO,DIS,disgust,high,,,,,,,,,,male,38
1048_IEO_DIS_LO,crema_d_1048_IEO_DIS_LO,1048_IEO_DIS_LO.wav,crema_d,1048,IEO,DIS,disgust,low,,,,,,,,,,male,38
1048_IEO_DIS_MD,crema_d_1048_IEO_DIS_MD,1048_IEO_DIS_MD.wav,crema_d,1048,IEO,DIS,disgust,medium,,,,,,,,,,male,38
1048_IEO_FEA_HI,crema_d_1048_IEO_FEA_HI,1048_IEO_FEA_HI.wav,crema_d,1048,IEO,FEA,fear,high,,,,,,,,,,male,38
1048_IEO_FEA_LO,crema_d_1048_IEO_FEA_LO,1048_IEO_FEA_LO.wav,crema_d,1048,IEO,FEA,fear,low,,,,,,,,,,male,38
1048_IEO_FEA_MD,crema_d_1048_IEO_FEA_MD,1048_IEO_FEA_MD.wav,crema_d,1048,IEO,FEA,fear,medium,,,,,,,,,,male,38
1048_IEO_HAP_HI,crema_d_1048_IEO_HAP_HI,1048_IEO_HAP_HI.wav,crema_d,1048,IEO,HAP,happy,high,,,16000.0,2.102125,16000.0,3.0,1.142125,,,male,38
1048_IEO_HAP_LO,crema_d_1048_IEO_HAP_LO,1048_IEO_HAP_LO.wav,crema_d,1048,IEO,HAP,happy,low,,,16000.0,2.035375,16000.0,3.0,1.235375,,,male,38
1048_IEO_HAP_MD,crema_d_1048_IEO_HAP_MD,1048_IEO_HAP_MD.wav,crema_d,1048,IEO,HAP,happy,medium,,,16000.0,2.6693125,16000.0,3.0,1.9013125,,,male,38
1048_IEO_NEU_XX,crema_d_1048_IEO_NEU_XX,1048_IEO_NEU_XX.wav,crema_d,1048,IEO,NEU,neutral,unspecified,,,16000.0,1.8351875,16000.0,3.0,0.8751875,,,male,38
1048_IEO_SAD_HI,crema_d_1048_IEO_SAD_HI,1048_IEO_SAD_HI.wav,crema_d,1048,IEO,SAD,sad,high,,,,,,,,,,male,38
1048_IEO_SAD_LO,crema_d_1048_IEO_SAD_LO,1048_IEO_SAD_LO.wav,crema_d,1048,IEO,SAD,sad,low,,,,,,,,,,male,38
1048_IEO_SAD_MD,crema_d_1048_IEO_SAD_MD,1048_IEO_SAD_MD.wav,crema_d,1048,IEO,SAD,sad,medium,,,,,,,,,,male,38
1048_IOM_ANG_XX,crema_d_1048_IOM_ANG_XX,1048_IOM_ANG_XX.wav,crema_d,1048,IOM,ANG,anger,unspecified,,,16000.0,2.2021875,16000.0,3.0,0.7941875,,,male,38
1048_IOM_DIS_XX,crema_d_1048_IOM_DIS_XX,1048_IOM_DIS_XX.wav,crema_d,1048,IOM,DIS,disgust,unspecified,,,,,,,,,,male,38
1048_IOM_FEA_XX,crema_d_1048_IOM_FEA_XX,1048_IOM_FEA_XX.wav,crema_d,1048,IOM,FEA,fear,unspecified,,,,,,,,,,male,38
1048_IOM_HAP_XX,crema_d_1048_IOM_HAP_XX,1048_IOM_HAP_XX.wav,crema_d,1048,IOM,HAP,happy,unspecified,,,16000.0,2.1354375,16000.0,3.0,1.1114375,,,male,38
1048_IOM_NEU_XX,crema_d_1048_IOM_NEU_XX,1048_IOM_NEU_XX.wav,crema_d,1048,IOM,NEU,neutral,unspecified,,,16000.0,2.602625,16000.0,3.0,0.906625,,,male,38
1048_IOM_SAD_XX,crema_d_1048_IOM_SAD_XX,1048_IOM_SAD_XX.wav,crema_d,1048,IOM,SAD,sad,unspecified,,,,,,,,,,male,38
1048_ITH_ANG_XX,crema_d_1048_ITH_ANG_XX,1048_ITH_ANG_XX.wav,crema_d,1048,ITH,ANG,anger,unspecified,,,16000.0,2.8028125,16000.0,3.0,1.0428125,,,male,38
1048_ITH_DIS_XX,crema_d_1048_ITH_DIS_XX,1048_ITH_DIS_XX.wav,crema_d,1048,ITH,DIS,disgust,unspecified,,,,,,,,,,male,38
1048_ITH_FEA_XX,crema_d_1048_ITH_FEA_XX,1048_ITH_FEA_XX.wav,crema_d,1048,ITH,FEA,fear,unspecified,,,,,,,,,,male,38
1048_ITH_HAP_XX,crema_d_1048_ITH_HAP_XX,1048_ITH_HAP_XX.wav,crema_d,1048,ITH,HAP,happy,unspecified,,,16000.0,3.036375,16000.0,3.0,1.692375,,,male,38
1048_ITH_NEU_XX,crema_d_1048_ITH_NEU_XX,1048_ITH_NEU_XX.wav,crema_d,1048,ITH,NEU,neutral,unspecified,,,16000.0,2.2689375,16000.0,3.0,0.8609375,,,male,38
1048_ITH_SAD_XX,crema_d_1048_ITH_SAD_XX,1048_ITH_SAD_XX.wav,crema_d,1048,ITH,SAD,sad,unspecified,,,,,,,,,,male,38
1048_ITS_ANG_XX,crema_d_1048_ITS_ANG_XX,1048_ITS_ANG_XX.wav,crema_d,1048,ITS,ANG,anger,unspecified,,,16000.0,2.43575,16000.0,3.0,0.89975,,,male,38
1048_ITS_DIS_XX,crema_d_1048_ITS_DIS_XX,1048_ITS_DIS_XX.wav,crema_d,1048,ITS,DIS,disgust,unspecified,,,,,,,,,,male,38
1048_ITS_FEA_XX,crema_d_1048_ITS_FEA_XX,1048_ITS_FEA_XX.wav,crema_d,1048,ITS,FEA,fear,unspecified,,,,,,,,,,male,38
1048_ITS_HAP_XX,crema_d_1048_ITS_HAP_XX,1048_ITS_HAP_XX.wav,crema_d,1048,ITS,HAP,happy,unspecified,,,16000.0,2.06875,16000.0,3.0,0.91675,,,male,38
1048_ITS_NEU_XX,crema_d_1048_ITS_NEU_XX,1048_ITS_NEU_XX.wav,crema_d,1048,ITS,NEU,neutral,unspecified,,,16000.0,2.3690625,16000.0,3.0,1.1530625,,,male,38
1048_ITS_SAD_XX,crema_d_1048_ITS_SAD_XX,1048_ITS_SAD_XX.wav,crema_d,1048,ITS,SAD,sad,unspecified,,,,,,,,,,male,38
1048_IWL_ANG_XX,crema_d_1048_IWL_ANG_XX,1048_IWL_ANG_XX.wav,crema_d,1048,IWL,ANG,anger,unspecified,,,16000.0,2.3356875,16000.0,3.0,0.7996875,,,male,38
1048_IWL_DIS_XX,crema_d_1048_IWL_DIS_XX,1048_IWL_DIS_XX.wav,crema_d,1048,IWL,DIS,disgust,unspecified,,,,,,,,,,male,38
1048_IWL_FEA_XX,crema_d_1048_IWL_FEA_XX,1048_IWL_FEA_XX.wav,crema_d,1048,IWL,FEA,fear,unspecified,,,,,,,,,,male,38
1048_IWL_HAP_XX,crema_d_1048_IWL_HAP_XX,1048_IWL_HAP_XX.wav,crema_d,1048,IWL,HAP,happy,unspecified,,,16000.0,2.3023125,16000.0,3.0,1.0863125,,,male,38
1048_IWL_NEU_XX,crema_d_1048_IWL_NEU_XX,1048_IWL_NEU_XX.wav,crema_d,1048,IWL,NEU,neutral,unspecified,,,16000.0,2.5025,16000.0,3.0,1.2545,,,male,38
1048_IWL_SAD_XX,crema_d_1048_IWL_SAD_XX,1048_IWL_SAD_XX.wav,crema_d,1048,IWL,SAD,sad,unspecified,,,,,,,,,,male,38
1048_IWW_ANG_XX,crema_d_1048_IWW_ANG_XX,1048_IWW_ANG_XX.wav,crema_d,1048,IWW,ANG,anger,unspecified,,,16000.0,2.035375,16000.0,3.0,0.883375,,,male,38
1048_IWW_DIS_XX,crema_d_1048_IWW_DIS_XX,1048_IWW_DIS_XX.wav,crema_d,1048,IWW,DIS,disgust,unspecified,,,,,,,,,,male,38
1048_IWW_FEA_XX,crema_d_1048_IWW_FEA_XX,1048_IWW_FEA_XX.wav,crema_d,1048,IWW,FEA,fear,unspecified,,,,,,,,,,male,38
1048_IWW_HAP_XX,crema_d_1048_IWW_HAP_XX,1048_IWW_HAP_XX.wav,crema_d,1048,IWW,HAP,happy,unspecified,,,16000.0,2.2689375,16000.0,3.0,0.9889375,,,male,38
1048_IWW_NEU_XX,crema_d_1048_IWW_NEU_XX,1048_IWW_NEU_XX.wav,crema_d,1048,IWW,NEU,neutral,unspecified,,,16000.0,2.56925,16000.0,3.0,1.51325,,,male,38
1048_IWW_SAD_XX,crema_d_1048_IWW_SAD_XX,1048_IWW_SAD_XX.wav,crema_d,1048,IWW,SAD,sad,unspecified,,,,,,,,,,male,38
1048_MTI_ANG_XX,crema_d_1048_MTI_ANG_XX,1048_MTI_ANG_XX.wav,crema_d,1048,MTI,ANG,anger,unspecified,,,16000.0,2.7026875,16000.0,3.0,0.9746875,,,male,38
1048_MTI_DIS_XX,crema_d_1048_MTI_DIS_XX,1048_MTI_DIS_XX.wav,crema_d,1048,MTI,DIS,disgust,unspecified,,,,,,,,,,male,38
1048_MTI_FEA_XX,crema_d_1048_MTI_FEA_XX,1048_MTI_FEA_XX.wav,crema_d,1048,MTI,FEA,fear,unspecified,,,,,,,,,,male,38
1048_MTI_HAP_XX,crema_d_1048_MTI_HAP_XX,1048_MTI_HAP_XX.wav,crema_d,1048,MTI,HAP,happy,unspecified,,,16000.0,2.602625,16000.0,3.0,0.906625,,,male,38
1048_MTI_NEU_XX,crema_d_1048_MTI_NEU_XX,1048_MTI_NEU_XX.wav,crema_d,1048,MTI,NEU,neutral,unspecified,,,16000.0,2.3023125,16000.0,3.0,0.5743125,,,male,38
1048_MTI_SAD_XX,crema_d_1048_MTI_SAD_XX,1048_MTI_SAD_XX.wav,crema_d,1048,MTI,SAD,sad,unspecified,,,,,,,,,,male,38
1048_TAI_ANG_XX,crema_d_1048_TAI_ANG_XX,1048_TAI_ANG_XX.wav,crema_d,1048,TAI,ANG,anger,unspecified,,,16000.0,3.036375,16000.0,3.0,0.988375,,,male,38
1048_TAI_DIS_XX,crema_d_1048_TAI_DIS_XX,1048_TAI_DIS_XX.wav,crema_d,1048,TAI,DIS,disgust,unspecified,,,,,,,,,,male,38
1048_TAI_FEA_XX,crema_d_1048_TAI_FEA_XX,1048_TAI_FEA_XX.wav,crema_d,1048,TAI,FEA,fear,unspecified,,,,,,,,,,male,38
1048_TAI_HAP_XX,crema_d_1048_TAI_HAP_XX,1048_TAI_HAP_XX.wav,crema_d,1048,TAI,HAP,happy,unspecified,,,16000.0,2.3023125,16000.0,3.0,1.0543125,,,male,38
1048_TAI_NEU_XX,crema_d_1048_TAI_NEU_XX,1048_TAI_NEU_XX.wav,crema_d,1048,TAI,NEU,neutral,unspecified,,,16000.0,2.7026875,16000.0,3.0,1.1666875,,,male,38
1048_TAI_SAD_XX,crema_d_1048_TAI_SAD_XX,1048_TAI_SAD_XX.wav,crema_d,1048,TAI,SAD,sad,unspecified,,,,,,,,,,male,38
1048_TIE_ANG_XX,crema_d_1048_TIE_ANG_XX,1048_TIE_ANG_XX.wav,crema_d,1048,TIE,ANG,anger,unspecified,,,16000.0,3.103125,16000.0,3.0,1.343125,,,male,38
1048_TIE_DIS_XX,crema_d_1048_TIE_DIS_XX,1048_TIE_DIS_XX.wav,crema_d,1048,TIE,DIS,disgust,unspecified,,,,,,,,,,male,38
1048_TIE_FEA_XX,crema_d_1048_TIE_FEA_XX,1048_TIE_FEA_XX.wav,crema_d,1048,TIE,FEA,fear,unspecified,,,,,,,,,,male,38
1048_TIE_HAP_XX,crema_d_1048_TIE_HAP_XX,1048_TIE_HAP_XX.wav,crema_d,1048,TIE,HAP,happy,unspecified,,,16000.0,3.2031875,16000.0,3.0,1.9871875,,,male,38
1048_TIE_NEU_XX,crema_d_1048_TIE_NEU_XX,1048_TIE_NEU_XX.wav,crema_d,1048,TIE,NEU,neutral,unspecified,,,16000.0,2.902875,16000.0,3.0,1.558875,,,male,38
1048_TIE_SAD_XX,crema_d_1048_TIE_SAD_XX,1048_TIE_SAD_XX.wav,crema_d,1048,TIE,SAD,sad,unspecified,,,,,,,,,,male,38
1048_TSI_ANG_XX,crema_d_1048_TSI_ANG_XX,1048_TSI_ANG_XX.wav,crema_d,1048,TSI,ANG,anger,unspecified,,,16000.0,2.06875,16000.0,3.0,1.01275,,,male,38
1048_TSI_DIS_XX,crema_d_1048_TSI_DIS_XX,1048_TSI_DIS_XX.wav,crema_d,1048,TSI,DIS,disgust,unspecified,,,,,,,,,,male,38
1048_TSI_FEA_XX,crema_d_1048_TSI_FEA_XX,1048_TSI_FEA_XX.wav,crema_d,1048,TSI,FEA,fear,unspecified,,,,,,,,,,male,38
1048_TSI_HAP_XX,crema_d_1048_TSI_HAP_XX,1048_TSI_HAP_XX.wav,crema_d,1048,TSI,HAP,happy,unspecified,,,16000.0,2.3023125,16000.0,3.0,1.2783125,,,male,38
1048_TSI_NEU_XX,crema_d_1048_TSI_NEU_XX,1048_TSI_NEU_XX.wav,crema_d,1048,TSI,NEU,neutral,unspecified,,,16000.0,2.3356875,16000.0,3.0,1.1836875,,,male,38
1048_TSI_SAD_XX,crema_d_1048_TSI_SAD_XX,1048_TSI_SAD_XX.wav,crema_d,1048,TSI,SAD,sad,unspecified,,,,,,,,,,male,38
1048_WSI_ANG_XX,crema_d_1048_WSI_ANG_XX,1048_WSI_ANG_XX.wav,crema_d,1048,WSI,ANG,anger,unspecified,,,16000.0,3.43675,16000.0,3.0,1.51675,,,male,38
1048_WSI_DIS_XX,crema_d_1048_WSI_DIS_XX,1048_WSI_DIS_XX.wav,crema_d,1048,WSI,DIS,disgust,unspecified,,,,,,,,,,male,38
1048_WSI_FEA_XX,crema_d_1048_WSI_FEA_XX,1048_WSI_FEA_XX.wav,crema_d,1048,WSI,FEA,fear,unspecified,,,,,,,,,,male,38
1048_WSI_HAP_XX,crema_d_1048_WSI_HAP_XX,1048_WSI_HAP_XX.wav,crema_d,1048,WSI,HAP,happy,unspecified,,,16000.0,2.7026875,16000.0,3.0,1.2306875,,,male,38
1048_WSI_NEU_XX,crema_d_1048_WSI_NEU_XX,1048_WSI_NEU_XX.wav,crema_d,1048,WSI,NEU,neutral,unspecified,,,16000.0,2.602625,16000.0,3.0,1.034625,,,male,38
1048_WSI_SAD_XX,crema_d_1048_WSI_SAD_XX,1048_WSI_SAD_XX.wav,crema_d,1048,WSI,SAD,sad,unspecified,,,,,,,,,,male,38
1049_DFA_ANG_XX,crema_d_1049_DFA_ANG_XX,1049_DFA_ANG_XX.wav,crema_d,1049,DFA,ANG,anger,unspecified,,,16000.0,3.003,16000.0,3.0,1.339,,,female,25
1049_DFA_DIS_XX,crema_d_1049_DFA_DIS_XX,1049_DFA_DIS_XX.wav,crema_d,1049,DFA,DIS,disgust,unspecified,,,,,,,,,,female,25
1049_DFA_FEA_XX,crema_d_1049_DFA_FEA_XX,1049_DFA_FEA_XX.wav,crema_d,1049,DFA,FEA,fear,unspecified,,,,,,,,,,female,25
1049_DFA_HAP_XX,crema_d_1049_DFA_HAP_XX,1049_DFA_HAP_XX.wav,crema_d,1049,DFA,HAP,happy,unspecified,,,16000.0,2.035375,16000.0,3.0,0.979375,,,female,25
1049_DFA_NEU_XX,crema_d_1049_DFA_NEU_XX,1049_DFA_NEU_XX.wav,crema_d,1049,DFA,NEU,neutral,unspecified,,,16000.0,2.535875,16000.0,3.0,1.063875,,,female,25
1049_DFA_SAD_XX,crema_d_1049_DFA_SAD_XX,1049_DFA_SAD_XX.wav,crema_d,1049,DFA,SAD,sad,unspecified,,,,,,,,,,female,25
1049_IEO_ANG_HI,crema_d_1049_IEO_ANG_HI,1049_IEO_ANG_HI.wav,crema_d,1049,IEO,ANG,anger,high,,,16000.0,2.43575,16000.0,3.0,1.37975,,,female,25
1049_IEO_ANG_LO,crema_d_1049_IEO_ANG_LO,1049_IEO_ANG_LO.wav,crema_d,1049,IEO,ANG,anger,low,,,16000.0,2.1354375,16000.0,3.0,1.2714375,,,female,25
1049_IEO_ANG_MD,crema_d_1049_IEO_ANG_MD,1049_IEO_ANG_MD.wav,crema_d,1049,IEO,ANG,anger,medium,,,16000.0,2.1354375,16000.0,3.0,0.8874375,,,female,25
1049_IEO_DIS_HI,crema_d_1049_IEO_DIS_HI,1049_IEO_DIS_HI.wav,crema_d,1049,IEO,DIS,disgust,high,,,,,,,,,,female,25
1049_IEO_DIS_LO,crema_d_1049_IEO_DIS_LO,1049_IEO_DIS_LO.wav,crema_d,1049,IEO,DIS,disgust,low,,,,,,,,,,female,25
1049_IEO_DIS_MD,crema_d_1049_IEO_DIS_MD,1049_IEO_DIS_MD.wav,crema_d,1049,IEO,DIS,disgust,medium,,,,,,,,,,female,25
1049_IEO_FEA_HI,crema_d_1049_IEO_FEA_HI,1049_IEO_FEA_HI.wav,crema_d,1049,IEO,FEA,fear,high,,,,,,,,,,female,25
1049_IEO_FEA_LO,crema_d_1049_IEO_FEA_LO,1049_IEO_FEA_LO.wav,crema_d,1049,IEO,FEA,fear,low,,,,,,,,,,female,25
1049_IEO_FEA_MD,crema_d_1049_IEO_FEA_MD,1049_IEO_FEA_MD.wav,crema_d,1049,IEO,FEA,fear,medium,,,,,,,,,,female,25
1049_IEO_HAP_HI,crema_d_1049_IEO_HAP_HI,1049_IEO_HAP_HI.wav,crema_d,1049,IEO,HAP,happy,high,,,16000.0,1.901875,16000.0,3.0,1.069875,,,female,25
1049_IEO_HAP_LO,crema_d_1049_IEO_HAP_LO,1049_IEO_HAP_LO.wav,crema_d,1049,IEO,HAP,happy,low,,,16000.0,2.06875,16000.0,3.0,1.36475,,,female,25
1049_IEO_HAP_MD,crema_d_1049_IEO_HAP_MD,1049_IEO_HAP_MD.wav,crema_d,1049,IEO,HAP,happy,medium,,,16000.0,1.968625,16000.0,3.0,1.104625,,,female,25
1049_IEO_NEU_XX,crema_d_1049_IEO_NEU_XX,1049_IEO_NEU_XX.wav,crema_d,1049,IEO,NEU,neutral,unspecified,,,16000.0,1.7684375,16000.0,3.0,0.1044375,,,female,25
1049_IEO_SAD_HI,crema_d_1049_IEO_SAD_HI,1049_IEO_SAD_HI.wav,crema_d,1049,IEO,SAD,sad,high,,,,,,,,,,female,25
1049_IEO_SAD_LO,crema_d_1049_IEO_SAD_LO,1049_IEO_SAD_LO.wav,crema_d,1049,IEO,SAD,sad,low,,,,,,,,,,female,25
1049_IEO_SAD_MD,crema_d_1049_IEO_SAD_MD,1049_IEO_SAD_MD.wav,crema_d,1049,IEO,SAD,sad,medium,,,,,,,,,,female,25
1049_IOM_ANG_XX,crema_d_1049_IOM_ANG_XX,1049_IOM_ANG_XX.wav,crema_d,1049,IOM,ANG,anger,unspecified,,,16000.0,2.1354375,16000.0,3.0,0.5994375,,,female,25
1049_IOM_DIS_XX,crema_d_1049_IOM_DIS_XX,1049_IOM_DIS_XX.wav,crema_d,1049,IOM,DIS,disgust,unspecified,,,,,,,,,,female,25
1049_IOM_FEA_XX,crema_d_1049_IOM_FEA_XX,1049_IOM_FEA_XX.wav,crema_d,1049,IOM,FEA,fear,unspecified,,,,,,,,,,female,25
1049_IOM_HAP_XX,crema_d_1049_IOM_HAP_XX,1049_IOM_HAP_XX.wav,crema_d,1049,IOM,HAP,happy,unspecified,,,16000.0,2.035375,16000.0,3.0,0.563375,,,female,25
1049_IOM_NEU_XX,crema_d_1049_IOM_NEU_XX,1049_IOM_NEU_XX.wav,crema_d,1049,IOM,NEU,neutral,unspecified,,,16000.0,2.469125,16000.0,3.0,1.093125,,,female,25
1049_IOM_SAD_XX,crema_d_1049_IOM_SAD_XX,1049_IOM_SAD_XX.wav,crema_d,1049,IOM,SAD,sad,unspecified,,,,,,,,,,female,25
1049_ITH_ANG_XX,crema_d_1049_ITH_ANG_XX,1049_ITH_ANG_XX.wav,crema_d,1049,ITH,ANG,anger,unspecified,,,16000.0,2.8028125,16000.0,3.0,0.9148125,,,female,25
1049_ITH_DIS_XX,crema_d_1049_ITH_DIS_XX,1049_ITH_DIS_XX.wav,crema_d,1049,ITH,DIS,disgust,unspecified,,,,,,,,,,female,25
1049_ITH_FEA_XX,crema_d_1049_ITH_FEA_XX,1049_ITH_FEA_XX.wav,crema_d,1049,ITH,FEA,fear,unspecified,,,,,,,,,,female,25
1049_ITH_HAP_XX,crema_d_1049_ITH_HAP_XX,1049_ITH_HAP_XX.wav,crema_d,1049,ITH,HAP,happy,unspecified,,,16000.0,2.402375,16000.0,3.0,0.834375,,,female,25
1049_ITH_NEU_XX,crema_d_1049_ITH_NEU_XX,1049_ITH_NEU_XX.wav,crema_d,1049,ITH,NEU,neutral,unspecified,,,16000.0,2.3023125,16000.0,3.0,0.1263125,,,female,25
1049_ITH_SAD_XX,crema_d_1049_ITH_SAD_XX,1049_ITH_SAD_XX.wav,crema_d,1049,ITH,SAD,sad,unspecified,,,,,,,,,,female,25
1049_ITS_ANG_XX,crema_d_1049_ITS_ANG_XX,1049_ITS_ANG_XX.wav,crema_d,1049,ITS,ANG,anger,unspecified,,,16000.0,2.2826875,16000.0,3.0,0.6186875,,,female,25
1049_ITS_DIS_XX,crema_d_1049_ITS_DIS_XX,1049_ITS_DIS_XX.wav,crema_d,1049,ITS,DIS,disgust,unspecified,,,,,,,,,,female,25
1049_ITS_FEA_XX,crema_d_1049_ITS_FEA_XX,1049_ITS_FEA_XX.wav,crema_d,1049,ITS,FEA,fear,unspecified,,,,,,,,,,female,25
1049_ITS_HAP_XX,crema_d_1049_ITS_HAP_XX,1049_ITS_HAP_XX.wav,crema_d,1049,ITS,HAP,happy,unspecified,,,16000.0,2.3356875,16000.0,3.0,0.5436875,,,female,25
1049_ITS_NEU_XX,crema_d_1049_ITS_NEU_XX,1049_ITS_NEU_XX.wav,crema_d,1049,ITS,NEU,neutral,unspecified,,,16000.0,2.1354375,16000.0,3.0,0.1194375,,,female,25
1049_ITS_SAD_XX,crema_d_1049_ITS_SAD_XX,1049_ITS_SAD_XX.wav,crema_d,1049,ITS,SAD,sad,unspecified,,,,,,,,,,female,25
1049_IWL_ANG_XX,crema_d_1049_IWL_ANG_XX,1049_IWL_ANG_XX.wav,crema_d,1049,IWL,ANG,anger,unspecified,,,16000.0,3.403375,16000.0,3.0,1.003375,,,female,25
1049_IWL_DIS_XX,crema_d_1049_IWL_DIS_XX,1049_IWL_DIS_XX.wav,crema_d,1049,IWL,DIS,disgust,unspecified,,,,,,,,,,female,25
1049_IWL_FEA_XX,crema_d_1049_IWL_FEA_XX,1049_IWL_FEA_XX.wav,crema_d,1049,IWL,FEA,fear,unspecified,,,,,,,,,,female,25
1049_IWL_HAP_XX,crema_d_1049_IWL_HAP_XX,1049_IWL_HAP_XX.wav,crema_d,1049,IWL,HAP,happy,unspecified,,,16000.0,2.3690625,16000.0,3.0,0.8010625,,,female,25
1049_IWL_NEU_XX,crema_d_1049_IWL_NEU_XX,1049_IWL_NEU_XX.wav,crema_d,1049,IWL,NEU,neutral,unspecified,,,16000.0,2.43575,16000.0,3.0,1.02775,,,female,25
1049_IWL_SAD_XX,crema_d_1049_IWL_SAD_XX,1049_IWL_SAD_XX.wav,crema_d,1049,IWL,SAD,sad,unspecified,,,,,,,,,,female,25
1049_IWW_ANG_XX,crema_d_1049_IWW_ANG_XX,1049_IWW_ANG_XX.wav,crema_d,1049,IWW,ANG,anger,unspecified,,,16000.0,2.2689375,16000.0,3.0,0.8609375,,,female,25
1049_IWW_DIS_XX,crema_d_1049_IWW_DIS_XX,1049_IWW_DIS_XX.wav,crema_d,1049,IWW,DIS,disgust,unspecified,,,,,,,,,,female,25
1049_IWW_FEA_XX,crema_d_1049_IWW_FEA_XX,1049_IWW_FEA_XX.wav,crema_d,1049,IWW,FEA,fear,unspecified,,,,,,,,,,female,25
1049_IWW_HAP_XX,crema_d_1049_IWW_HAP_XX,1049_IWW_HAP_XX.wav,crema_d,1049,IWW,HAP,happy,unspecified,,,16000.0,2.102125,16000.0,3.0,0.758125,,,female,25
1049_IWW_NEU_XX,crema_d_1049_IWW_NEU_XX,1049_IWW_NEU_XX.wav,crema_d,1049,IWW,NEU,neutral,unspecified,,,16000.0,2.2021875,16000.0,3.0,0.0581875,,,female,25
1049_IWW_SAD_XX,crema_d_1049_IWW_SAD_XX,1049_IWW_SAD_XX.wav,crema_d,1049,IWW,SAD,sad,unspecified,,,,,,,,,,female,25
1049_MTI_ANG_XX,crema_d_1049_MTI_ANG_XX,1049_MTI_ANG_XX.wav,crema_d,1049,MTI,ANG,anger,unspecified,,,16000.0,3.103125,16000.0,3.0,1.119125,,,female,25
1049_MTI_DIS_XX,crema_d_1049_MTI_DIS_XX,1049_MTI_DIS_XX.wav,crema_d,1049,MTI,DIS,disgust,unspecified,,,,,,,,,,female,25
1049_MTI_FEA_XX,crema_d_1049_MTI_FEA_XX,1049_MTI_FEA_XX.wav,crema_d,1049,MTI,FEA,fear,unspecified,,,,,,,,,,female,25
1049_MTI_HAP_XX,crema_d_1049_MTI_HAP_XX,1049_MTI_HAP_XX.wav,crema_d,1049,MTI,HAP,happy,unspecified,,,16000.0,2.8028125,16000.0,3.0,0.5948125,,,female,25
1049_MTI_NEU_XX,crema_d_1049_MTI_NEU_XX,1049_MTI_NEU_XX.wav,crema_d,1049,MTI,NEU,neutral,unspecified,,,16000.0,2.56925,16000.0,3.0,0.55325,,,female,25
1049_MTI_SAD_XX,crema_d_1049_MTI_SAD_XX,1049_MTI_SAD_XX.wav,crema_d,1049,MTI,SAD,sad,unspecified,,,,,,,,,,female,25
1049_TAI_ANG_XX,crema_d_1049_TAI_ANG_XX,1049_TAI_ANG_XX.wav,crema_d,1049,TAI,ANG,anger,unspecified,,,16000.0,2.6359375,16000.0,3.0,0.5559375,,,female,25
1049_TAI_DIS_XX,crema_d_1049_TAI_DIS_XX,1049_TAI_DIS_XX.wav,crema_d,1049,TAI,DIS,disgust,unspecified,,,,,,,,,,female,25
1049_TAI_FEA_XX,crema_d_1049_TAI_FEA_XX,1049_TAI_FEA_XX.wav,crema_d,1049,TAI,FEA,fear,unspecified,,,,,,,,,,female,25
1049_TAI_HAP_XX,crema_d_1049_TAI_HAP_XX,1049_TAI_HAP_XX.wav,crema_d,1049,TAI,HAP,happy,unspecified,,,16000.0,2.06875,16000.0,3.0,0.46875,,,female,25
1049_TAI_NEU_XX,crema_d_1049_TAI_NEU_XX,1049_TAI_NEU_XX.wav,crema_d,1049,TAI,NEU,neutral,unspecified,,,16000.0,2.1688125,16000.0,3.0,0.0888125,,,female,25
1049_TAI_SAD_XX,crema_d_1049_TAI_SAD_XX,1049_TAI_SAD_XX.wav,crema_d,1049,TAI,SAD,sad,unspecified,,,,,,,,,,female,25
1049_TIE_ANG_XX,crema_d_1049_TIE_ANG_XX,1049_TIE_ANG_XX.wav,crema_d,1049,TIE,ANG,anger,unspecified,,,16000.0,2.6693125,16000.0,3.0,1.2613125,,,female,25
1049_TIE_DIS_XX,crema_d_1049_TIE_DIS_XX,1049_TIE_DIS_XX.wav,crema_d,1049,TIE,DIS,disgust,unspecified,,,,,,,,,,female,25
1049_TIE_FEA_XX,crema_d_1049_TIE_FEA_XX,1049_TIE_FEA_XX.wav,crema_d,1049,TIE,FEA,fear,unspecified,,,,,,,,,,female,25
1049_TIE_HAP_XX,crema_d_1049_TIE_HAP_XX,1049_TIE_HAP_XX.wav,crema_d,1049,TIE,HAP,happy,unspecified,,,16000.0,2.8695,16000.0,3.0,1.2375,,,female,25
1049_TIE_NEU_XX,crema_d_1049_TIE_NEU_XX,1049_TIE_NEU_XX.wav,crema_d,1049,TIE,NEU,neutral,unspecified,,,16000.0,2.7694375,16000.0,3.0,1.4254375,,,female,25
1049_TIE_SAD_XX,crema_d_1049_TIE_SAD_XX,1049_TIE_SAD_XX.wav,crema_d,1049,TIE,SAD,sad,unspecified,,,,,,,,,,female,25
1049_TSI_ANG_XX,crema_d_1049_TSI_ANG_XX,1049_TSI_ANG_XX.wav,crema_d,1049,TSI,ANG,anger,unspecified,,,16000.0,1.968625,16000.0,3.0,0.912625,,,female,25
1049_TSI_DIS_XX,crema_d_1049_TSI_DIS_XX,1049_TSI_DIS_XX.wav,crema_d,1049,TSI,DIS,disgust,unspecified,,,,,,,,,,female,25
1049_TSI_FEA_XX,crema_d_1049_TSI_FEA_XX,1049_TSI_FEA_XX.wav,crema_d,1049,TSI,FEA,fear,unspecified,,,,,,,,,,female,25
1049_TSI_HAP_XX,crema_d_1049_TSI_HAP_XX,1049_TSI_HAP_XX.wav,crema_d,1049,TSI,HAP,happy,unspecified,,,16000.0,2.3356875,16000.0,3.0,0.8956875,,,female,25
1049_TSI_NEU_XX,crema_d_1049_TSI_NEU_XX,1049_TSI_NEU_XX.wav,crema_d,1049,TSI,NEU,neutral,unspecified,,,16000.0,1.8018125,16000.0,3.0,0.8418125,,,female,25
1049_TSI_SAD_XX,crema_d_1049_TSI_SAD_XX,1049_TSI_SAD_XX.wav,crema_d,1049,TSI,SAD,sad,unspecified,,,,,,,,,,female,25
1049_WSI_ANG_XX,crema_d_1049_WSI_ANG_XX,1049_WSI_ANG_XX.wav,crema_d,1049,WSI,ANG,anger,unspecified,,,16000.0,2.2355625,16000.0,3.0,0.704,,,female,25
1049_WSI_DIS_XX,crema_d_1049_WSI_DIS_XX,1049_WSI_DIS_XX.wav,crema_d,1049,WSI,DIS,disgust,unspecified,,,,,,,,,,female,25
1049_WSI_FEA_XX,crema_d_1049_WSI_FEA_XX,1049_WSI_FEA_XX.wav,crema_d,1049,WSI,FEA,fear,unspecified,,,,,,,,,,female,25
1049_WSI_HAP_XX,crema_d_1049_WSI_HAP_XX,1049_WSI_HAP_XX.wav,crema_d,1049,WSI,HAP,happy,unspecified,,,16000.0,2.5025,16000.0,3.0,0.9345,,,female,25
1049_WSI_NEU_XX,crema_d_1049_WSI_NEU_XX,1049_WSI_NEU_XX.wav,crema_d,1049,WSI,NEU,neutral,unspecified,,,16000.0,2.535875,16000.0,3.0,0.871875,,,female,25
1049_WSI_SAD_XX,crema_d_1049_WSI_SAD_XX,1049_WSI_SAD_XX.wav,crema_d,1049,WSI,SAD,sad,unspecified,,,,,,,,,,female,25
1050_DFA_ANG_XX,crema_d_1050_DFA_ANG_XX,1050_DFA_ANG_XX.wav,crema_d,1050,DFA,ANG,anger,unspecified,,,16000.0,2.5025,16000.0,3.0,1.0625,,,male,62
1050_DFA_DIS_XX,crema_d_1050_DFA_DIS_XX,1050_DFA_DIS_XX.wav,crema_d,1050,DFA,DIS,disgust,unspecified,,,,,,,,,,male,62
1050_DFA_FEA_XX,crema_d_1050_DFA_FEA_XX,1050_DFA_FEA_XX.wav,crema_d,1050,DFA,FEA,fear,unspecified,,,,,,,,,,male,62
1050_DFA_HAP_XX,crema_d_1050_DFA_HAP_XX,1050_DFA_HAP_XX.wav,crema_d,1050,DFA,HAP,happy,unspecified,,,16000.0,2.3356875,16000.0,3.0,0.7676875,,,male,62
1050_DFA_NEU_XX,crema_d_1050_DFA_NEU_XX,1050_DFA_NEU_XX.wav,crema_d,1050,DFA,NEU,neutral,unspecified,,,16000.0,1.8685625,16000.0,3.0,1.0045625,,,male,62
1050_DFA_SAD_XX,crema_d_1050_DFA_SAD_XX,1050_DFA_SAD_XX.wav,crema_d,1050,DFA,SAD,sad,unspecified,,,,,,,,,,male,62
1050_IEO_ANG_HI,crema_d_1050_IEO_ANG_HI,1050_IEO_ANG_HI.wav,crema_d,1050,IEO,ANG,anger,high,,,16000.0,2.369,16000.0,3.0,0.577,,,male,62
1050_IEO_ANG_LO,crema_d_1050_IEO_ANG_LO,1050_IEO_ANG_LO.wav,crema_d,1050,IEO,ANG,anger,low,,,16000.0,1.601625,16000.0,3.0,0.609625,,,male,62
1050_IEO_ANG_MD,crema_d_1050_IEO_ANG_MD,1050_IEO_ANG_MD.wav,crema_d,1050,IEO,ANG,anger,medium,,,16000.0,1.8018125,16000.0,3.0,0.6498125,,,male,62
1050_IEO_DIS_HI,crema_d_1050_IEO_DIS_HI,1050_IEO_DIS_HI.wav,crema_d,1050,IEO,DIS,disgust,high,,,,,,,,,,male,62
1050_IEO_DIS_LO,crema_d_1050_IEO_DIS_LO,1050_IEO_DIS_LO.wav,crema_d,1050,IEO,DIS,disgust,low,,,,,,,,,,male,62
1050_IEO_DIS_MD,crema_d_1050_IEO_DIS_MD,1050_IEO_DIS_MD.wav,crema_d,1050,IEO,DIS,disgust,medium,,,,,,,,,,male,62
1050_IEO_FEA_HI,crema_d_1050_IEO_FEA_HI,1050_IEO_FEA_HI.wav,crema_d,1050,IEO,FEA,fear,high,,,,,,,,,,male,62
1050_IEO_FEA_LO,crema_d_1050_IEO_FEA_LO,1050_IEO_FEA_LO.wav,crema_d,1050,IEO,FEA,fear,low,,,,,,,,,,male,62
1050_IEO_FEA_MD,crema_d_1050_IEO_FEA_MD,1050_IEO_FEA_MD.wav,crema_d,1050,IEO,FEA,fear,medium,,,,,,,,,,male,62
1050_IEO_HAP_HI,crema_d_1050_IEO_HAP_HI,1050_IEO_HAP_HI.wav,crema_d,1050,IEO,HAP,happy,high,,,16000.0,1.93525,16000.0,3.0,0.46325,,,male,62
1050_IEO_HAP_LO,crema_d_1050_IEO_HAP_LO,1050_IEO_HAP_LO.wav,crema_d,1050,IEO,HAP,happy,low,,,16000.0,1.8351875,16000.0,3.0,0.8751875,,,male,62
1050_IEO_HAP_MD,crema_d_1050_IEO_HAP_MD,1050_IEO_HAP_MD.wav,crema_d,1050,IEO,HAP,happy,medium,,,16000.0,2.035375,16000.0,3.0,0.819375,,,male,62
1050_IEO_NEU_XX,crema_d_1050_IEO_NEU_XX,1050_IEO_NEU_XX.wav,crema_d,1050,IEO,NEU,neutral,unspecified,,,16000.0,2.06875,16000.0,3.0,0.18075,,,male,62
1050_IEO_SAD_HI,crema_d_1050_IEO_SAD_HI,1050_IEO_SAD_HI.wav,crema_d,1050,IEO,SAD,sad,high,,,,,,,,,,male,62
1050_IEO_SAD_LO,crema_d_1050_IEO_SAD_LO,1050_IEO_SAD_LO.wav,crema_d,1050,IEO,SAD,sad,low,,,,,,,,,,male,62
1050_IEO_SAD_MD,crema_d_1050_IEO_SAD_MD,1050_IEO_SAD_MD.wav,crema_d,1050,IEO,SAD,sad,medium,,,,,,,,,,male,62
1050_IOM_ANG_XX,crema_d_1050_IOM_ANG_XX,1050_IOM_ANG_XX.wav,crema_d,1050,IOM,ANG,anger,unspecified,,,16000.0,2.969625,16000.0,3.0,0.953625,,,male,62
1050_IOM_DIS_XX,crema_d_1050_IOM_DIS_XX,1050_IOM_DIS_XX.wav,crema_d,1050,IOM,DIS,disgust,unspecified,,,,,,,,,,male,62
1050_IOM_FEA_XX,crema_d_1050_IOM_FEA_XX,1050_IOM_FEA_XX.wav,crema_d,1050,IOM,FEA,fear,unspecified,,,,,,,,,,male,62
1050_IOM_HAP_XX,crema_d_1050_IOM_HAP_XX,1050_IOM_HAP_XX.wav,crema_d,1050,IOM,HAP,happy,unspecified,,,16000.0,2.06875,16000.0,3.0,0.91675,,,male,62
1050_IOM_NEU_XX,crema_d_1050_IOM_NEU_XX,1050_IOM_NEU_XX.wav,crema_d,1050,IOM,NEU,neutral,unspecified,,,16000.0,1.8685625,16000.0,3.0,0.0,,,male,62
1050_IOM_SAD_XX,crema_d_1050_IOM_SAD_XX,1050_IOM_SAD_XX.wav,crema_d,1050,IOM,SAD,sad,unspecified,,,,,,,,,,male,62
1050_ITH_ANG_XX,crema_d_1050_ITH_ANG_XX,1050_ITH_ANG_XX.wav,crema_d,1050,ITH,ANG,anger,unspecified,,,16000.0,2.8028125,16000.0,3.0,0.8828125,,,male,62
1050_ITH_DIS_XX,crema_d_1050_ITH_DIS_XX,1050_ITH_DIS_XX.wav,crema_d,1050,ITH,DIS,disgust,unspecified,,,,,,,,,,male,62
1050_ITH_FEA_XX,crema_d_1050_ITH_FEA_XX,1050_ITH_FEA_XX.wav,crema_d,1050,ITH,FEA,fear,unspecified,,,,,,,,,,male,62
1050_ITH_HAP_XX,crema_d_1050_ITH_HAP_XX,1050_ITH_HAP_XX.wav,crema_d,1050,ITH,HAP,happy,unspecified,,,16000.0,3.003,16000.0,3.0,1.211,,,male,62
1050_ITH_NEU_XX,crema_d_1050_ITH_NEU_XX,1050_ITH_NEU_XX.wav,crema_d,1050,ITH,NEU,neutral,unspecified,,,16000.0,2.3023125,16000.0,3.0,0.7343125,,,male,62
1050_ITH_SAD_XX,crema_d_1050_ITH_SAD_XX,1050_ITH_SAD_XX.wav,crema_d,1050,ITH,SAD,sad,unspecified,,,,,,,,,,male,62
1050_ITS_ANG_XX,crema_d_1050_ITS_ANG_XX,1050_ITS_ANG_XX.wav,crema_d,1050,ITS,ANG,anger,unspecified,,,16000.0,2.8695625,16000.0,3.0,1.0775625,,,male,62
1050_ITS_DIS_XX,crema_d_1050_ITS_DIS_XX,1050_ITS_DIS_XX.wav,crema_d,1050,ITS,DIS,disgust,unspecified,,,,,,,,,,male,62
1050_ITS_FEA_XX,crema_d_1050_ITS_FEA_XX,1050_ITS_FEA_XX.wav,crema_d,1050,ITS,FEA,fear,unspecified,,,,,,,,,,male,62
1050_ITS_HAP_XX,crema_d_1050_ITS_HAP_XX,1050_ITS_HAP_XX.wav,crema_d,1050,ITS,HAP,happy,unspecified,,,16000.0,3.2031875,16000.0,3.0,1.0591875,,,male,62
1050_ITS_NEU_XX,crema_d_1050_ITS_NEU_XX,1050_ITS_NEU_XX.wav,crema_d,1050,ITS,NEU,neutral,unspecified,,,16000.0,1.8351875,16000.0,3.0,0.032,,,male,62
1050_ITS_SAD_XX,crema_d_1050_ITS_SAD_XX,1050_ITS_SAD_XX.wav,crema_d,1050,ITS,SAD,sad,unspecified,,,,,,,,,,male,62
1050_IWL_ANG_XX,crema_d_1050_IWL_ANG_XX,1050_IWL_ANG_XX.wav,crema_d,1050,IWL,ANG,anger,unspecified,,,16000.0,2.7694375,16000.0,3.0,0.7214375,,,male,62
1050_IWL_DIS_XX,crema_d_1050_IWL_DIS_XX,1050_IWL_DIS_XX.wav,crema_d,1050,IWL,DIS,disgust,unspecified,,,,,,,,,,male,62
1050_IWL_FEA_XX,crema_d_1050_IWL_FEA_XX,1050_IWL_FEA_XX.wav,crema_d,1050,IWL,FEA,fear,unspecified,,,,,,,,,,male,62
1050_IWL_HAP_XX,crema_d_1050_IWL_HAP_XX,1050_IWL_HAP_XX.wav,crema_d,1050,IWL,HAP,happy,unspecified,,,16000.0,2.602625,16000.0,3.0,0.810625,,,male,62
1050_IWL_NEU_XX,crema_d_1050_IWL_NEU_XX,1050_IWL_NEU_XX.wav,crema_d,1050,IWL,NEU,neutral,unspecified,,,16000.0,2.469125,16000.0,3.0,1.029125,,,male,62
1050_IWL_SAD_XX,crema_d_1050_IWL_SAD_XX,1050_IWL_SAD_XX.wav,crema_d,1050,IWL,SAD,sad,unspecified,,,,,,,,,,male,62
1050_IWW_ANG_XX,crema_d_1050_IWW_ANG_XX,1050_IWW_ANG_XX.wav,crema_d,1050,IWW,ANG,anger,unspecified,,,16000.0,2.3690625,16000.0,3.0,1.0890625,,,male,62
1050_IWW_DIS_XX,crema_d_1050_IWW_DIS_XX,1050_IWW_DIS_XX.wav,crema_d,1050,IWW,DIS,disgust,unspecified,,,,,,,,,,male,62
1050_IWW_FEA_XX,crema_d_1050_IWW_FEA_XX,1050_IWW_FEA_XX.wav,crema_d,1050,IWW,FEA,fear,unspecified,,,,,,,,,,male,62
1050_IWW_HAP_XX,crema_d_1050_IWW_HAP_XX,1050_IWW_HAP_XX.wav,crema_d,1050,IWW,HAP,happy,unspecified,,,16000.0,2.602625,16000.0,3.0,0.010625,,,male,62
1050_IWW_NEU_XX,crema_d_1050_IWW_NEU_XX,1050_IWW_NEU_XX.wav,crema_d,1050,IWW,NEU,neutral,unspecified,,,16000.0,1.93525,16000.0,3.0,0.62325,,,male,62
1050_IWW_SAD_XX,crema_d_1050_IWW_SAD_XX,1050_IWW_SAD_XX.wav,crema_d,1050,IWW,SAD,sad,unspecified,,,,,,,,,,male,62
1050_MTI_ANG_XX,crema_d_1050_MTI_ANG_XX,1050_MTI_ANG_XX.wav,crema_d,1050,MTI,ANG,anger,unspecified,,,16000.0,2.902875,16000.0,3.0,0.854875,,,male,62
1050_MTI_DIS_XX,crema_d_1050_MTI_DIS_XX,1050_MTI_DIS_XX.wav,crema_d,1050,MTI,DIS,disgust,unspecified,,,,,,,,,,male,62
1050_MTI_FEA_XX,crema_d_1050_MTI_FEA_XX,1050_MTI_FEA_XX.wav,crema_d,1050,MTI,FEA,fear,unspecified,,,,,,,,,,male,62
1050_MTI_HAP_XX,crema_d_1050_MTI_HAP_XX,1050_MTI_HAP_XX.wav,crema_d,1050,MTI,HAP,happy,unspecified,,,16000.0,2.469125,16000.0,3.0,0.805125,,,male,62
1050_MTI_NEU_XX,crema_d_1050_MTI_NEU_XX,1050_MTI_NEU_XX.wav,crema_d,1050,MTI,NEU,neutral,unspecified,,,16000.0,2.56925,16000.0,3.0,0.71325,,,male,62
1050_MTI_SAD_XX,crema_d_1050_MTI_SAD_XX,1050_MTI_SAD_XX.wav,crema_d,1050,MTI,SAD,sad,unspecified,,,,,,,,,,male,62
1050_TAI_ANG_XX,crema_d_1050_TAI_ANG_XX,1050_TAI_ANG_XX.wav,crema_d,1050,TAI,ANG,anger,unspecified,,,16000.0,2.56925,16000.0,3.0,0.77725,,,male,62
1050_TAI_DIS_XX,crema_d_1050_TAI_DIS_XX,1050_TAI_DIS_XX.wav,crema_d,1050,TAI,DIS,disgust,unspecified,,,,,,,,,,male,62
1050_TAI_FEA_XX,crema_d_1050_TAI_FEA_XX,1050_TAI_FEA_XX.wav,crema_d,1050,TAI,FEA,fear,unspecified,,,,,,,,,,male,62
1050_TAI_HAP_XX,crema_d_1050_TAI_HAP_XX,1050_TAI_HAP_XX.wav,crema_d,1050,TAI,HAP,happy,unspecified,,,16000.0,2.002,16000.0,3.0,0.402,,,male,62
1050_TAI_NEU_XX,crema_d_1050_TAI_NEU_XX,1050_TAI_NEU_XX.wav,crema_d,1050,TAI,NEU,neutral,unspecified,,,16000.0,1.901875,16000.0,3.0,0.621875,,,male,62
1050_TAI_SAD_XX,crema_d_1050_TAI_SAD_XX,1050_TAI_SAD_XX.wav,crema_d,1050,TAI,SAD,sad,unspecified,,,,,,,,,,male,62
1050_TIE_ANG_XX,crema_d_1050_TIE_ANG_XX,1050_TIE_ANG_XX.wav,crema_d,1050,TIE,ANG,anger,unspecified,,,16000.0,2.535875,16000.0,3.0,1.223875,,,male,62
1050_TIE_DIS_XX,crema_d_1050_TIE_DIS_XX,1050_TIE_DIS_XX.wav,crema_d,1050,TIE,DIS,disgust,unspecified,,,,,,,,,,male,62
1050_TIE_FEA_XX,crema_d_1050_TIE_FEA_XX,1050_TIE_FEA_XX.wav,crema_d,1050,TIE,FEA,fear,unspecified,,,,,,,,,,male,62
1050_TIE_HAP_XX,crema_d_1050_TIE_HAP_XX,1050_TIE_HAP_XX.wav,crema_d,1050,TIE,HAP,happy,unspecified,,,16000.0,2.8028125,16000.0,3.0,1.5548125,,,male,62
1050_TIE_NEU_XX,crema_d_1050_TIE_NEU_XX,1050_TIE_NEU_XX.wav,crema_d,1050,TIE,NEU,neutral,unspecified,,,16000.0,2.8361875,16000.0,3.0,0.9481875,,,male,62
1050_TIE_SAD_XX,crema_d_1050_TIE_SAD_XX,1050_TIE_SAD_XX.wav,crema_d,1050,TIE,SAD,sad,unspecified,,,,,,,,,,male,62
1050_TSI_ANG_XX,crema_d_1050_TSI_ANG_XX,1050_TSI_ANG_XX.wav,crema_d,1050,TSI,ANG,anger,unspecified,,,16000.0,2.1354375,16000.0,3.0,0.9194375,,,male,62
1050_TSI_DIS_XX,crema_d_1050_TSI_DIS_XX,1050_TSI_DIS_XX.wav,crema_d,1050,TSI,DIS,disgust,unspecified,,,,,,,,,,male,62
1050_TSI_FEA_XX,crema_d_1050_TSI_FEA_XX,1050_TSI_FEA_XX.wav,crema_d,1050,TSI,FEA,fear,unspecified,,,,,,,,,,male,62
1050_TSI_HAP_XX,crema_d_1050_TSI_HAP_XX,1050_TSI_HAP_XX.wav,crema_d,1050,TSI,HAP,happy,unspecified,,,16000.0,2.6693125,16000.0,3.0,0.9733125,,,male,62
1050_TSI_NEU_XX,crema_d_1050_TSI_NEU_XX,1050_TSI_NEU_XX.wav,crema_d,1050,TSI,NEU,neutral,unspecified,,,16000.0,1.8018125,16000.0,3.0,0.7778125,,,male,62
1050_TSI_SAD_XX,crema_d_1050_TSI_SAD_XX,1050_TSI_SAD_XX.wav,crema_d,1050,TSI,SAD,sad,unspecified,,,,,,,,,,male,62
1050_WSI_ANG_XX,crema_d_1050_WSI_ANG_XX,1050_WSI_ANG_XX.wav,crema_d,1050,WSI,ANG,anger,unspecified,,,16000.0,2.602625,16000.0,3.0,0.842625,,,male,62
1050_WSI_DIS_XX,crema_d_1050_WSI_DIS_XX,1050_WSI_DIS_XX.wav,crema_d,1050,WSI,DIS,disgust,unspecified,,,,,,,,,,male,62
1050_WSI_FEA_XX,crema_d_1050_WSI_FEA_XX,1050_WSI_FEA_XX.wav,crema_d,1050,WSI,FEA,fear,unspecified,,,,,,,,,,male,62
1050_WSI_HAP_XX,crema_d_1050_WSI_HAP_XX,1050_WSI_HAP_XX.wav,crema_d,1050,WSI,HAP,happy,unspecified,,,16000.0,2.8361875,16000.0,3.0,0.6281875,,,male,62
1050_WSI_NEU_XX,crema_d_1050_WSI_NEU_XX,1050_WSI_NEU_XX.wav,crema_d,1050,WSI,NEU,neutral,unspecified,,,16000.0,2.1354375,16000.0,3.0,0.8554375,,,male,62
1050_WSI_SAD_XX,crema_d_1050_WSI_SAD_XX,1050_WSI_SAD_XX.wav,crema_d,1050,WSI,SAD,sad,unspecified,,,,,,,,,,male,62
1051_DFA_ANG_XX,crema_d_1051_DFA_ANG_XX,1051_DFA_ANG_XX.wav,crema_d,1051,DFA,ANG,anger,unspecified,,,16000.0,1.8685,16000.0,3.0,0.7485,,,male,56
1051_DFA_DIS_XX,crema_d_1051_DFA_DIS_XX,1051_DFA_DIS_XX.wav,crema_d,1051,DFA,DIS,disgust,unspecified,,,,,,,,,,male,56
1051_DFA_FEA_XX,crema_d_1051_DFA_FEA_XX,1051_DFA_FEA_XX.wav,crema_d,1051,DFA,FEA,fear,unspecified,,,,,,,,,,male,56
1051_DFA_HAP_XX,crema_d_1051_DFA_HAP_XX,1051_DFA_HAP_XX.wav,crema_d,1051,DFA,HAP,happy,unspecified,,,16000.0,1.8351875,16000.0,3.0,0.8751875,,,male,56
1051_DFA_NEU_XX,crema_d_1051_DFA_NEU_XX,1051_DFA_NEU_XX.wav,crema_d,1051,DFA,NEU,neutral,unspecified,,,16000.0,1.7684375,16000.0,3.0,0.0404375,,,male,56
1051_DFA_SAD_XX,crema_d_1051_DFA_SAD_XX,1051_DFA_SAD_XX.wav,crema_d,1051,DFA,SAD,sad,unspecified,,,,,,,,,,male,56
1051_IEO_ANG_HI,crema_d_1051_IEO_ANG_HI,1051_IEO_ANG_HI.wav,crema_d,1051,IEO,ANG,anger,high,,,16000.0,1.7684375,16000.0,3.0,0.5524375,,,male,56
1051_IEO_ANG_LO,crema_d_1051_IEO_ANG_LO,1051_IEO_ANG_LO.wav,crema_d,1051,IEO,ANG,anger,low,,,16000.0,1.7350625,16000.0,3.0,0.6470625,,,male,56
1051_IEO_ANG_MD,crema_d_1051_IEO_ANG_MD,1051_IEO_ANG_MD.wav,crema_d,1051,IEO,ANG,anger,medium,,,16000.0,1.8018125,16000.0,3.0,0.7138125,,,male,56
1051_IEO_DIS_HI,crema_d_1051_IEO_DIS_HI,1051_IEO_DIS_HI.wav,crema_d,1051,IEO,DIS,disgust,high,,,,,,,,,,male,56
1051_IEO_DIS_LO,crema_d_1051_IEO_DIS_LO,1051_IEO_DIS_LO.wav,crema_d,1051,IEO,DIS,disgust,low,,,,,,,,,,male,56
1051_IEO_DIS_MD,crema_d_1051_IEO_DIS_MD,1051_IEO_DIS_MD.wav,crema_d,1051,IEO,DIS,disgust,medium,,,,,,,,,,male,56
1051_IEO_FEA_HI,crema_d_1051_IEO_FEA_HI,1051_IEO_FEA_HI.wav,crema_d,1051,IEO,FEA,fear,high,,,,,,,,,,male,56
1051_IEO_FEA_LO,crema_d_1051_IEO_FEA_LO,1051_IEO_FEA_LO.wav,crema_d,1051,IEO,FEA,fear,low,,,,,,,,,,male,56
1051_IEO_FEA_MD,crema_d_1051_IEO_FEA_MD,1051_IEO_FEA_MD.wav,crema_d,1051,IEO,FEA,fear,medium,,,,,,,,,,male,56
1051_IEO_HAP_HI,crema_d_1051_IEO_HAP_HI,1051_IEO_HAP_HI.wav,crema_d,1051,IEO,HAP,happy,high,,,16000.0,2.06875,16000.0,3.0,0.94875,,,male,56
1051_IEO_HAP_LO,crema_d_1051_IEO_HAP_LO,1051_IEO_HAP_LO.wav,crema_d,1051,IEO,HAP,happy,low,,,16000.0,1.7016875,16000.0,3.0,0.1016875,,,male,56
1051_IEO_HAP_MD,crema_d_1051_IEO_HAP_MD,1051_IEO_HAP_MD.wav,crema_d,1051,IEO,HAP,happy,medium,,,16000.0,1.7016875,16000.0,3.0,0.6456875,,,male,56
1051_IEO_NEU_XX,crema_d_1051_IEO_NEU_XX,1051_IEO_NEU_XX.wav,crema_d,1051,IEO,NEU,neutral,unspecified,,,16000.0,2.2021875,16000.0,3.0,0.0901875,,,male,56
1051_IEO_SAD_HI,crema_d_1051_IEO_SAD_HI,1051_IEO_SAD_HI.wav,crema_d,1051,IEO,SAD,sad,high,,,,,,,,,,male,56
1051_IEO_SAD_LO,crema_d_1051_IEO_SAD_LO,1051_IEO_SAD_LO.wav,crema_d,1051,IEO,SAD,sad,low,,,,,,,,,,male,56
1051_IEO_SAD_MD,crema_d_1051_IEO_SAD_MD,1051_IEO_SAD_MD.wav,crema_d,1051,IEO,SAD,sad,medium,,,,,,,,,,male,56
1051_IOM_ANG_XX,crema_d_1051_IOM_ANG_XX,1051_IOM_ANG_XX.wav,crema_d,1051,IOM,ANG,anger,unspecified,,,16000.0,2.402375,16000.0,3.0,0.802375,,,male,56
1051_IOM_DIS_XX,crema_d_1051_IOM_DIS_XX,1051_IOM_DIS_XX.wav,crema_d,1051,IOM,DIS,disgust,unspecified,,,,,,,,,,male,56
1051_IOM_FEA_XX,crema_d_1051_IOM_FEA_XX,1051_IOM_FEA_XX.wav,crema_d,1051,IOM,FEA,fear,unspecified,,,,,,,,,,male,56
1051_IOM_HAP_XX,crema_d_1051_IOM_HAP_XX,1051_IOM_HAP_XX.wav,crema_d,1051,IOM,HAP,happy,unspecified,,,16000.0,1.901875,16000.0,3.0,0.845875,,,male,56
1051_IOM_NEU_XX,crema_d_1051_IOM_NEU_XX,1051_IOM_NEU_XX.wav,crema_d,1051,IOM,NEU,neutral,unspecified,,,16000.0,2.035375,16000.0,3.0,0.115375,,,male,56
1051_IOM_SAD_XX,crema_d_1051_IOM_SAD_XX,1051_IOM_SAD_XX.wav,crema_d,1051,IOM,SAD,sad,unspecified,,,,,,,,,,male,56
1051_ITH_ANG_XX,crema_d_1051_ITH_ANG_XX,1051_ITH_ANG_XX.wav,crema_d,1051,ITH,ANG,anger,unspecified,,,16000.0,2.7026875,16000.0,3.0,0.9746875,,,male,56
1051_ITH_DIS_XX,crema_d_1051_ITH_DIS_XX,1051_ITH_DIS_XX.wav,crema_d,1051,ITH,DIS,disgust,unspecified,,,,,,,,,,male,56
1051_ITH_FEA_XX,crema_d_1051_ITH_FEA_XX,1051_ITH_FEA_XX.wav,crema_d,1051,ITH,FEA,fear,unspecified,,,,,,,,,,male,56
1051_ITH_HAP_XX,crema_d_1051_ITH_HAP_XX,1051_ITH_HAP_XX.wav,crema_d,1051,ITH,HAP,happy,unspecified,,,16000.0,2.369,16000.0,3.0,0.865,,,male,56
1051_ITH_NEU_XX,crema_d_1051_ITH_NEU_XX,1051_ITH_NEU_XX.wav,crema_d,1051,ITH,NEU,neutral,unspecified,,,16000.0,2.3356875,16000.0,3.0,0.032,,,male,56
1051_ITH_SAD_XX,crema_d_1051_ITH_SAD_XX,1051_ITH_SAD_XX.wav,crema_d,1051,ITH,SAD,sad,unspecified,,,,,,,,,,male,56
1051_ITS_ANG_XX,crema_d_1051_ITS_ANG_XX,1051_ITS_ANG_XX.wav,crema_d,1051,ITS,ANG,anger,unspecified,,,16000.0,2.6693125,16000.0,3.0,1.1013125,,,male,56
1051_ITS_DIS_XX,crema_d_1051_ITS_DIS_XX,1051_ITS_DIS_XX.wav,crema_d,1051,ITS,DIS,disgust,unspecified,,,,,,,,,,male,56
1051_ITS_FEA_XX,crema_d_1051_ITS_FEA_XX,1051_ITS_FEA_XX.wav,crema_d,1051,ITS,FEA,fear,unspecified,,,,,,,,,,male,56
1051_ITS_HAP_XX,crema_d_1051_ITS_HAP_XX,1051_ITS_HAP_XX.wav,crema_d,1051,ITS,HAP,happy,unspecified,,,16000.0,2.3023125,16000.0,3.0,0.7983125,,,male,56
1051_ITS_NEU_XX,crema_d_1051_ITS_NEU_XX,1051_ITS_NEU_XX.wav,crema_d,1051,ITS,NEU,neutral,unspecified,,,16000.0,2.5025,16000.0,3.0,0.032,,,male,56
1051_ITS_SAD_XX,crema_d_1051_ITS_SAD_XX,1051_ITS_SAD_XX.wav,crema_d,1051,ITS,SAD,sad,unspecified,,,,,,,,,,male,56
1051_IWL_ANG_XX,crema_d_1051_IWL_ANG_XX,1051_IWL_ANG_XX.wav,crema_d,1051,IWL,ANG,anger,unspecified,,,16000.0,2.7694375,16000.0,3.0,1.1054375,,,male,56
1051_IWL_DIS_XX,crema_d_1051_IWL_DIS_XX,1051_IWL_DIS_XX.wav,crema_d,1051,IWL,DIS,disgust,unspecified,,,,,,,,,,male,56
1051_IWL_FEA_XX,crema_d_1051_IWL_FEA_XX,1051_IWL_FEA_XX.wav,crema_d,1051,IWL,FEA,fear,unspecified,,,,,,,,,,male,56
1051_IWL_HAP_XX,crema_d_1051_IWL_HAP_XX,1051_IWL_HAP_XX.wav,crema_d,1051,IWL,HAP,happy,unspecified,,,16000.0,2.369,16000.0,3.0,0.801,,,male,56
1051_IWL_NEU_XX,crema_d_1051_IWL_NEU_XX,1051_IWL_NEU_XX.wav,crema_d,1051,IWL,NEU,neutral,unspecified,,,16000.0,2.1688125,16000.0,3.0,0.6328125,,,male,56
1051_IWL_SAD_XX,crema_d_1051_IWL_SAD_XX,1051_IWL_SAD_XX.wav,crema_d,1051,IWL,SAD,sad,unspecified,,,,,,,,,,male,56
1051_IWW_ANG_XX,crema_d_1051_IWW_ANG_XX,1051_IWW_ANG_XX.wav,crema_d,1051,IWW,ANG,anger,unspecified,,,16000.0,2.5025,16000.0,3.0,1.1585,,,male,56
1051_IWW_DIS_XX,crema_d_1051_IWW_DIS_XX,1051_IWW_DIS_XX.wav,crema_d,1051,IWW,DIS,disgust,unspecified,,,,,,,,,,male,56
1051_IWW_FEA_XX,crema_d_1051_IWW_FEA_XX,1051_IWW_FEA_XX.wav,crema_d,1051,IWW,FEA,fear,unspecified,,,,,,,,,,male,56
1051_IWW_HAP_XX,crema_d_1051_IWW_HAP_XX,1051_IWW_HAP_XX.wav,crema_d,1051,IWW,HAP,happy,unspecified,,,16000.0,2.06875,16000.0,3.0,0.82075,,,male,56
1051_IWW_NEU_XX,crema_d_1051_IWW_NEU_XX,1051_IWW_NEU_XX.wav,crema_d,1051,IWW,NEU,neutral,unspecified,,,16000.0,2.035375,16000.0,3.0,0.032,,,male,56
1051_IWW_SAD_XX,crema_d_1051_IWW_SAD_XX,1051_IWW_SAD_XX.wav,crema_d,1051,IWW,SAD,sad,unspecified,,,,,,,,,,male,56
1051_MTI_ANG_XX,crema_d_1051_MTI_ANG_XX,1051_MTI_ANG_XX.wav,crema_d,1051,MTI,ANG,anger,unspecified,,,16000.0,2.7694375,16000.0,3.0,1.1694375,,,male,56
1051_MTI_DIS_XX,crema_d_1051_MTI_DIS_XX,1051_MTI_DIS_XX.wav,crema_d,1051,MTI,DIS,disgust,unspecified,,,,,,,,,,male,56
1051_MTI_FEA_XX,crema_d_1051_MTI_FEA_XX,1051_MTI_FEA_XX.wav,crema_d,1051,MTI,FEA,fear,unspecified,,,,,,,,,,male,56
1051_MTI_HAP_XX,crema_d_1051_MTI_HAP_XX,1051_MTI_HAP_XX.wav,crema_d,1051,MTI,HAP,happy,unspecified,,,16000.0,2.8361875,16000.0,3.0,0.8841875,,,male,56
1051_MTI_NEU_XX,crema_d_1051_MTI_NEU_XX,1051_MTI_NEU_XX.wav,crema_d,1051,MTI,NEU,neutral,unspecified,,,16000.0,2.8361875,16000.0,3.0,1.0761875,,,male,56
1051_MTI_SAD_XX,crema_d_1051_MTI_SAD_XX,1051_MTI_SAD_XX.wav,crema_d,1051,MTI,SAD,sad,unspecified,,,,,,,,,,male,56
1051_TAI_ANG_XX,crema_d_1051_TAI_ANG_XX,1051_TAI_ANG_XX.wav,crema_d,1051,TAI,ANG,anger,unspecified,,,16000.0,2.7360625,16000.0,3.0,1.0720625,,,male,56
1051_TAI_DIS_XX,crema_d_1051_TAI_DIS_XX,1051_TAI_DIS_XX.wav,crema_d,1051,TAI,DIS,disgust,unspecified,,,,,,,,,,male,56
1051_TAI_FEA_XX,crema_d_1051_TAI_FEA_XX,1051_TAI_FEA_XX.wav,crema_d,1051,TAI,FEA,fear,unspecified,,,,,,,,,,male,56
1051_TAI_HAP_XX,crema_d_1051_TAI_HAP_XX,1051_TAI_HAP_XX.wav,crema_d,1051,TAI,HAP,happy,unspecified,,,16000.0,2.2755625,16000.0,3.0,0.3235625,,,male,56
1051_TAI_NEU_XX,crema_d_1051_TAI_NEU_XX,1051_TAI_NEU_XX.wav,crema_d,1051,TAI,NEU,neutral,unspecified,,,16000.0,2.3356875,16000.0,3.0,0.0,,,male,56
1051_TAI_SAD_XX,crema_d_1051_TAI_SAD_XX,1051_TAI_SAD_XX.wav,crema_d,1051,TAI,SAD,sad,unspecified,,,,,,,,,,male,56
1051_TIE_ANG_XX,crema_d_1051_TIE_ANG_XX,1051_TIE_ANG_XX.wav,crema_d,1051,TIE,ANG,anger,unspecified,,,16000.0,2.902875,16000.0,3.0,1.526875,,,male,56
1051_TIE_DIS_XX,crema_d_1051_TIE_DIS_XX,1051_TIE_DIS_XX.wav,crema_d,1051,TIE,DIS,disgust,unspecified,,,,,,,,,,male,56
1051_TIE_FEA_XX,crema_d_1051_TIE_FEA_XX,1051_TIE_FEA_XX.wav,crema_d,1051,TIE,FEA,fear,unspecified,,,,,,,,,,male,56
1051_TIE_HAP_XX,crema_d_1051_TIE_HAP_XX,1051_TIE_HAP_XX.wav,crema_d,1051,TIE,HAP,happy,unspecified,,,16000.0,3.2365625,16000.0,3.0,1.2845625,,,male,56
1051_TIE_NEU_XX,crema_d_1051_TIE_NEU_XX,1051_TIE_NEU_XX.wav,crema_d,1051,TIE,NEU,neutral,unspecified,,,16000.0,2.5025,16000.0,3.0,0.1025,,,male,56
1051_TIE_SAD_XX,crema_d_1051_TIE_SAD_XX,1051_TIE_SAD_XX.wav,crema_d,1051,TIE,SAD,sad,unspecified,,,,,,,,,,male,56
1051_TSI_ANG_XX,crema_d_1051_TSI_ANG_XX,1051_TSI_ANG_XX.wav,crema_d,1051,TSI,ANG,anger,unspecified,,,16000.0,2.369,16000.0,3.0,1.121,,,male,56
1051_TSI_DIS_XX,crema_d_1051_TSI_DIS_XX,1051_TSI_DIS_XX.wav,crema_d,1051,TSI,DIS,disgust,unspecified,,,,,,,,,,male,56
1051_TSI_FEA_XX,crema_d_1051_TSI_FEA_XX,1051_TSI_FEA_XX.wav,crema_d,1051,TSI,FEA,fear,unspecified,,,,,,,,,,male,56
1051_TSI_HAP_XX,crema_d_1051_TSI_HAP_XX,1051_TSI_HAP_XX.wav,crema_d,1051,TSI,HAP,happy,unspecified,,,16000.0,2.43575,16000.0,3.0,0.96375,,,male,56
1051_TSI_NEU_XX,crema_d_1051_TSI_NEU_XX,1051_TSI_NEU_XX.wav,crema_d,1051,TSI,NEU,neutral,unspecified,,,16000.0,2.002,16000.0,3.0,0.0,,,male,56
1051_TSI_SAD_XX,crema_d_1051_TSI_SAD_XX,1051_TSI_SAD_XX.wav,crema_d,1051,TSI,SAD,sad,unspecified,,,,,,,,,,male,56
1051_WSI_ANG_XX,crema_d_1051_WSI_ANG_XX,1051_WSI_ANG_XX.wav,crema_d,1051,WSI,ANG,anger,unspecified,,,16000.0,3.003,16000.0,3.0,1.179,,,male,56
1051_WSI_DIS_XX,crema_d_1051_WSI_DIS_XX,1051_WSI_DIS_XX.wav,crema_d,1051,WSI,DIS,disgust,unspecified,,,,,,,,,,male,56
1051_WSI_FEA_XX,crema_d_1051_WSI_FEA_XX,1051_WSI_FEA_XX.wav,crema_d,1051,WSI,FEA,fear,unspecified,,,,,,,,,,male,56
1051_WSI_HAP_XX,crema_d_1051_WSI_HAP_XX,1051_WSI_HAP_XX.wav,crema_d,1051,WSI,HAP,happy,unspecified,,,16000.0,2.2755625,16000.0,3.0,0.8675625,,,male,56
1051_WSI_NEU_XX,crema_d_1051_WSI_NEU_XX,1051_WSI_NEU_XX.wav,crema_d,1051,WSI,NEU,neutral,unspecified,,,16000.0,2.1354375,16000.0,3.0,0.3114375,,,male,56
1051_WSI_SAD_XX,crema_d_1051_WSI_SAD_XX,1051_WSI_SAD_XX.wav,crema_d,1051,WSI,SAD,sad,unspecified,,,,,,,,,,male,56
1052_DFA_ANG_XX,crema_d_1052_DFA_ANG_XX,1052_DFA_ANG_XX.wav,crema_d,1052,DFA,ANG,anger,unspecified,,,16000.0,2.2755625,16000.0,3.0,0.5155625,,,female,33
1052_DFA_DIS_XX,crema_d_1052_DFA_DIS_XX,1052_DFA_DIS_XX.wav,crema_d,1052,DFA,DIS,disgust,unspecified,,,,,,,,,,female,33
1052_DFA_FEA_XX,crema_d_1052_DFA_FEA_XX,1052_DFA_FEA_XX.wav,crema_d,1052,DFA,FEA,fear,unspecified,,,,,,,,,,female,33
1052_DFA_HAP_XX,crema_d_1052_DFA_HAP_XX,1052_DFA_HAP_XX.wav,crema_d,1052,DFA,HAP,happy,unspecified,,,16000.0,1.968625,16000.0,3.0,0.944625,,,female,33
1052_DFA_NEU_XX,crema_d_1052_DFA_NEU_XX,1052_DFA_NEU_XX.wav,crema_d,1052,DFA,NEU,neutral,unspecified,,,16000.0,2.6693125,16000.0,3.0,0.032,,,female,33
1052_DFA_SAD_XX,crema_d_1052_DFA_SAD_XX,1052_DFA_SAD_XX.wav,crema_d,1052,DFA,SAD,sad,unspecified,,,,,,,,,,female,33
1052_IEO_ANG_HI,crema_d_1052_IEO_ANG_HI,1052_IEO_ANG_HI.wav,crema_d,1052,IEO,ANG,anger,high,,,16000.0,3.1364375,16000.0,3.0,1.4084375,,,female,33
1052_IEO_ANG_LO,crema_d_1052_IEO_ANG_LO,1052_IEO_ANG_LO.wav,crema_d,1052,IEO,ANG,anger,low,,,16000.0,2.2689375,16000.0,3.0,1.1809375,,,female,33
1052_IEO_ANG_MD,crema_d_1052_IEO_ANG_MD,1052_IEO_ANG_MD.wav,crema_d,1052,IEO,ANG,anger,medium,,,16000.0,3.036375,16000.0,3.0,1.660375,,,female,33
1052_IEO_DIS_HI,crema_d_1052_IEO_DIS_HI,1052_IEO_DIS_HI.wav,crema_d,1052,IEO,DIS,disgust,high,,,,,,,,,,female,33
1052_IEO_DIS_LO,crema_d_1052_IEO_DIS_LO,1052_IEO_DIS_LO.wav,crema_d,1052,IEO,DIS,disgust,low,,,,,,,,,,female,33
1052_IEO_DIS_MD,crema_d_1052_IEO_DIS_MD,1052_IEO_DIS_MD.wav,crema_d,1052,IEO,DIS,disgust,medium,,,,,,,,,,female,33
1052_IEO_FEA_HI,crema_d_1052_IEO_FEA_HI,1052_IEO_FEA_HI.wav,crema_d,1052,IEO,FEA,fear,high,,,,,,,,,,female,33
1052_IEO_FEA_LO,crema_d_1052_IEO_FEA_LO,1052_IEO_FEA_LO.wav,crema_d,1052,IEO,FEA,fear,low,,,,,,,,,,female,33
1052_IEO_FEA_MD,crema_d_1052_IEO_FEA_MD,1052_IEO_FEA_MD.wav,crema_d,1052,IEO,FEA,fear,medium,,,,,,,,,,female,33
1052_IEO_HAP_HI,crema_d_1052_IEO_HAP_HI,1052_IEO_HAP_HI.wav,crema_d,1052,IEO,HAP,happy,high,,,16000.0,1.8018125,16000.0,3.0,0.9058125,,,female,33
1052_IEO_HAP_LO,crema_d_1052_IEO_HAP_LO,1052_IEO_HAP_LO.wav,crema_d,1052,IEO,HAP,happy,low,,,16000.0,2.1688125,16000.0,3.0,0.9528125,,,female,33
1052_IEO_HAP_MD,crema_d_1052_IEO_HAP_MD,1052_IEO_HAP_MD.wav,crema_d,1052,IEO,HAP,happy,medium,,,16000.0,1.93525,16000.0,3.0,0.01525,,,female,33
1052_IEO_NEU_XX,crema_d_1052_IEO_NEU_XX,1052_IEO_NEU_XX.wav,crema_d,1052,IEO,NEU,neutral,unspecified,,,16000.0,3.036375,16000.0,3.0,0.0,,,female,33
1052_IEO_SAD_HI,crema_d_1052_IEO_SAD_HI,1052_IEO_SAD_HI.wav,crema_d,1052,IEO,SAD,sad,high,,,,,,,,,,female,33
1052_IEO_SAD_LO,crema_d_1052_IEO_SAD_LO,1052_IEO_SAD_LO.wav,crema_d,1052,IEO,SAD,sad,low,,,,,,,,,,female,33
1052_IEO_SAD_MD,crema_d_1052_IEO_SAD_MD,1052_IEO_SAD_MD.wav,crema_d,1052,IEO,SAD,sad,medium,,,,,,,,,,female,33
1052_IOM_ANG_XX,crema_d_1052_IOM_ANG_XX,1052_IOM_ANG_XX.wav,crema_d,1052,IOM,ANG,anger,unspecified,,,16000.0,2.2021875,16000.0,3.0,0.6981875,,,female,33
1052_IOM_DIS_XX,crema_d_1052_IOM_DIS_XX,1052_IOM_DIS_XX.wav,crema_d,1052,IOM,DIS,disgust,unspecified,,,,,,,,,,female,33
1052_IOM_FEA_XX,crema_d_1052_IOM_FEA_XX,1052_IOM_FEA_XX.wav,crema_d,1052,IOM,FEA,fear,unspecified,,,,,,,,,,female,33
1052_IOM_HAP_XX,crema_d_1052_IOM_HAP_XX,1052_IOM_HAP_XX.wav,crema_d,1052,IOM,HAP,happy,unspecified,,,16000.0,2.102125,16000.0,3.0,0.918125,,,female,33
1052_IOM_NEU_XX,crema_d_1052_IOM_NEU_XX,1052_IOM_NEU_XX.wav,crema_d,1052,IOM,NEU,neutral,unspecified,,,16000.0,2.8028125,16000.0,3.0,0.032,,,female,33
1052_IOM_SAD_XX,crema_d_1052_IOM_SAD_XX,1052_IOM_SAD_XX.wav,crema_d,1052,IOM,SAD,sad,unspecified,,,,,,,,,,female,33
1052_ITH_ANG_XX,crema_d_1052_ITH_ANG_XX,1052_ITH_ANG_XX.wav,crema_d,1052,ITH,ANG,anger,unspecified,,,16000.0,2.6693125,16000.0,3.0,0.8133125,,,female,33
1052_ITH_DIS_XX,crema_d_1052_ITH_DIS_XX,1052_ITH_DIS_XX.wav,crema_d,1052,ITH,DIS,disgust,unspecified,,,,,,,,,,female,33
1052_ITH_FEA_XX,crema_d_1052_ITH_FEA_XX,1052_ITH_FEA_XX.wav,crema_d,1052,ITH,FEA,fear,unspecified,,,,,,,,,,female,33
1052_ITH_HAP_XX,crema_d_1052_ITH_HAP_XX,1052_ITH_HAP_XX.wav,crema_d,1052,ITH,HAP,happy,unspecified,,,16000.0,2.3356875,16000.0,3.0,0.7676875,,,female,33
1052_ITH_NEU_XX,crema_d_1052_ITH_NEU_XX,1052_ITH_NEU_XX.wav,crema_d,1052,ITH,NEU,neutral,unspecified,,,16000.0,3.06975,16000.0,3.0,0.22175,,,female,33
1052_ITH_SAD_XX,crema_d_1052_ITH_SAD_XX,1052_ITH_SAD_XX.wav,crema_d,1052,ITH,SAD,sad,unspecified,,,,,,,,,,female,33
1052_ITS_ANG_XX,crema_d_1052_ITS_ANG_XX,1052_ITS_ANG_XX.wav,crema_d,1052,ITS,ANG,anger,unspecified,,,16000.0,2.7360625,16000.0,3.0,0.7840625,,,female,33
1052_ITS_DIS_XX,crema_d_1052_ITS_DIS_XX,1052_ITS_DIS_XX.wav,crema_d,1052,ITS,DIS,disgust,unspecified,,,,,,,,,,female,33
1052_ITS_FEA_XX,crema_d_1052_ITS_FEA_XX,1052_ITS_FEA_XX.wav,crema_d,1052,ITS,FEA,fear,unspecified,,,,,,,,,,female,33
1052_ITS_HAP_XX,crema_d_1052_ITS_HAP_XX,1052_ITS_HAP_XX.wav,crema_d,1052,ITS,HAP,happy,unspecified,,,16000.0,2.7360625,16000.0,3.0,1.0400625,,,female,33
1052_ITS_NEU_XX,crema_d_1052_ITS_NEU_XX,1052_ITS_NEU_XX.wav,crema_d,1052,ITS,NEU,neutral,unspecified,,,16000.0,2.43575,16000.0,3.0,0.03575,,,female,33
1052_ITS_SAD_XX,crema_d_1052_ITS_SAD_XX,1052_ITS_SAD_XX.wav,crema_d,1052,ITS,SAD,sad,unspecified,,,,,,,,,,female,33
1052_IWL_ANG_XX,crema_d_1052_IWL_ANG_XX,1052_IWL_ANG_XX.wav,crema_d,1052,IWL,ANG,anger,unspecified,,,16000.0,3.2031875,16000.0,3.0,1.0911875,,,female,33
1052_IWL_DIS_XX,crema_d_1052_IWL_DIS_XX,1052_IWL_DIS_XX.wav,crema_d,1052,IWL,DIS,disgust,unspecified,,,,,,,,,,female,33
1052_IWL_FEA_XX,crema_d_1052_IWL_FEA_XX,1052_IWL_FEA_XX.wav,crema_d,1052,IWL,FEA,fear,unspecified,,,,,,,,,,female,33
1052_IWL_HAP_XX,crema_d_1052_IWL_HAP_XX,1052_IWL_HAP_XX.wav,crema_d,1052,IWL,HAP,happy,unspecified,,,16000.0,3.2365625,16000.0,3.0,1.8605625,,,female,33
1052_IWL_NEU_XX,crema_d_1052_IWL_NEU_XX,1052_IWL_NEU_XX.wav,crema_d,1052,IWL,NEU,neutral,unspecified,,,16000.0,2.6693125,16000.0,3.0,0.1733125,,,female,33
1052_IWL_SAD_XX,crema_d_1052_IWL_SAD_XX,1052_IWL_SAD_XX.wav,crema_d,1052,IWL,SAD,sad,unspecified,,,,,,,,,,female,33
1052_IWW_ANG_XX,crema_d_1052_IWW_ANG_XX,1052_IWW_ANG_XX.wav,crema_d,1052,IWW,ANG,anger,unspecified,,,16000.0,1.7350625,16000.0,3.0,0.6150625,,,female,33
1052_IWW_DIS_XX,crema_d_1052_IWW_DIS_XX,1052_IWW_DIS_XX.wav,crema_d,1052,IWW,DIS,disgust,unspecified,,,,,,,,,,female,33
1052_IWW_FEA_XX,crema_d_1052_IWW_FEA_XX,1052_IWW_FEA_XX.wav,crema_d,1052,IWW,FEA,fear,unspecified,,,,,,,,,,female,33
1052_IWW_HAP_XX,crema_d_1052_IWW_HAP_XX,1052_IWW_HAP_XX.wav,crema_d,1052,IWW,HAP,happy,unspecified,,,16000.0,2.035375,16000.0,3.0,0.659375,,,female,33
1052_IWW_NEU_XX,crema_d_1052_IWW_NEU_XX,1052_IWW_NEU_XX.wav,crema_d,1052,IWW,NEU,neutral,unspecified,,,16000.0,2.902875,16000.0,3.0,1.462875,,,female,33
1052_IWW_SAD_XX,crema_d_1052_IWW_SAD_XX,1052_IWW_SAD_XX.wav,crema_d,1052,IWW,SAD,sad,unspecified,,,,,,,,,,female,33
1052_MTI_ANG_XX,crema_d_1052_MTI_ANG_XX,1052_MTI_ANG_XX.wav,crema_d,1052,MTI,ANG,anger,unspecified,,,16000.0,2.535875,16000.0,3.0,0.743875,,,female,33
1052_MTI_DIS_XX,crema_d_1052_MTI_DIS_XX,1052_MTI_DIS_XX.wav,crema_d,1052,MTI,DIS,disgust,unspecified,,,,,,,,,,female,33
1052_MTI_FEA_XX,crema_d_1052_MTI_FEA_XX,1052_MTI_FEA_XX.wav,crema_d,1052,MTI,FEA,fear,unspecified,,,,,,,,,,female,33
1052_MTI_HAP_XX,crema_d_1052_MTI_HAP_XX,1052_MTI_HAP_XX.wav,crema_d,1052,MTI,HAP,happy,unspecified,,,16000.0,2.602625,16000.0,3.0,1.194625,,,female,33
1052_MTI_NEU_XX,crema_d_1052_MTI_NEU_XX,1052_MTI_NEU_XX.wav,crema_d,1052,MTI,NEU,neutral,unspecified,,,16000.0,3.7036875,16000.0,3.0,0.0876875,,,female,33
1052_MTI_SAD_XX,crema_d_1052_MTI_SAD_XX,1052_MTI_SAD_XX.wav,crema_d,1052,MTI,SAD,sad,unspecified,,,,,,,,,,female,33
1052_TAI_ANG_XX,crema_d_1052_TAI_ANG_XX,1052_TAI_ANG_XX.wav,crema_d,1052,TAI,ANG,anger,unspecified,,,16000.0,2.8361875,16000.0,3.0,0.8841875,,,female,33
1052_TAI_DIS_XX,crema_d_1052_TAI_DIS_XX,1052_TAI_DIS_XX.wav,crema_d,1052,TAI,DIS,disgust,unspecified,,,,,,,,,,female,33
1052_TAI_FEA_XX,crema_d_1052_TAI_FEA_XX,1052_TAI_FEA_XX.wav,crema_d,1052,TAI,FEA,fear,unspecified,,,,,,,,,,female,33
1052_TAI_HAP_XX,crema_d_1052_TAI_HAP_XX,1052_TAI_HAP_XX.wav,crema_d,1052,TAI,HAP,happy,unspecified,,,16000.0,2.3356875,16000.0,3.0,0.7036875,,,female,33
1052_TAI_NEU_XX,crema_d_1052_TAI_NEU_XX,1052_TAI_NEU_XX.wav,crema_d,1052,TAI,NEU,neutral,unspecified,,,16000.0,3.5035,16000.0,3.0,0.6235,,,female,33
1052_TAI_SAD_XX,crema_d_1052_TAI_SAD_XX,1052_TAI_SAD_XX.wav,crema_d,1052,TAI,SAD,sad,unspecified,,,,,,,,,,female,33
1052_TIE_ANG_XX,crema_d_1052_TIE_ANG_XX,1052_TIE_ANG_XX.wav,crema_d,1052,TIE,ANG,anger,unspecified,,,16000.0,3.1364375,16000.0,3.0,1.4404375,,,female,33
1052_TIE_DIS_XX,crema_d_1052_TIE_DIS_XX,1052_TIE_DIS_XX.wav,crema_d,1052,TIE,DIS,disgust,unspecified,,,,,,,,,,female,33
1052_TIE_FEA_XX,crema_d_1052_TIE_FEA_XX,1052_TIE_FEA_XX.wav,crema_d,1052,TIE,FEA,fear,unspecified,,,,,,,,,,female,33
1052_TIE_HAP_XX,crema_d_1052_TIE_HAP_XX,1052_TIE_HAP_XX.wav,crema_d,1052,TIE,HAP,happy,unspecified,,,16000.0,2.93625,16000.0,3.0,1.40025,,,female,33
1052_TIE_NEU_XX,crema_d_1052_TIE_NEU_XX,1052_TIE_NEU_XX.wav,crema_d,1052,TIE,NEU,neutral,unspecified,,,16000.0,3.470125,16000.0,3.0,0.078125,,,female,33
1052_TIE_SAD_XX,crema_d_1052_TIE_SAD_XX,1052_TIE_SAD_XX.wav,crema_d,1052,TIE,SAD,sad,unspecified,,,,,,,,,,female,33
1052_TSI_ANG_XX,crema_d_1052_TSI_ANG_XX,1052_TSI_ANG_XX.wav,crema_d,1052,TSI,ANG,anger,unspecified,,,16000.0,1.901875,16000.0,3.0,0.845875,,,female,33
1052_TSI_DIS_XX,crema_d_1052_TSI_DIS_XX,1052_TSI_DIS_XX.wav,crema_d,1052,TSI,DIS,disgust,unspecified,,,,,,,,,,female,33
1052_TSI_FEA_XX,crema_d_1052_TSI_FEA_XX,1052_TSI_FEA_XX.wav,crema_d,1052,TSI,FEA,fear,unspecified,,,,,,,,,,female,33
1052_TSI_HAP_XX,crema_d_1052_TSI_HAP_XX,1052_TSI_HAP_XX.wav,crema_d,1052,TSI,HAP,happy,unspecified,,,16000.0,2.1688125,16000.0,3.0,0.9848125,,,female,33
1052_TSI_NEU_XX,crema_d_1052_TSI_NEU_XX,1052_TSI_NEU_XX.wav,crema_d,1052,TSI,NEU,neutral,unspecified,,,16000.0,2.56925,16000.0,3.0,0.23325,,,female,33
1052_TSI_SAD_XX,crema_d_1052_TSI_SAD_XX,1052_TSI_SAD_XX.wav,crema_d,1052,TSI,SAD,sad,unspecified,,,,,,,,,,female,33
1052_WSI_ANG_XX,crema_d_1052_WSI_ANG_XX,1052_WSI_ANG_XX.wav,crema_d,1052,WSI,ANG,anger,unspecified,,,16000.0,2.3023125,16000.0,3.0,0.7983125,,,female,33
1052_WSI_DIS_XX,crema_d_1052_WSI_DIS_XX,1052_WSI_DIS_XX.wav,crema_d,1052,WSI,DIS,disgust,unspecified,,,,,,,,,,female,33
1052_WSI_FEA_XX,crema_d_1052_WSI_FEA_XX,1052_WSI_FEA_XX.wav,crema_d,1052,WSI,FEA,fear,unspecified,,,,,,,,,,female,33
1052_WSI_HAP_XX,crema_d_1052_WSI_HAP_XX,1052_WSI_HAP_XX.wav,crema_d,1052,WSI,HAP,happy,unspecified,,,16000.0,2.1688125,16000.0,3.0,0.8568125,,,female,33
1052_WSI_NEU_XX,crema_d_1052_WSI_NEU_XX,1052_WSI_NEU_XX.wav,crema_d,1052,WSI,NEU,neutral,unspecified,,,16000.0,2.369,16000.0,3.0,0.0,,,female,33
1052_WSI_SAD_XX,crema_d_1052_WSI_SAD_XX,1052_WSI_SAD_XX.wav,crema_d,1052,WSI,SAD,sad,unspecified,,,,,,,,,,female,33
1053_DFA_ANG_XX,crema_d_1053_DFA_ANG_XX,1053_DFA_ANG_XX.wav,crema_d,1053,DFA,ANG,anger,unspecified,,,16000.0,1.7350625,16000.0,3.0,0.5190625,,,female,35
1053_DFA_DIS_XX,crema_d_1053_DFA_DIS_XX,1053_DFA_DIS_XX.wav,crema_d,1053,DFA,DIS,disgust,unspecified,,,,,,,,,,female,35
1053_DFA_FEA_XX,crema_d_1053_DFA_FEA_XX,1053_DFA_FEA_XX.wav,crema_d,1053,DFA,FEA,fear,unspecified,,,,,,,,,,female,35
1053_DFA_HAP_XX,crema_d_1053_DFA_HAP_XX,1053_DFA_HAP_XX.wav,crema_d,1053,DFA,HAP,happy,unspecified,,,16000.0,2.2021875,16000.0,3.0,0.8581875,,,female,35
1053_DFA_NEU_XX,crema_d_1053_DFA_NEU_XX,1053_DFA_NEU_XX.wav,crema_d,1053,DFA,NEU,neutral,unspecified,,,16000.0,1.6349375,16000.0,3.0,0.5789375,,,female,35
1053_DFA_SAD_XX,crema_d_1053_DFA_SAD_XX,1053_DFA_SAD_XX.wav,crema_d,1053,DFA,SAD,sad,unspecified,,,,,,,,,,female,35
1053_IEO_ANG_HI,crema_d_1053_IEO_ANG_HI,1053_IEO_ANG_HI.wav,crema_d,1053,IEO,ANG,anger,high,,,16000.0,2.6693125,16000.0,3.0,1.1013125,,,female,35
1053_IEO_ANG_LO,crema_d_1053_IEO_ANG_LO,1053_IEO_ANG_LO.wav,crema_d,1053,IEO,ANG,anger,low,,,16000.0,1.8351875,16000.0,3.0,0.0,,,female,35
1053_IEO_ANG_MD,crema_d_1053_IEO_ANG_MD,1053_IEO_ANG_MD.wav,crema_d,1053,IEO,ANG,anger,medium,,,16000.0,2.06875,16000.0,3.0,0.096,,,female,35
1053_IEO_DIS_HI,crema_d_1053_IEO_DIS_HI,1053_IEO_DIS_HI.wav,crema_d,1053,IEO,DIS,disgust,high,,,,,,,,,,female,35
1053_IEO_DIS_LO,crema_d_1053_IEO_DIS_LO,1053_IEO_DIS_LO.wav,crema_d,1053,IEO,DIS,disgust,low,,,,,,,,,,female,35
1053_IEO_DIS_MD,crema_d_1053_IEO_DIS_MD,1053_IEO_DIS_MD.wav,crema_d,1053,IEO,DIS,disgust,medium,,,,,,,,,,female,35
1053_IEO_FEA_HI,crema_d_1053_IEO_FEA_HI,1053_IEO_FEA_HI.wav,crema_d,1053,IEO,FEA,fear,high,,,,,,,,,,female,35
1053_IEO_FEA_LO,crema_d_1053_IEO_FEA_LO,1053_IEO_FEA_LO.wav,crema_d,1053,IEO,FEA,fear,low,,,,,,,,,,female,35
1053_IEO_FEA_MD,crema_d_1053_IEO_FEA_MD,1053_IEO_FEA_MD.wav,crema_d,1053,IEO,FEA,fear,medium,,,,,,,,,,female,35
1053_IEO_HAP_HI,crema_d_1053_IEO_HAP_HI,1053_IEO_HAP_HI.wav,crema_d,1053,IEO,HAP,happy,high,,,16000.0,1.534875,16000.0,3.0,0.574875,,,female,35
1053_IEO_HAP_LO,crema_d_1053_IEO_HAP_LO,1053_IEO_HAP_LO.wav,crema_d,1053,IEO,HAP,happy,low,,,16000.0,1.6683125,16000.0,3.0,0.4523125,,,female,35
1053_IEO_HAP_MD,crema_d_1053_IEO_HAP_MD,1053_IEO_HAP_MD.wav,crema_d,1053,IEO,HAP,happy,medium,,,16000.0,1.6349375,16000.0,3.0,0.6429375,,,female,35
1053_IEO_NEU_XX,crema_d_1053_IEO_NEU_XX,1053_IEO_NEU_XX.wav,crema_d,1053,IEO,NEU,neutral,unspecified,,,16000.0,1.8351875,16000.0,3.0,0.0,,,female,35
1053_IEO_SAD_HI,crema_d_1053_IEO_SAD_HI,1053_IEO_SAD_HI.wav,crema_d,1053,IEO,SAD,sad,high,,,,,,,,,,female,35
1053_IEO_SAD_LO,crema_d_1053_IEO_SAD_LO,1053_IEO_SAD_LO.wav,crema_d,1053,IEO,SAD,sad,low,,,,,,,,,,female,35
1053_IEO_SAD_MD,crema_d_1053_IEO_SAD_MD,1053_IEO_SAD_MD.wav,crema_d,1053,IEO,SAD,sad,medium,,,,,,,,,,female,35
1053_IOM_ANG_XX,crema_d_1053_IOM_ANG_XX,1053_IOM_ANG_XX.wav,crema_d,1053,IOM,ANG,anger,unspecified,,,16000.0,2.2021875,16000.0,3.0,0.6661875,,,female,35
1053_IOM_DIS_XX,crema_d_1053_IOM_DIS_XX,1053_IOM_DIS_XX.wav,crema_d,1053,IOM,DIS,disgust,unspecified,,,,,,,,,,female,35
1053_IOM_FEA_XX,crema_d_1053_IOM_FEA_XX,1053_IOM_FEA_XX.wav,crema_d,1053,IOM,FEA,fear,unspecified,,,,,,,,,,female,35
1053_IOM_HAP_XX,crema_d_1053_IOM_HAP_XX,1053_IOM_HAP_XX.wav,crema_d,1053,IOM,HAP,happy,unspecified,,,16000.0,1.7684375,16000.0,3.0,0.4564375,,,female,35
1053_IOM_NEU_XX,crema_d_1053_IOM_NEU_XX,1053_IOM_NEU_XX.wav,crema_d,1053,IOM,NEU,neutral,unspecified,,,16000.0,1.601625,16000.0,3.0,0.064,,,female,35
1053_IOM_SAD_XX,crema_d_1053_IOM_SAD_XX,1053_IOM_SAD_XX.wav,crema_d,1053,IOM,SAD,sad,unspecified,,,,,,,,,,female,35
1053_ITH_ANG_XX,crema_d_1053_ITH_ANG_XX,1053_ITH_ANG_XX.wav,crema_d,1053,ITH,ANG,anger,unspecified,,,16000.0,2.2021875,16000.0,3.0,0.5381875,,,female,35
1053_ITH_DIS_XX,crema_d_1053_ITH_DIS_XX,1053_ITH_DIS_XX.wav,crema_d,1053,ITH,DIS,disgust,unspecified,,,,,,,,,,female,35
1053_ITH_FEA_XX,crema_d_1053_ITH_FEA_XX,1053_ITH_FEA_XX.wav,crema_d,1053,ITH,FEA,fear,unspecified,,,,,,,,,,female,35
1053_ITH_HAP_XX,crema_d_1053_ITH_HAP_XX,1053_ITH_HAP_XX.wav,crema_d,1053,ITH,HAP,happy,unspecified,,,16000.0,2.3356875,16000.0,3.0,0.8956875,,,female,35
1053_ITH_NEU_XX,crema_d_1053_ITH_NEU_XX,1053_ITH_NEU_XX.wav,crema_d,1053,ITH,NEU,neutral,unspecified,,,16000.0,2.1688125,16000.0,3.0,0.0,,,female,35
1053_ITH_SAD_XX,crema_d_1053_ITH_SAD_XX,1053_ITH_SAD_XX.wav,crema_d,1053,ITH,SAD,sad,unspecified,,,,,,,,,,female,35
1053_ITS_ANG_XX,crema_d_1053_ITS_ANG_XX,1053_ITS_ANG_XX.wav,crema_d,1053,ITS,ANG,anger,unspecified,,,16000.0,2.102125,16000.0,3.0,0.662125,,,female,35
1053_ITS_DIS_XX,crema_d_1053_ITS_DIS_XX,1053_ITS_DIS_XX.wav,crema_d,1053,ITS,DIS,disgust,unspecified,,,,,,,,,,female,35
1053_ITS_FEA_XX,crema_d_1053_ITS_FEA_XX,1053_ITS_FEA_XX.wav,crema_d,1053,ITS,FEA,fear,unspecified,,,,,,,,,,female,35
1053_ITS_HAP_XX,crema_d_1053_ITS_HAP_XX,1053_ITS_HAP_XX.wav,crema_d,1053,ITS,HAP,happy,unspecified,,,16000.0,1.8685625,16000.0,3.0,0.6205625,,,female,35
1053_ITS_NEU_XX,crema_d_1053_ITS_NEU_XX,1053_ITS_NEU_XX.wav,crema_d,1053,ITS,NEU,neutral,unspecified,,,16000.0,1.7350625,16000.0,3.0,0.0710625,,,female,35
1053_ITS_SAD_XX,crema_d_1053_ITS_SAD_XX,1053_ITS_SAD_XX.wav,crema_d,1053,ITS,SAD,sad,unspecified,,,,,,,,,,female,35
1053_IWL_ANG_XX,crema_d_1053_IWL_ANG_XX,1053_IWL_ANG_XX.wav,crema_d,1053,IWL,ANG,anger,unspecified,,,16000.0,2.06875,16000.0,3.0,0.56475,,,female,35
1053_IWL_DIS_XX,crema_d_1053_IWL_DIS_XX,1053_IWL_DIS_XX.wav,crema_d,1053,IWL,DIS,disgust,unspecified,,,,,,,,,,female,35
1053_IWL_FEA_XX,crema_d_1053_IWL_FEA_XX,1053_IWL_FEA_XX.wav,crema_d,1053,IWL,FEA,fear,unspecified,,,,,,,,,,female,35
1053_IWL_HAP_XX,crema_d_1053_IWL_HAP_XX,1053_IWL_HAP_XX.wav,crema_d,1053,IWL,HAP,happy,unspecified,,,16000.0,1.8685625,16000.0,3.0,0.5565625,,,female,35
1053_IWL_NEU_XX,crema_d_1053_IWL_NEU_XX,1053_IWL_NEU_XX.wav,crema_d,1053,IWL,NEU,neutral,unspecified,,,16000.0,1.8351875,16000.0,3.0,0.1391875,,,female,35
1053_IWL_SAD_XX,crema_d_1053_IWL_SAD_XX,1053_IWL_SAD_XX.wav,crema_d,1053,IWL,SAD,sad,unspecified,,,,,,,,,,female,35
1053_IWW_ANG_XX,crema_d_1053_IWW_ANG_XX,1053_IWW_ANG_XX.wav,crema_d,1053,IWW,ANG,anger,unspecified,,,16000.0,1.8351875,16000.0,3.0,0.5551875,,,female,35
1053_IWW_DIS_XX,crema_d_1053_IWW_DIS_XX,1053_IWW_DIS_XX.wav,crema_d,1053,IWW,DIS,disgust,unspecified,,,,,,,,,,female,35
1053_IWW_FEA_XX,crema_d_1053_IWW_FEA_XX,1053_IWW_FEA_XX.wav,crema_d,1053,IWW,FEA,fear,unspecified,,,,,,,,,,female,35
1053_IWW_HAP_XX,crema_d_1053_IWW_HAP_XX,1053_IWW_HAP_XX.wav,crema_d,1053,IWW,HAP,happy,unspecified,,,16000.0,1.8018125,16000.0,3.0,0.7458125,,,female,35
1053_IWW_NEU_XX,crema_d_1053_IWW_NEU_XX,1053_IWW_NEU_XX.wav,crema_d,1053,IWW,NEU,neutral,unspecified,,,16000.0,1.7684375,16000.0,3.0,0.0724375,,,female,35
1053_IWW_SAD_XX,crema_d_1053_IWW_SAD_XX,1053_IWW_SAD_XX.wav,crema_d,1053,IWW,SAD,sad,unspecified,,,,,,,,,,female,35
1053_MTI_ANG_XX,crema_d_1053_MTI_ANG_XX,1053_MTI_ANG_XX.wav,crema_d,1053,MTI,ANG,anger,unspecified,,,16000.0,2.43575,16000.0,3.0,0.64375,,,female,35
1053_MTI_DIS_XX,crema_d_1053_MTI_DIS_XX,1053_MTI_DIS_XX.wav,crema_d,1053,MTI,DIS,disgust,unspecified,,,,,,,,,,female,35
1053_MTI_FEA_XX,crema_d_1053_MTI_FEA_XX,1053_MTI_FEA_XX.wav,crema_d,1053,MTI,FEA,fear,unspecified,,,,,,,,,,female,35
1053_MTI_HAP_XX,crema_d_1053_MTI_HAP_XX,1053_MTI_HAP_XX.wav,crema_d,1053,MTI,HAP,happy,unspecified,,,16000.0,2.3356875,16000.0,3.0,0.6396875,,,female,35
1053_MTI_NEU_XX,crema_d_1053_MTI_NEU_XX,1053_MTI_NEU_XX.wav,crema_d,1053,MTI,NEU,neutral,unspecified,,,16000.0,2.2826875,16000.0,3.0,0.4906875,,,female,35
1053_MTI_SAD_XX,crema_d_1053_MTI_SAD_XX,1053_MTI_SAD_XX.wav,crema_d,1053,MTI,SAD,sad,unspecified,,,,,,,,,,female,35
1053_TAI_ANG_XX,crema_d_1053_TAI_ANG_XX,1053_TAI_ANG_XX.wav,crema_d,1053,TAI,ANG,anger,unspecified,,,16000.0,2.035375,16000.0,3.0,0.531375,,,female,35
1053_TAI_DIS_XX,crema_d_1053_TAI_DIS_XX,1053_TAI_DIS_XX.wav,crema_d,1053,TAI,DIS,disgust,unspecified,,,,,,,,,,female,35
1053_TAI_FEA_XX,crema_d_1053_TAI_FEA_XX,1053_TAI_FEA_XX.wav,crema_d,1053,TAI,FEA,fear,unspecified,,,,,,,,,,female,35
1053_TAI_HAP_XX,crema_d_1053_TAI_HAP_XX,1053_TAI_HAP_XX.wav,crema_d,1053,TAI,HAP,happy,unspecified,,,16000.0,1.901875,16000.0,3.0,0.397875,,,female,35
1053_TAI_NEU_XX,crema_d_1053_TAI_NEU_XX,1053_TAI_NEU_XX.wav,crema_d,1053,TAI,NEU,neutral,unspecified,,,16000.0,2.3690625,16000.0,3.0,0.7370625,,,female,35
1053_TAI_SAD_XX,crema_d_1053_TAI_SAD_XX,1053_TAI_SAD_XX.wav,crema_d,1053,TAI,SAD,sad,unspecified,,,,,,,,,,female,35
1053_TIE_ANG_XX,crema_d_1053_TIE_ANG_XX,1053_TIE_ANG_XX.wav,crema_d,1053,TIE,ANG,anger,unspecified,,,16000.0,3.036375,16000.0,3.0,1.244375,,,female,35
1053_TIE_DIS_XX,crema_d_1053_TIE_DIS_XX,1053_TIE_DIS_XX.wav,crema_d,1053,TIE,DIS,disgust,unspecified,,,,,,,,,,female,35
1053_TIE_FEA_XX,crema_d_1053_TIE_FEA_XX,1053_TIE_FEA_XX.wav,crema_d,1053,TIE,FEA,fear,unspecified,,,,,,,,,,female,35
1053_TIE_HAP_XX,crema_d_1053_TIE_HAP_XX,1053_TIE_HAP_XX.wav,crema_d,1053,TIE,HAP,happy,unspecified,,,16000.0,2.535875,16000.0,3.0,0.999875,,,female,35
1053_TIE_NEU_XX,crema_d_1053_TIE_NEU_XX,1053_TIE_NEU_XX.wav,crema_d,1053,TIE,NEU,neutral,unspecified,,,16000.0,2.1354375,16000.0,3.0,0.0,,,female,35
1053_TIE_SAD_XX,crema_d_1053_TIE_SAD_XX,1053_TIE_SAD_XX.wav,crema_d,1053,TIE,SAD,sad,unspecified,,,,,,,,,,female,35
1053_TSI_ANG_XX,crema_d_1053_TSI_ANG_XX,1053_TSI_ANG_XX.wav,crema_d,1053,TSI,ANG,anger,unspecified,,,16000.0,2.2689375,16000.0,3.0,1.0849375,,,female,35
1053_TSI_DIS_XX,crema_d_1053_TSI_DIS_XX,1053_TSI_DIS_XX.wav,crema_d,1053,TSI,DIS,disgust,unspecified,,,,,,,,,,female,35
1053_TSI_FEA_XX,crema_d_1053_TSI_FEA_XX,1053_TSI_FEA_XX.wav,crema_d,1053,TSI,FEA,fear,unspecified,,,,,,,,,,female,35
1053_TSI_HAP_XX,crema_d_1053_TSI_HAP_XX,1053_TSI_HAP_XX.wav,crema_d,1053,TSI,HAP,happy,unspecified,,,16000.0,1.8018125,16000.0,3.0,0.7138125,,,female,35
1053_TSI_NEU_XX,crema_d_1053_TSI_NEU_XX,1053_TSI_NEU_XX.wav,crema_d,1053,TSI,NEU,neutral,unspecified,,,16000.0,2.1354375,16000.0,3.0,0.4714375,,,female,35
1053_TSI_SAD_XX,crema_d_1053_TSI_SAD_XX,1053_TSI_SAD_XX.wav,crema_d,1053,TSI,SAD,sad,unspecified,,,,,,,,,,female,35
1053_WSI_ANG_XX,crema_d_1053_WSI_ANG_XX,1053_WSI_ANG_XX.wav,crema_d,1053,WSI,ANG,anger,unspecified,,,16000.0,2.102125,16000.0,3.0,0.694125,,,female,35
1053_WSI_DIS_XX,crema_d_1053_WSI_DIS_XX,1053_WSI_DIS_XX.wav,crema_d,1053,WSI,DIS,disgust,unspecified,,,,,,,,,,female,35
1053_WSI_FEA_XX,crema_d_1053_WSI_FEA_XX,1053_WSI_FEA_XX.wav,crema_d,1053,WSI,FEA,fear,unspecified,,,,,,,,,,female,35
1053_WSI_HAP_XX,crema_d_1053_WSI_HAP_XX,1053_WSI_HAP_XX.wav,crema_d,1053,WSI,HAP,happy,unspecified,,,16000.0,1.968625,16000.0,3.0,0.720625,,,female,35
1053_WSI_NEU_XX,crema_d_1053_WSI_NEU_XX,1053_WSI_NEU_XX.wav,crema_d,1053,WSI,NEU,neutral,unspecified,,,16000.0,2.2826875,16000.0,3.0,0.0,,,female,35
1053_WSI_SAD_XX,crema_d_1053_WSI_SAD_XX,1053_WSI_SAD_XX.wav,crema_d,1053,WSI,SAD,sad,unspecified,,,,,,,,,,female,35
1054_DFA_ANG_XX,crema_d_1054_DFA_ANG_XX,1054_DFA_ANG_XX.wav,crema_d,1054,DFA,ANG,anger,unspecified,,,16000.0,1.8685625,16000.0,3.0,0.8765625,,,female,36
1054_DFA_DIS_XX,crema_d_1054_DFA_DIS_XX,1054_DFA_DIS_XX.wav,crema_d,1054,DFA,DIS,disgust,unspecified,,,,,,,,,,female,36
1054_DFA_FEA_XX,crema_d_1054_DFA_FEA_XX,1054_DFA_FEA_XX.wav,crema_d,1054,DFA,FEA,fear,unspecified,,,,,,,,,,female,36
1054_DFA_HAP_XX,crema_d_1054_DFA_HAP_XX,1054_DFA_HAP_XX.wav,crema_d,1054,DFA,HAP,happy,unspecified,,,16000.0,1.8351875,16000.0,3.0,0.3311875,,,female,36
1054_DFA_NEU_XX,crema_d_1054_DFA_NEU_XX,1054_DFA_NEU_XX.wav,crema_d,1054,DFA,NEU,neutral,unspecified,,,16000.0,1.968625,16000.0,3.0,0.0,,,female,36
1054_DFA_SAD_XX,crema_d_1054_DFA_SAD_XX,1054_DFA_SAD_XX.wav,crema_d,1054,DFA,SAD,sad,unspecified,,,,,,,,,,female,36
1054_IEO_ANG_HI,crema_d_1054_IEO_ANG_HI,1054_IEO_ANG_HI.wav,crema_d,1054,IEO,ANG,anger,high,,,16000.0,2.102125,16000.0,3.0,0.790125,,,female,36
1054_IEO_ANG_LO,crema_d_1054_IEO_ANG_LO,1054_IEO_ANG_LO.wav,crema_d,1054,IEO,ANG,anger,low,,,16000.0,2.2021875,16000.0,3.0,1.1141875,,,female,36
1054_IEO_ANG_MD,crema_d_1054_IEO_ANG_MD,1054_IEO_ANG_MD.wav,crema_d,1054,IEO,ANG,anger,medium,,,16000.0,1.901875,16000.0,3.0,0.685875,,,female,36
1054_IEO_DIS_HI,crema_d_1054_IEO_DIS_HI,1054_IEO_DIS_HI.wav,crema_d,1054,IEO,DIS,disgust,high,,,,,,,,,,female,36
1054_IEO_DIS_LO,crema_d_1054_IEO_DIS_LO,1054_IEO_DIS_LO.wav,crema_d,1054,IEO,DIS,disgust,low,,,,,,,,,,female,36
1054_IEO_DIS_MD,crema_d_1054_IEO_DIS_MD,1054_IEO_DIS_MD.wav,crema_d,1054,IEO,DIS,disgust,medium,,,,,,,,,,female,36
1054_IEO_FEA_HI,crema_d_1054_IEO_FEA_HI,1054_IEO_FEA_HI.wav,crema_d,1054,IEO,FEA,fear,high,,,,,,,,,,female,36
1054_IEO_FEA_LO,crema_d_1054_IEO_FEA_LO,1054_IEO_FEA_LO.wav,crema_d,1054,IEO,FEA,fear,low,,,,,,,,,,female,36
1054_IEO_FEA_MD,crema_d_1054_IEO_FEA_MD,1054_IEO_FEA_MD.wav,crema_d,1054,IEO,FEA,fear,medium,,,,,,,,,,female,36
1054_IEO_HAP_HI,crema_d_1054_IEO_HAP_HI,1054_IEO_HAP_HI.wav,crema_d,1054,IEO,HAP,happy,high,,,16000.0,1.8018125,16000.0,3.0,0.8738125,,,female,36
1054_IEO_HAP_LO,crema_d_1054_IEO_HAP_LO,1054_IEO_HAP_LO.wav,crema_d,1054,IEO,HAP,happy,low,,,16000.0,1.8351875,16000.0,3.0,0.0,,,female,36
1054_IEO_HAP_MD,crema_d_1054_IEO_HAP_MD,1054_IEO_HAP_MD.wav,crema_d,1054,IEO,HAP,happy,medium,,,16000.0,2.002,16000.0,3.0,0.114,,,female,36
1054_IEO_NEU_XX,crema_d_1054_IEO_NEU_XX,1054_IEO_NEU_XX.wav,crema_d,1054,IEO,NEU,neutral,unspecified,,,16000.0,1.968625,16000.0,3.0,0.0,,,female,36
1054_IEO_SAD_HI,crema_d_1054_IEO_SAD_HI,1054_IEO_SAD_HI.wav,crema_d,1054,IEO,SAD,sad,high,,,,,,,,,,female,36
1054_IEO_SAD_LO,crema_d_1054_IEO_SAD_LO,1054_IEO_SAD_LO.wav,crema_d,1054,IEO,SAD,sad,low,,,,,,,,,,female,36
1054_IEO_SAD_MD,crema_d_1054_IEO_SAD_MD,1054_IEO_SAD_MD.wav,crema_d,1054,IEO,SAD,sad,medium,,,,,,,,,,female,36
1054_IOM_ANG_XX,crema_d_1054_IOM_ANG_XX,1054_IOM_ANG_XX.wav,crema_d,1054,IOM,ANG,anger,unspecified,,,16000.0,1.6683125,16000.0,3.0,0.3883125,,,female,36
1054_IOM_DIS_XX,crema_d_1054_IOM_DIS_XX,1054_IOM_DIS_XX.wav,crema_d,1054,IOM,DIS,disgust,unspecified,,,,,,,,,,female,36
1054_IOM_FEA_XX,crema_d_1054_IOM_FEA_XX,1054_IOM_FEA_XX.wav,crema_d,1054,IOM,FEA,fear,unspecified,,,,,,,,,,female,36
1054_IOM_HAP_XX,crema_d_1054_IOM_HAP_XX,1054_IOM_HAP_XX.wav,crema_d,1054,IOM,HAP,happy,unspecified,,,16000.0,1.6683125,16000.0,3.0,0.0683125,,,female,36
1054_IOM_NEU_XX,crema_d_1054_IOM_NEU_XX,1054_IOM_NEU_XX.wav,crema_d,1054,IOM,NEU,neutral,unspecified,,,16000.0,1.901875,16000.0,3.0,0.0,,,female,36
1054_IOM_SAD_XX,crema_d_1054_IOM_SAD_XX,1054_IOM_SAD_XX.wav,crema_d,1054,IOM,SAD,sad,unspecified,,,,,,,,,,female,36
1054_ITH_ANG_XX,crema_d_1054_ITH_ANG_XX,1054_ITH_ANG_XX.wav,crema_d,1054,ITH,ANG,anger,unspecified,,,16000.0,2.035375,16000.0,3.0,0.563375,,,female,36
1054_ITH_DIS_XX,crema_d_1054_ITH_DIS_XX,1054_ITH_DIS_XX.wav,crema_d,1054,ITH,DIS,disgust,unspecified,,,,,,,,,,female,36
1054_ITH_FEA_XX,crema_d_1054_ITH_FEA_XX,1054_ITH_FEA_XX.wav,crema_d,1054,ITH,FEA,fear,unspecified,,,,,,,,,,female,36
1054_ITH_HAP_XX,crema_d_1054_ITH_HAP_XX,1054_ITH_HAP_XX.wav,crema_d,1054,ITH,HAP,happy,unspecified,,,16000.0,2.035375,16000.0,3.0,0.019375,,,female,36
1054_ITH_NEU_XX,crema_d_1054_ITH_NEU_XX,1054_ITH_NEU_XX.wav,crema_d,1054,ITH,NEU,neutral,unspecified,,,16000.0,2.1688125,16000.0,3.0,0.0,,,female,36
1054_ITH_SAD_XX,crema_d_1054_ITH_SAD_XX,1054_ITH_SAD_XX.wav,crema_d,1054,ITH,SAD,sad,unspecified,,,,,,,,,,female,36
1054_ITS_ANG_XX,crema_d_1054_ITS_ANG_XX,1054_ITS_ANG_XX.wav,crema_d,1054,ITS,ANG,anger,unspecified,,,16000.0,1.93525,16000.0,3.0,0.55925,,,female,36
1054_ITS_DIS_XX,crema_d_1054_ITS_DIS_XX,1054_ITS_DIS_XX.wav,crema_d,1054,ITS,DIS,disgust,unspecified,,,,,,,,,,female,36
1054_ITS_FEA_XX,crema_d_1054_ITS_FEA_XX,1054_ITS_FEA_XX.wav,crema_d,1054,ITS,FEA,fear,unspecified,,,,,,,,,,female,36
1054_ITS_HAP_XX,crema_d_1054_ITS_HAP_XX,1054_ITS_HAP_XX.wav,crema_d,1054,ITS,HAP,happy,unspecified,,,16000.0,2.402375,16000.0,3.0,0.930375,,,female,36
1054_ITS_NEU_XX,crema_d_1054_ITS_NEU_XX,1054_ITS_NEU_XX.wav,crema_d,1054,ITS,NEU,neutral,unspecified,,,16000.0,2.2689375,16000.0,3.0,0.0,,,female,36
1054_ITS_SAD_XX,crema_d_1054_ITS_SAD_XX,1054_ITS_SAD_XX.wav,crema_d,1054,ITS,SAD,sad,unspecified,,,,,,,,,,female,36
1054_IWL_ANG_XX,crema_d_1054_IWL_ANG_XX,1054_IWL_ANG_XX.wav,crema_d,1054,IWL,ANG,anger,unspecified,,,16000.0,1.901875,16000.0,3.0,0.749875,,,female,36
1054_IWL_DIS_XX,crema_d_1054_IWL_DIS_XX,1054_IWL_DIS_XX.wav,crema_d,1054,IWL,DIS,disgust,unspecified,,,,,,,,,,female,36
1054_IWL_FEA_XX,crema_d_1054_IWL_FEA_XX,1054_IWL_FEA_XX.wav,crema_d,1054,IWL,FEA,fear,unspecified,,,,,,,,,,female,36
1054_IWL_HAP_XX,crema_d_1054_IWL_HAP_XX,1054_IWL_HAP_XX.wav,crema_d,1054,IWL,HAP,happy,unspecified,,,16000.0,2.43575,16000.0,3.0,0.06775,,,female,36
1054_IWL_NEU_XX,crema_d_1054_IWL_NEU_XX,1054_IWL_NEU_XX.wav,crema_d,1054,IWL,NEU,neutral,unspecified,,,16000.0,2.102125,16000.0,3.0,0.0,,,female,36
1054_IWL_SAD_XX,crema_d_1054_IWL_SAD_XX,1054_IWL_SAD_XX.wav,crema_d,1054,IWL,SAD,sad,unspecified,,,,,,,,,,female,36
1054_IWW_ANG_XX,crema_d_1054_IWW_ANG_XX,1054_IWW_ANG_XX.wav,crema_d,1054,IWW,ANG,anger,unspecified,,,16000.0,1.8018125,16000.0,3.0,0.4578125,,,female,36
1054_IWW_DIS_XX,crema_d_1054_IWW_DIS_XX,1054_IWW_DIS_XX.wav,crema_d,1054,IWW,DIS,disgust,unspecified,,,,,,,,,,female,36
1054_IWW_FEA_XX,crema_d_1054_IWW_FEA_XX,1054_IWW_FEA_XX.wav,crema_d,1054,IWW,FEA,fear,unspecified,,,,,,,,,,female,36
1054_IWW_HAP_XX,crema_d_1054_IWW_HAP_XX,1054_IWW_HAP_XX.wav,crema_d,1054,IWW,HAP,happy,unspecified,,,16000.0,1.7684375,16000.0,3.0,0.1044375,,,female,36
1054_IWW_NEU_XX,crema_d_1054_IWW_NEU_XX,1054_IWW_NEU_XX.wav,crema_d,1054,IWW,NEU,neutral,unspecified,,,16000.0,1.8018125,16000.0,3.0,0.0,,,female,36
1054_IWW_SAD_XX,crema_d_1054_IWW_SAD_XX,1054_IWW_SAD_XX.wav,crema_d,1054,IWW,SAD,sad,unspecified,,,,,,,,,,female,36
1054_MTI_ANG_XX,crema_d_1054_MTI_ANG_XX,1054_MTI_ANG_XX.wav,crema_d,1054,MTI,ANG,anger,unspecified,,,16000.0,2.2689375,16000.0,3.0,0.7329375,,,female,36
1054_MTI_DIS_XX,crema_d_1054_MTI_DIS_XX,1054_MTI_DIS_XX.wav,crema_d,1054,MTI,DIS,disgust,unspecified,,,,,,,,,,female,36
1054_MTI_FEA_XX,crema_d_1054_MTI_FEA_XX,1054_MTI_FEA_XX.wav,crema_d,1054,MTI,FEA,fear,unspecified,,,,,,,,,,female,36
1054_MTI_HAP_XX,crema_d_1054_MTI_HAP_XX,1054_MTI_HAP_XX.wav,crema_d,1054,MTI,HAP,happy,unspecified,,,16000.0,2.7026875,16000.0,3.0,0.0466875,,,female,36
1054_MTI_NEU_XX,crema_d_1054_MTI_NEU_XX,1054_MTI_NEU_XX.wav,crema_d,1054,MTI,NEU,neutral,unspecified,,,16000.0,2.1688125,16000.0,3.0,0.0,,,female,36
1054_MTI_SAD_XX,crema_d_1054_MTI_SAD_XX,1054_MTI_SAD_XX.wav,crema_d,1054,MTI,SAD,sad,unspecified,,,,,,,,,,female,36
1054_TAI_ANG_XX,crema_d_1054_TAI_ANG_XX,1054_TAI_ANG_XX.wav,crema_d,1054,TAI,ANG,anger,unspecified,,,16000.0,1.8685625,16000.0,3.0,0.3325625,,,female,36
1054_TAI_DIS_XX,crema_d_1054_TAI_DIS_XX,1054_TAI_DIS_XX.wav,crema_d,1054,TAI,DIS,disgust,unspecified,,,,,,,,,,female,36
1054_TAI_FEA_XX,crema_d_1054_TAI_FEA_XX,1054_TAI_FEA_XX.wav,crema_d,1054,TAI,FEA,fear,unspecified,,,,,,,,,,female,36
1054_TAI_HAP_XX,crema_d_1054_TAI_HAP_XX,1054_TAI_HAP_XX.wav,crema_d,1054,TAI,HAP,happy,unspecified,,,16000.0,2.6693125,16000.0,3.0,0.0453125,,,female,36
1054_TAI_NEU_XX,crema_d_1054_TAI_NEU_XX,1054_TAI_NEU_XX.wav,crema_d,1054,TAI,NEU,neutral,unspecified,,,16000.0,2.3023125,16000.0,3.0,0.0,,,female,36
1054_TAI_SAD_XX,crema_d_1054_TAI_SAD_XX,1054_TAI_SAD_XX.wav,crema_d,1054,TAI,SAD,sad,unspecified,,,,,,,,,,female,36
1054_TIE_ANG_XX,crema_d_1054_TIE_ANG_XX,1054_TIE_ANG_XX.wav,crema_d,1054,TIE,ANG,anger,unspecified,,,16000.0,2.469125,16000.0,3.0,0.197125,,,female,36
1054_TIE_DIS_XX,crema_d_1054_TIE_DIS_XX,1054_TIE_DIS_XX.wav,crema_d,1054,TIE,DIS,disgust,unspecified,,,,,,,,,,female,36
1054_TIE_FEA_XX,crema_d_1054_TIE_FEA_XX,1054_TIE_FEA_XX.wav,crema_d,1054,TIE,FEA,fear,unspecified,,,,,,,,,,female,36
1054_TIE_HAP_XX,crema_d_1054_TIE_HAP_XX,1054_TIE_HAP_XX.wav,crema_d,1054,TIE,HAP,happy,unspecified,,,16000.0,2.43575,16000.0,3.0,0.0,,,female,36
1054_TIE_NEU_XX,crema_d_1054_TIE_NEU_XX,1054_TIE_NEU_XX.wav,crema_d,1054,TIE,NEU,neutral,unspecified,,,16000.0,2.402375,16000.0,3.0,0.0,,,female,36
1054_TIE_SAD_XX,crema_d_1054_TIE_SAD_XX,1054_TIE_SAD_XX.wav,crema_d,1054,TIE,SAD,sad,unspecified,,,,,,,,,,female,36
1054_TSI_ANG_XX,crema_d_1054_TSI_ANG_XX,1054_TSI_ANG_XX.wav,crema_d,1054,TSI,ANG,anger,unspecified,,,16000.0,1.8351875,16000.0,3.0,0.6831875,,,female,36
1054_TSI_DIS_XX,crema_d_1054_TSI_DIS_XX,1054_TSI_DIS_XX.wav,crema_d,1054,TSI,DIS,disgust,unspecified,,,,,,,,,,female,36
1054_TSI_FEA_XX,crema_d_1054_TSI_FEA_XX,1054_TSI_FEA_XX.wav,crema_d,1054,TSI,FEA,fear,unspecified,,,,,,,,,,female,36
1054_TSI_HAP_XX,crema_d_1054_TSI_HAP_XX,1054_TSI_HAP_XX.wav,crema_d,1054,TSI,HAP,happy,unspecified,,,16000.0,2.1688125,16000.0,3.0,0.5688125,,,female,36
1054_TSI_NEU_XX,crema_d_1054_TSI_NEU_XX,1054_TSI_NEU_XX.wav,crema_d,1054,TSI,NEU,neutral,unspecified,,,16000.0,1.7350625,16000.0,3.0,0.0,,,female,36
1054_TSI_SAD_XX,crema_d_1054_TSI_SAD_XX,1054_TSI_SAD_XX.wav,crema_d,1054,TSI,SAD,sad,unspecified,,,,,,,,,,female,36
1054_WSI_ANG_XX,crema_d_1054_WSI_ANG_XX,1054_WSI_ANG_XX.wav,crema_d,1054,WSI,ANG,anger,unspecified,,,16000.0,2.3356875,16000.0,3.0,0.4796875,,,female,36
1054_WSI_DIS_XX,crema_d_1054_WSI_DIS_XX,1054_WSI_DIS_XX.wav,crema_d,1054,WSI,DIS,disgust,unspecified,,,,,,,,,,female,36
1054_WSI_FEA_XX,crema_d_1054_WSI_FEA_XX,1054_WSI_FEA_XX.wav,crema_d,1054,WSI,FEA,fear,unspecified,,,,,,,,,,female,36
1054_WSI_HAP_XX,crema_d_1054_WSI_HAP_XX,1054_WSI_HAP_XX.wav,crema_d,1054,WSI,HAP,happy,unspecified,,,16000.0,2.06875,16000.0,3.0,0.53275,,,female,36
1054_WSI_NEU_XX,crema_d_1054_WSI_NEU_XX,1054_WSI_NEU_XX.wav,crema_d,1054,WSI,NEU,neutral,unspecified,,,16000.0,2.2689375,16000.0,3.0,0.0,,,female,36
1054_WSI_SAD_XX,crema_d_1054_WSI_SAD_XX,1054_WSI_SAD_XX.wav,crema_d,1054,WSI,SAD,sad,unspecified,,,,,,,,,,female,36
1055_DFA_ANG_XX,crema_d_1055_DFA_ANG_XX,1055_DFA_ANG_XX.wav,crema_d,1055,DFA,ANG,anger,unspecified,,,16000.0,2.2826875,16000.0,3.0,1.0346875,,,female,57
1055_DFA_DIS_XX,crema_d_1055_DFA_DIS_XX,1055_DFA_DIS_XX.wav,crema_d,1055,DFA,DIS,disgust,unspecified,,,,,,,,,,female,57
1055_DFA_FEA_XX,crema_d_1055_DFA_FEA_XX,1055_DFA_FEA_XX.wav,crema_d,1055,DFA,FEA,fear,unspecified,,,,,,,,,,female,57
1055_DFA_HAP_XX,crema_d_1055_DFA_HAP_XX,1055_DFA_HAP_XX.wav,crema_d,1055,DFA,HAP,happy,unspecified,,,16000.0,1.56825,16000.0,3.0,0.67225,,,female,57
1055_DFA_NEU_XX,crema_d_1055_DFA_NEU_XX,1055_DFA_NEU_XX.wav,crema_d,1055,DFA,NEU,neutral,unspecified,,,16000.0,2.602625,16000.0,3.0,1.130625,,,female,57
1055_DFA_SAD_XX,crema_d_1055_DFA_SAD_XX,1055_DFA_SAD_XX.wav,crema_d,1055,DFA,SAD,sad,unspecified,,,,,,,,,,female,57
1055_IEO_ANG_HI,crema_d_1055_IEO_ANG_HI,1055_IEO_ANG_HI.wav,crema_d,1055,IEO,ANG,anger,high,,,16000.0,2.5025,16000.0,3.0,0.7425,,,female,57
1055_IEO_ANG_LO,crema_d_1055_IEO_ANG_LO,1055_IEO_ANG_LO.wav,crema_d,1055,IEO,ANG,anger,low,,,16000.0,2.002,16000.0,3.0,0.05,,,female,57
1055_IEO_ANG_MD,crema_d_1055_IEO_ANG_MD,1055_IEO_ANG_MD.wav,crema_d,1055,IEO,ANG,anger,medium,,,16000.0,1.901875,16000.0,3.0,0.749875,,,female,57
1055_IEO_DIS_HI,crema_d_1055_IEO_DIS_HI,1055_IEO_DIS_HI.wav,crema_d,1055,IEO,DIS,disgust,high,,,,,,,,,,female,57
1055_IEO_DIS_LO,crema_d_1055_IEO_DIS_LO,1055_IEO_DIS_LO.wav,crema_d,1055,IEO,DIS,disgust,low,,,,,,,,,,female,57
1055_IEO_DIS_MD,crema_d_1055_IEO_DIS_MD,1055_IEO_DIS_MD.wav,crema_d,1055,IEO,DIS,disgust,medium,,,,,,,,,,female,57
1055_IEO_FEA_HI,crema_d_1055_IEO_FEA_HI,1055_IEO_FEA_HI.wav,crema_d,1055,IEO,FEA,fear,high,,,,,,,,,,female,57
1055_IEO_FEA_LO,crema_d_1055_IEO_FEA_LO,1055_IEO_FEA_LO.wav,crema_d,1055,IEO,FEA,fear,low,,,,,,,,,,female,57
1055_IEO_FEA_MD,crema_d_1055_IEO_FEA_MD,1055_IEO_FEA_MD.wav,crema_d,1055,IEO,FEA,fear,medium,,,,,,,,,,female,57
1055_IEO_HAP_HI,crema_d_1055_IEO_HAP_HI,1055_IEO_HAP_HI.wav,crema_d,1055,IEO,HAP,happy,high,,,16000.0,1.7684375,16000.0,3.0,0.0084375,,,female,57
1055_IEO_HAP_LO,crema_d_1055_IEO_HAP_LO,1055_IEO_HAP_LO.wav,crema_d,1055,IEO,HAP,happy,low,,,16000.0,1.56825,16000.0,3.0,0.54425,,,female,57
1055_IEO_HAP_MD,crema_d_1055_IEO_HAP_MD,1055_IEO_HAP_MD.wav,crema_d,1055,IEO,HAP,happy,medium,,,16000.0,1.901875,16000.0,3.0,0.301875,,,female,57
1055_IEO_NEU_XX,crema_d_1055_IEO_NEU_XX,1055_IEO_NEU_XX.wav,crema_d,1055,IEO,NEU,neutral,unspecified,,,16000.0,2.002,16000.0,3.0,0.0,,,female,57
1055_IEO_SAD_HI,crema_d_1055_IEO_SAD_HI,1055_IEO_SAD_HI.wav,crema_d,1055,IEO,SAD,sad,high,,,,,,,,,,female,57
1055_IEO_SAD_LO,crema_d_1055_IEO_SAD_LO,1055_IEO_SAD_LO.wav,crema_d,1055,IEO,SAD,sad,low,,,,,,,,,,female,57
1055_IEO_SAD_MD,crema_d_1055_IEO_SAD_MD,1055_IEO_SAD_MD.wav,crema_d,1055,IEO,SAD,sad,medium,,,,,,,,,,female,57
1055_IOM_ANG_XX,crema_d_1055_IOM_ANG_XX,1055_IOM_ANG_XX.wav,crema_d,1055,IOM,ANG,anger,unspecified,,,16000.0,2.8028125,16000.0,3.0,1.4268125,,,female,57
1055_IOM_DIS_XX,crema_d_1055_IOM_DIS_XX,1055_IOM_DIS_XX.wav,crema_d,1055,IOM,DIS,disgust,unspecified,,,,,,,,,,female,57
1055_IOM_FEA_XX,crema_d_1055_IOM_FEA_XX,1055_IOM_FEA_XX.wav,crema_d,1055,IOM,FEA,fear,unspecified,,,,,,,,,,female,57
1055_IOM_HAP_XX,crema_d_1055_IOM_HAP_XX,1055_IOM_HAP_XX.wav,crema_d,1055,IOM,HAP,happy,unspecified,,,16000.0,1.968625,16000.0,3.0,0.912625,,,female,57
1055_IOM_NEU_XX,crema_d_1055_IOM_NEU_XX,1055_IOM_NEU_XX.wav,crema_d,1055,IOM,NEU,neutral,unspecified,,,16000.0,2.1688125,16000.0,3.0,0.0,,,female,57
1055_IOM_SAD_XX,crema_d_1055_IOM_SAD_XX,1055_IOM_SAD_XX.wav,crema_d,1055,IOM,SAD,sad,unspecified,,,,,,,,,,female,57
1055_ITH_ANG_XX,crema_d_1055_ITH_ANG_XX,1055_ITH_ANG_XX.wav,crema_d,1055,ITH,ANG,anger,unspecified,,,16000.0,3.1364375,16000.0,3.0,1.4084375,,,female,57
1055_ITH_DIS_XX,crema_d_1055_ITH_DIS_XX,1055_ITH_DIS_XX.wav,crema_d,1055,ITH,DIS,disgust,unspecified,,,,,,,,,,female,57
1055_ITH_FEA_XX,crema_d_1055_ITH_FEA_XX,1055_ITH_FEA_XX.wav,crema_d,1055,ITH,FEA,fear,unspecified,,,,,,,,,,female,57
1055_ITH_HAP_XX,crema_d_1055_ITH_HAP_XX,1055_ITH_HAP_XX.wav,crema_d,1055,ITH,HAP,happy,unspecified,,,16000.0,2.56925,16000.0,3.0,0.96925,,,female,57
1055_ITH_NEU_XX,crema_d_1055_ITH_NEU_XX,1055_ITH_NEU_XX.wav,crema_d,1055,ITH,NEU,neutral,unspecified,,,16000.0,3.103125,16000.0,3.0,0.032,,,female,57
1055_ITH_SAD_XX,crema_d_1055_ITH_SAD_XX,1055_ITH_SAD_XX.wav,crema_d,1055,ITH,SAD,sad,unspecified,,,,,,,,,,female,57
1055_ITS_ANG_XX,crema_d_1055_ITS_ANG_XX,1055_ITS_ANG_XX.wav,crema_d,1055,ITS,ANG,anger,unspecified,,,16000.0,3.103125,16000.0,3.0,1.215125,,,female,57
1055_ITS_DIS_XX,crema_d_1055_ITS_DIS_XX,1055_ITS_DIS_XX.wav,crema_d,1055,ITS,DIS,disgust,unspecified,,,,,,,,,,female,57
1055_ITS_FEA_XX,crema_d_1055_ITS_FEA_XX,1055_ITS_FEA_XX.wav,crema_d,1055,ITS,FEA,fear,unspecified,,,,,,,,,,female,57
1055_ITS_HAP_XX,crema_d_1055_ITS_HAP_XX,1055_ITS_HAP_XX.wav,crema_d,1055,ITS,HAP,happy,unspecified,,,16000.0,2.6359375,16000.0,3.0,0.0759375,,,female,57
1055_ITS_NEU_XX,crema_d_1055_ITS_NEU_XX,1055_ITS_NEU_XX.wav,crema_d,1055,ITS,NEU,neutral,unspecified,,,16000.0,2.6693125,16000.0,3.0,0.032,,,female,57
1055_ITS_SAD_XX,crema_d_1055_ITS_SAD_XX,1055_ITS_SAD_XX.wav,crema_d,1055,ITS,SAD,sad,unspecified,,,,,,,,,,female,57
1055_IWL_ANG_XX,crema_d_1055_IWL_ANG_XX,1055_IWL_ANG_XX.wav,crema_d,1055,IWL,ANG,anger,unspecified,,,16000.0,3.003,16000.0,3.0,1.083,,,female,57
1055_IWL_DIS_XX,crema_d_1055_IWL_DIS_XX,1055_IWL_DIS_XX.wav,crema_d,1055,IWL,DIS,disgust,unspecified,,,,,,,,,,female,57
1055_IWL_FEA_XX,crema_d_1055_IWL_FEA_XX,1055_IWL_FEA_XX.wav,crema_d,1055,IWL,FEA,fear,unspecified,,,,,,,,,,female,57
1055_IWL_HAP_XX,crema_d_1055_IWL_HAP_XX,1055_IWL_HAP_XX.wav,crema_d,1055,IWL,HAP,happy,unspecified,,,16000.0,2.2826875,16000.0,3.0,0.9066875,,,female,57
1055_IWL_NEU_XX,crema_d_1055_IWL_NEU_XX,1055_IWL_NEU_XX.wav,crema_d,1055,IWL,NEU,neutral,unspecified,,,16000.0,3.3033125,16000.0,3.0,0.0073125,,,female,57
1055_IWL_SAD_XX,crema_d_1055_IWL_SAD_XX,1055_IWL_SAD_XX.wav,crema_d,1055,IWL,SAD,sad,unspecified,,,,,,,,,,female,57
1055_IWW_ANG_XX,crema_d_1055_IWW_ANG_XX,1055_IWW_ANG_XX.wav,crema_d,1055,IWW,ANG,anger,unspecified,,,16000.0,2.535875,16000.0,3.0,1.319875,,,female,57
1055_IWW_DIS_XX,crema_d_1055_IWW_DIS_XX,1055_IWW_DIS_XX.wav,crema_d,1055,IWW,DIS,disgust,unspecified,,,,,,,,,,female,57
1055_IWW_FEA_XX,crema_d_1055_IWW_FEA_XX,1055_IWW_FEA_XX.wav,crema_d,1055,IWW,FEA,fear,unspecified,,,,,,,,,,female,57
1055_IWW_HAP_XX,crema_d_1055_IWW_HAP_XX,1055_IWW_HAP_XX.wav,crema_d,1055,IWW,HAP,happy,unspecified,,,16000.0,1.8351875,16000.0,3.0,0.0,,,female,57
1055_IWW_NEU_XX,crema_d_1055_IWW_NEU_XX,1055_IWW_NEU_XX.wav,crema_d,1055,IWW,NEU,neutral,unspecified,,,16000.0,1.93525,16000.0,3.0,0.0,,,female,57
1055_IWW_SAD_XX,crema_d_1055_IWW_SAD_XX,1055_IWW_SAD_XX.wav,crema_d,1055,IWW,SAD,sad,unspecified,,,,,,,,,,female,57
1055_MTI_ANG_XX,crema_d_1055_MTI_ANG_XX,1055_MTI_ANG_XX.wav,crema_d,1055,MTI,ANG,anger,unspecified,,,16000.0,2.602625,16000.0,3.0,1.034625,,,female,57
1055_MTI_DIS_XX,crema_d_1055_MTI_DIS_XX,1055_MTI_DIS_XX.wav,crema_d,1055,MTI,DIS,disgust,unspecified,,,,,,,,,,female,57
1055_MTI_FEA_XX,crema_d_1055_MTI_FEA_XX,1055_MTI_FEA_XX.wav,crema_d,1055,MTI,FEA,fear,unspecified,,,,,,,,,,female,57
1055_MTI_HAP_XX,crema_d_1055_MTI_HAP_XX,1055_MTI_HAP_XX.wav,crema_d,1055,MTI,HAP,happy,unspecified,,,16000.0,2.8028125,16000.0,3.0,0.0828125,,,female,57
1055_MTI_NEU_XX,crema_d_1055_MTI_NEU_XX,1055_MTI_NEU_XX.wav,crema_d,1055,MTI,NEU,neutral,unspecified,,,16000.0,2.5025,16000.0,3.0,0.0,,,female,57
1055_MTI_SAD_XX,crema_d_1055_MTI_SAD_XX,1055_MTI_SAD_XX.wav,crema_d,1055,MTI,SAD,sad,unspecified,,,,,,,,,,female,57
1055_TAI_ANG_XX,crema_d_1055_TAI_ANG_XX,1055_TAI_ANG_XX.wav,crema_d,1055,TAI,ANG,anger,unspecified,,,16000.0,2.602625,16000.0,3.0,0.938625,,,female,57
1055_TAI_DIS_XX,crema_d_1055_TAI_DIS_XX,1055_TAI_DIS_XX.wav,crema_d,1055,TAI,DIS,disgust,unspecified,,,,,,,,,,female,57
1055_TAI_FEA_XX,crema_d_1055_TAI_FEA_XX,1055_TAI_FEA_XX.wav,crema_d,1055,TAI,FEA,fear,unspecified,,,,,,,,,,female,57
1055_TAI_HAP_XX,crema_d_1055_TAI_HAP_XX,1055_TAI_HAP_XX.wav,crema_d,1055,TAI,HAP,happy,unspecified,,,16000.0,2.535875,16000.0,3.0,1.031875,,,female,57
1055_TAI_NEU_XX,crema_d_1055_TAI_NEU_XX,1055_TAI_NEU_XX.wav,crema_d,1055,TAI,NEU,neutral,unspecified,,,16000.0,2.2689375,16000.0,3.0,0.0929375,,,female,57
1055_TAI_SAD_XX,crema_d_1055_TAI_SAD_XX,1055_TAI_SAD_XX.wav,crema_d,1055,TAI,SAD,sad,unspecified,,,,,,,,,,female,57
1055_TIE_ANG_XX,crema_d_1055_TIE_ANG_XX,1055_TIE_ANG_XX.wav,crema_d,1055,TIE,ANG,anger,unspecified,,,16000.0,3.003,16000.0,3.0,1.243,,,female,57
1055_TIE_DIS_XX,crema_d_1055_TIE_DIS_XX,1055_TIE_DIS_XX.wav,crema_d,1055,TIE,DIS,disgust,unspecified,,,,,,,,,,female,57
1055_TIE_FEA_XX,crema_d_1055_TIE_FEA_XX,1055_TIE_FEA_XX.wav,crema_d,1055,TIE,FEA,fear,unspecified,,,,,,,,,,female,57
1055_TIE_HAP_XX,crema_d_1055_TIE_HAP_XX,1055_TIE_HAP_XX.wav,crema_d,1055,TIE,HAP,happy,unspecified,,,16000.0,2.369,16000.0,3.0,0.833,,,female,57
1055_TIE_NEU_XX,crema_d_1055_TIE_NEU_XX,1055_TIE_NEU_XX.wav,crema_d,1055,TIE,NEU,neutral,unspecified,,,16000.0,2.2689375,16000.0,3.0,0.0609375,,,female,57
1055_TIE_SAD_XX,crema_d_1055_TIE_SAD_XX,1055_TIE_SAD_XX.wav,crema_d,1055,TIE,SAD,sad,unspecified,,,,,,,,,,female,57
1055_TSI_ANG_XX,crema_d_1055_TSI_ANG_XX,1055_TSI_ANG_XX.wav,crema_d,1055,TSI,ANG,anger,unspecified,,,16000.0,2.2021875,16000.0,3.0,0.9221875,,,female,57
1055_TSI_DIS_XX,crema_d_1055_TSI_DIS_XX,1055_TSI_DIS_XX.wav,crema_d,1055,TSI,DIS,disgust,unspecified,,,,,,,,,,female,57
1055_TSI_FEA_XX,crema_d_1055_TSI_FEA_XX,1055_TSI_FEA_XX.wav,crema_d,1055,TSI,FEA,fear,unspecified,,,,,,,,,,female,57
1055_TSI_HAP_XX,crema_d_1055_TSI_HAP_XX,1055_TSI_HAP_XX.wav,crema_d,1055,TSI,HAP,happy,unspecified,,,16000.0,2.2021875,16000.0,3.0,1.1141875,,,female,57
1055_TSI_NEU_XX,crema_d_1055_TSI_NEU_XX,1055_TSI_NEU_XX.wav,crema_d,1055,TSI,NEU,neutral,unspecified,,,16000.0,1.8685625,16000.0,3.0,0.1725625,,,female,57
1055_TSI_SAD_XX,crema_d_1055_TSI_SAD_XX,1055_TSI_SAD_XX.wav,crema_d,1055,TSI,SAD,sad,unspecified,,,,,,,,,,female,57
1055_WSI_ANG_XX,crema_d_1055_WSI_ANG_XX,1055_WSI_ANG_XX.wav,crema_d,1055,WSI,ANG,anger,unspecified,,,16000.0,2.3690625,16000.0,3.0,0.8330625,,,female,57
1055_WSI_DIS_XX,crema_d_1055_WSI_DIS_XX,1055_WSI_DIS_XX.wav,crema_d,1055,WSI,DIS,disgust,unspecified,,,,,,,,,,female,57
1055_WSI_FEA_XX,crema_d_1055_WSI_FEA_XX,1055_WSI_FEA_XX.wav,crema_d,1055,WSI,FEA,fear,unspecified,,,,,,,,,,female,57
1055_WSI_HAP_XX,crema_d_1055_WSI_HAP_XX,1055_WSI_HAP_XX.wav,crema_d,1055,WSI,HAP,happy,unspecified,,,16000.0,2.3023125,16000.0,3.0,0.7023125,,,female,57
1055_WSI_NEU_XX,crema_d_1055_WSI_NEU_XX,1055_WSI_NEU_XX.wav,crema_d,1055,WSI,NEU,neutral,unspecified,,,16000.0,2.7026875,16000.0,3.0,0.1746875,,,female,57
1055_WSI_SAD_XX,crema_d_1055_WSI_SAD_XX,1055_WSI_SAD_XX.wav,crema_d,1055,WSI,SAD,sad,unspecified,,,,,,,,,,female,57
1056_DFA_ANG_XX,crema_d_1056_DFA_ANG_XX,1056_DFA_ANG_XX.wav,crema_d,1056,DFA,ANG,anger,unspecified,,,16000.0,2.035375,16000.0,3.0,0.627375,,,female,52
1056_DFA_DIS_XX,crema_d_1056_DFA_DIS_XX,1056_DFA_DIS_XX.wav,crema_d,1056,DFA,DIS,disgust,unspecified,,,,,,,,,,female,52
1056_DFA_FEA_XX,crema_d_1056_DFA_FEA_XX,1056_DFA_FEA_XX.wav,crema_d,1056,DFA,FEA,fear,unspecified,,,,,,,,,,female,52
1056_DFA_HAP_XX,crema_d_1056_DFA_HAP_XX,1056_DFA_HAP_XX.wav,crema_d,1056,DFA,HAP,happy,unspecified,,,16000.0,2.035375,16000.0,3.0,1.043375,,,female,52
1056_DFA_NEU_XX,crema_d_1056_DFA_NEU_XX,1056_DFA_NEU_XX.wav,crema_d,1056,DFA,NEU,neutral,unspecified,,,16000.0,1.7684375,16000.0,3.0,0.5844375,,,female,52
1056_DFA_SAD_XX,crema_d_1056_DFA_SAD_XX,1056_DFA_SAD_XX.wav,crema_d,1056,DFA,SAD,sad,unspecified,,,,,,,,,,female,52
1056_IEO_ANG_HI,crema_d_1056_IEO_ANG_HI,1056_IEO_ANG_HI.wav,crema_d,1056,IEO,ANG,anger,high,,,16000.0,2.6359375,16000.0,3.0,1.3239375,,,female,52
1056_IEO_ANG_LO,crema_d_1056_IEO_ANG_LO,1056_IEO_ANG_LO.wav,crema_d,1056,IEO,ANG,anger,low,,,16000.0,2.1688125,16000.0,3.0,0.6648125,,,female,52
1056_IEO_ANG_MD,crema_d_1056_IEO_ANG_MD,1056_IEO_ANG_MD.wav,crema_d,1056,IEO,ANG,anger,medium,,,16000.0,3.43675,16000.0,3.0,1.42075,,,female,52
1056_IEO_DIS_HI,crema_d_1056_IEO_DIS_HI,1056_IEO_DIS_HI.wav,crema_d,1056,IEO,DIS,disgust,high,,,,,,,,,,female,52
1056_IEO_DIS_LO,crema_d_1056_IEO_DIS_LO,1056_IEO_DIS_LO.wav,crema_d,1056,IEO,DIS,disgust,low,,,,,,,,,,female,52
1056_IEO_DIS_MD,crema_d_1056_IEO_DIS_MD,1056_IEO_DIS_MD.wav,crema_d,1056,IEO,DIS,disgust,medium,,,,,,,,,,female,52
1056_IEO_FEA_HI,crema_d_1056_IEO_FEA_HI,1056_IEO_FEA_HI.wav,crema_d,1056,IEO,FEA,fear,high,,,,,,,,,,female,52
1056_IEO_FEA_LO,crema_d_1056_IEO_FEA_LO,1056_IEO_FEA_LO.wav,crema_d,1056,IEO,FEA,fear,low,,,,,,,,,,female,52
1056_IEO_FEA_MD,crema_d_1056_IEO_FEA_MD,1056_IEO_FEA_MD.wav,crema_d,1056,IEO,FEA,fear,medium,,,,,,,,,,female,52
1056_IEO_HAP_HI,crema_d_1056_IEO_HAP_HI,1056_IEO_HAP_HI.wav,crema_d,1056,IEO,HAP,happy,high,,,16000.0,1.8685,16000.0,3.0,0.7485,,,female,52
1056_IEO_HAP_LO,crema_d_1056_IEO_HAP_LO,1056_IEO_HAP_LO.wav,crema_d,1056,IEO,HAP,happy,low,,,16000.0,1.601625,16000.0,3.0,0.257625,,,female,52
1056_IEO_HAP_MD,crema_d_1056_IEO_HAP_MD,1056_IEO_HAP_MD.wav,crema_d,1056,IEO,HAP,happy,medium,,,16000.0,2.002,16000.0,3.0,0.754,,,female,52
1056_IEO_NEU_XX,crema_d_1056_IEO_NEU_XX,1056_IEO_NEU_XX.wav,crema_d,1056,IEO,NEU,neutral,unspecified,,,16000.0,1.8018125,16000.0,3.0,0.0418125,,,female,52
1056_IEO_SAD_HI,crema_d_1056_IEO_SAD_HI,1056_IEO_SAD_HI.wav,crema_d,1056,IEO,SAD,sad,high,,,,,,,,,,female,52
1056_IEO_SAD_LO,crema_d_1056_IEO_SAD_LO,1056_IEO_SAD_LO.wav,crema_d,1056,IEO,SAD,sad,low,,,,,,,,,,female,52
1056_IEO_SAD_MD,crema_d_1056_IEO_SAD_MD,1056_IEO_SAD_MD.wav,crema_d,1056,IEO,SAD,sad,medium,,,,,,,,,,female,52
1056_IOM_ANG_XX,crema_d_1056_IOM_ANG_XX,1056_IOM_ANG_XX.wav,crema_d,1056,IOM,ANG,anger,unspecified,,,16000.0,1.93525,16000.0,3.0,0.30325,,,female,52
1056_IOM_DIS_XX,crema_d_1056_IOM_DIS_XX,1056_IOM_DIS_XX.wav,crema_d,1056,IOM,DIS,disgust,unspecified,,,,,,,,,,female,52
1056_IOM_FEA_XX,crema_d_1056_IOM_FEA_XX,1056_IOM_FEA_XX.wav,crema_d,1056,IOM,FEA,fear,unspecified,,,,,,,,,,female,52
1056_IOM_HAP_XX,crema_d_1056_IOM_HAP_XX,1056_IOM_HAP_XX.wav,crema_d,1056,IOM,HAP,happy,unspecified,,,16000.0,1.8351875,16000.0,3.0,0.6191875,,,female,52
1056_IOM_NEU_XX,crema_d_1056_IOM_NEU_XX,1056_IOM_NEU_XX.wav,crema_d,1056,IOM,NEU,neutral,unspecified,,,16000.0,1.7350625,16000.0,3.0,0.0710625,,,female,52
1056_IOM_SAD_XX,crema_d_1056_IOM_SAD_XX,1056_IOM_SAD_XX.wav,crema_d,1056,IOM,SAD,sad,unspecified,,,,,,,,,,female,52
1056_ITH_ANG_XX,crema_d_1056_ITH_ANG_XX,1056_ITH_ANG_XX.wav,crema_d,1056,ITH,ANG,anger,unspecified,,,16000.0,2.369,16000.0,3.0,0.897,,,female,52
1056_ITH_DIS_XX,crema_d_1056_ITH_DIS_XX,1056_ITH_DIS_XX.wav,crema_d,1056,ITH,DIS,disgust,unspecified,,,,,,,,,,female,52
1056_ITH_FEA_XX,crema_d_1056_ITH_FEA_XX,1056_ITH_FEA_XX.wav,crema_d,1056,ITH,FEA,fear,unspecified,,,,,,,,,,female,52
1056_ITH_HAP_XX,crema_d_1056_ITH_HAP_XX,1056_ITH_HAP_XX.wav,crema_d,1056,ITH,HAP,happy,unspecified,,,16000.0,2.602625,16000.0,3.0,0.970625,,,female,52
1056_ITH_NEU_XX,crema_d_1056_ITH_NEU_XX,1056_ITH_NEU_XX.wav,crema_d,1056,ITH,NEU,neutral,unspecified,,,16000.0,1.968625,16000.0,3.0,0.144625,,,female,52
1056_ITH_SAD_XX,crema_d_1056_ITH_SAD_XX,1056_ITH_SAD_XX.wav,crema_d,1056,ITH,SAD,sad,unspecified,,,,,,,,,,female,52
1056_ITS_ANG_XX,crema_d_1056_ITS_ANG_XX,1056_ITS_ANG_XX.wav,crema_d,1056,ITS,ANG,anger,unspecified,,,16000.0,2.902875,16000.0,3.0,1.206875,,,female,52
1056_ITS_DIS_XX,crema_d_1056_ITS_DIS_XX,1056_ITS_DIS_XX.wav,crema_d,1056,ITS,DIS,disgust,unspecified,,,,,,,,,,female,52
1056_ITS_FEA_XX,crema_d_1056_ITS_FEA_XX,1056_ITS_FEA_XX.wav,crema_d,1056,ITS,FEA,fear,unspecified,,,,,,,,,,female,52
1056_ITS_HAP_XX,crema_d_1056_ITS_HAP_XX,1056_ITS_HAP_XX.wav,crema_d,1056,ITS,HAP,happy,unspecified,,,16000.0,2.43575,16000.0,3.0,0.96375,,,female,52
1056_ITS_NEU_XX,crema_d_1056_ITS_NEU_XX,1056_ITS_NEU_XX.wav,crema_d,1056,ITS,NEU,neutral,unspecified,,,16000.0,2.102125,16000.0,3.0,0.118125,,,female,52
1056_ITS_SAD_XX,crema_d_1056_ITS_SAD_XX,1056_ITS_SAD_XX.wav,crema_d,1056,ITS,SAD,sad,unspecified,,,,,,,,,,female,52
1056_IWL_ANG_XX,crema_d_1056_IWL_ANG_XX,1056_IWL_ANG_XX.wav,crema_d,1056,IWL,ANG,anger,unspecified,,,16000.0,2.535875,16000.0,3.0,0.967875,,,female,52
1056_IWL_DIS_XX,crema_d_1056_IWL_DIS_XX,1056_IWL_DIS_XX.wav,crema_d,1056,IWL,DIS,disgust,unspecified,,,,,,,,,,female,52
1056_IWL_FEA_XX,crema_d_1056_IWL_FEA_XX,1056_IWL_FEA_XX.wav,crema_d,1056,IWL,FEA,fear,unspecified,,,,,,,,,,female,52
1056_IWL_HAP_XX,crema_d_1056_IWL_HAP_XX,1056_IWL_HAP_XX.wav,crema_d,1056,IWL,HAP,happy,unspecified,,,16000.0,2.3356875,16000.0,3.0,0.9276875,,,female,52
1056_IWL_NEU_XX,crema_d_1056_IWL_NEU_XX,1056_IWL_NEU_XX.wav,crema_d,1056,IWL,NEU,neutral,unspecified,,,16000.0,2.06875,16000.0,3.0,0.50075,,,female,52
1056_IWL_SAD_XX,crema_d_1056_IWL_SAD_XX,1056_IWL_SAD_XX.wav,crema_d,1056,IWL,SAD,sad,unspecified,,,,,,,,,,female,52
1056_IWW_ANG_XX,crema_d_1056_IWW_ANG_XX,1056_IWW_ANG_XX.wav,crema_d,1056,IWW,ANG,anger,unspecified,,,16000.0,2.06875,16000.0,3.0,0.69275,,,female,52
1056_IWW_DIS_XX,crema_d_1056_IWW_DIS_XX,1056_IWW_DIS_XX.wav,crema_d,1056,IWW,DIS,disgust,unspecified,,,,,,,,,,female,52
1056_IWW_FEA_XX,crema_d_1056_IWW_FEA_XX,1056_IWW_FEA_XX.wav,crema_d,1056,IWW,FEA,fear,unspecified,,,,,,,,,,female,52
1056_IWW_HAP_XX,crema_d_1056_IWW_HAP_XX,1056_IWW_HAP_XX.wav,crema_d,1056,IWW,HAP,happy,unspecified,,,16000.0,1.6349375,16000.0,3.0,0.4509375,,,female,52
1056_IWW_NEU_XX,crema_d_1056_IWW_NEU_XX,1056_IWW_NEU_XX.wav,crema_d,1056,IWW,NEU,neutral,unspecified,,,16000.0,1.7684375,16000.0,3.0,0.0724375,,,female,52
1056_IWW_SAD_XX,crema_d_1056_IWW_SAD_XX,1056_IWW_SAD_XX.wav,crema_d,1056,IWW,SAD,sad,unspecified,,,,,,,,,,female,52
1056_MTI_ANG_XX,crema_d_1056_MTI_ANG_XX,1056_MTI_ANG_XX.wav,crema_d,1056,MTI,ANG,anger,unspecified,,,16000.0,2.6359375,16000.0,3.0,1.0039375,,,female,52
1056_MTI_DIS_XX,crema_d_1056_MTI_DIS_XX,1056_MTI_DIS_XX.wav,crema_d,1056,MTI,DIS,disgust,unspecified,,,,,,,,,,female,52
1056_MTI_FEA_XX,crema_d_1056_MTI_FEA_XX,1056_MTI_FEA_XX.wav,crema_d,1056,MTI,FEA,fear,unspecified,,,,,,,,,,female,52
1056_MTI_HAP_XX,crema_d_1056_MTI_HAP_XX,1056_MTI_HAP_XX.wav,crema_d,1056,MTI,HAP,happy,unspecified,,,16000.0,2.6359375,16000.0,3.0,0.9719375,,,female,52
1056_MTI_NEU_XX,crema_d_1056_MTI_NEU_XX,1056_MTI_NEU_XX.wav,crema_d,1056,MTI,NEU,neutral,unspecified,,,16000.0,2.1354375,16000.0,3.0,0.4074375,,,female,52
1056_MTI_SAD_XX,crema_d_1056_MTI_SAD_XX,1056_MTI_SAD_XX.wav,crema_d,1056,MTI,SAD,sad,unspecified,,,,,,,,,,female,52
1056_TAI_ANG_XX,crema_d_1056_TAI_ANG_XX,1056_TAI_ANG_XX.wav,crema_d,1056,TAI,ANG,anger,unspecified,,,16000.0,2.1688125,16000.0,3.0,0.5368125,,,female,52
1056_TAI_DIS_XX,crema_d_1056_TAI_DIS_XX,1056_TAI_DIS_XX.wav,crema_d,1056,TAI,DIS,disgust,unspecified,,,,,,,,,,female,52
1056_TAI_FEA_XX,crema_d_1056_TAI_FEA_XX,1056_TAI_FEA_XX.wav,crema_d,1056,TAI,FEA,fear,unspecified,,,,,,,,,,female,52
1056_TAI_HAP_XX,crema_d_1056_TAI_HAP_XX,1056_TAI_HAP_XX.wav,crema_d,1056,TAI,HAP,happy,unspecified,,,16000.0,2.06875,16000.0,3.0,0.62875,,,female,52
1056_TAI_NEU_XX,crema_d_1056_TAI_NEU_XX,1056_TAI_NEU_XX.wav,crema_d,1056,TAI,NEU,neutral,unspecified,,,16000.0,1.468125,16000.0,3.0,0.092125,,,female,52
1056_TAI_SAD_XX,crema_d_1056_TAI_SAD_XX,1056_TAI_SAD_XX.wav,crema_d,1056,TAI,SAD,sad,unspecified,,,,,,,,,,female,52
1056_TIE_ANG_XX,crema_d_1056_TIE_ANG_XX,1056_TIE_ANG_XX.wav,crema_d,1056,TIE,ANG,anger,unspecified,,,16000.0,3.3033125,16000.0,3.0,1.3833125,,,female,52
1056_TIE_DIS_XX,crema_d_1056_TIE_DIS_XX,1056_TIE_DIS_XX.wav,crema_d,1056,TIE,DIS,disgust,unspecified,,,,,,,,,,female,52
1056_TIE_FEA_XX,crema_d_1056_TIE_FEA_XX,1056_TIE_FEA_XX.wav,crema_d,1056,TIE,FEA,fear,unspecified,,,,,,,,,,female,52
1056_TIE_HAP_XX,crema_d_1056_TIE_HAP_XX,1056_TIE_HAP_XX.wav,crema_d,1056,TIE,HAP,happy,unspecified,,,16000.0,2.535875,16000.0,3.0,1.223875,,,female,52
1056_TIE_NEU_XX,crema_d_1056_TIE_NEU_XX,1056_TIE_NEU_XX.wav,crema_d,1056,TIE,NEU,neutral,unspecified,,,16000.0,2.602625,16000.0,3.0,0.106625,,,female,52
1056_TIE_SAD_XX,crema_d_1056_TIE_SAD_XX,1056_TIE_SAD_XX.wav,crema_d,1056,TIE,SAD,sad,unspecified,,,,,,,,,,female,52
1056_TSI_ANG_XX,crema_d_1056_TSI_ANG_XX,1056_TSI_ANG_XX.wav,crema_d,1056,TSI,ANG,anger,unspecified,,,16000.0,2.2755625,16000.0,3.0,0.8675625,,,female,52
1056_TSI_DIS_XX,crema_d_1056_TSI_DIS_XX,1056_TSI_DIS_XX.wav,crema_d,1056,TSI,DIS,disgust,unspecified,,,,,,,,,,female,52
1056_TSI_FEA_XX,crema_d_1056_TSI_FEA_XX,1056_TSI_FEA_XX.wav,crema_d,1056,TSI,FEA,fear,unspecified,,,,,,,,,,female,52
1056_TSI_HAP_XX,crema_d_1056_TSI_HAP_XX,1056_TSI_HAP_XX.wav,crema_d,1056,TSI,HAP,happy,unspecified,,,16000.0,1.7684375,16000.0,3.0,0.4884375,,,female,52
1056_TSI_NEU_XX,crema_d_1056_TSI_NEU_XX,1056_TSI_NEU_XX.wav,crema_d,1056,TSI,NEU,neutral,unspecified,,,16000.0,1.7350625,16000.0,3.0,0.5190625,,,female,52
1056_TSI_SAD_XX,crema_d_1056_TSI_SAD_XX,1056_TSI_SAD_XX.wav,crema_d,1056,TSI,SAD,sad,unspecified,,,,,,,,,,female,52
1056_WSI_ANG_XX,crema_d_1056_WSI_ANG_XX,1056_WSI_ANG_XX.wav,crema_d,1056,WSI,ANG,anger,unspecified,,,16000.0,2.469125,16000.0,3.0,0.741125,,,female,52
1056_WSI_DIS_XX,crema_d_1056_WSI_DIS_XX,1056_WSI_DIS_XX.wav,crema_d,1056,WSI,DIS,disgust,unspecified,,,,,,,,,,female,52
1056_WSI_FEA_XX,crema_d_1056_WSI_FEA_XX,1056_WSI_FEA_XX.wav,crema_d,1056,WSI,FEA,fear,unspecified,,,,,,,,,,female,52
1056_WSI_HAP_XX,crema_d_1056_WSI_HAP_XX,1056_WSI_HAP_XX.wav,crema_d,1056,WSI,HAP,happy,unspecified,,,16000.0,2.2755625,16000.0,3.0,0.8995625,,,female,52
1056_WSI_NEU_XX,crema_d_1056_WSI_NEU_XX,1056_WSI_NEU_XX.wav,crema_d,1056,WSI,NEU,neutral,unspecified,,,16000.0,2.035375,16000.0,3.0,0.499375,,,female,52
1056_WSI_SAD_XX,crema_d_1056_WSI_SAD_XX,1056_WSI_SAD_XX.wav,crema_d,1056,WSI,SAD,sad,unspecified,,,,,,,,,,female,52
1057_DFA_ANG_XX,crema_d_1057_DFA_ANG_XX,1057_DFA_ANG_XX.wav,crema_d,1057,DFA,ANG,anger,unspecified,,,16000.0,2.535875,16000.0,3.0,1.191875,,,male,25
1057_DFA_DIS_XX,crema_d_1057_DFA_DIS_XX,1057_DFA_DIS_XX.wav,crema_d,1057,DFA,DIS,disgust,unspecified,,,,,,,,,,male,25
1057_DFA_FEA_XX,crema_d_1057_DFA_FEA_XX,1057_DFA_FEA_XX.wav,crema_d,1057,DFA,FEA,fear,unspecified,,,,,,,,,,male,25
1057_DFA_HAP_XX,crema_d_1057_DFA_HAP_XX,1057_DFA_HAP_XX.wav,crema_d,1057,DFA,HAP,happy,unspecified,,,16000.0,2.002,16000.0,3.0,1.17,,,male,25
1057_DFA_NEU_XX,crema_d_1057_DFA_NEU_XX,1057_DFA_NEU_XX.wav,crema_d,1057,DFA,NEU,neutral,unspecified,,,16000.0,2.102125,16000.0,3.0,1.046125,,,male,25
1057_DFA_SAD_XX,crema_d_1057_DFA_SAD_XX,1057_DFA_SAD_XX.wav,crema_d,1057,DFA,SAD,sad,unspecified,,,,,,,,,,male,25
1057_IEO_ANG_HI,crema_d_1057_IEO_ANG_HI,1057_IEO_ANG_HI.wav,crema_d,1057,IEO,ANG,anger,high,,,16000.0,2.2355625,16000.0,3.0,1.056,,,male,25
1057_IEO_ANG_LO,crema_d_1057_IEO_ANG_LO,1057_IEO_ANG_LO.wav,crema_d,1057,IEO,ANG,anger,low,,,16000.0,1.56825,16000.0,3.0,0.76825,,,male,25
1057_IEO_ANG_MD,crema_d_1057_IEO_ANG_MD,1057_IEO_ANG_MD.wav,crema_d,1057,IEO,ANG,anger,medium,,,16000.0,2.2755625,16000.0,3.0,1.1555625,,,male,25
1057_IEO_DIS_HI,crema_d_1057_IEO_DIS_HI,1057_IEO_DIS_HI.wav,crema_d,1057,IEO,DIS,disgust,high,,,,,,,,,,male,25
1057_IEO_DIS_LO,crema_d_1057_IEO_DIS_LO,1057_IEO_DIS_LO.wav,crema_d,1057,IEO,DIS,disgust,low,,,,,,,,,,male,25
1057_IEO_DIS_MD,crema_d_1057_IEO_DIS_MD,1057_IEO_DIS_MD.wav,crema_d,1057,IEO,DIS,disgust,medium,,,,,,,,,,male,25
1057_IEO_FEA_HI,crema_d_1057_IEO_FEA_HI,1057_IEO_FEA_HI.wav,crema_d,1057,IEO,FEA,fear,high,,,,,,,,,,male,25
1057_IEO_FEA_LO,crema_d_1057_IEO_FEA_LO,1057_IEO_FEA_LO.wav,crema_d,1057,IEO,FEA,fear,low,,,,,,,,,,male,25
1057_IEO_FEA_MD,crema_d_1057_IEO_FEA_MD,1057_IEO_FEA_MD.wav,crema_d,1057,IEO,FEA,fear,medium,,,,,,,,,,male,25
1057_IEO_HAP_HI,crema_d_1057_IEO_HAP_HI,1057_IEO_HAP_HI.wav,crema_d,1057,IEO,HAP,happy,high,,,16000.0,1.8685,16000.0,3.0,1.0685,,,male,25
1057_IEO_HAP_LO,crema_d_1057_IEO_HAP_LO,1057_IEO_HAP_LO.wav,crema_d,1057,IEO,HAP,happy,low,,,16000.0,1.8018125,16000.0,3.0,0.0738125,,,male,25
1057_IEO_HAP_MD,crema_d_1057_IEO_HAP_MD,1057_IEO_HAP_MD.wav,crema_d,1057,IEO,HAP,happy,medium,,,16000.0,2.2755625,16000.0,3.0,0.0675625,,,male,25
1057_IEO_NEU_XX,crema_d_1057_IEO_NEU_XX,1057_IEO_NEU_XX.wav,crema_d,1057,IEO,NEU,neutral,unspecified,,,16000.0,1.8351875,16000.0,3.0,1.0671875,,,male,25
1057_IEO_SAD_HI,crema_d_1057_IEO_SAD_HI,1057_IEO_SAD_HI.wav,crema_d,1057,IEO,SAD,sad,high,,,,,,,,,,male,25
1057_IEO_SAD_LO,crema_d_1057_IEO_SAD_LO,1057_IEO_SAD_LO.wav,crema_d,1057,IEO,SAD,sad,low,,,,,,,,,,male,25
1057_IEO_SAD_MD,crema_d_1057_IEO_SAD_MD,1057_IEO_SAD_MD.wav,crema_d,1057,IEO,SAD,sad,medium,,,,,,,,,,male,25
1057_IOM_ANG_XX,crema_d_1057_IOM_ANG_XX,1057_IOM_ANG_XX.wav,crema_d,1057,IOM,ANG,anger,unspecified,,,16000.0,2.3356875,16000.0,3.0,0.9276875,,,male,25
1057_IOM_DIS_XX,crema_d_1057_IOM_DIS_XX,1057_IOM_DIS_XX.wav,crema_d,1057,IOM,DIS,disgust,unspecified,,,,,,,,,,male,25
1057_IOM_FEA_XX,crema_d_1057_IOM_FEA_XX,1057_IOM_FEA_XX.wav,crema_d,1057,IOM,FEA,fear,unspecified,,,,,,,,,,male,25
1057_IOM_HAP_XX,crema_d_1057_IOM_HAP_XX,1057_IOM_HAP_XX.wav,crema_d,1057,IOM,HAP,happy,unspecified,,,16000.0,1.7350625,16000.0,3.0,0.7110625,,,male,25
1057_IOM_NEU_XX,crema_d_1057_IOM_NEU_XX,1057_IOM_NEU_XX.wav,crema_d,1057,IOM,NEU,neutral,unspecified,,,16000.0,1.8685625,16000.0,3.0,0.7165625,,,male,25
1057_IOM_SAD_XX,crema_d_1057_IOM_SAD_XX,1057_IOM_SAD_XX.wav,crema_d,1057,IOM,SAD,sad,unspecified,,,,,,,,,,male,25
1057_ITH_ANG_XX,crema_d_1057_ITH_ANG_XX,1057_ITH_ANG_XX.wav,crema_d,1057,ITH,ANG,anger,unspecified,,,16000.0,2.56925,16000.0,3.0,1.06525,,,male,25
1057_ITH_DIS_XX,crema_d_1057_ITH_DIS_XX,1057_ITH_DIS_XX.wav,crema_d,1057,ITH,DIS,disgust,unspecified,,,,,,,,,,male,25
1057_ITH_FEA_XX,crema_d_1057_ITH_FEA_XX,1057_ITH_FEA_XX.wav,crema_d,1057,ITH,FEA,fear,unspecified,,,,,,,,,,male,25
1057_ITH_HAP_XX,crema_d_1057_ITH_HAP_XX,1057_ITH_HAP_XX.wav,crema_d,1057,ITH,HAP,happy,unspecified,,,16000.0,2.3023125,16000.0,3.0,1.0543125,,,male,25
1057_ITH_NEU_XX,crema_d_1057_ITH_NEU_XX,1057_ITH_NEU_XX.wav,crema_d,1057,ITH,NEU,neutral,unspecified,,,16000.0,2.469125,16000.0,3.0,0.069125,,,male,25
1057_ITH_SAD_XX,crema_d_1057_ITH_SAD_XX,1057_ITH_SAD_XX.wav,crema_d,1057,ITH,SAD,sad,unspecified,,,,,,,,,,male,25
1057_ITS_ANG_XX,crema_d_1057_ITS_ANG_XX,1057_ITS_ANG_XX.wav,crema_d,1057,ITS,ANG,anger,unspecified,,,16000.0,2.469125,16000.0,3.0,0.901125,,,male,25
1057_ITS_DIS_XX,crema_d_1057_ITS_DIS_XX,1057_ITS_DIS_XX.wav,crema_d,1057,ITS,DIS,disgust,unspecified,,,,,,,,,,male,25
1057_ITS_FEA_XX,crema_d_1057_ITS_FEA_XX,1057_ITS_FEA_XX.wav,crema_d,1057,ITS,FEA,fear,unspecified,,,,,,,,,,male,25
1057_ITS_HAP_XX,crema_d_1057_ITS_HAP_XX,1057_ITS_HAP_XX.wav,crema_d,1057,ITS,HAP,happy,unspecified,,,16000.0,1.8685625,16000.0,3.0,0.8765625,,,male,25
1057_ITS_NEU_XX,crema_d_1057_ITS_NEU_XX,1057_ITS_NEU_XX.wav,crema_d,1057,ITS,NEU,neutral,unspecified,,,16000.0,2.035375,16000.0,3.0,0.0,,,male,25
1057_ITS_SAD_XX,crema_d_1057_ITS_SAD_XX,1057_ITS_SAD_XX.wav,crema_d,1057,ITS,SAD,sad,unspecified,,,,,,,,,,male,25
1057_IWL_ANG_XX,crema_d_1057_IWL_ANG_XX,1057_IWL_ANG_XX.wav,crema_d,1057,IWL,ANG,anger,unspecified,,,16000.0,3.2699375,16000.0,3.0,1.0619375,,,male,25
1057_IWL_DIS_XX,crema_d_1057_IWL_DIS_XX,1057_IWL_DIS_XX.wav,crema_d,1057,IWL,DIS,disgust,unspecified,,,,,,,,,,male,25
1057_IWL_FEA_XX,crema_d_1057_IWL_FEA_XX,1057_IWL_FEA_XX.wav,crema_d,1057,IWL,FEA,fear,unspecified,,,,,,,,,,male,25
1057_IWL_HAP_XX,crema_d_1057_IWL_HAP_XX,1057_IWL_HAP_XX.wav,crema_d,1057,IWL,HAP,happy,unspecified,,,16000.0,2.56925,16000.0,3.0,1.44925,,,male,25
1057_IWL_NEU_XX,crema_d_1057_IWL_NEU_XX,1057_IWL_NEU_XX.wav,crema_d,1057,IWL,NEU,neutral,unspecified,,,16000.0,3.06975,16000.0,3.0,1.50175,,,male,25
1057_IWL_SAD_XX,crema_d_1057_IWL_SAD_XX,1057_IWL_SAD_XX.wav,crema_d,1057,IWL,SAD,sad,unspecified,,,,,,,,,,male,25
1057_IWW_ANG_XX,crema_d_1057_IWW_ANG_XX,1057_IWW_ANG_XX.wav,crema_d,1057,IWW,ANG,anger,unspecified,,,16000.0,2.469125,16000.0,3.0,1.381125,,,male,25
1057_IWW_DIS_XX,crema_d_1057_IWW_DIS_XX,1057_IWW_DIS_XX.wav,crema_d,1057,IWW,DIS,disgust,unspecified,,,,,,,,,,male,25
1057_IWW_FEA_XX,crema_d_1057_IWW_FEA_XX,1057_IWW_FEA_XX.wav,crema_d,1057,IWW,FEA,fear,unspecified,,,,,,,,,,male,25
1057_IWW_HAP_XX,crema_d_1057_IWW_HAP_XX,1057_IWW_HAP_XX.wav,crema_d,1057,IWW,HAP,happy,unspecified,,,16000.0,2.43575,16000.0,3.0,1.47575,,,male,25
1057_IWW_NEU_XX,crema_d_1057_IWW_NEU_XX,1057_IWW_NEU_XX.wav,crema_d,1057,IWW,NEU,neutral,unspecified,,,16000.0,2.2826875,16000.0,3.0,1.2586875,,,male,25
1057_IWW_SAD_XX,crema_d_1057_IWW_SAD_XX,1057_IWW_SAD_XX.wav,crema_d,1057,IWW,SAD,sad,unspecified,,,,,,,,,,male,25
1057_MTI_ANG_XX,crema_d_1057_MTI_ANG_XX,1057_MTI_ANG_XX.wav,crema_d,1057,MTI,ANG,anger,unspecified,,,16000.0,3.1698125,16000.0,3.0,1.1218125,,,male,25
1057_MTI_DIS_XX,crema_d_1057_MTI_DIS_XX,1057_MTI_DIS_XX.wav,crema_d,1057,MTI,DIS,disgust,unspecified,,,,,,,,,,male,25
1057_MTI_FEA_XX,crema_d_1057_MTI_FEA_XX,1057_MTI_FEA_XX.wav,crema_d,1057,MTI,FEA,fear,unspecified,,,,,,,,,,male,25
1057_MTI_HAP_XX,crema_d_1057_MTI_HAP_XX,1057_MTI_HAP_XX.wav,crema_d,1057,MTI,HAP,happy,unspecified,,,16000.0,2.8695625,16000.0,3.0,1.2055625,,,male,25
1057_MTI_NEU_XX,crema_d_1057_MTI_NEU_XX,1057_MTI_NEU_XX.wav,crema_d,1057,MTI,NEU,neutral,unspecified,,,16000.0,3.103125,16000.0,3.0,1.279125,,,male,25
1057_MTI_SAD_XX,crema_d_1057_MTI_SAD_XX,1057_MTI_SAD_XX.wav,crema_d,1057,MTI,SAD,sad,unspecified,,,,,,,,,,male,25
1057_TAI_ANG_XX,crema_d_1057_TAI_ANG_XX,1057_TAI_ANG_XX.wav,crema_d,1057,TAI,ANG,anger,unspecified,,,16000.0,2.7026875,16000.0,3.0,1.0066875,,,male,25
1057_TAI_DIS_XX,crema_d_1057_TAI_DIS_XX,1057_TAI_DIS_XX.wav,crema_d,1057,TAI,DIS,disgust,unspecified,,,,,,,,,,male,25
1057_TAI_FEA_XX,crema_d_1057_TAI_FEA_XX,1057_TAI_FEA_XX.wav,crema_d,1057,TAI,FEA,fear,unspecified,,,,,,,,,,male,25
1057_TAI_HAP_XX,crema_d_1057_TAI_HAP_XX,1057_TAI_HAP_XX.wav,crema_d,1057,TAI,HAP,happy,unspecified,,,16000.0,2.3690625,16000.0,3.0,1.1850625,,,male,25
1057_TAI_NEU_XX,crema_d_1057_TAI_NEU_XX,1057_TAI_NEU_XX.wav,crema_d,1057,TAI,NEU,neutral,unspecified,,,16000.0,2.3356875,16000.0,3.0,0.3196875,,,male,25
1057_TAI_SAD_XX,crema_d_1057_TAI_SAD_XX,1057_TAI_SAD_XX.wav,crema_d,1057,TAI,SAD,sad,unspecified,,,,,,,,,,male,25
1057_TIE_ANG_XX,crema_d_1057_TIE_ANG_XX,1057_TIE_ANG_XX.wav,crema_d,1057,TIE,ANG,anger,unspecified,,,16000.0,3.003,16000.0,3.0,1.243,,,male,25
1057_TIE_DIS_XX,crema_d_1057_TIE_DIS_XX,1057_TIE_DIS_XX.wav,crema_d,1057,TIE,DIS,disgust,unspecified,,,,,,,,,,male,25
1057_TIE_FEA_XX,crema_d_1057_TIE_FEA_XX,1057_TIE_FEA_XX.wav,crema_d,1057,TIE,FEA,fear,unspecified,,,,,,,,,,male,25
1057_TIE_HAP_XX,crema_d_1057_TIE_HAP_XX,1057_TIE_HAP_XX.wav,crema_d,1057,TIE,HAP,happy,unspecified,,,16000.0,2.469125,16000.0,3.0,1.253125,,,male,25
1057_TIE_NEU_XX,crema_d_1057_TIE_NEU_XX,1057_TIE_NEU_XX.wav,crema_d,1057,TIE,NEU,neutral,unspecified,,,16000.0,2.5025,16000.0,3.0,0.5505,,,male,25
1057_TIE_SAD_XX,crema_d_1057_TIE_SAD_XX,1057_TIE_SAD_XX.wav,crema_d,1057,TIE,SAD,sad,unspecified,,,,,,,,,,male,25
1057_TSI_ANG_XX,crema_d_1057_TSI_ANG_XX,1057_TSI_ANG_XX.wav,crema_d,1057,TSI,ANG,anger,unspecified,,,16000.0,2.1354375,16000.0,3.0,0.9514375,,,male,25
1057_TSI_DIS_XX,crema_d_1057_TSI_DIS_XX,1057_TSI_DIS_XX.wav,crema_d,1057,TSI,DIS,disgust,unspecified,,,,,,,,,,male,25
1057_TSI_FEA_XX,crema_d_1057_TSI_FEA_XX,1057_TSI_FEA_XX.wav,crema_d,1057,TSI,FEA,fear,unspecified,,,,,,,,,,male,25
1057_TSI_HAP_XX,crema_d_1057_TSI_HAP_XX,1057_TSI_HAP_XX.wav,crema_d,1057,TSI,HAP,happy,unspecified,,,16000.0,2.102125,16000.0,3.0,1.174125,,,male,25
1057_TSI_NEU_XX,crema_d_1057_TSI_NEU_XX,1057_TSI_NEU_XX.wav,crema_d,1057,TSI,NEU,neutral,unspecified,,,16000.0,2.06875,16000.0,3.0,0.78875,,,male,25
1057_TSI_SAD_XX,crema_d_1057_TSI_SAD_XX,1057_TSI_SAD_XX.wav,crema_d,1057,TSI,SAD,sad,unspecified,,,,,,,,,,male,25
1057_WSI_ANG_XX,crema_d_1057_WSI_ANG_XX,1057_WSI_ANG_XX.wav,crema_d,1057,WSI,ANG,anger,unspecified,,,16000.0,2.902875,16000.0,3.0,1.142875,,,male,25
1057_WSI_DIS_XX,crema_d_1057_WSI_DIS_XX,1057_WSI_DIS_XX.wav,crema_d,1057,WSI,DIS,disgust,unspecified,,,,,,,,,,male,25
1057_WSI_FEA_XX,crema_d_1057_WSI_FEA_XX,1057_WSI_FEA_XX.wav,crema_d,1057,WSI,FEA,fear,unspecified,,,,,,,,,,male,25
1057_WSI_HAP_XX,crema_d_1057_WSI_HAP_XX,1057_WSI_HAP_XX.wav,crema_d,1057,WSI,HAP,happy,unspecified,,,16000.0,2.2021875,16000.0,3.0,1.0501875,,,male,25
1057_WSI_NEU_XX,crema_d_1057_WSI_NEU_XX,1057_WSI_NEU_XX.wav,crema_d,1057,WSI,NEU,neutral,unspecified,,,16000.0,2.1354375,16000.0,3.0,0.2474375,,,male,25
1057_WSI_SAD_XX,crema_d_1057_WSI_SAD_XX,1057_WSI_SAD_XX.wav,crema_d,1057,WSI,SAD,sad,unspecified,,,,,,,,,,male,25
1058_DFA_ANG_XX,crema_d_1058_DFA_ANG_XX,1058_DFA_ANG_XX.wav,crema_d,1058,DFA,ANG,anger,unspecified,,,16000.0,2.469125,16000.0,3.0,1.125125,,,female,36
1058_DFA_DIS_XX,crema_d_1058_DFA_DIS_XX,1058_DFA_DIS_XX.wav,crema_d,1058,DFA,DIS,disgust,unspecified,,,,,,,,,,female,36
1058_DFA_FEA_XX,crema_d_1058_DFA_FEA_XX,1058_DFA_FEA_XX.wav,crema_d,1058,DFA,FEA,fear,unspecified,,,,,,,,,,female,36
1058_DFA_HAP_XX,crema_d_1058_DFA_HAP_XX,1058_DFA_HAP_XX.wav,crema_d,1058,DFA,HAP,happy,unspecified,,,16000.0,2.369,16000.0,3.0,0.897,,,female,36
1058_DFA_NEU_XX,crema_d_1058_DFA_NEU_XX,1058_DFA_NEU_XX.wav,crema_d,1058,DFA,NEU,neutral,unspecified,,,16000.0,2.43575,16000.0,3.0,0.06775,,,female,36
1058_DFA_SAD_XX,crema_d_1058_DFA_SAD_XX,1058_DFA_SAD_XX.wav,crema_d,1058,DFA,SAD,sad,unspecified,,,,,,,,,,female,36
1058_IEO_ANG_HI,crema_d_1058_IEO_ANG_HI,1058_IEO_ANG_HI.wav,crema_d,1058,IEO,ANG,anger,high,,,16000.0,2.2021875,16000.0,3.0,0.8581875,,,female,36
1058_IEO_ANG_LO,crema_d_1058_IEO_ANG_LO,1058_IEO_ANG_LO.wav,crema_d,1058,IEO,ANG,anger,low,,,16000.0,2.1688125,16000.0,3.0,0.0568125,,,female,36
1058_IEO_ANG_MD,crema_d_1058_IEO_ANG_MD,1058_IEO_ANG_MD.wav,crema_d,1058,IEO,ANG,anger,medium,,,16000.0,2.469125,16000.0,3.0,1.125125,,,female,36
1058_IEO_DIS_HI,crema_d_1058_IEO_DIS_HI,1058_IEO_DIS_HI.wav,crema_d,1058,IEO,DIS,disgust,high,,,,,,,,,,female,36
1058_IEO_DIS_LO,crema_d_1058_IEO_DIS_LO,1058_IEO_DIS_LO.wav,crema_d,1058,IEO,DIS,disgust,low,,,,,,,,,,female,36
1058_IEO_DIS_MD,crema_d_1058_IEO_DIS_MD,1058_IEO_DIS_MD.wav,crema_d,1058,IEO,DIS,disgust,medium,,,,,,,,,,female,36
1058_IEO_FEA_HI,crema_d_1058_IEO_FEA_HI,1058_IEO_FEA_HI.wav,crema_d,1058,IEO,FEA,fear,high,,,,,,,,,,female,36
1058_IEO_FEA_LO,crema_d_1058_IEO_FEA_LO,1058_IEO_FEA_LO.wav,crema_d,1058,IEO,FEA,fear,low,,,,,,,,,,female,36
1058_IEO_FEA_MD,crema_d_1058_IEO_FEA_MD,1058_IEO_FEA_MD.wav,crema_d,1058,IEO,FEA,fear,medium,,,,,,,,,,female,36
1058_IEO_HAP_HI,crema_d_1058_IEO_HAP_HI,1058_IEO_HAP_HI.wav,crema_d,1058,IEO,HAP,happy,high,,,16000.0,2.002,16000.0,3.0,0.914,,,female,36
1058_IEO_HAP_LO,crema_d_1058_IEO_HAP_LO,1058_IEO_HAP_LO.wav,crema_d,1058,IEO,HAP,happy,low,,,16000.0,2.002,16000.0,3.0,0.05,,,female,36
1058_IEO_HAP_MD,crema_d_1058_IEO_HAP_MD,1058_IEO_HAP_MD.wav,crema_d,1058,IEO,HAP,happy,medium,,,16000.0,2.1688125,16000.0,3.0,1.1448125,,,female,36
1058_IEO_NEU_XX,crema_d_1058_IEO_NEU_XX,1058_IEO_NEU_XX.wav,crema_d,1058,IEO,NEU,neutral,unspecified,,,16000.0,1.968625,16000.0,3.0,0.048625,,,female,36
1058_IEO_SAD_HI,crema_d_1058_IEO_SAD_HI,1058_IEO_SAD_HI.wav,crema_d,1058,IEO,SAD,sad,high,,,,,,,,,,female,36
1058_IEO_SAD_LO,crema_d_1058_IEO_SAD_LO,1058_IEO_SAD_LO.wav,crema_d,1058,IEO,SAD,sad,low,,,,,,,,,,female,36
1058_IEO_SAD_MD,crema_d_1058_IEO_SAD_MD,1058_IEO_SAD_MD.wav,crema_d,1058,IEO,SAD,sad,medium,,,,,,,,,,female,36
1058_IOM_ANG_XX,crema_d_1058_IOM_ANG_XX,1058_IOM_ANG_XX.wav,crema_d,1058,IOM,ANG,anger,unspecified,,,16000.0,2.43575,16000.0,3.0,1.02775,,,female,36
1058_IOM_DIS_XX,crema_d_1058_IOM_DIS_XX,1058_IOM_DIS_XX.wav,crema_d,1058,IOM,DIS,disgust,unspecified,,,,,,,,,,female,36
1058_IOM_FEA_XX,crema_d_1058_IOM_FEA_XX,1058_IOM_FEA_XX.wav,crema_d,1058,IOM,FEA,fear,unspecified,,,,,,,,,,female,36
1058_IOM_HAP_XX,crema_d_1058_IOM_HAP_XX,1058_IOM_HAP_XX.wav,crema_d,1058,IOM,HAP,happy,unspecified,,,16000.0,1.8018125,16000.0,3.0,0.6178125,,,female,36
1058_IOM_NEU_XX,crema_d_1058_IOM_NEU_XX,1058_IOM_NEU_XX.wav,crema_d,1058,IOM,NEU,neutral,unspecified,,,16000.0,2.6359375,16000.0,3.0,0.1079375,,,female,36
1058_IOM_SAD_XX,crema_d_1058_IOM_SAD_XX,1058_IOM_SAD_XX.wav,crema_d,1058,IOM,SAD,sad,unspecified,,,,,,,,,,female,36
1058_ITH_ANG_XX,crema_d_1058_ITH_ANG_XX,1058_ITH_ANG_XX.wav,crema_d,1058,ITH,ANG,anger,unspecified,,,16000.0,2.969625,16000.0,3.0,1.081625,,,female,36
1058_ITH_DIS_XX,crema_d_1058_ITH_DIS_XX,1058_ITH_DIS_XX.wav,crema_d,1058,ITH,DIS,disgust,unspecified,,,,,,,,,,female,36
1058_ITH_FEA_XX,crema_d_1058_ITH_FEA_XX,1058_ITH_FEA_XX.wav,crema_d,1058,ITH,FEA,fear,unspecified,,,,,,,,,,female,36
1058_ITH_HAP_XX,crema_d_1058_ITH_HAP_XX,1058_ITH_HAP_XX.wav,crema_d,1058,ITH,HAP,happy,unspecified,,,16000.0,2.469125,16000.0,3.0,0.165125,,,female,36
1058_ITH_NEU_XX,crema_d_1058_ITH_NEU_XX,1058_ITH_NEU_XX.wav,crema_d,1058,ITH,NEU,neutral,unspecified,,,16000.0,3.036375,16000.0,3.0,0.064,,,female,36
1058_ITH_SAD_XX,crema_d_1058_ITH_SAD_XX,1058_ITH_SAD_XX.wav,crema_d,1058,ITH,SAD,sad,unspecified,,,,,,,,,,female,36
1058_ITS_ANG_XX,crema_d_1058_ITS_ANG_XX,1058_ITS_ANG_XX.wav,crema_d,1058,ITS,ANG,anger,unspecified,,,16000.0,2.7360625,16000.0,3.0,0.9760625,,,female,36
1058_ITS_DIS_XX,crema_d_1058_ITS_DIS_XX,1058_ITS_DIS_XX.wav,crema_d,1058,ITS,DIS,disgust,unspecified,,,,,,,,,,female,36
1058_ITS_FEA_XX,crema_d_1058_ITS_FEA_XX,1058_ITS_FEA_XX.wav,crema_d,1058,ITS,FEA,fear,unspecified,,,,,,,,,,female,36
1058_ITS_HAP_XX,crema_d_1058_ITS_HAP_XX,1058_ITS_HAP_XX.wav,crema_d,1058,ITS,HAP,happy,unspecified,,,16000.0,2.535875,16000.0,3.0,0.839875,,,female,36
1058_ITS_NEU_XX,crema_d_1058_ITS_NEU_XX,1058_ITS_NEU_XX.wav,crema_d,1058,ITS,NEU,neutral,unspecified,,,16000.0,2.902875,16000.0,3.0,0.054875,,,female,36
1058_ITS_SAD_XX,crema_d_1058_ITS_SAD_XX,1058_ITS_SAD_XX.wav,crema_d,1058,ITS,SAD,sad,unspecified,,,,,,,,,,female,36
1058_IWL_ANG_XX,crema_d_1058_IWL_ANG_XX,1058_IWL_ANG_XX.wav,crema_d,1058,IWL,ANG,anger,unspecified,,,16000.0,3.06975,16000.0,3.0,0.79775,,,female,36
1058_IWL_DIS_XX,crema_d_1058_IWL_DIS_XX,1058_IWL_DIS_XX.wav,crema_d,1058,IWL,DIS,disgust,unspecified,,,,,,,,,,female,36
1058_IWL_FEA_XX,crema_d_1058_IWL_FEA_XX,1058_IWL_FEA_XX.wav,crema_d,1058,IWL,FEA,fear,unspecified,,,,,,,,,,female,36
1058_IWL_HAP_XX,crema_d_1058_IWL_HAP_XX,1058_IWL_HAP_XX.wav,crema_d,1058,IWL,HAP,happy,unspecified,,,16000.0,2.6693125,16000.0,3.0,0.8773125,,,female,36
1058_IWL_NEU_XX,crema_d_1058_IWL_NEU_XX,1058_IWL_NEU_XX.wav,crema_d,1058,IWL,NEU,neutral,unspecified,,,16000.0,2.902875,16000.0,3.0,0.032,,,female,36
1058_IWL_SAD_XX,crema_d_1058_IWL_SAD_XX,1058_IWL_SAD_XX.wav,crema_d,1058,IWL,SAD,sad,unspecified,,,,,,,,,,female,36
1058_IWW_ANG_XX,crema_d_1058_IWW_ANG_XX,1058_IWW_ANG_XX.wav,crema_d,1058,IWW,ANG,anger,unspecified,,,16000.0,1.968625,16000.0,3.0,0.560625,,,female,36
1058_IWW_DIS_XX,crema_d_1058_IWW_DIS_XX,1058_IWW_DIS_XX.wav,crema_d,1058,IWW,DIS,disgust,unspecified,,,,,,,,,,female,36
1058_IWW_FEA_XX,crema_d_1058_IWW_FEA_XX,1058_IWW_FEA_XX.wav,crema_d,1058,IWW,FEA,fear,unspecified,,,,,,,,,,female,36
1058_IWW_HAP_XX,crema_d_1058_IWW_HAP_XX,1058_IWW_HAP_XX.wav,crema_d,1058,IWW,HAP,happy,unspecified,,,16000.0,1.93525,16000.0,3.0,0.62325,,,female,36
1058_IWW_NEU_XX,crema_d_1058_IWW_NEU_XX,1058_IWW_NEU_XX.wav,crema_d,1058,IWW,NEU,neutral,unspecified,,,16000.0,1.901875,16000.0,3.0,0.077875,,,female,36
1058_IWW_SAD_XX,crema_d_1058_IWW_SAD_XX,1058_IWW_SAD_XX.wav,crema_d,1058,IWW,SAD,sad,unspecified,,,,,,,,,,female,36
1058_MTI_ANG_XX,crema_d_1058_MTI_ANG_XX,1058_MTI_ANG_XX.wav,crema_d,1058,MTI,ANG,anger,unspecified,,,16000.0,2.56925,16000.0,3.0,0.71325,,,female,36
1058_MTI_DIS_XX,crema_d_1058_MTI_DIS_XX,1058_MTI_DIS_XX.wav,crema_d,1058,MTI,DIS,disgust,unspecified,,,,,,,,,,female,36
1058_MTI_FEA_XX,crema_d_1058_MTI_FEA_XX,1058_MTI_FEA_XX.wav,crema_d,1058,MTI,FEA,fear,unspecified,,,,,,,,,,female,36
1058_MTI_HAP_XX,crema_d_1058_MTI_HAP_XX,1058_MTI_HAP_XX.wav,crema_d,1058,MTI,HAP,happy,unspecified,,,16000.0,2.7360625,16000.0,3.0,0.7840625,,,female,36
1058_MTI_NEU_XX,crema_d_1058_MTI_NEU_XX,1058_MTI_NEU_XX.wav,crema_d,1058,MTI,NEU,neutral,unspecified,,,16000.0,3.103125,16000.0,3.0,0.991125,,,female,36
1058_MTI_SAD_XX,crema_d_1058_MTI_SAD_XX,1058_MTI_SAD_XX.wav,crema_d,1058,MTI,SAD,sad,unspecified,,,,,,,,,,female,36
1058_TAI_ANG_XX,crema_d_1058_TAI_ANG_XX,1058_TAI_ANG_XX.wav,crema_d,1058,TAI,ANG,anger,unspecified,,,16000.0,2.602625,16000.0,3.0,0.970625,,,female,36
1058_TAI_DIS_XX,crema_d_1058_TAI_DIS_XX,1058_TAI_DIS_XX.wav,crema_d,1058,TAI,DIS,disgust,unspecified,,,,,,,,,,female,36
1058_TAI_FEA_XX,crema_d_1058_TAI_FEA_XX,1058_TAI_FEA_XX.wav,crema_d,1058,TAI,FEA,fear,unspecified,,,,,,,,,,female,36
1058_TAI_HAP_XX,crema_d_1058_TAI_HAP_XX,1058_TAI_HAP_XX.wav,crema_d,1058,TAI,HAP,happy,unspecified,,,16000.0,2.43575,16000.0,3.0,0.64375,,,female,36
1058_TAI_NEU_XX,crema_d_1058_TAI_NEU_XX,1058_TAI_NEU_XX.wav,crema_d,1058,TAI,NEU,neutral,unspecified,,,16000.0,3.003,16000.0,3.0,0.731,,,female,36
1058_TAI_SAD_XX,crema_d_1058_TAI_SAD_XX,1058_TAI_SAD_XX.wav,crema_d,1058,TAI,SAD,sad,unspecified,,,,,,,,,,female,36
1058_TIE_ANG_XX,crema_d_1058_TIE_ANG_XX,1058_TIE_ANG_XX.wav,crema_d,1058,TIE,ANG,anger,unspecified,,,16000.0,2.7026875,16000.0,3.0,1.3586875,,,female,36
1058_TIE_DIS_XX,crema_d_1058_TIE_DIS_XX,1058_TIE_DIS_XX.wav,crema_d,1058,TIE,DIS,disgust,unspecified,,,,,,,,,,female,36
1058_TIE_FEA_XX,crema_d_1058_TIE_FEA_XX,1058_TIE_FEA_XX.wav,crema_d,1058,TIE,FEA,fear,unspecified,,,,,,,,,,female,36
1058_TIE_HAP_XX,crema_d_1058_TIE_HAP_XX,1058_TIE_HAP_XX.wav,crema_d,1058,TIE,HAP,happy,unspecified,,,16000.0,3.103125,16000.0,3.0,1.599125,,,female,36
1058_TIE_NEU_XX,crema_d_1058_TIE_NEU_XX,1058_TIE_NEU_XX.wav,crema_d,1058,TIE,NEU,neutral,unspecified,,,16000.0,3.470125,16000.0,3.0,0.046125,,,female,36
1058_TIE_SAD_XX,crema_d_1058_TIE_SAD_XX,1058_TIE_SAD_XX.wav,crema_d,1058,TIE,SAD,sad,unspecified,,,,,,,,,,female,36
1058_TSI_ANG_XX,crema_d_1058_TSI_ANG_XX,1058_TSI_ANG_XX.wav,crema_d,1058,TSI,ANG,anger,unspecified,,,16000.0,2.06875,16000.0,3.0,0.82075,,,female,36
1058_TSI_DIS_XX,crema_d_1058_TSI_DIS_XX,1058_TSI_DIS_XX.wav,crema_d,1058,TSI,DIS,disgust,unspecified,,,,,,,,,,female,36
1058_TSI_FEA_XX,crema_d_1058_TSI_FEA_XX,1058_TSI_FEA_XX.wav,crema_d,1058,TSI,FEA,fear,unspecified,,,,,,,,,,female,36
1058_TSI_HAP_XX,crema_d_1058_TSI_HAP_XX,1058_TSI_HAP_XX.wav,crema_d,1058,TSI,HAP,happy,unspecified,,,16000.0,1.8018125,16000.0,3.0,0.5218125,,,female,36
1058_TSI_NEU_XX,crema_d_1058_TSI_NEU_XX,1058_TSI_NEU_XX.wav,crema_d,1058,TSI,NEU,neutral,unspecified,,,16000.0,2.535875,16000.0,3.0,0.935875,,,female,36
1058_TSI_SAD_XX,crema_d_1058_TSI_SAD_XX,1058_TSI_SAD_XX.wav,crema_d,1058,TSI,SAD,sad,unspecified,,,,,,,,,,female,36
1058_WSI_ANG_XX,crema_d_1058_WSI_ANG_XX,1058_WSI_ANG_XX.wav,crema_d,1058,WSI,ANG,anger,unspecified,,,16000.0,2.602625,16000.0,3.0,0.938625,,,female,36
1058_WSI_DIS_XX,crema_d_1058_WSI_DIS_XX,1058_WSI_DIS_XX.wav,crema_d,1058,WSI,DIS,disgust,unspecified,,,,,,,,,,female,36
1058_WSI_FEA_XX,crema_d_1058_WSI_FEA_XX,1058_WSI_FEA_XX.wav,crema_d,1058,WSI,FEA,fear,unspecified,,,,,,,,,,female,36
1058_WSI_HAP_XX,crema_d_1058_WSI_HAP_XX,1058_WSI_HAP_XX.wav,crema_d,1058,WSI,HAP,happy,unspecified,,,16000.0,2.2755625,16000.0,3.0,0.8035625,,,female,36
1058_WSI_NEU_XX,crema_d_1058_WSI_NEU_XX,1058_WSI_NEU_XX.wav,crema_d,1058,WSI,NEU,neutral,unspecified,,,16000.0,2.8695,16000.0,3.0,1.2055,,,female,36
1058_WSI_SAD_XX,crema_d_1058_WSI_SAD_XX,1058_WSI_SAD_XX.wav,crema_d,1058,WSI,SAD,sad,unspecified,,,,,,,,,,female,36
1059_DFA_ANG_XX,crema_d_1059_DFA_ANG_XX,1059_DFA_ANG_XX.wav,crema_d,1059,DFA,ANG,anger,unspecified,,,16000.0,1.901875,16000.0,3.0,0.781875,,,male,21
1059_DFA_DIS_XX,crema_d_1059_DFA_DIS_XX,1059_DFA_DIS_XX.wav,crema_d,1059,DFA,DIS,disgust,unspecified,,,,,,,,,,male,21
1059_DFA_FEA_XX,crema_d_1059_DFA_FEA_XX,1059_DFA_FEA_XX.wav,crema_d,1059,DFA,FEA,fear,unspecified,,,,,,,,,,male,21
1059_DFA_HAP_XX,crema_d_1059_DFA_HAP_XX,1059_DFA_HAP_XX.wav,crema_d,1059,DFA,HAP,happy,unspecified,,,16000.0,1.8018125,16000.0,3.0,0.6818125,,,male,21
1059_DFA_NEU_XX,crema_d_1059_DFA_NEU_XX,1059_DFA_NEU_XX.wav,crema_d,1059,DFA,NEU,neutral,unspecified,,,16000.0,2.602625,16000.0,3.0,1.162625,,,male,21
1059_DFA_SAD_XX,crema_d_1059_DFA_SAD_XX,1059_DFA_SAD_XX.wav,crema_d,1059,DFA,SAD,sad,unspecified,,,,,,,,,,male,21
1059_IEO_ANG_HI,crema_d_1059_IEO_ANG_HI,1059_IEO_ANG_HI.wav,crema_d,1059,IEO,ANG,anger,high,,,16000.0,2.56925,16000.0,3.0,1.22525,,,male,21
1059_IEO_ANG_LO,crema_d_1059_IEO_ANG_LO,1059_IEO_ANG_LO.wav,crema_d,1059,IEO,ANG,anger,low,,,16000.0,2.035375,16000.0,3.0,1.139375,,,male,21
1059_IEO_ANG_MD,crema_d_1059_IEO_ANG_MD,1059_IEO_ANG_MD.wav,crema_d,1059,IEO,ANG,anger,medium,,,16000.0,2.3356875,16000.0,3.0,1.3436875,,,male,21
1059_IEO_DIS_HI,crema_d_1059_IEO_DIS_HI,1059_IEO_DIS_HI.wav,crema_d,1059,IEO,DIS,disgust,high,,,,,,,,,,male,21
1059_IEO_DIS_LO,crema_d_1059_IEO_DIS_LO,1059_IEO_DIS_LO.wav,crema_d,1059,IEO,DIS,disgust,low,,,,,,,,,,male,21
1059_IEO_DIS_MD,crema_d_1059_IEO_DIS_MD,1059_IEO_DIS_MD.wav,crema_d,1059,IEO,DIS,disgust,medium,,,,,,,,,,male,21
1059_IEO_FEA_HI,crema_d_1059_IEO_FEA_HI,1059_IEO_FEA_HI.wav,crema_d,1059,IEO,FEA,fear,high,,,,,,,,,,male,21
1059_IEO_FEA_LO,crema_d_1059_IEO_FEA_LO,1059_IEO_FEA_LO.wav,crema_d,1059,IEO,FEA,fear,low,,,,,,,,,,male,21
1059_IEO_FEA_MD,crema_d_1059_IEO_FEA_MD,1059_IEO_FEA_MD.wav,crema_d,1059,IEO,FEA,fear,medium,,,,,,,,,,male,21
1059_IEO_HAP_HI,crema_d_1059_IEO_HAP_HI,1059_IEO_HAP_HI.wav,crema_d,1059,IEO,HAP,happy,high,,,16000.0,2.402375,16000.0,3.0,1.346375,,,male,21
1059_IEO_HAP_LO,crema_d_1059_IEO_HAP_LO,1059_IEO_HAP_LO.wav,crema_d,1059,IEO,HAP,happy,low,,,16000.0,2.43575,16000.0,3.0,0.09975,,,male,21
1059_IEO_HAP_MD,crema_d_1059_IEO_HAP_MD,1059_IEO_HAP_MD.wav,crema_d,1059,IEO,HAP,happy,medium,,,16000.0,2.1688125,16000.0,3.0,1.3048125,,,male,21
1059_IEO_NEU_XX,crema_d_1059_IEO_NEU_XX,1059_IEO_NEU_XX.wav,crema_d,1059,IEO,NEU,neutral,unspecified,,,16000.0,2.902875,16000.0,3.0,0.0,,,male,21
1059_IEO_SAD_HI,crema_d_1059_IEO_SAD_HI,1059_IEO_SAD_HI.wav,crema_d,1059,IEO,SAD,sad,high,,,,,,,,,,male,21
1059_IEO_SAD_LO,crema_d_1059_IEO_SAD_LO,1059_IEO_SAD_LO.wav,crema_d,1059,IEO,SAD,sad,low,,,,,,,,,,male,21
1059_IEO_SAD_MD,crema_d_1059_IEO_SAD_MD,1059_IEO_SAD_MD.wav,crema_d,1059,IEO,SAD,sad,medium,,,,,,,,,,male,21
1059_IOM_ANG_XX,crema_d_1059_IOM_ANG_XX,1059_IOM_ANG_XX.wav,crema_d,1059,IOM,ANG,anger,unspecified,,,16000.0,2.3356875,16000.0,3.0,0.7996875,,,male,21
1059_IOM_DIS_XX,crema_d_1059_IOM_DIS_XX,1059_IOM_DIS_XX.wav,crema_d,1059,IOM,DIS,disgust,unspecified,,,,,,,,,,male,21
1059_IOM_FEA_XX,crema_d_1059_IOM_FEA_XX,1059_IOM_FEA_XX.wav,crema_d,1059,IOM,FEA,fear,unspecified,,,,,,,,,,male,21
1059_IOM_HAP_XX,crema_d_1059_IOM_HAP_XX,1059_IOM_HAP_XX.wav,crema_d,1059,IOM,HAP,happy,unspecified,,,16000.0,2.3023125,16000.0,3.0,1.0543125,,,male,21
1059_IOM_NEU_XX,crema_d_1059_IOM_NEU_XX,1059_IOM_NEU_XX.wav,crema_d,1059,IOM,NEU,neutral,unspecified,,,16000.0,2.5025,16000.0,3.0,0.7745,,,male,21
1059_IOM_SAD_XX,crema_d_1059_IOM_SAD_XX,1059_IOM_SAD_XX.wav,crema_d,1059,IOM,SAD,sad,unspecified,,,,,,,,,,male,21
1059_ITH_ANG_XX,crema_d_1059_ITH_ANG_XX,1059_ITH_ANG_XX.wav,crema_d,1059,ITH,ANG,anger,unspecified,,,16000.0,2.402375,16000.0,3.0,0.674375,,,male,21
1059_ITH_DIS_XX,crema_d_1059_ITH_DIS_XX,1059_ITH_DIS_XX.wav,crema_d,1059,ITH,DIS,disgust,unspecified,,,,,,,,,,male,21
1059_ITH_FEA_XX,crema_d_1059_ITH_FEA_XX,1059_ITH_FEA_XX.wav,crema_d,1059,ITH,FEA,fear,unspecified,,,,,,,,,,male,21
1059_ITH_HAP_XX,crema_d_1059_ITH_HAP_XX,1059_ITH_HAP_XX.wav,crema_d,1059,ITH,HAP,happy,unspecified,,,16000.0,2.7026875,16000.0,3.0,1.1346875,,,male,21
1059_ITH_NEU_XX,crema_d_1059_ITH_NEU_XX,1059_ITH_NEU_XX.wav,crema_d,1059,ITH,NEU,neutral,unspecified,,,16000.0,2.5025,16000.0,3.0,0.3905,,,male,21
1059_ITH_SAD_XX,crema_d_1059_ITH_SAD_XX,1059_ITH_SAD_XX.wav,crema_d,1059,ITH,SAD,sad,unspecified,,,,,,,,,,male,21
1059_ITS_ANG_XX,crema_d_1059_ITS_ANG_XX,1059_ITS_ANG_XX.wav,crema_d,1059,ITS,ANG,anger,unspecified,,,16000.0,2.3023125,16000.0,3.0,0.6383125,,,male,21
1059_ITS_DIS_XX,crema_d_1059_ITS_DIS_XX,1059_ITS_DIS_XX.wav,crema_d,1059,ITS,DIS,disgust,unspecified,,,,,,,,,,male,21
1059_ITS_FEA_XX,crema_d_1059_ITS_FEA_XX,1059_ITS_FEA_XX.wav,crema_d,1059,ITS,FEA,fear,unspecified,,,,,,,,,,male,21
1059_ITS_HAP_XX,crema_d_1059_ITS_HAP_XX,1059_ITS_HAP_XX.wav,crema_d,1059,ITS,HAP,happy,unspecified,,,16000.0,2.2826875,16000.0,3.0,0.9386875,,,male,21
1059_ITS_NEU_XX,crema_d_1059_ITS_NEU_XX,1059_ITS_NEU_XX.wav,crema_d,1059,ITS,NEU,neutral,unspecified,,,16000.0,2.469125,16000.0,3.0,1.413125,,,male,21
1059_ITS_SAD_XX,crema_d_1059_ITS_SAD_XX,1059_ITS_SAD_XX.wav,crema_d,1059,ITS,SAD,sad,unspecified,,,,,,,,,,male,21
1059_IWL_ANG_XX,crema_d_1059_IWL_ANG_XX,1059_IWL_ANG_XX.wav,crema_d,1059,IWL,ANG,anger,unspecified,,,16000.0,2.7360625,16000.0,3.0,0.9760625,,,male,21
1059_IWL_DIS_XX,crema_d_1059_IWL_DIS_XX,1059_IWL_DIS_XX.wav,crema_d,1059,IWL,DIS,disgust,unspecified,,,,,,,,,,male,21
1059_IWL_FEA_XX,crema_d_1059_IWL_FEA_XX,1059_IWL_FEA_XX.wav,crema_d,1059,IWL,FEA,fear,unspecified,,,,,,,,,,male,21
1059_IWL_HAP_XX,crema_d_1059_IWL_HAP_XX,1059_IWL_HAP_XX.wav,crema_d,1059,IWL,HAP,happy,unspecified,,,16000.0,2.3023125,16000.0,3.0,0.8303125,,,male,21
1059_IWL_NEU_XX,crema_d_1059_IWL_NEU_XX,1059_IWL_NEU_XX.wav,crema_d,1059,IWL,NEU,neutral,unspecified,,,16000.0,2.56925,16000.0,3.0,1.03325,,,male,21
1059_IWL_SAD_XX,crema_d_1059_IWL_SAD_XX,1059_IWL_SAD_XX.wav,crema_d,1059,IWL,SAD,sad,unspecified,,,,,,,,,,male,21
1059_IWW_ANG_XX,crema_d_1059_IWW_ANG_XX,1059_IWW_ANG_XX.wav,crema_d,1059,IWW,ANG,anger,unspecified,,,16000.0,2.1354375,16000.0,3.0,0.6954375,,,male,21
1059_IWW_DIS_XX,crema_d_1059_IWW_DIS_XX,1059_IWW_DIS_XX.wav,crema_d,1059,IWW,DIS,disgust,unspecified,,,,,,,,,,male,21
1059_IWW_FEA_XX,crema_d_1059_IWW_FEA_XX,1059_IWW_FEA_XX.wav,crema_d,1059,IWW,FEA,fear,unspecified,,,,,,,,,,male,21
1059_IWW_HAP_XX,crema_d_1059_IWW_HAP_XX,1059_IWW_HAP_XX.wav,crema_d,1059,IWW,HAP,happy,unspecified,,,16000.0,2.035375,16000.0,3.0,1.011375,,,male,21
1059_IWW_NEU_XX,crema_d_1059_IWW_NEU_XX,1059_IWW_NEU_XX.wav,crema_d,1059,IWW,NEU,neutral,unspecified,,,16000.0,2.2021875,16000.0,3.0,1.1141875,,,male,21
1059_IWW_SAD_XX,crema_d_1059_IWW_SAD_XX,1059_IWW_SAD_XX.wav,crema_d,1059,IWW,SAD,sad,unspecified,,,,,,,,,,male,21
1059_MTI_ANG_XX,crema_d_1059_MTI_ANG_XX,1059_MTI_ANG_XX.wav,crema_d,1059,MTI,ANG,anger,unspecified,,,16000.0,2.6359375,16000.0,3.0,0.9079375,,,male,21
1059_MTI_DIS_XX,crema_d_1059_MTI_DIS_XX,1059_MTI_DIS_XX.wav,crema_d,1059,MTI,DIS,disgust,unspecified,,,,,,,,,,male,21
1059_MTI_FEA_XX,crema_d_1059_MTI_FEA_XX,1059_MTI_FEA_XX.wav,crema_d,1059,MTI,FEA,fear,unspecified,,,,,,,,,,male,21
1059_MTI_HAP_XX,crema_d_1059_MTI_HAP_XX,1059_MTI_HAP_XX.wav,crema_d,1059,MTI,HAP,happy,unspecified,,,16000.0,2.469125,16000.0,3.0,0.805125,,,male,21
1059_MTI_NEU_XX,crema_d_1059_MTI_NEU_XX,1059_MTI_NEU_XX.wav,crema_d,1059,MTI,NEU,neutral,unspecified,,,16000.0,2.93625,16000.0,3.0,1.08025,,,male,21
1059_MTI_SAD_XX,crema_d_1059_MTI_SAD_XX,1059_MTI_SAD_XX.wav,crema_d,1059,MTI,SAD,sad,unspecified,,,,,,,,,,male,21
1059_TAI_ANG_XX,crema_d_1059_TAI_ANG_XX,1059_TAI_ANG_XX.wav,crema_d,1059,TAI,ANG,anger,unspecified,,,16000.0,2.8695625,16000.0,3.0,0.7575625,,,male,21
1059_TAI_DIS_XX,crema_d_1059_TAI_DIS_XX,1059_TAI_DIS_XX.wav,crema_d,1059,TAI,DIS,disgust,unspecified,,,,,,,,,,male,21
1059_TAI_FEA_XX,crema_d_1059_TAI_FEA_XX,1059_TAI_FEA_XX.wav,crema_d,1059,TAI,FEA,fear,unspecified,,,,,,,,,,male,21
1059_TAI_HAP_XX,crema_d_1059_TAI_HAP_XX,1059_TAI_HAP_XX.wav,crema_d,1059,TAI,HAP,happy,unspecified,,,16000.0,2.902875,16000.0,3.0,1.238875,,,male,21
1059_TAI_NEU_XX,crema_d_1059_TAI_NEU_XX,1059_TAI_NEU_XX.wav,crema_d,1059,TAI,NEU,neutral,unspecified,,,16000.0,2.8695625,16000.0,3.0,0.8215625,,,male,21
1059_TAI_SAD_XX,crema_d_1059_TAI_SAD_XX,1059_TAI_SAD_XX.wav,crema_d,1059,TAI,SAD,sad,unspecified,,,,,,,,,,male,21
1059_TIE_ANG_XX,crema_d_1059_TIE_ANG_XX,1059_TIE_ANG_XX.wav,crema_d,1059,TIE,ANG,anger,unspecified,,,16000.0,3.43675,16000.0,3.0,1.13275,,,male,21
1059_TIE_DIS_XX,crema_d_1059_TIE_DIS_XX,1059_TIE_DIS_XX.wav,crema_d,1059,TIE,DIS,disgust,unspecified,,,,,,,,,,male,21
1059_TIE_FEA_XX,crema_d_1059_TIE_FEA_XX,1059_TIE_FEA_XX.wav,crema_d,1059,TIE,FEA,fear,unspecified,,,,,,,,,,male,21
1059_TIE_HAP_XX,crema_d_1059_TIE_HAP_XX,1059_TIE_HAP_XX.wav,crema_d,1059,TIE,HAP,happy,unspecified,,,16000.0,3.103125,16000.0,3.0,1.631125,,,male,21
1059_TIE_NEU_XX,crema_d_1059_TIE_NEU_XX,1059_TIE_NEU_XX.wav,crema_d,1059,TIE,NEU,neutral,unspecified,,,16000.0,3.403375,16000.0,3.0,0.224,,,male,21
1059_TIE_SAD_XX,crema_d_1059_TIE_SAD_XX,1059_TIE_SAD_XX.wav,crema_d,1059,TIE,SAD,sad,unspecified,,,,,,,,,,male,21
1059_TSI_ANG_XX,crema_d_1059_TSI_ANG_XX,1059_TSI_ANG_XX.wav,crema_d,1059,TSI,ANG,anger,unspecified,,,16000.0,2.06875,16000.0,3.0,0.62875,,,male,21
1059_TSI_DIS_XX,crema_d_1059_TSI_DIS_XX,1059_TSI_DIS_XX.wav,crema_d,1059,TSI,DIS,disgust,unspecified,,,,,,,,,,male,21
1059_TSI_FEA_XX,crema_d_1059_TSI_FEA_XX,1059_TSI_FEA_XX.wav,crema_d,1059,TSI,FEA,fear,unspecified,,,,,,,,,,male,21
1059_TSI_HAP_XX,crema_d_1059_TSI_HAP_XX,1059_TSI_HAP_XX.wav,crema_d,1059,TSI,HAP,happy,unspecified,,,16000.0,2.06875,16000.0,3.0,0.75675,,,male,21
1059_TSI_NEU_XX,crema_d_1059_TSI_NEU_XX,1059_TSI_NEU_XX.wav,crema_d,1059,TSI,NEU,neutral,unspecified,,,16000.0,2.402375,16000.0,3.0,0.930375,,,male,21
1059_TSI_SAD_XX,crema_d_1059_TSI_SAD_XX,1059_TSI_SAD_XX.wav,crema_d,1059,TSI,SAD,sad,unspecified,,,,,,,,,,male,21
1059_WSI_ANG_XX,crema_d_1059_WSI_ANG_XX,1059_WSI_ANG_XX.wav,crema_d,1059,WSI,ANG,anger,unspecified,,,16000.0,2.43575,16000.0,3.0,0.86775,,,male,21
1059_WSI_DIS_XX,crema_d_1059_WSI_DIS_XX,1059_WSI_DIS_XX.wav,crema_d,1059,WSI,DIS,disgust,unspecified,,,,,,,,,,male,21
1059_WSI_FEA_XX,crema_d_1059_WSI_FEA_XX,1059_WSI_FEA_XX.wav,crema_d,1059,WSI,FEA,fear,unspecified,,,,,,,,,,male,21
1059_WSI_HAP_XX,crema_d_1059_WSI_HAP_XX,1059_WSI_HAP_XX.wav,crema_d,1059,WSI,HAP,happy,unspecified,,,16000.0,2.6693125,16000.0,3.0,1.2293125,,,male,21
1059_WSI_NEU_XX,crema_d_1059_WSI_NEU_XX,1059_WSI_NEU_XX.wav,crema_d,1059,WSI,NEU,neutral,unspecified,,,16000.0,2.2355625,16000.0,3.0,0.4435625,,,male,21
1059_WSI_SAD_XX,crema_d_1059_WSI_SAD_XX,1059_WSI_SAD_XX.wav,crema_d,1059,WSI,SAD,sad,unspecified,,,,,,,,,,male,21
1060_DFA_ANG_XX,crema_d_1060_DFA_ANG_XX,1060_DFA_ANG_XX.wav,crema_d,1060,DFA,ANG,anger,unspecified,,,16000.0,2.2021875,16000.0,3.0,0.7621875,,,female,28
1060_DFA_DIS_XX,crema_d_1060_DFA_DIS_XX,1060_DFA_DIS_XX.wav,crema_d,1060,DFA,DIS,disgust,unspecified,,,,,,,,,,female,28
1060_DFA_FEA_XX,crema_d_1060_DFA_FEA_XX,1060_DFA_FEA_XX.wav,crema_d,1060,DFA,FEA,fear,unspecified,,,,,,,,,,female,28
1060_DFA_HAP_XX,crema_d_1060_DFA_HAP_XX,1060_DFA_HAP_XX.wav,crema_d,1060,DFA,HAP,happy,unspecified,,,16000.0,2.002,16000.0,3.0,0.0,,,female,28
1060_DFA_NEU_XX,crema_d_1060_DFA_NEU_XX,1060_DFA_NEU_XX.wav,crema_d,1060,DFA,NEU,neutral,unspecified,,,16000.0,2.3023125,16000.0,3.0,0.0,,,female,28
1060_DFA_SAD_XX,crema_d_1060_DFA_SAD_XX,1060_DFA_SAD_XX.wav,crema_d,1060,DFA,SAD,sad,unspecified,,,,,,,,,,female,28
1060_IEO_ANG_HI,crema_d_1060_IEO_ANG_HI,1060_IEO_ANG_HI.wav,crema_d,1060,IEO,ANG,anger,high,,,16000.0,2.469125,16000.0,3.0,0.837125,,,female,28
1060_IEO_ANG_LO,crema_d_1060_IEO_ANG_LO,1060_IEO_ANG_LO.wav,crema_d,1060,IEO,ANG,anger,low,,,16000.0,1.8351875,16000.0,3.0,0.4911875,,,female,28
1060_IEO_ANG_MD,crema_d_1060_IEO_ANG_MD,1060_IEO_ANG_MD.wav,crema_d,1060,IEO,ANG,anger,medium,,,16000.0,2.035375,16000.0,3.0,0.755375,,,female,28
1060_IEO_DIS_HI,crema_d_1060_IEO_DIS_HI,1060_IEO_DIS_HI.wav,crema_d,1060,IEO,DIS,disgust,high,,,,,,,,,,female,28
1060_IEO_DIS_LO,crema_d_1060_IEO_DIS_LO,1060_IEO_DIS_LO.wav,crema_d,1060,IEO,DIS,disgust,low,,,,,,,,,,female,28
1060_IEO_DIS_MD,crema_d_1060_IEO_DIS_MD,1060_IEO_DIS_MD.wav,crema_d,1060,IEO,DIS,disgust,medium,,,,,,,,,,female,28
1060_IEO_FEA_HI,crema_d_1060_IEO_FEA_HI,1060_IEO_FEA_HI.wav,crema_d,1060,IEO,FEA,fear,high,,,,,,,,,,female,28
1060_IEO_FEA_LO,crema_d_1060_IEO_FEA_LO,1060_IEO_FEA_LO.wav,crema_d,1060,IEO,FEA,fear,low,,,,,,,,,,female,28
1060_IEO_FEA_MD,crema_d_1060_IEO_FEA_MD,1060_IEO_FEA_MD.wav,crema_d,1060,IEO,FEA,fear,medium,,,,,,,,,,female,28
1060_IEO_HAP_HI,crema_d_1060_IEO_HAP_HI,1060_IEO_HAP_HI.wav,crema_d,1060,IEO,HAP,happy,high,,,16000.0,2.035375,16000.0,3.0,0.147375,,,female,28
1060_IEO_HAP_LO,crema_d_1060_IEO_HAP_LO,1060_IEO_HAP_LO.wav,crema_d,1060,IEO,HAP,happy,low,,,16000.0,1.8685,16000.0,3.0,0.5885,,,female,28
1060_IEO_HAP_MD,crema_d_1060_IEO_HAP_MD,1060_IEO_HAP_MD.wav,crema_d,1060,IEO,HAP,happy,medium,,,16000.0,2.43575,16000.0,3.0,0.09975,,,female,28
1060_IEO_NEU_XX,crema_d_1060_IEO_NEU_XX,1060_IEO_NEU_XX.wav,crema_d,1060,IEO,NEU,neutral,unspecified,,,16000.0,2.602625,16000.0,3.0,0.0,,,female,28
1060_IEO_SAD_HI,crema_d_1060_IEO_SAD_HI,1060_IEO_SAD_HI.wav,crema_d,1060,IEO,SAD,sad,high,,,,,,,,,,female,28
1060_IEO_SAD_LO,crema_d_1060_IEO_SAD_LO,1060_IEO_SAD_LO.wav,crema_d,1060,IEO,SAD,sad,low,,,,,,,,,,female,28
1060_IEO_SAD_MD,crema_d_1060_IEO_SAD_MD,1060_IEO_SAD_MD.wav,crema_d,1060,IEO,SAD,sad,medium,,,,,,,,,,female,28
1060_IOM_ANG_XX,crema_d_1060_IOM_ANG_XX,1060_IOM_ANG_XX.wav,crema_d,1060,IOM,ANG,anger,unspecified,,,16000.0,2.535875,16000.0,3.0,0.871875,,,female,28
1060_IOM_DIS_XX,crema_d_1060_IOM_DIS_XX,1060_IOM_DIS_XX.wav,crema_d,1060,IOM,DIS,disgust,unspecified,,,,,,,,,,female,28
1060_IOM_FEA_XX,crema_d_1060_IOM_FEA_XX,1060_IOM_FEA_XX.wav,crema_d,1060,IOM,FEA,fear,unspecified,,,,,,,,,,female,28
1060_IOM_HAP_XX,crema_d_1060_IOM_HAP_XX,1060_IOM_HAP_XX.wav,crema_d,1060,IOM,HAP,happy,unspecified,,,16000.0,2.2826875,16000.0,3.0,0.1066875,,,female,28
1060_IOM_NEU_XX,crema_d_1060_IOM_NEU_XX,1060_IOM_NEU_XX.wav,crema_d,1060,IOM,NEU,neutral,unspecified,,,16000.0,2.102125,16000.0,3.0,0.0,,,female,28
1060_IOM_SAD_XX,crema_d_1060_IOM_SAD_XX,1060_IOM_SAD_XX.wav,crema_d,1060,IOM,SAD,sad,unspecified,,,,,,,,,,female,28
1060_ITH_ANG_XX,crema_d_1060_ITH_ANG_XX,1060_ITH_ANG_XX.wav,crema_d,1060,ITH,ANG,anger,unspecified,,,16000.0,2.6693125,16000.0,3.0,0.7493125,,,female,28
1060_ITH_DIS_XX,crema_d_1060_ITH_DIS_XX,1060_ITH_DIS_XX.wav,crema_d,1060,ITH,DIS,disgust,unspecified,,,,,,,,,,female,28
1060_ITH_FEA_XX,crema_d_1060_ITH_FEA_XX,1060_ITH_FEA_XX.wav,crema_d,1060,ITH,FEA,fear,unspecified,,,,,,,,,,female,28
1060_ITH_HAP_XX,crema_d_1060_ITH_HAP_XX,1060_ITH_HAP_XX.wav,crema_d,1060,ITH,HAP,happy,unspecified,,,16000.0,2.6693125,16000.0,3.0,0.5573125,,,female,28
1060_ITH_NEU_XX,crema_d_1060_ITH_NEU_XX,1060_ITH_NEU_XX.wav,crema_d,1060,ITH,NEU,neutral,unspecified,,,16000.0,2.7694375,16000.0,3.0,0.0,,,female,28
1060_ITH_SAD_XX,crema_d_1060_ITH_SAD_XX,1060_ITH_SAD_XX.wav,crema_d,1060,ITH,SAD,sad,unspecified,,,,,,,,,,female,28
1060_ITS_ANG_XX,crema_d_1060_ITS_ANG_XX,1060_ITS_ANG_XX.wav,crema_d,1060,ITS,ANG,anger,unspecified,,,16000.0,2.3356875,16000.0,3.0,0.6396875,,,female,28
1060_ITS_DIS_XX,crema_d_1060_ITS_DIS_XX,1060_ITS_DIS_XX.wav,crema_d,1060,ITS,DIS,disgust,unspecified,,,,,,,,,,female,28
1060_ITS_FEA_XX,crema_d_1060_ITS_FEA_XX,1060_ITS_FEA_XX.wav,crema_d,1060,ITS,FEA,fear,unspecified,,,,,,,,,,female,28
1060_ITS_HAP_XX,crema_d_1060_ITS_HAP_XX,1060_ITS_HAP_XX.wav,crema_d,1060,ITS,HAP,happy,unspecified,,,16000.0,2.2021875,16000.0,3.0,0.6021875,,,female,28
1060_ITS_NEU_XX,crema_d_1060_ITS_NEU_XX,1060_ITS_NEU_XX.wav,crema_d,1060,ITS,NEU,neutral,unspecified,,,16000.0,2.402375,16000.0,3.0,0.0,,,female,28
1060_ITS_SAD_XX,crema_d_1060_ITS_SAD_XX,1060_ITS_SAD_XX.wav,crema_d,1060,ITS,SAD,sad,unspecified,,,,,,,,,,female,28
1060_IWL_ANG_XX,crema_d_1060_IWL_ANG_XX,1060_IWL_ANG_XX.wav,crema_d,1060,IWL,ANG,anger,unspecified,,,16000.0,2.5025,16000.0,3.0,0.4865,,,female,28
1060_IWL_DIS_XX,crema_d_1060_IWL_DIS_XX,1060_IWL_DIS_XX.wav,crema_d,1060,IWL,DIS,disgust,unspecified,,,,,,,,,,female,28
1060_IWL_FEA_XX,crema_d_1060_IWL_FEA_XX,1060_IWL_FEA_XX.wav,crema_d,1060,IWL,FEA,fear,unspecified,,,,,,,,,,female,28
1060_IWL_HAP_XX,crema_d_1060_IWL_HAP_XX,1060_IWL_HAP_XX.wav,crema_d,1060,IWL,HAP,happy,unspecified,,,16000.0,3.003,16000.0,3.0,1.211,,,female,28
1060_IWL_NEU_XX,crema_d_1060_IWL_NEU_XX,1060_IWL_NEU_XX.wav,crema_d,1060,IWL,NEU,neutral,unspecified,,,16000.0,2.7694375,16000.0,3.0,0.032,,,female,28
1060_IWL_SAD_XX,crema_d_1060_IWL_SAD_XX,1060_IWL_SAD_XX.wav,crema_d,1060,IWL,SAD,sad,unspecified,,,,,,,,,,female,28
1060_IWW_ANG_XX,crema_d_1060_IWW_ANG_XX,1060_IWW_ANG_XX.wav,crema_d,1060,IWW,ANG,anger,unspecified,,,16000.0,2.1354375,16000.0,3.0,0.6954375,,,female,28
1060_IWW_DIS_XX,crema_d_1060_IWW_DIS_XX,1060_IWW_DIS_XX.wav,crema_d,1060,IWW,DIS,disgust,unspecified,,,,,,,,,,female,28
1060_IWW_FEA_XX,crema_d_1060_IWW_FEA_XX,1060_IWW_FEA_XX.wav,crema_d,1060,IWW,FEA,fear,unspecified,,,,,,,,,,female,28
1060_IWW_HAP_XX,crema_d_1060_IWW_HAP_XX,1060_IWW_HAP_XX.wav,crema_d,1060,IWW,HAP,happy,unspecified,,,16000.0,2.2689375,16000.0,3.0,0.0609375,,,female,28
1060_IWW_NEU_XX,crema_d_1060_IWW_NEU_XX,1060_IWW_NEU_XX.wav,crema_d,1060,IWW,NEU,neutral,unspecified,,,16000.0,2.002,16000.0,3.0,0.0,,,female,28
1060_IWW_SAD_XX,crema_d_1060_IWW_SAD_XX,1060_IWW_SAD_XX.wav,crema_d,1060,IWW,SAD,sad,unspecified,,,,,,,,,,female,28
1060_MTI_ANG_XX,crema_d_1060_MTI_ANG_XX,1060_MTI_ANG_XX.wav,crema_d,1060,MTI,ANG,anger,unspecified,,,16000.0,2.7026875,16000.0,3.0,0.7186875,,,female,28
1060_MTI_DIS_XX,crema_d_1060_MTI_DIS_XX,1060_MTI_DIS_XX.wav,crema_d,1060,MTI,DIS,disgust,unspecified,,,,,,,,,,female,28
1060_MTI_FEA_XX,crema_d_1060_MTI_FEA_XX,1060_MTI_FEA_XX.wav,crema_d,1060,MTI,FEA,fear,unspecified,,,,,,,,,,female,28
1060_MTI_HAP_XX,crema_d_1060_MTI_HAP_XX,1060_MTI_HAP_XX.wav,crema_d,1060,MTI,HAP,happy,unspecified,,,16000.0,3.06975,16000.0,3.0,0.92575,,,female,28
1060_MTI_NEU_XX,crema_d_1060_MTI_NEU_XX,1060_MTI_NEU_XX.wav,crema_d,1060,MTI,NEU,neutral,unspecified,,,16000.0,2.43575,16000.0,3.0,0.06775,,,female,28
1060_MTI_SAD_XX,crema_d_1060_MTI_SAD_XX,1060_MTI_SAD_XX.wav,crema_d,1060,MTI,SAD,sad,unspecified,,,,,,,,,,female,28
1060_TAI_ANG_XX,crema_d_1060_TAI_ANG_XX,1060_TAI_ANG_XX.wav,crema_d,1060,TAI,ANG,anger,unspecified,,,16000.0,2.2689375,16000.0,3.0,0.2209375,,,female,28
1060_TAI_DIS_XX,crema_d_1060_TAI_DIS_XX,1060_TAI_DIS_XX.wav,crema_d,1060,TAI,DIS,disgust,unspecified,,,,,,,,,,female,28
1060_TAI_FEA_XX,crema_d_1060_TAI_FEA_XX,1060_TAI_FEA_XX.wav,crema_d,1060,TAI,FEA,fear,unspecified,,,,,,,,,,female,28
1060_TAI_HAP_XX,crema_d_1060_TAI_HAP_XX,1060_TAI_HAP_XX.wav,crema_d,1060,TAI,HAP,happy,unspecified,,,16000.0,2.3023125,16000.0,3.0,0.6063125,,,female,28
1060_TAI_NEU_XX,crema_d_1060_TAI_NEU_XX,1060_TAI_NEU_XX.wav,crema_d,1060,TAI,NEU,neutral,unspecified,,,16000.0,2.3356875,16000.0,3.0,0.0,,,female,28
1060_TAI_SAD_XX,crema_d_1060_TAI_SAD_XX,1060_TAI_SAD_XX.wav,crema_d,1060,TAI,SAD,sad,unspecified,,,,,,,,,,female,28
1060_TIE_ANG_XX,crema_d_1060_TIE_ANG_XX,1060_TIE_ANG_XX.wav,crema_d,1060,TIE,ANG,anger,unspecified,,,16000.0,2.969625,16000.0,3.0,1.369625,,,female,28
1060_TIE_DIS_XX,crema_d_1060_TIE_DIS_XX,1060_TIE_DIS_XX.wav,crema_d,1060,TIE,DIS,disgust,unspecified,,,,,,,,,,female,28
1060_TIE_FEA_XX,crema_d_1060_TIE_FEA_XX,1060_TIE_FEA_XX.wav,crema_d,1060,TIE,FEA,fear,unspecified,,,,,,,,,,female,28
1060_TIE_HAP_XX,crema_d_1060_TIE_HAP_XX,1060_TIE_HAP_XX.wav,crema_d,1060,TIE,HAP,happy,unspecified,,,16000.0,3.036375,16000.0,3.0,0.032,,,female,28
1060_TIE_NEU_XX,crema_d_1060_TIE_NEU_XX,1060_TIE_NEU_XX.wav,crema_d,1060,TIE,NEU,neutral,unspecified,,,16000.0,3.5035,16000.0,3.0,0.0,,,female,28
1060_TIE_SAD_XX,crema_d_1060_TIE_SAD_XX,1060_TIE_SAD_XX.wav,crema_d,1060,TIE,SAD,sad,unspecified,,,,,,,,,,female,28
1060_TSI_ANG_XX,crema_d_1060_TSI_ANG_XX,1060_TSI_ANG_XX.wav,crema_d,1060,TSI,ANG,anger,unspecified,,,16000.0,2.2021875,16000.0,3.0,0.7301875,,,female,28
1060_TSI_DIS_XX,crema_d_1060_TSI_DIS_XX,1060_TSI_DIS_XX.wav,crema_d,1060,TSI,DIS,disgust,unspecified,,,,,,,,,,female,28
1060_TSI_FEA_XX,crema_d_1060_TSI_FEA_XX,1060_TSI_FEA_XX.wav,crema_d,1060,TSI,FEA,fear,unspecified,,,,,,,,,,female,28
1060_TSI_HAP_XX,crema_d_1060_TSI_HAP_XX,1060_TSI_HAP_XX.wav,crema_d,1060,TSI,HAP,happy,unspecified,,,16000.0,2.002,16000.0,3.0,0.658,,,female,28
1060_TSI_NEU_XX,crema_d_1060_TSI_NEU_XX,1060_TSI_NEU_XX.wav,crema_d,1060,TSI,NEU,neutral,unspecified,,,16000.0,2.5025,16000.0,3.0,0.0,,,female,28
1060_TSI_SAD_XX,crema_d_1060_TSI_SAD_XX,1060_TSI_SAD_XX.wav,crema_d,1060,TSI,SAD,sad,unspecified,,,,,,,,,,female,28
1060_WSI_ANG_XX,crema_d_1060_WSI_ANG_XX,1060_WSI_ANG_XX.wav,crema_d,1060,WSI,ANG,anger,unspecified,,,16000.0,2.535875,16000.0,3.0,0.903875,,,female,28
1060_WSI_DIS_XX,crema_d_1060_WSI_DIS_XX,1060_WSI_DIS_XX.wav,crema_d,1060,WSI,DIS,disgust,unspecified,,,,,,,,,,female,28
1060_WSI_FEA_XX,crema_d_1060_WSI_FEA_XX,1060_WSI_FEA_XX.wav,crema_d,1060,WSI,FEA,fear,unspecified,,,,,,,,,,female,28
1060_WSI_HAP_XX,crema_d_1060_WSI_HAP_XX,1060_WSI_HAP_XX.wav,crema_d,1060,WSI,HAP,happy,unspecified,,,16000.0,2.2826875,16000.0,3.0,0.8426875,,,female,28
1060_WSI_NEU_XX,crema_d_1060_WSI_NEU_XX,1060_WSI_NEU_XX.wav,crema_d,1060,WSI,NEU,neutral,unspecified,,,16000.0,2.2021875,16000.0,3.0,0.0,,,female,28
1060_WSI_SAD_XX,crema_d_1060_WSI_SAD_XX,1060_WSI_SAD_XX.wav,crema_d,1060,WSI,SAD,sad,unspecified,,,,,,,,,,female,28
1061_DFA_ANG_XX,crema_d_1061_DFA_ANG_XX,1061_DFA_ANG_XX.wav,crema_d,1061,DFA,ANG,anger,unspecified,,,16000.0,2.2689375,16000.0,3.0,0.8609375,,,female,51
1061_DFA_DIS_XX,crema_d_1061_DFA_DIS_XX,1061_DFA_DIS_XX.wav,crema_d,1061,DFA,DIS,disgust,unspecified,,,,,,,,,,female,51
1061_DFA_FEA_XX,crema_d_1061_DFA_FEA_XX,1061_DFA_FEA_XX.wav,crema_d,1061,DFA,FEA,fear,unspecified,,,,,,,,,,female,51
1061_DFA_HAP_XX,crema_d_1061_DFA_HAP_XX,1061_DFA_HAP_XX.wav,crema_d,1061,DFA,HAP,happy,unspecified,,,16000.0,1.8018125,16000.0,3.0,0.2338125,,,female,51
1061_DFA_NEU_XX,crema_d_1061_DFA_NEU_XX,1061_DFA_NEU_XX.wav,crema_d,1061,DFA,NEU,neutral,unspecified,,,16000.0,1.968625,16000.0,3.0,0.080625,,,female,51
1061_DFA_SAD_XX,crema_d_1061_DFA_SAD_XX,1061_DFA_SAD_XX.wav,crema_d,1061,DFA,SAD,sad,unspecified,,,,,,,,,,female,51
1061_IEO_ANG_HI,crema_d_1061_IEO_ANG_HI,1061_IEO_ANG_HI.wav,crema_d,1061,IEO,ANG,anger,high,,,16000.0,1.968625,16000.0,3.0,0.624625,,,female,51
1061_IEO_ANG_LO,crema_d_1061_IEO_ANG_LO,1061_IEO_ANG_LO.wav,crema_d,1061,IEO,ANG,anger,low,,,16000.0,1.8685,16000.0,3.0,0.7485,,,female,51
1061_IEO_ANG_MD,crema_d_1061_IEO_ANG_MD,1061_IEO_ANG_MD.wav,crema_d,1061,IEO,ANG,anger,medium,,,16000.0,2.369,16000.0,3.0,0.929,,,female,51
1061_IEO_DIS_HI,crema_d_1061_IEO_DIS_HI,1061_IEO_DIS_HI.wav,crema_d,1061,IEO,DIS,disgust,high,,,,,,,,,,female,51
1061_IEO_DIS_LO,crema_d_1061_IEO_DIS_LO,1061_IEO_DIS_LO.wav,crema_d,1061,IEO,DIS,disgust,low,,,,,,,,,,female,51
1061_IEO_DIS_MD,crema_d_1061_IEO_DIS_MD,1061_IEO_DIS_MD.wav,crema_d,1061,IEO,DIS,disgust,medium,,,,,,,,,,female,51
1061_IEO_FEA_HI,crema_d_1061_IEO_FEA_HI,1061_IEO_FEA_HI.wav,crema_d,1061,IEO,FEA,fear,high,,,,,,,,,,female,51
1061_IEO_FEA_LO,crema_d_1061_IEO_FEA_LO,1061_IEO_FEA_LO.wav,crema_d,1061,IEO,FEA,fear,low,,,,,,,,,,female,51
1061_IEO_FEA_MD,crema_d_1061_IEO_FEA_MD,1061_IEO_FEA_MD.wav,crema_d,1061,IEO,FEA,fear,medium,,,,,,,,,,female,51
1061_IEO_HAP_HI,crema_d_1061_IEO_HAP_HI,1061_IEO_HAP_HI.wav,crema_d,1061,IEO,HAP,happy,high,,,16000.0,1.601625,16000.0,3.0,0.801625,,,female,51
1061_IEO_HAP_LO,crema_d_1061_IEO_HAP_LO,1061_IEO_HAP_LO.wav,crema_d,1061,IEO,HAP,happy,low,,,16000.0,1.7684375,16000.0,3.0,0.6484375,,,female,51
1061_IEO_HAP_MD,crema_d_1061_IEO_HAP_MD,1061_IEO_HAP_MD.wav,crema_d,1061,IEO,HAP,happy,medium,,,16000.0,2.102125,16000.0,3.0,0.032,,,female,51
1061_IEO_NEU_XX,crema_d_1061_IEO_NEU_XX,1061_IEO_NEU_XX.wav,crema_d,1061,IEO,NEU,neutral,unspecified,,,16000.0,2.3356875,16000.0,3.0,0.0,,,female,51
1061_IEO_SAD_HI,crema_d_1061_IEO_SAD_HI,1061_IEO_SAD_HI.wav,crema_d,1061,IEO,SAD,sad,high,,,,,,,,,,female,51
1061_IEO_SAD_LO,crema_d_1061_IEO_SAD_LO,1061_IEO_SAD_LO.wav,crema_d,1061,IEO,SAD,sad,low,,,,,,,,,,female,51
1061_IEO_SAD_MD,crema_d_1061_IEO_SAD_MD,1061_IEO_SAD_MD.wav,crema_d,1061,IEO,SAD,sad,medium,,,,,,,,,,female,51
1061_IOM_ANG_XX,crema_d_1061_IOM_ANG_XX,1061_IOM_ANG_XX.wav,crema_d,1061,IOM,ANG,anger,unspecified,,,16000.0,2.56925,16000.0,3.0,0.58525,,,female,51
1061_IOM_DIS_XX,crema_d_1061_IOM_DIS_XX,1061_IOM_DIS_XX.wav,crema_d,1061,IOM,DIS,disgust,unspecified,,,,,,,,,,female,51
1061_IOM_FEA_XX,crema_d_1061_IOM_FEA_XX,1061_IOM_FEA_XX.wav,crema_d,1061,IOM,FEA,fear,unspecified,,,,,,,,,,female,51
1061_IOM_HAP_XX,crema_d_1061_IOM_HAP_XX,1061_IOM_HAP_XX.wav,crema_d,1061,IOM,HAP,happy,unspecified,,,16000.0,1.93525,16000.0,3.0,0.07925,,,female,51
1061_IOM_NEU_XX,crema_d_1061_IOM_NEU_XX,1061_IOM_NEU_XX.wav,crema_d,1061,IOM,NEU,neutral,unspecified,,,16000.0,1.968625,16000.0,3.0,0.0,,,female,51
1061_IOM_SAD_XX,crema_d_1061_IOM_SAD_XX,1061_IOM_SAD_XX.wav,crema_d,1061,IOM,SAD,sad,unspecified,,,,,,,,,,female,51
1061_ITH_ANG_XX,crema_d_1061_ITH_ANG_XX,1061_ITH_ANG_XX.wav,crema_d,1061,ITH,ANG,anger,unspecified,,,16000.0,3.036375,16000.0,3.0,0.828375,,,female,51
1061_ITH_DIS_XX,crema_d_1061_ITH_DIS_XX,1061_ITH_DIS_XX.wav,crema_d,1061,ITH,DIS,disgust,unspecified,,,,,,,,,,female,51
1061_ITH_FEA_XX,crema_d_1061_ITH_FEA_XX,1061_ITH_FEA_XX.wav,crema_d,1061,ITH,FEA,fear,unspecified,,,,,,,,,,female,51
1061_ITH_HAP_XX,crema_d_1061_ITH_HAP_XX,1061_ITH_HAP_XX.wav,crema_d,1061,ITH,HAP,happy,unspecified,,,16000.0,2.2826875,16000.0,3.0,0.032,,,female,51
1061_ITH_NEU_XX,crema_d_1061_ITH_NEU_XX,1061_ITH_NEU_XX.wav,crema_d,1061,ITH,NEU,neutral,unspecified,,,16000.0,3.06975,16000.0,3.0,0.0,,,female,51
1061_ITH_SAD_XX,crema_d_1061_ITH_SAD_XX,1061_ITH_SAD_XX.wav,crema_d,1061,ITH,SAD,sad,unspecified,,,,,,,,,,female,51
1061_ITS_ANG_XX,crema_d_1061_ITS_ANG_XX,1061_ITS_ANG_XX.wav,crema_d,1061,ITS,ANG,anger,unspecified,,,16000.0,2.3690625,16000.0,3.0,0.5770625,,,female,51
1061_ITS_DIS_XX,crema_d_1061_ITS_DIS_XX,1061_ITS_DIS_XX.wav,crema_d,1061,ITS,DIS,disgust,unspecified,,,,,,,,,,female,51
1061_ITS_FEA_XX,crema_d_1061_ITS_FEA_XX,1061_ITS_FEA_XX.wav,crema_d,1061,ITS,FEA,fear,unspecified,,,,,,,,,,female,51
1061_ITS_HAP_XX,crema_d_1061_ITS_HAP_XX,1061_ITS_HAP_XX.wav,crema_d,1061,ITS,HAP,happy,unspecified,,,16000.0,2.93625,16000.0,3.0,1.20825,,,female,51
1061_ITS_NEU_XX,crema_d_1061_ITS_NEU_XX,1061_ITS_NEU_XX.wav,crema_d,1061,ITS,NEU,neutral,unspecified,,,16000.0,2.2021875,16000.0,3.0,0.0581875,,,female,51
1061_ITS_SAD_XX,crema_d_1061_ITS_SAD_XX,1061_ITS_SAD_XX.wav,crema_d,1061,ITS,SAD,sad,unspecified,,,,,,,,,,female,51
1061_IWL_ANG_XX,crema_d_1061_IWL_ANG_XX,1061_IWL_ANG_XX.wav,crema_d,1061,IWL,ANG,anger,unspecified,,,16000.0,3.2365625,16000.0,3.0,0.9005625,,,female,51
1061_IWL_DIS_XX,crema_d_1061_IWL_DIS_XX,1061_IWL_DIS_XX.wav,crema_d,1061,IWL,DIS,disgust,unspecified,,,,,,,,,,female,51
1061_IWL_FEA_XX,crema_d_1061_IWL_FEA_XX,1061_IWL_FEA_XX.wav,crema_d,1061,IWL,FEA,fear,unspecified,,,,,,,,,,female,51
1061_IWL_HAP_XX,crema_d_1061_IWL_HAP_XX,1061_IWL_HAP_XX.wav,crema_d,1061,IWL,HAP,happy,unspecified,,,16000.0,2.3356875,16000.0,3.0,0.0316875,,,female,51
1061_IWL_NEU_XX,crema_d_1061_IWL_NEU_XX,1061_IWL_NEU_XX.wav,crema_d,1061,IWL,NEU,neutral,unspecified,,,16000.0,2.3023125,16000.0,3.0,0.5423125,,,female,51
1061_IWL_SAD_XX,crema_d_1061_IWL_SAD_XX,1061_IWL_SAD_XX.wav,crema_d,1061,IWL,SAD,sad,unspecified,,,,,,,,,,female,51
1061_IWW_ANG_XX,crema_d_1061_IWW_ANG_XX,1061_IWW_ANG_XX.wav,crema_d,1061,IWW,ANG,anger,unspecified,,,16000.0,2.3023125,16000.0,3.0,0.9903125,,,female,51
1061_IWW_DIS_XX,crema_d_1061_IWW_DIS_XX,1061_IWW_DIS_XX.wav,crema_d,1061,IWW,DIS,disgust,unspecified,,,,,,,,,,female,51
1061_IWW_FEA_XX,crema_d_1061_IWW_FEA_XX,1061_IWW_FEA_XX.wav,crema_d,1061,IWW,FEA,fear,unspecified,,,,,,,,,,female,51
1061_IWW_HAP_XX,crema_d_1061_IWW_HAP_XX,1061_IWW_HAP_XX.wav,crema_d,1061,IWW,HAP,happy,unspecified,,,16000.0,2.2021875,16000.0,3.0,0.7621875,,,female,51
1061_IWW_NEU_XX,crema_d_1061_IWW_NEU_XX,1061_IWW_NEU_XX.wav,crema_d,1061,IWW,NEU,neutral,unspecified,,,16000.0,2.43575,16000.0,3.0,0.00375,,,female,51
1061_IWW_SAD_XX,crema_d_1061_IWW_SAD_XX,1061_IWW_SAD_XX.wav,crema_d,1061,IWW,SAD,sad,unspecified,,,,,,,,,,female,51
1061_MTI_ANG_XX,crema_d_1061_MTI_ANG_XX,1061_MTI_ANG_XX.wav,crema_d,1061,MTI,ANG,anger,unspecified,,,16000.0,3.8705625,16000.0,3.0,1.3425625,,,female,51
1061_MTI_DIS_XX,crema_d_1061_MTI_DIS_XX,1061_MTI_DIS_XX.wav,crema_d,1061,MTI,DIS,disgust,unspecified,,,,,,,,,,female,51
1061_MTI_FEA_XX,crema_d_1061_MTI_FEA_XX,1061_MTI_FEA_XX.wav,crema_d,1061,MTI,FEA,fear,unspecified,,,,,,,,,,female,51
1061_MTI_HAP_XX,crema_d_1061_MTI_HAP_XX,1061_MTI_HAP_XX.wav,crema_d,1061,MTI,HAP,happy,unspecified,,,16000.0,2.3690625,16000.0,3.0,0.3850625,,,female,51
1061_MTI_NEU_XX,crema_d_1061_MTI_NEU_XX,1061_MTI_NEU_XX.wav,crema_d,1061,MTI,NEU,neutral,unspecified,,,16000.0,2.7360625,16000.0,3.0,0.0,,,female,51
1061_MTI_SAD_XX,crema_d_1061_MTI_SAD_XX,1061_MTI_SAD_XX.wav,crema_d,1061,MTI,SAD,sad,unspecified,,,,,,,,,,female,51
1061_TAI_ANG_XX,crema_d_1061_TAI_ANG_XX,1061_TAI_ANG_XX.wav,crema_d,1061,TAI,ANG,anger,unspecified,,,16000.0,2.1688125,16000.0,3.0,0.5048125,,,female,51
1061_TAI_DIS_XX,crema_d_1061_TAI_DIS_XX,1061_TAI_DIS_XX.wav,crema_d,1061,TAI,DIS,disgust,unspecified,,,,,,,,,,female,51
1061_TAI_FEA_XX,crema_d_1061_TAI_FEA_XX,1061_TAI_FEA_XX.wav,crema_d,1061,TAI,FEA,fear,unspecified,,,,,,,,,,female,51
1061_TAI_HAP_XX,crema_d_1061_TAI_HAP_XX,1061_TAI_HAP_XX.wav,crema_d,1061,TAI,HAP,happy,unspecified,,,16000.0,2.5025,16000.0,3.0,0.7745,,,female,51
1061_TAI_NEU_XX,crema_d_1061_TAI_NEU_XX,1061_TAI_NEU_XX.wav,crema_d,1061,TAI,NEU,neutral,unspecified,,,16000.0,3.06975,16000.0,3.0,0.064,,,female,51
1061_TAI_SAD_XX,crema_d_1061_TAI_SAD_XX,1061_TAI_SAD_XX.wav,crema_d,1061,TAI,SAD,sad,unspecified,,,,,,,,,,female,51
1061_TIE_ANG_XX,crema_d_1061_TIE_ANG_XX,1061_TIE_ANG_XX.wav,crema_d,1061,TIE,ANG,anger,unspecified,,,16000.0,2.8028125,16000.0,3.0,1.4268125,,,female,51
1061_TIE_DIS_XX,crema_d_1061_TIE_DIS_XX,1061_TIE_DIS_XX.wav,crema_d,1061,TIE,DIS,disgust,unspecified,,,,,,,,,,female,51
1061_TIE_FEA_XX,crema_d_1061_TIE_FEA_XX,1061_TIE_FEA_XX.wav,crema_d,1061,TIE,FEA,fear,unspecified,,,,,,,,,,female,51
1061_TIE_HAP_XX,crema_d_1061_TIE_HAP_XX,1061_TIE_HAP_XX.wav,crema_d,1061,TIE,HAP,happy,unspecified,,,16000.0,2.969625,16000.0,3.0,0.0,,,female,51
1061_TIE_NEU_XX,crema_d_1061_TIE_NEU_XX,1061_TIE_NEU_XX.wav,crema_d,1061,TIE,NEU,neutral,unspecified,,,16000.0,2.43575,16000.0,3.0,0.0,,,female,51
1061_TIE_SAD_XX,crema_d_1061_TIE_SAD_XX,1061_TIE_SAD_XX.wav,crema_d,1061,TIE,SAD,sad,unspecified,,,,,,,,,,female,51
1061_TSI_ANG_XX,crema_d_1061_TSI_ANG_XX,1061_TSI_ANG_XX.wav,crema_d,1061,TSI,ANG,anger,unspecified,,,16000.0,2.3356875,16000.0,3.0,0.8316875,,,female,51
1061_TSI_DIS_XX,crema_d_1061_TSI_DIS_XX,1061_TSI_DIS_XX.wav,crema_d,1061,TSI,DIS,disgust,unspecified,,,,,,,,,,female,51
1061_TSI_FEA_XX,crema_d_1061_TSI_FEA_XX,1061_TSI_FEA_XX.wav,crema_d,1061,TSI,FEA,fear,unspecified,,,,,,,,,,female,51
1061_TSI_HAP_XX,crema_d_1061_TSI_HAP_XX,1061_TSI_HAP_XX.wav,crema_d,1061,TSI,HAP,happy,unspecified,,,16000.0,2.1354375,16000.0,3.0,0.064,,,female,51
1061_TSI_NEU_XX,crema_d_1061_TSI_NEU_XX,1061_TSI_NEU_XX.wav,crema_d,1061,TSI,NEU,neutral,unspecified,,,16000.0,2.2021875,16000.0,3.0,0.0,,,female,51
1061_TSI_SAD_XX,crema_d_1061_TSI_SAD_XX,1061_TSI_SAD_XX.wav,crema_d,1061,TSI,SAD,sad,unspecified,,,,,,,,,,female,51
1061_WSI_ANG_XX,crema_d_1061_WSI_ANG_XX,1061_WSI_ANG_XX.wav,crema_d,1061,WSI,ANG,anger,unspecified,,,16000.0,2.5025,16000.0,3.0,0.6785,,,female,51
1061_WSI_DIS_XX,crema_d_1061_WSI_DIS_XX,1061_WSI_DIS_XX.wav,crema_d,1061,WSI,DIS,disgust,unspecified,,,,,,,,,,female,51
1061_WSI_FEA_XX,crema_d_1061_WSI_FEA_XX,1061_WSI_FEA_XX.wav,crema_d,1061,WSI,FEA,fear,unspecified,,,,,,,,,,female,51
1061_WSI_HAP_XX,crema_d_1061_WSI_HAP_XX,1061_WSI_HAP_XX.wav,crema_d,1061,WSI,HAP,happy,unspecified,,,16000.0,2.3690625,16000.0,3.0,0.2250625,,,female,51
1061_WSI_NEU_XX,crema_d_1061_WSI_NEU_XX,1061_WSI_NEU_XX.wav,crema_d,1061,WSI,NEU,neutral,unspecified,,,16000.0,2.5025,16000.0,3.0,0.0065,,,female,51
1061_WSI_SAD_XX,crema_d_1061_WSI_SAD_XX,1061_WSI_SAD_XX.wav,crema_d,1061,WSI,SAD,sad,unspecified,,,,,,,,,,female,51
1062_DFA_ANG_XX,crema_d_1062_DFA_ANG_XX,1062_DFA_ANG_XX.wav,crema_d,1062,DFA,ANG,anger,unspecified,,,16000.0,1.7016875,16000.0,3.0,0.5816875,,,male,56
1062_DFA_DIS_XX,crema_d_1062_DFA_DIS_XX,1062_DFA_DIS_XX.wav,crema_d,1062,DFA,DIS,disgust,unspecified,,,,,,,,,,male,56
1062_DFA_FEA_XX,crema_d_1062_DFA_FEA_XX,1062_DFA_FEA_XX.wav,crema_d,1062,DFA,FEA,fear,unspecified,,,,,,,,,,male,56
1062_DFA_HAP_XX,crema_d_1062_DFA_HAP_XX,1062_DFA_HAP_XX.wav,crema_d,1062,DFA,HAP,happy,unspecified,,,16000.0,1.5015,16000.0,3.0,0.4775,,,male,56
1062_DFA_NEU_XX,crema_d_1062_DFA_NEU_XX,1062_DFA_NEU_XX.wav,crema_d,1062,DFA,NEU,neutral,unspecified,,,16000.0,2.035375,16000.0,3.0,0.915375,,,male,56
1062_DFA_SAD_XX,crema_d_1062_DFA_SAD_XX,1062_DFA_SAD_XX.wav,crema_d,1062,DFA,SAD,sad,unspecified,,,,,,,,,,male,56
1062_IEO_ANG_HI,crema_d_1062_IEO_ANG_HI,1062_IEO_ANG_HI.wav,crema_d,1062,IEO,ANG,anger,high,,,16000.0,2.3690625,16000.0,3.0,1.1210625,,,male,56
1062_IEO_ANG_LO,crema_d_1062_IEO_ANG_LO,1062_IEO_ANG_LO.wav,crema_d,1062,IEO,ANG,anger,low,,,16000.0,2.102125,16000.0,3.0,0.982125,,,male,56
1062_IEO_ANG_MD,crema_d_1062_IEO_ANG_MD,1062_IEO_ANG_MD.wav,crema_d,1062,IEO,ANG,anger,medium,,,16000.0,2.06875,16000.0,3.0,1.01275,,,male,56
1062_IEO_DIS_HI,crema_d_1062_IEO_DIS_HI,1062_IEO_DIS_HI.wav,crema_d,1062,IEO,DIS,disgust,high,,,,,,,,,,male,56
1062_IEO_DIS_LO,crema_d_1062_IEO_DIS_LO,1062_IEO_DIS_LO.wav,crema_d,1062,IEO,DIS,disgust,low,,,,,,,,,,male,56
1062_IEO_DIS_MD,crema_d_1062_IEO_DIS_MD,1062_IEO_DIS_MD.wav,crema_d,1062,IEO,DIS,disgust,medium,,,,,,,,,,male,56
1062_IEO_FEA_HI,crema_d_1062_IEO_FEA_HI,1062_IEO_FEA_HI.wav,crema_d,1062,IEO,FEA,fear,high,,,,,,,,,,male,56
1062_IEO_FEA_LO,crema_d_1062_IEO_FEA_LO,1062_IEO_FEA_LO.wav,crema_d,1062,IEO,FEA,fear,low,,,,,,,,,,male,56
1062_IEO_FEA_MD,crema_d_1062_IEO_FEA_MD,1062_IEO_FEA_MD.wav,crema_d,1062,IEO,FEA,fear,medium,,,,,,,,,,male,56
1062_IEO_HAP_HI,crema_d_1062_IEO_HAP_HI,1062_IEO_HAP_HI.wav,crema_d,1062,IEO,HAP,happy,high,,,16000.0,2.035375,16000.0,3.0,0.851375,,,male,56
1062_IEO_HAP_LO,crema_d_1062_IEO_HAP_LO,1062_IEO_HAP_LO.wav,crema_d,1062,IEO,HAP,happy,low,,,16000.0,1.968625,16000.0,3.0,0.176625,,,male,56
1062_IEO_HAP_MD,crema_d_1062_IEO_HAP_MD,1062_IEO_HAP_MD.wav,crema_d,1062,IEO,HAP,happy,medium,,,16000.0,2.1688125,16000.0,3.0,0.9208125,,,male,56
1062_IEO_NEU_XX,crema_d_1062_IEO_NEU_XX,1062_IEO_NEU_XX.wav,crema_d,1062,IEO,NEU,neutral,unspecified,,,16000.0,2.1354375,16000.0,3.0,1.0154375,,,male,56
1062_IEO_SAD_HI,crema_d_1062_IEO_SAD_HI,1062_IEO_SAD_HI.wav,crema_d,1062,IEO,SAD,sad,high,,,,,,,,,,male,56
1062_IEO_SAD_LO,crema_d_1062_IEO_SAD_LO,1062_IEO_SAD_LO.wav,crema_d,1062,IEO,SAD,sad,low,,,,,,,,,,male,56
1062_IEO_SAD_MD,crema_d_1062_IEO_SAD_MD,1062_IEO_SAD_MD.wav,crema_d,1062,IEO,SAD,sad,medium,,,,,,,,,,male,56
1062_IOM_ANG_XX,crema_d_1062_IOM_ANG_XX,1062_IOM_ANG_XX.wav,crema_d,1062,IOM,ANG,anger,unspecified,,,16000.0,1.8018125,16000.0,3.0,0.4578125,,,male,56
1062_IOM_DIS_XX,crema_d_1062_IOM_DIS_XX,1062_IOM_DIS_XX.wav,crema_d,1062,IOM,DIS,disgust,unspecified,,,,,,,,,,male,56
1062_IOM_FEA_XX,crema_d_1062_IOM_FEA_XX,1062_IOM_FEA_XX.wav,crema_d,1062,IOM,FEA,fear,unspecified,,,,,,,,,,male,56
1062_IOM_HAP_XX,crema_d_1062_IOM_HAP_XX,1062_IOM_HAP_XX.wav,crema_d,1062,IOM,HAP,happy,unspecified,,,16000.0,1.7684375,16000.0,3.0,0.5844375,,,male,56
1062_IOM_NEU_XX,crema_d_1062_IOM_NEU_XX,1062_IOM_NEU_XX.wav,crema_d,1062,IOM,NEU,neutral,unspecified,,,16000.0,2.102125,16000.0,3.0,0.662125,,,male,56
1062_IOM_SAD_XX,crema_d_1062_IOM_SAD_XX,1062_IOM_SAD_XX.wav,crema_d,1062,IOM,SAD,sad,unspecified,,,,,,,,,,male,56
1062_ITH_ANG_XX,crema_d_1062_ITH_ANG_XX,1062_ITH_ANG_XX.wav,crema_d,1062,ITH,ANG,anger,unspecified,,,16000.0,2.7694375,16000.0,3.0,1.2014375,,,male,56
1062_ITH_DIS_XX,crema_d_1062_ITH_DIS_XX,1062_ITH_DIS_XX.wav,crema_d,1062,ITH,DIS,disgust,unspecified,,,,,,,,,,male,56
1062_ITH_FEA_XX,crema_d_1062_ITH_FEA_XX,1062_ITH_FEA_XX.wav,crema_d,1062,ITH,FEA,fear,unspecified,,,,,,,,,,male,56
1062_ITH_HAP_XX,crema_d_1062_ITH_HAP_XX,1062_ITH_HAP_XX.wav,crema_d,1062,ITH,HAP,happy,unspecified,,,16000.0,2.2021875,16000.0,3.0,0.6981875,,,male,56
1062_ITH_NEU_XX,crema_d_1062_ITH_NEU_XX,1062_ITH_NEU_XX.wav,crema_d,1062,ITH,NEU,neutral,unspecified,,,16000.0,2.7360625,16000.0,3.0,0.8480625,,,male,56
1062_ITH_SAD_XX,crema_d_1062_ITH_SAD_XX,1062_ITH_SAD_XX.wav,crema_d,1062,ITH,SAD,sad,unspecified,,,,,,,,,,male,56
1062_ITS_ANG_XX,crema_d_1062_ITS_ANG_XX,1062_ITS_ANG_XX.wav,crema_d,1062,ITS,ANG,anger,unspecified,,,16000.0,2.2689375,16000.0,3.0,0.7649375,,,male,56
1062_ITS_DIS_XX,crema_d_1062_ITS_DIS_XX,1062_ITS_DIS_XX.wav,crema_d,1062,ITS,DIS,disgust,unspecified,,,,,,,,,,male,56
1062_ITS_FEA_XX,crema_d_1062_ITS_FEA_XX,1062_ITS_FEA_XX.wav,crema_d,1062,ITS,FEA,fear,unspecified,,,,,,,,,,male,56
1062_ITS_HAP_XX,crema_d_1062_ITS_HAP_XX,1062_ITS_HAP_XX.wav,crema_d,1062,ITS,HAP,happy,unspecified,,,16000.0,2.06875,16000.0,3.0,0.56475,,,male,56
1062_ITS_NEU_XX,crema_d_1062_ITS_NEU_XX,1062_ITS_NEU_XX.wav,crema_d,1062,ITS,NEU,neutral,unspecified,,,16000.0,2.3356875,16000.0,3.0,0.7676875,,,male,56
1062_ITS_SAD_XX,crema_d_1062_ITS_SAD_XX,1062_ITS_SAD_XX.wav,crema_d,1062,ITS,SAD,sad,unspecified,,,,,,,,,,male,56
1062_IWL_ANG_XX,crema_d_1062_IWL_ANG_XX,1062_IWL_ANG_XX.wav,crema_d,1062,IWL,ANG,anger,unspecified,,,16000.0,2.469125,16000.0,3.0,0.933125,,,male,56
1062_IWL_DIS_XX,crema_d_1062_IWL_DIS_XX,1062_IWL_DIS_XX.wav,crema_d,1062,IWL,DIS,disgust,unspecified,,,,,,,,,,male,56
1062_IWL_FEA_XX,crema_d_1062_IWL_FEA_XX,1062_IWL_FEA_XX.wav,crema_d,1062,IWL,FEA,fear,unspecified,,,,,,,,,,male,56
1062_IWL_HAP_XX,crema_d_1062_IWL_HAP_XX,1062_IWL_HAP_XX.wav,crema_d,1062,IWL,HAP,happy,unspecified,,,16000.0,2.002,16000.0,3.0,0.69,,,male,56
1062_IWL_NEU_XX,crema_d_1062_IWL_NEU_XX,1062_IWL_NEU_XX.wav,crema_d,1062,IWL,NEU,neutral,unspecified,,,16000.0,2.43575,16000.0,3.0,0.77175,,,male,56
1062_IWL_SAD_XX,crema_d_1062_IWL_SAD_XX,1062_IWL_SAD_XX.wav,crema_d,1062,IWL,SAD,sad,unspecified,,,,,,,,,,male,56
1062_IWW_ANG_XX,crema_d_1062_IWW_ANG_XX,1062_IWW_ANG_XX.wav,crema_d,1062,IWW,ANG,anger,unspecified,,,16000.0,1.6349375,16000.0,3.0,0.3869375,,,male,56
1062_IWW_DIS_XX,crema_d_1062_IWW_DIS_XX,1062_IWW_DIS_XX.wav,crema_d,1062,IWW,DIS,disgust,unspecified,,,,,,,,,,male,56
1062_IWW_FEA_XX,crema_d_1062_IWW_FEA_XX,1062_IWW_FEA_XX.wav,crema_d,1062,IWW,FEA,fear,unspecified,,,,,,,,,,male,56
1062_IWW_HAP_XX,crema_d_1062_IWW_HAP_XX,1062_IWW_HAP_XX.wav,crema_d,1062,IWW,HAP,happy,unspecified,,,16000.0,1.901875,16000.0,3.0,0.397875,,,male,56
1062_IWW_NEU_XX,crema_d_1062_IWW_NEU_XX,1062_IWW_NEU_XX.wav,crema_d,1062,IWW,NEU,neutral,unspecified,,,16000.0,1.8685625,16000.0,3.0,0.4605625,,,male,56
1062_IWW_SAD_XX,crema_d_1062_IWW_SAD_XX,1062_IWW_SAD_XX.wav,crema_d,1062,IWW,SAD,sad,unspecified,,,,,,,,,,male,56
1062_MTI_ANG_XX,crema_d_1062_MTI_ANG_XX,1062_MTI_ANG_XX.wav,crema_d,1062,MTI,ANG,anger,unspecified,,,16000.0,2.2826875,16000.0,3.0,0.7466875,,,male,56
1062_MTI_DIS_XX,crema_d_1062_MTI_DIS_XX,1062_MTI_DIS_XX.wav,crema_d,1062,MTI,DIS,disgust,unspecified,,,,,,,,,,male,56
1062_MTI_FEA_XX,crema_d_1062_MTI_FEA_XX,1062_MTI_FEA_XX.wav,crema_d,1062,MTI,FEA,fear,unspecified,,,,,,,,,,male,56
1062_MTI_HAP_XX,crema_d_1062_MTI_HAP_XX,1062_MTI_HAP_XX.wav,crema_d,1062,MTI,HAP,happy,unspecified,,,16000.0,2.102125,16000.0,3.0,0.598125,,,male,56
1062_MTI_NEU_XX,crema_d_1062_MTI_NEU_XX,1062_MTI_NEU_XX.wav,crema_d,1062,MTI,NEU,neutral,unspecified,,,16000.0,2.6359375,16000.0,3.0,0.7479375,,,male,56
1062_MTI_SAD_XX,crema_d_1062_MTI_SAD_XX,1062_MTI_SAD_XX.wav,crema_d,1062,MTI,SAD,sad,unspecified,,,,,,,,,,male,56
1062_TAI_ANG_XX,crema_d_1062_TAI_ANG_XX,1062_TAI_ANG_XX.wav,crema_d,1062,TAI,ANG,anger,unspecified,,,16000.0,2.035375,16000.0,3.0,0.499375,,,male,56
1062_TAI_DIS_XX,crema_d_1062_TAI_DIS_XX,1062_TAI_DIS_XX.wav,crema_d,1062,TAI,DIS,disgust,unspecified,,,,,,,,,,male,56
1062_TAI_FEA_XX,crema_d_1062_TAI_FEA_XX,1062_TAI_FEA_XX.wav,crema_d,1062,TAI,FEA,fear,unspecified,,,,,,,,,,male,56
1062_TAI_HAP_XX,crema_d_1062_TAI_HAP_XX,1062_TAI_HAP_XX.wav,crema_d,1062,TAI,HAP,happy,unspecified,,,16000.0,1.8018125,16000.0,3.0,0.2978125,,,male,56
1062_TAI_NEU_XX,crema_d_1062_TAI_NEU_XX,1062_TAI_NEU_XX.wav,crema_d,1062,TAI,NEU,neutral,unspecified,,,16000.0,1.901875,16000.0,3.0,0.429875,,,male,56
1062_TAI_SAD_XX,crema_d_1062_TAI_SAD_XX,1062_TAI_SAD_XX.wav,crema_d,1062,TAI,SAD,sad,unspecified,,,,,,,,,,male,56
1062_TIE_ANG_XX,crema_d_1062_TIE_ANG_XX,1062_TIE_ANG_XX.wav,crema_d,1062,TIE,ANG,anger,unspecified,,,16000.0,2.8695,16000.0,3.0,1.2055,,,male,56
1062_TIE_DIS_XX,crema_d_1062_TIE_DIS_XX,1062_TIE_DIS_XX.wav,crema_d,1062,TIE,DIS,disgust,unspecified,,,,,,,,,,male,56
1062_TIE_FEA_XX,crema_d_1062_TIE_FEA_XX,1062_TIE_FEA_XX.wav,crema_d,1062,TIE,FEA,fear,unspecified,,,,,,,,,,male,56
1062_TIE_HAP_XX,crema_d_1062_TIE_HAP_XX,1062_TIE_HAP_XX.wav,crema_d,1062,TIE,HAP,happy,unspecified,,,16000.0,2.56925,16000.0,3.0,1.16125,,,male,56
1062_TIE_NEU_XX,crema_d_1062_TIE_NEU_XX,1062_TIE_NEU_XX.wav,crema_d,1062,TIE,NEU,neutral,unspecified,,,16000.0,2.3023125,16000.0,3.0,0.8943125,,,male,56
1062_TIE_SAD_XX,crema_d_1062_TIE_SAD_XX,1062_TIE_SAD_XX.wav,crema_d,1062,TIE,SAD,sad,unspecified,,,,,,,,,,male,56
1062_TSI_ANG_XX,crema_d_1062_TSI_ANG_XX,1062_TSI_ANG_XX.wav,crema_d,1062,TSI,ANG,anger,unspecified,,,16000.0,2.1688125,16000.0,3.0,1.0168125,,,male,56
1062_TSI_DIS_XX,crema_d_1062_TSI_DIS_XX,1062_TSI_DIS_XX.wav,crema_d,1062,TSI,DIS,disgust,unspecified,,,,,,,,,,male,56
1062_TSI_FEA_XX,crema_d_1062_TSI_FEA_XX,1062_TSI_FEA_XX.wav,crema_d,1062,TSI,FEA,fear,unspecified,,,,,,,,,,male,56
1062_TSI_HAP_XX,crema_d_1062_TSI_HAP_XX,1062_TSI_HAP_XX.wav,crema_d,1062,TSI,HAP,happy,unspecified,,,16000.0,2.06875,16000.0,3.0,0.0,,,male,56
1062_TSI_NEU_XX,crema_d_1062_TSI_NEU_XX,1062_TSI_NEU_XX.wav,crema_d,1062,TSI,NEU,neutral,unspecified,,,16000.0,2.402375,16000.0,3.0,0.0,,,male,56
1062_TSI_SAD_XX,crema_d_1062_TSI_SAD_XX,1062_TSI_SAD_XX.wav,crema_d,1062,TSI,SAD,sad,unspecified,,,,,,,,,,male,56
1062_WSI_ANG_XX,crema_d_1062_WSI_ANG_XX,1062_WSI_ANG_XX.wav,crema_d,1062,WSI,ANG,anger,unspecified,,,16000.0,1.93525,16000.0,3.0,0.43125,,,male,56
1062_WSI_DIS_XX,crema_d_1062_WSI_DIS_XX,1062_WSI_DIS_XX.wav,crema_d,1062,WSI,DIS,disgust,unspecified,,,,,,,,,,male,56
1062_WSI_FEA_XX,crema_d_1062_WSI_FEA_XX,1062_WSI_FEA_XX.wav,crema_d,1062,WSI,FEA,fear,unspecified,,,,,,,,,,male,56
1062_WSI_HAP_XX,crema_d_1062_WSI_HAP_XX,1062_WSI_HAP_XX.wav,crema_d,1062,WSI,HAP,happy,unspecified,,,16000.0,2.1688125,16000.0,3.0,0.7608125,,,male,56
1062_WSI_NEU_XX,crema_d_1062_WSI_NEU_XX,1062_WSI_NEU_XX.wav,crema_d,1062,WSI,NEU,neutral,unspecified,,,16000.0,2.6359375,16000.0,3.0,0.9719375,,,male,56
1062_WSI_SAD_XX,crema_d_1062_WSI_SAD_XX,1062_WSI_SAD_XX.wav,crema_d,1062,WSI,SAD,sad,unspecified,,,,,,,,,,male,56
1063_DFA_ANG_XX,crema_d_1063_DFA_ANG_XX,1063_DFA_ANG_XX.wav,crema_d,1063,DFA,ANG,anger,unspecified,,,16000.0,1.6683125,16000.0,3.0,0.5803125,,,female,33
1063_DFA_DIS_XX,crema_d_1063_DFA_DIS_XX,1063_DFA_DIS_XX.wav,crema_d,1063,DFA,DIS,disgust,unspecified,,,,,,,,,,female,33
1063_DFA_FEA_XX,crema_d_1063_DFA_FEA_XX,1063_DFA_FEA_XX.wav,crema_d,1063,DFA,FEA,fear,unspecified,,,,,,,,,,female,33
1063_DFA_HAP_XX,crema_d_1063_DFA_HAP_XX,1063_DFA_HAP_XX.wav,crema_d,1063,DFA,HAP,happy,unspecified,,,16000.0,1.3680625,16000.0,3.0,0.4400625,,,female,33
1063_DFA_NEU_XX,crema_d_1063_DFA_NEU_XX,1063_DFA_NEU_XX.wav,crema_d,1063,DFA,NEU,neutral,unspecified,,,16000.0,1.7350625,16000.0,3.0,0.0,,,female,33
1063_DFA_SAD_XX,crema_d_1063_DFA_SAD_XX,1063_DFA_SAD_XX.wav,crema_d,1063,DFA,SAD,sad,unspecified,,,,,,,,,,female,33
1063_IEO_ANG_HI,crema_d_1063_IEO_ANG_HI,1063_IEO_ANG_HI.wav,crema_d,1063,IEO,ANG,anger,high,,,16000.0,2.2021875,16000.0,3.0,1.1781875,,,female,33
1063_IEO_ANG_LO,crema_d_1063_IEO_ANG_LO,1063_IEO_ANG_LO.wav,crema_d,1063,IEO,ANG,anger,low,,,16000.0,2.035375,16000.0,3.0,1.011375,,,female,33
1063_IEO_ANG_MD,crema_d_1063_IEO_ANG_MD,1063_IEO_ANG_MD.wav,crema_d,1063,IEO,ANG,anger,medium,,,16000.0,2.2689375,16000.0,3.0,0.7969375,,,female,33
1063_IEO_DIS_HI,crema_d_1063_IEO_DIS_HI,1063_IEO_DIS_HI.wav,crema_d,1063,IEO,DIS,disgust,high,,,,,,,,,,female,33
1063_IEO_DIS_LO,crema_d_1063_IEO_DIS_LO,1063_IEO_DIS_LO.wav,crema_d,1063,IEO,DIS,disgust,low,,,,,,,,,,female,33
1063_IEO_DIS_MD,crema_d_1063_IEO_DIS_MD,1063_IEO_DIS_MD.wav,crema_d,1063,IEO,DIS,disgust,medium,,,,,,,,,,female,33
1063_IEO_FEA_HI,crema_d_1063_IEO_FEA_HI,1063_IEO_FEA_HI.wav,crema_d,1063,IEO,FEA,fear,high,,,,,,,,,,female,33
1063_IEO_FEA_LO,crema_d_1063_IEO_FEA_LO,1063_IEO_FEA_LO.wav,crema_d,1063,IEO,FEA,fear,low,,,,,,,,,,female,33
1063_IEO_FEA_MD,crema_d_1063_IEO_FEA_MD,1063_IEO_FEA_MD.wav,crema_d,1063,IEO,FEA,fear,medium,,,,,,,,,,female,33
1063_IEO_HAP_HI,crema_d_1063_IEO_HAP_HI,1063_IEO_HAP_HI.wav,crema_d,1063,IEO,HAP,happy,high,,,16000.0,1.6349375,16000.0,3.0,0.5469375,,,female,33
1063_IEO_HAP_LO,crema_d_1063_IEO_HAP_LO,1063_IEO_HAP_LO.wav,crema_d,1063,IEO,HAP,happy,low,,,16000.0,1.7350625,16000.0,3.0,0.3590625,,,female,33
1063_IEO_HAP_MD,crema_d_1063_IEO_HAP_MD,1063_IEO_HAP_MD.wav,crema_d,1063,IEO,HAP,happy,medium,,,16000.0,1.7016875,16000.0,3.0,0.7416875,,,female,33
1063_IEO_NEU_XX,crema_d_1063_IEO_NEU_XX,1063_IEO_NEU_XX.wav,crema_d,1063,IEO,NEU,neutral,unspecified,,,16000.0,1.901875,16000.0,3.0,0.045875,,,female,33
1063_IEO_SAD_HI,crema_d_1063_IEO_SAD_HI,1063_IEO_SAD_HI.wav,crema_d,1063,IEO,SAD,sad,high,,,,,,,,,,female,33
1063_IEO_SAD_LO,crema_d_1063_IEO_SAD_LO,1063_IEO_SAD_LO.wav,crema_d,1063,IEO,SAD,sad,low,,,,,,,,,,female,33
1063_IEO_SAD_MD,crema_d_1063_IEO_SAD_MD,1063_IEO_SAD_MD.wav,crema_d,1063,IEO,SAD,sad,medium,,,,,,,,,,female,33
1063_IOM_ANG_XX,crema_d_1063_IOM_ANG_XX,1063_IOM_ANG_XX.wav,crema_d,1063,IOM,ANG,anger,unspecified,,,16000.0,2.035375,16000.0,3.0,0.563375,,,female,33
1063_IOM_DIS_XX,crema_d_1063_IOM_DIS_XX,1063_IOM_DIS_XX.wav,crema_d,1063,IOM,DIS,disgust,unspecified,,,,,,,,,,female,33
1063_IOM_FEA_XX,crema_d_1063_IOM_FEA_XX,1063_IOM_FEA_XX.wav,crema_d,1063,IOM,FEA,fear,unspecified,,,,,,,,,,female,33
1063_IOM_HAP_XX,crema_d_1063_IOM_HAP_XX,1063_IOM_HAP_XX.wav,crema_d,1063,IOM,HAP,happy,unspecified,,,16000.0,1.6683125,16000.0,3.0,0.6763125,,,female,33
1063_IOM_NEU_XX,crema_d_1063_IOM_NEU_XX,1063_IOM_NEU_XX.wav,crema_d,1063,IOM,NEU,neutral,unspecified,,,16000.0,2.102125,16000.0,3.0,0.064,,,female,33
1063_IOM_SAD_XX,crema_d_1063_IOM_SAD_XX,1063_IOM_SAD_XX.wav,crema_d,1063,IOM,SAD,sad,unspecified,,,,,,,,,,female,33
1063_ITH_ANG_XX,crema_d_1063_ITH_ANG_XX,1063_ITH_ANG_XX.wav,crema_d,1063,ITH,ANG,anger,unspecified,,,16000.0,2.6359375,16000.0,3.0,0.8759375,,,female,33
1063_ITH_DIS_XX,crema_d_1063_ITH_DIS_XX,1063_ITH_DIS_XX.wav,crema_d,1063,ITH,DIS,disgust,unspecified,,,,,,,,,,female,33
1063_ITH_FEA_XX,crema_d_1063_ITH_FEA_XX,1063_ITH_FEA_XX.wav,crema_d,1063,ITH,FEA,fear,unspecified,,,,,,,,,,female,33
1063_ITH_HAP_XX,crema_d_1063_ITH_HAP_XX,1063_ITH_HAP_XX.wav,crema_d,1063,ITH,HAP,happy,unspecified,,,16000.0,2.3356875,16000.0,3.0,0.0,,,female,33
1063_ITH_NEU_XX,crema_d_1063_ITH_NEU_XX,1063_ITH_NEU_XX.wav,crema_d,1063,ITH,NEU,neutral,unspecified,,,16000.0,2.535875,16000.0,3.0,0.0,,,female,33
1063_ITH_SAD_XX,crema_d_1063_ITH_SAD_XX,1063_ITH_SAD_XX.wav,crema_d,1063,ITH,SAD,sad,unspecified,,,,,,,,,,female,33
1063_ITS_ANG_XX,crema_d_1063_ITS_ANG_XX,1063_ITS_ANG_XX.wav,crema_d,1063,ITS,ANG,anger,unspecified,,,16000.0,1.7350625,16000.0,3.0,0.4230625,,,female,33
1063_ITS_DIS_XX,crema_d_1063_ITS_DIS_XX,1063_ITS_DIS_XX.wav,crema_d,1063,ITS,DIS,disgust,unspecified,,,,,,,,,,female,33
1063_ITS_FEA_XX,crema_d_1063_ITS_FEA_XX,1063_ITS_FEA_XX.wav,crema_d,1063,ITS,FEA,fear,unspecified,,,,,,,,,,female,33
1063_ITS_HAP_XX,crema_d_1063_ITS_HAP_XX,1063_ITS_HAP_XX.wav,crema_d,1063,ITS,HAP,happy,unspecified,,,16000.0,1.8018125,16000.0,3.0,0.3618125,,,female,33
1063_ITS_NEU_XX,crema_d_1063_ITS_NEU_XX,1063_ITS_NEU_XX.wav,crema_d,1063,ITS,NEU,neutral,unspecified,,,16000.0,2.1688125,16000.0,3.0,0.032,,,female,33
1063_ITS_SAD_XX,crema_d_1063_ITS_SAD_XX,1063_ITS_SAD_XX.wav,crema_d,1063,ITS,SAD,sad,unspecified,,,,,,,,,,female,33
1063_IWL_ANG_XX,crema_d_1063_IWL_ANG_XX,1063_IWL_ANG_XX.wav,crema_d,1063,IWL,ANG,anger,unspecified,,,16000.0,1.8351875,16000.0,3.0,0.4911875,,,female,33
1063_IWL_DIS_XX,crema_d_1063_IWL_DIS_XX,1063_IWL_DIS_XX.wav,crema_d,1063,IWL,DIS,disgust,unspecified,,,,,,,,,,female,33
1063_IWL_FEA_XX,crema_d_1063_IWL_FEA_XX,1063_IWL_FEA_XX.wav,crema_d,1063,IWL,FEA,fear,unspecified,,,,,,,,,,female,33
1063_IWL_HAP_XX,crema_d_1063_IWL_HAP_XX,1063_IWL_HAP_XX.wav,crema_d,1063,IWL,HAP,happy,unspecified,,,16000.0,2.43575,16000.0,3.0,0.96375,,,female,33
1063_IWL_NEU_XX,crema_d_1063_IWL_NEU_XX,1063_IWL_NEU_XX.wav,crema_d,1063,IWL,NEU,neutral,unspecified,,,16000.0,2.2021875,16000.0,3.0,0.032,,,female,33
1063_IWL_SAD_XX,crema_d_1063_IWL_SAD_XX,1063_IWL_SAD_XX.wav,crema_d,1063,IWL,SAD,sad,unspecified,,,,,,,,,,female,33
1063_IWW_ANG_XX,crema_d_1063_IWW_ANG_XX,1063_IWW_ANG_XX.wav,crema_d,1063,IWW,ANG,anger,unspecified,,,16000.0,1.8351875,16000.0,3.0,0.6511875,,,female,33
1063_IWW_DIS_XX,crema_d_1063_IWW_DIS_XX,1063_IWW_DIS_XX.wav,crema_d,1063,IWW,DIS,disgust,unspecified,,,,,,,,,,female,33
1063_IWW_FEA_XX,crema_d_1063_IWW_FEA_XX,1063_IWW_FEA_XX.wav,crema_d,1063,IWW,FEA,fear,unspecified,,,,,,,,,,female,33
1063_IWW_HAP_XX,crema_d_1063_IWW_HAP_XX,1063_IWW_HAP_XX.wav,crema_d,1063,IWW,HAP,happy,unspecified,,,16000.0,1.901875,16000.0,3.0,0.589875,,,female,33
1063_IWW_NEU_XX,crema_d_1063_IWW_NEU_XX,1063_IWW_NEU_XX.wav,crema_d,1063,IWW,NEU,neutral,unspecified,,,16000.0,1.968625,16000.0,3.0,0.048625,,,female,33
1063_IWW_SAD_XX,crema_d_1063_IWW_SAD_XX,1063_IWW_SAD_XX.wav,crema_d,1063,IWW,SAD,sad,unspecified,,,,,,,,,,female,33
1063_MTI_ANG_XX,crema_d_1063_MTI_ANG_XX,1063_MTI_ANG_XX.wav,crema_d,1063,MTI,ANG,anger,unspecified,,,16000.0,2.035375,16000.0,3.0,0.659375,,,female,33
1063_MTI_DIS_XX,crema_d_1063_MTI_DIS_XX,1063_MTI_DIS_XX.wav,crema_d,1063,MTI,DIS,disgust,unspecified,,,,,,,,,,female,33
1063_MTI_FEA_XX,crema_d_1063_MTI_FEA_XX,1063_MTI_FEA_XX.wav,crema_d,1063,MTI,FEA,fear,unspecified,,,,,,,,,,female,33
1063_MTI_HAP_XX,crema_d_1063_MTI_HAP_XX,1063_MTI_HAP_XX.wav,crema_d,1063,MTI,HAP,happy,unspecified,,,16000.0,2.1688125,16000.0,3.0,0.5688125,,,female,33
1063_MTI_NEU_XX,crema_d_1063_MTI_NEU_XX,1063_MTI_NEU_XX.wav,crema_d,1063,MTI,NEU,neutral,unspecified,,,16000.0,2.43575,16000.0,3.0,0.25975,,,female,33
1063_MTI_SAD_XX,crema_d_1063_MTI_SAD_XX,1063_MTI_SAD_XX.wav,crema_d,1063,MTI,SAD,sad,unspecified,,,,,,,,,,female,33
1063_TAI_ANG_XX,crema_d_1063_TAI_ANG_XX,1063_TAI_ANG_XX.wav,crema_d,1063,TAI,ANG,anger,unspecified,,,16000.0,2.06875,16000.0,3.0,0.40475,,,female,33
1063_TAI_DIS_XX,crema_d_1063_TAI_DIS_XX,1063_TAI_DIS_XX.wav,crema_d,1063,TAI,DIS,disgust,unspecified,,,,,,,,,,female,33
1063_TAI_FEA_XX,crema_d_1063_TAI_FEA_XX,1063_TAI_FEA_XX.wav,crema_d,1063,TAI,FEA,fear,unspecified,,,,,,,,,,female,33
1063_TAI_HAP_XX,crema_d_1063_TAI_HAP_XX,1063_TAI_HAP_XX.wav,crema_d,1063,TAI,HAP,happy,unspecified,,,16000.0,2.002,16000.0,3.0,0.306,,,female,33
1063_TAI_NEU_XX,crema_d_1063_TAI_NEU_XX,1063_TAI_NEU_XX.wav,crema_d,1063,TAI,NEU,neutral,unspecified,,,16000.0,2.469125,16000.0,3.0,0.037125,,,female,33
1063_TAI_SAD_XX,crema_d_1063_TAI_SAD_XX,1063_TAI_SAD_XX.wav,crema_d,1063,TAI,SAD,sad,unspecified,,,,,,,,,,female,33
1063_TIE_ANG_XX,crema_d_1063_TIE_ANG_XX,1063_TIE_ANG_XX.wav,crema_d,1063,TIE,ANG,anger,unspecified,,,16000.0,2.6693125,16000.0,3.0,1.1653125,,,female,33
1063_TIE_DIS_XX,crema_d_1063_TIE_DIS_XX,1063_TIE_DIS_XX.wav,crema_d,1063,TIE,DIS,disgust,unspecified,,,,,,,,,,female,33
1063_TIE_FEA_XX,crema_d_1063_TIE_FEA_XX,1063_TIE_FEA_XX.wav,crema_d,1063,TIE,FEA,fear,unspecified,,,,,,,,,,female,33
1063_TIE_HAP_XX,crema_d_1063_TIE_HAP_XX,1063_TIE_HAP_XX.wav,crema_d,1063,TIE,HAP,happy,unspecified,,,16000.0,2.602625,16000.0,3.0,1.194625,,,female,33
1063_TIE_NEU_XX,crema_d_1063_TIE_NEU_XX,1063_TIE_NEU_XX.wav,crema_d,1063,TIE,NEU,neutral,unspecified,,,16000.0,2.7694375,16000.0,3.0,0.0,,,female,33
1063_TIE_SAD_XX,crema_d_1063_TIE_SAD_XX,1063_TIE_SAD_XX.wav,crema_d,1063,TIE,SAD,sad,unspecified,,,,,,,,,,female,33
1063_TSI_ANG_XX,crema_d_1063_TSI_ANG_XX,1063_TSI_ANG_XX.wav,crema_d,1063,TSI,ANG,anger,unspecified,,,16000.0,2.002,16000.0,3.0,0.818,,,female,33
1063_TSI_DIS_XX,crema_d_1063_TSI_DIS_XX,1063_TSI_DIS_XX.wav,crema_d,1063,TSI,DIS,disgust,unspecified,,,,,,,,,,female,33
1063_TSI_FEA_XX,crema_d_1063_TSI_FEA_XX,1063_TSI_FEA_XX.wav,crema_d,1063,TSI,FEA,fear,unspecified,,,,,,,,,,female,33
1063_TSI_HAP_XX,crema_d_1063_TSI_HAP_XX,1063_TSI_HAP_XX.wav,crema_d,1063,TSI,HAP,happy,unspecified,,,16000.0,1.7684375,16000.0,3.0,0.6804375,,,female,33
1063_TSI_NEU_XX,crema_d_1063_TSI_NEU_XX,1063_TSI_NEU_XX.wav,crema_d,1063,TSI,NEU,neutral,unspecified,,,16000.0,1.8018125,16000.0,3.0,0.0,,,female,33
1063_TSI_SAD_XX,crema_d_1063_TSI_SAD_XX,1063_TSI_SAD_XX.wav,crema_d,1063,TSI,SAD,sad,unspecified,,,,,,,,,,female,33
1063_WSI_ANG_XX,crema_d_1063_WSI_ANG_XX,1063_WSI_ANG_XX.wav,crema_d,1063,WSI,ANG,anger,unspecified,,,16000.0,2.002,16000.0,3.0,0.562,,,female,33
1063_WSI_DIS_XX,crema_d_1063_WSI_DIS_XX,1063_WSI_DIS_XX.wav,crema_d,1063,WSI,DIS,disgust,unspecified,,,,,,,,,,female,33
1063_WSI_FEA_XX,crema_d_1063_WSI_FEA_XX,1063_WSI_FEA_XX.wav,crema_d,1063,WSI,FEA,fear,unspecified,,,,,,,,,,female,33
1063_WSI_HAP_XX,crema_d_1063_WSI_HAP_XX,1063_WSI_HAP_XX.wav,crema_d,1063,WSI,HAP,happy,unspecified,,,16000.0,2.102125,16000.0,3.0,0.310125,,,female,33
1063_WSI_NEU_XX,crema_d_1063_WSI_NEU_XX,1063_WSI_NEU_XX.wav,crema_d,1063,WSI,NEU,neutral,unspecified,,,16000.0,2.3356875,16000.0,3.0,0.0,,,female,33
1063_WSI_SAD_XX,crema_d_1063_WSI_SAD_XX,1063_WSI_SAD_XX.wav,crema_d,1063,WSI,SAD,sad,unspecified,,,,,,,,,,female,33
1064_DFA_ANG_XX,crema_d_1064_DFA_ANG_XX,1064_DFA_ANG_XX.wav,crema_d,1064,DFA,ANG,anger,unspecified,,,16000.0,2.5025,16000.0,3.0,1.0305,,,male,53
1064_DFA_DIS_XX,crema_d_1064_DFA_DIS_XX,1064_DFA_DIS_XX.wav,crema_d,1064,DFA,DIS,disgust,unspecified,,,,,,,,,,male,53
1064_DFA_FEA_XX,crema_d_1064_DFA_FEA_XX,1064_DFA_FEA_XX.wav,crema_d,1064,DFA,FEA,fear,unspecified,,,,,,,,,,male,53
1064_DFA_HAP_XX,crema_d_1064_DFA_HAP_XX,1064_DFA_HAP_XX.wav,crema_d,1064,DFA,HAP,happy,unspecified,,,16000.0,2.2355625,16000.0,3.0,1.408,,,male,53
1064_DFA_NEU_XX,crema_d_1064_DFA_NEU_XX,1064_DFA_NEU_XX.wav,crema_d,1064,DFA,NEU,neutral,unspecified,,,16000.0,2.3023125,16000.0,3.0,0.2223125,,,male,53
1064_DFA_SAD_XX,crema_d_1064_DFA_SAD_XX,1064_DFA_SAD_XX.wav,crema_d,1064,DFA,SAD,sad,unspecified,,,,,,,,,,male,53
1064_IEO_ANG_HI,crema_d_1064_IEO_ANG_HI,1064_IEO_ANG_HI.wav,crema_d,1064,IEO,ANG,anger,high,,,16000.0,2.2355625,16000.0,3.0,0.576,,,male,53
1064_IEO_ANG_LO,crema_d_1064_IEO_ANG_LO,1064_IEO_ANG_LO.wav,crema_d,1064,IEO,ANG,anger,low,,,16000.0,2.369,16000.0,3.0,1.121,,,male,53
1064_IEO_ANG_MD,crema_d_1064_IEO_ANG_MD,1064_IEO_ANG_MD.wav,crema_d,1064,IEO,ANG,anger,medium,,,16000.0,3.036375,16000.0,3.0,1.564375,,,male,53
1064_IEO_DIS_HI,crema_d_1064_IEO_DIS_HI,1064_IEO_DIS_HI.wav,crema_d,1064,IEO,DIS,disgust,high,,,,,,,,,,male,53
1064_IEO_DIS_LO,crema_d_1064_IEO_DIS_LO,1064_IEO_DIS_LO.wav,crema_d,1064,IEO,DIS,disgust,low,,,,,,,,,,male,53
1064_IEO_DIS_MD,crema_d_1064_IEO_DIS_MD,1064_IEO_DIS_MD.wav,crema_d,1064,IEO,DIS,disgust,medium,,,,,,,,,,male,53
1064_IEO_FEA_HI,crema_d_1064_IEO_FEA_HI,1064_IEO_FEA_HI.wav,crema_d,1064,IEO,FEA,fear,high,,,,,,,,,,male,53
1064_IEO_FEA_LO,crema_d_1064_IEO_FEA_LO,1064_IEO_FEA_LO.wav,crema_d,1064,IEO,FEA,fear,low,,,,,,,,,,male,53
1064_IEO_FEA_MD,crema_d_1064_IEO_FEA_MD,1064_IEO_FEA_MD.wav,crema_d,1064,IEO,FEA,fear,medium,,,,,,,,,,male,53
1064_IEO_HAP_HI,crema_d_1064_IEO_HAP_HI,1064_IEO_HAP_HI.wav,crema_d,1064,IEO,HAP,happy,high,,,16000.0,3.103125,16000.0,3.0,2.015125,,,male,53
1064_IEO_HAP_LO,crema_d_1064_IEO_HAP_LO,1064_IEO_HAP_LO.wav,crema_d,1064,IEO,HAP,happy,low,,,16000.0,2.2021875,16000.0,3.0,0.1861875,,,male,53
1064_IEO_HAP_MD,crema_d_1064_IEO_HAP_MD,1064_IEO_HAP_MD.wav,crema_d,1064,IEO,HAP,happy,medium,,,16000.0,3.43675,16000.0,3.0,0.33275,,,male,53
1064_IEO_NEU_XX,crema_d_1064_IEO_NEU_XX,1064_IEO_NEU_XX.wav,crema_d,1064,IEO,NEU,neutral,unspecified,,,16000.0,2.102125,16000.0,3.0,0.0,,,male,53
1064_IEO_SAD_HI,crema_d_1064_IEO_SAD_HI,1064_IEO_SAD_HI.wav,crema_d,1064,IEO,SAD,sad,high,,,,,,,,,,male,53
1064_IEO_SAD_LO,crema_d_1064_IEO_SAD_LO,1064_IEO_SAD_LO.wav,crema_d,1064,IEO,SAD,sad,low,,,,,,,,,,male,53
1064_IEO_SAD_MD,crema_d_1064_IEO_SAD_MD,1064_IEO_SAD_MD.wav,crema_d,1064,IEO,SAD,sad,medium,,,,,,,,,,male,53
1064_IOM_ANG_XX,crema_d_1064_IOM_ANG_XX,1064_IOM_ANG_XX.wav,crema_d,1064,IOM,ANG,anger,unspecified,,,16000.0,3.6703125,16000.0,3.0,1.3023125,,,male,53
1064_IOM_DIS_XX,crema_d_1064_IOM_DIS_XX,1064_IOM_DIS_XX.wav,crema_d,1064,IOM,DIS,disgust,unspecified,,,,,,,,,,male,53
1064_IOM_FEA_XX,crema_d_1064_IOM_FEA_XX,1064_IOM_FEA_XX.wav,crema_d,1064,IOM,FEA,fear,unspecified,,,,,,,,,,male,53
1064_IOM_HAP_XX,crema_d_1064_IOM_HAP_XX,1064_IOM_HAP_XX.wav,crema_d,1064,IOM,HAP,happy,unspecified,,,16000.0,2.8695,16000.0,3.0,1.4935,,,male,53
1064_IOM_NEU_XX,crema_d_1064_IOM_NEU_XX,1064_IOM_NEU_XX.wav,crema_d,1064,IOM,NEU,neutral,unspecified,,,16000.0,2.8028125,16000.0,3.0,0.5628125,,,male,53
1064_IOM_SAD_XX,crema_d_1064_IOM_SAD_XX,1064_IOM_SAD_XX.wav,crema_d,1064,IOM,SAD,sad,unspecified,,,,,,,,,,male,53
1064_ITH_ANG_XX,crema_d_1064_ITH_ANG_XX,1064_ITH_ANG_XX.wav,crema_d,1064,ITH,ANG,anger,unspecified,,,16000.0,3.2031875,16000.0,3.0,1.3151875,,,male,53
1064_ITH_DIS_XX,crema_d_1064_ITH_DIS_XX,1064_ITH_DIS_XX.wav,crema_d,1064,ITH,DIS,disgust,unspecified,,,,,,,,,,male,53
1064_ITH_FEA_XX,crema_d_1064_ITH_FEA_XX,1064_ITH_FEA_XX.wav,crema_d,1064,ITH,FEA,fear,unspecified,,,,,,,,,,male,53
1064_ITH_HAP_XX,crema_d_1064_ITH_HAP_XX,1064_ITH_HAP_XX.wav,crema_d,1064,ITH,HAP,happy,unspecified,,,16000.0,3.7370625,16000.0,3.0,0.9530625,,,male,53
1064_ITH_NEU_XX,crema_d_1064_ITH_NEU_XX,1064_ITH_NEU_XX.wav,crema_d,1064,ITH,NEU,neutral,unspecified,,,16000.0,3.5035,16000.0,3.0,1.5515,,,male,53
1064_ITH_SAD_XX,crema_d_1064_ITH_SAD_XX,1064_ITH_SAD_XX.wav,crema_d,1064,ITH,SAD,sad,unspecified,,,,,,,,,,male,53
1064_ITS_ANG_XX,crema_d_1064_ITS_ANG_XX,1064_ITS_ANG_XX.wav,crema_d,1064,ITS,ANG,anger,unspecified,,,16000.0,2.902875,16000.0,3.0,1.302875,,,male,53
1064_ITS_DIS_XX,crema_d_1064_ITS_DIS_XX,1064_ITS_DIS_XX.wav,crema_d,1064,ITS,DIS,disgust,unspecified,,,,,,,,,,male,53
1064_ITS_FEA_XX,crema_d_1064_ITS_FEA_XX,1064_ITS_FEA_XX.wav,crema_d,1064,ITS,FEA,fear,unspecified,,,,,,,,,,male,53
1064_ITS_HAP_XX,crema_d_1064_ITS_HAP_XX,1064_ITS_HAP_XX.wav,crema_d,1064,ITS,HAP,happy,unspecified,,,16000.0,2.8695,16000.0,3.0,1.4295,,,male,53
1064_ITS_NEU_XX,crema_d_1064_ITS_NEU_XX,1064_ITS_NEU_XX.wav,crema_d,1064,ITS,NEU,neutral,unspecified,,,16000.0,2.3356875,16000.0,3.0,0.7996875,,,male,53
1064_ITS_SAD_XX,crema_d_1064_ITS_SAD_XX,1064_ITS_SAD_XX.wav,crema_d,1064,ITS,SAD,sad,unspecified,,,,,,,,,,male,53
1064_IWL_ANG_XX,crema_d_1064_IWL_ANG_XX,1064_IWL_ANG_XX.wav,crema_d,1064,IWL,ANG,anger,unspecified,,,16000.0,4.037375,16000.0,3.0,1.125375,,,male,53
1064_IWL_DIS_XX,crema_d_1064_IWL_DIS_XX,1064_IWL_DIS_XX.wav,crema_d,1064,IWL,DIS,disgust,unspecified,,,,,,,,,,male,53
1064_IWL_FEA_XX,crema_d_1064_IWL_FEA_XX,1064_IWL_FEA_XX.wav,crema_d,1064,IWL,FEA,fear,unspecified,,,,,,,,,,male,53
1064_IWL_HAP_XX,crema_d_1064_IWL_HAP_XX,1064_IWL_HAP_XX.wav,crema_d,1064,IWL,HAP,happy,unspecified,,,16000.0,2.602625,16000.0,3.0,0.0,,,male,53
1064_IWL_NEU_XX,crema_d_1064_IWL_NEU_XX,1064_IWL_NEU_XX.wav,crema_d,1064,IWL,NEU,neutral,unspecified,,,16000.0,2.3356875,16000.0,3.0,0.7036875,,,male,53
1064_IWL_SAD_XX,crema_d_1064_IWL_SAD_XX,1064_IWL_SAD_XX.wav,crema_d,1064,IWL,SAD,sad,unspecified,,,,,,,,,,male,53
1064_IWW_ANG_XX,crema_d_1064_IWW_ANG_XX,1064_IWW_ANG_XX.wav,crema_d,1064,IWW,ANG,anger,unspecified,,,16000.0,2.602625,16000.0,3.0,1.322625,,,male,53
1064_IWW_DIS_XX,crema_d_1064_IWW_DIS_XX,1064_IWW_DIS_XX.wav,crema_d,1064,IWW,DIS,disgust,unspecified,,,,,,,,,,male,53
1064_IWW_FEA_XX,crema_d_1064_IWW_FEA_XX,1064_IWW_FEA_XX.wav,crema_d,1064,IWW,FEA,fear,unspecified,,,,,,,,,,male,53
1064_IWW_HAP_XX,crema_d_1064_IWW_HAP_XX,1064_IWW_HAP_XX.wav,crema_d,1064,IWW,HAP,happy,unspecified,,,16000.0,3.57025,16000.0,3.0,0.0,,,male,53
1064_IWW_NEU_XX,crema_d_1064_IWW_NEU_XX,1064_IWW_NEU_XX.wav,crema_d,1064,IWW,NEU,neutral,unspecified,,,16000.0,2.402375,16000.0,3.0,0.066375,,,male,53
1064_IWW_SAD_XX,crema_d_1064_IWW_SAD_XX,1064_IWW_SAD_XX.wav,crema_d,1064,IWW,SAD,sad,unspecified,,,,,,,,,,male,53
1064_MTI_ANG_XX,crema_d_1064_MTI_ANG_XX,1064_MTI_ANG_XX.wav,crema_d,1064,MTI,ANG,anger,unspecified,,,16000.0,4.3710625,16000.0,3.0,1.7790625,,,male,53
1064_MTI_DIS_XX,crema_d_1064_MTI_DIS_XX,1064_MTI_DIS_XX.wav,crema_d,1064,MTI,DIS,disgust,unspecified,,,,,,,,,,male,53
1064_MTI_FEA_XX,crema_d_1064_MTI_FEA_XX,1064_MTI_FEA_XX.wav,crema_d,1064,MTI,FEA,fear,unspecified,,,,,,,,,,male,53
1064_MTI_HAP_XX,crema_d_1064_MTI_HAP_XX,1064_MTI_HAP_XX.wav,crema_d,1064,MTI,HAP,happy,unspecified,,,16000.0,3.403375,16000.0,3.0,1.067375,,,male,53
1064_MTI_NEU_XX,crema_d_1064_MTI_NEU_XX,1064_MTI_NEU_XX.wav,crema_d,1064,MTI,NEU,neutral,unspecified,,,16000.0,2.7694375,16000.0,3.0,0.9454375,,,male,53
1064_MTI_SAD_XX,crema_d_1064_MTI_SAD_XX,1064_MTI_SAD_XX.wav,crema_d,1064,MTI,SAD,sad,unspecified,,,,,,,,,,male,53
1064_TAI_ANG_XX,crema_d_1064_TAI_ANG_XX,1064_TAI_ANG_XX.wav,crema_d,1064,TAI,ANG,anger,unspecified,,,16000.0,3.3033125,16000.0,3.0,1.2233125,,,male,53
1064_TAI_DIS_XX,crema_d_1064_TAI_DIS_XX,1064_TAI_DIS_XX.wav,crema_d,1064,TAI,DIS,disgust,unspecified,,,,,,,,,,male,53
1064_TAI_FEA_XX,crema_d_1064_TAI_FEA_XX,1064_TAI_FEA_XX.wav,crema_d,1064,TAI,FEA,fear,unspecified,,,,,,,,,,male,53
1064_TAI_HAP_XX,crema_d_1064_TAI_HAP_XX,1064_TAI_HAP_XX.wav,crema_d,1064,TAI,HAP,happy,unspecified,,,16000.0,3.6703125,16000.0,3.0,0.8543125,,,male,53
1064_TAI_NEU_XX,crema_d_1064_TAI_NEU_XX,1064_TAI_NEU_XX.wav,crema_d,1064,TAI,NEU,neutral,unspecified,,,16000.0,2.402375,16000.0,3.0,0.578375,,,male,53
1064_TAI_SAD_XX,crema_d_1064_TAI_SAD_XX,1064_TAI_SAD_XX.wav,crema_d,1064,TAI,SAD,sad,unspecified,,,,,,,,,,male,53
1064_TIE_ANG_XX,crema_d_1064_TIE_ANG_XX,1064_TIE_ANG_XX.wav,crema_d,1064,TIE,ANG,anger,unspecified,,,16000.0,3.3033125,16000.0,3.0,1.3833125,,,male,53
1064_TIE_DIS_XX,crema_d_1064_TIE_DIS_XX,1064_TIE_DIS_XX.wav,crema_d,1064,TIE,DIS,disgust,unspecified,,,,,,,,,,male,53
1064_TIE_FEA_XX,crema_d_1064_TIE_FEA_XX,1064_TIE_FEA_XX.wav,crema_d,1064,TIE,FEA,fear,unspecified,,,,,,,,,,male,53
1064_TIE_HAP_XX,crema_d_1064_TIE_HAP_XX,1064_TIE_HAP_XX.wav,crema_d,1064,TIE,HAP,happy,unspecified,,,16000.0,3.8371875,16000.0,3.0,1.7251875,,,male,53
1064_TIE_NEU_XX,crema_d_1064_TIE_NEU_XX,1064_TIE_NEU_XX.wav,crema_d,1064,TIE,NEU,neutral,unspecified,,,16000.0,3.2365625,16000.0,3.0,0.0685625,,,male,53
1064_TIE_SAD_XX,crema_d_1064_TIE_SAD_XX,1064_TIE_SAD_XX.wav,crema_d,1064,TIE,SAD,sad,unspecified,,,,,,,,,,male,53
1064_TSI_ANG_XX,crema_d_1064_TSI_ANG_XX,1064_TSI_ANG_XX.wav,crema_d,1064,TSI,ANG,anger,unspecified,,,16000.0,3.1364375,16000.0,3.0,1.4404375,,,male,53
1064_TSI_DIS_XX,crema_d_1064_TSI_DIS_XX,1064_TSI_DIS_XX.wav,crema_d,1064,TSI,DIS,disgust,unspecified,,,,,,,,,,male,53
1064_TSI_FEA_XX,crema_d_1064_TSI_FEA_XX,1064_TSI_FEA_XX.wav,crema_d,1064,TSI,FEA,fear,unspecified,,,,,,,,,,male,53
1064_TSI_HAP_XX,crema_d_1064_TSI_HAP_XX,1064_TSI_HAP_XX.wav,crema_d,1064,TSI,HAP,happy,unspecified,,,16000.0,3.43675,16000.0,3.0,1.93275,,,male,53
1064_TSI_NEU_XX,crema_d_1064_TSI_NEU_XX,1064_TSI_NEU_XX.wav,crema_d,1064,TSI,NEU,neutral,unspecified,,,16000.0,2.1688125,16000.0,3.0,0.9528125,,,male,53
1064_TSI_SAD_XX,crema_d_1064_TSI_SAD_XX,1064_TSI_SAD_XX.wav,crema_d,1064,TSI,SAD,sad,unspecified,,,,,,,,,,male,53
1064_WSI_ANG_XX,crema_d_1064_WSI_ANG_XX,1064_WSI_ANG_XX.wav,crema_d,1064,WSI,ANG,anger,unspecified,,,16000.0,2.7360625,16000.0,3.0,0.9120625,,,male,53
1064_WSI_DIS_XX,crema_d_1064_WSI_DIS_XX,1064_WSI_DIS_XX.wav,crema_d,1064,WSI,DIS,disgust,unspecified,,,,,,,,,,male,53
1064_WSI_FEA_XX,crema_d_1064_WSI_FEA_XX,1064_WSI_FEA_XX.wav,crema_d,1064,WSI,FEA,fear,unspecified,,,,,,,,,,male,53
1064_WSI_HAP_XX,crema_d_1064_WSI_HAP_XX,1064_WSI_HAP_XX.wav,crema_d,1064,WSI,HAP,happy,unspecified,,,16000.0,3.43675,16000.0,3.0,0.90875,,,male,53
1064_WSI_NEU_XX,crema_d_1064_WSI_NEU_XX,1064_WSI_NEU_XX.wav,crema_d,1064,WSI,NEU,neutral,unspecified,,,16000.0,2.3023125,16000.0,3.0,0.8303125,,,male,53
1064_WSI_SAD_XX,crema_d_1064_WSI_SAD_XX,1064_WSI_SAD_XX.wav,crema_d,1064,WSI,SAD,sad,unspecified,,,,,,,,,,male,53
1065_DFA_ANG_XX,crema_d_1065_DFA_ANG_XX,1065_DFA_ANG_XX.wav,crema_d,1065,DFA,ANG,anger,unspecified,,,16000.0,2.1354375,16000.0,3.0,1.0794375,,,male,38
1065_DFA_DIS_XX,crema_d_1065_DFA_DIS_XX,1065_DFA_DIS_XX.wav,crema_d,1065,DFA,DIS,disgust,unspecified,,,,,,,,,,male,38
1065_DFA_FEA_XX,crema_d_1065_DFA_FEA_XX,1065_DFA_FEA_XX.wav,crema_d,1065,DFA,FEA,fear,unspecified,,,,,,,,,,male,38
1065_DFA_HAP_XX,crema_d_1065_DFA_HAP_XX,1065_DFA_HAP_XX.wav,crema_d,1065,DFA,HAP,happy,unspecified,,,16000.0,1.93525,16000.0,3.0,1.03925,,,male,38
1065_DFA_NEU_XX,crema_d_1065_DFA_NEU_XX,1065_DFA_NEU_XX.wav,crema_d,1065,DFA,NEU,neutral,unspecified,,,16000.0,2.1354375,16000.0,3.0,0.032,,,male,38
1065_DFA_SAD_XX,crema_d_1065_DFA_SAD_XX,1065_DFA_SAD_XX.wav,crema_d,1065,DFA,SAD,sad,unspecified,,,,,,,,,,male,38
1065_IEO_ANG_HI,crema_d_1065_IEO_ANG_HI,1065_IEO_ANG_HI.wav,crema_d,1065,IEO,ANG,anger,high,,,16000.0,2.2689375,16000.0,3.0,1.0529375,,,male,38
1065_IEO_ANG_LO,crema_d_1065_IEO_ANG_LO,1065_IEO_ANG_LO.wav,crema_d,1065,IEO,ANG,anger,low,,,16000.0,1.901875,16000.0,3.0,0.845875,,,male,38
1065_IEO_ANG_MD,crema_d_1065_IEO_ANG_MD,1065_IEO_ANG_MD.wav,crema_d,1065,IEO,ANG,anger,medium,,,16000.0,1.8351875,16000.0,3.0,0.9071875,,,male,38
1065_IEO_DIS_HI,crema_d_1065_IEO_DIS_HI,1065_IEO_DIS_HI.wav,crema_d,1065,IEO,DIS,disgust,high,,,,,,,,,,male,38
1065_IEO_DIS_LO,crema_d_1065_IEO_DIS_LO,1065_IEO_DIS_LO.wav,crema_d,1065,IEO,DIS,disgust,low,,,,,,,,,,male,38
1065_IEO_DIS_MD,crema_d_1065_IEO_DIS_MD,1065_IEO_DIS_MD.wav,crema_d,1065,IEO,DIS,disgust,medium,,,,,,,,,,male,38
1065_IEO_FEA_HI,crema_d_1065_IEO_FEA_HI,1065_IEO_FEA_HI.wav,crema_d,1065,IEO,FEA,fear,high,,,,,,,,,,male,38
1065_IEO_FEA_LO,crema_d_1065_IEO_FEA_LO,1065_IEO_FEA_LO.wav,crema_d,1065,IEO,FEA,fear,low,,,,,,,,,,male,38
1065_IEO_FEA_MD,crema_d_1065_IEO_FEA_MD,1065_IEO_FEA_MD.wav,crema_d,1065,IEO,FEA,fear,medium,,,,,,,,,,male,38
1065_IEO_HAP_HI,crema_d_1065_IEO_HAP_HI,1065_IEO_HAP_HI.wav,crema_d,1065,IEO,HAP,happy,high,,,16000.0,2.1688125,16000.0,3.0,0.0,,,male,38
1065_IEO_HAP_LO,crema_d_1065_IEO_HAP_LO,1065_IEO_HAP_LO.wav,crema_d,1065,IEO,HAP,happy,low,,,16000.0,1.6683125,16000.0,3.0,0.0,,,male,38
1065_IEO_HAP_MD,crema_d_1065_IEO_HAP_MD,1065_IEO_HAP_MD.wav,crema_d,1065,IEO,HAP,happy,medium,,,16000.0,2.035375,16000.0,3.0,0.0,,,male,38
1065_IEO_NEU_XX,crema_d_1065_IEO_NEU_XX,1065_IEO_NEU_XX.wav,crema_d,1065,IEO,NEU,neutral,unspecified,,,16000.0,1.7016875,16000.0,3.0,0.0,,,male,38
1065_IEO_SAD_HI,crema_d_1065_IEO_SAD_HI,1065_IEO_SAD_HI.wav,crema_d,1065,IEO,SAD,sad,high,,,,,,,,,,male,38
1065_IEO_SAD_LO,crema_d_1065_IEO_SAD_LO,1065_IEO_SAD_LO.wav,crema_d,1065,IEO,SAD,sad,low,,,,,,,,,,male,38
1065_IEO_SAD_MD,crema_d_1065_IEO_SAD_MD,1065_IEO_SAD_MD.wav,crema_d,1065,IEO,SAD,sad,medium,,,,,,,,,,male,38
1065_IOM_ANG_XX,crema_d_1065_IOM_ANG_XX,1065_IOM_ANG_XX.wav,crema_d,1065,IOM,ANG,anger,unspecified,,,16000.0,2.06875,16000.0,3.0,0.82075,,,male,38
1065_IOM_DIS_XX,crema_d_1065_IOM_DIS_XX,1065_IOM_DIS_XX.wav,crema_d,1065,IOM,DIS,disgust,unspecified,,,,,,,,,,male,38
1065_IOM_FEA_XX,crema_d_1065_IOM_FEA_XX,1065_IOM_FEA_XX.wav,crema_d,1065,IOM,FEA,fear,unspecified,,,,,,,,,,male,38
1065_IOM_HAP_XX,crema_d_1065_IOM_HAP_XX,1065_IOM_HAP_XX.wav,crema_d,1065,IOM,HAP,happy,unspecified,,,16000.0,2.002,16000.0,3.0,0.914,,,male,38
1065_IOM_NEU_XX,crema_d_1065_IOM_NEU_XX,1065_IOM_NEU_XX.wav,crema_d,1065,IOM,NEU,neutral,unspecified,,,16000.0,2.102125,16000.0,3.0,0.0,,,male,38
1065_IOM_SAD_XX,crema_d_1065_IOM_SAD_XX,1065_IOM_SAD_XX.wav,crema_d,1065,IOM,SAD,sad,unspecified,,,,,,,,,,male,38
1065_ITH_ANG_XX,crema_d_1065_ITH_ANG_XX,1065_ITH_ANG_XX.wav,crema_d,1065,ITH,ANG,anger,unspecified,,,16000.0,2.3356875,16000.0,3.0,0.7676875,,,male,38
1065_ITH_DIS_XX,crema_d_1065_ITH_DIS_XX,1065_ITH_DIS_XX.wav,crema_d,1065,ITH,DIS,disgust,unspecified,,,,,,,,,,male,38
1065_ITH_FEA_XX,crema_d_1065_ITH_FEA_XX,1065_ITH_FEA_XX.wav,crema_d,1065,ITH,FEA,fear,unspecified,,,,,,,,,,male,38
1065_ITH_HAP_XX,crema_d_1065_ITH_HAP_XX,1065_ITH_HAP_XX.wav,crema_d,1065,ITH,HAP,happy,unspecified,,,16000.0,2.535875,16000.0,3.0,0.999875,,,male,38
1065_ITH_NEU_XX,crema_d_1065_ITH_NEU_XX,1065_ITH_NEU_XX.wav,crema_d,1065,ITH,NEU,neutral,unspecified,,,16000.0,2.8361875,16000.0,3.0,0.3721875,,,male,38
1065_ITH_SAD_XX,crema_d_1065_ITH_SAD_XX,1065_ITH_SAD_XX.wav,crema_d,1065,ITH,SAD,sad,unspecified,,,,,,,,,,male,38
1065_ITS_ANG_XX,crema_d_1065_ITS_ANG_XX,1065_ITS_ANG_XX.wav,crema_d,1065,ITS,ANG,anger,unspecified,,,16000.0,2.035375,16000.0,3.0,0.723375,,,male,38
1065_ITS_DIS_XX,crema_d_1065_ITS_DIS_XX,1065_ITS_DIS_XX.wav,crema_d,1065,ITS,DIS,disgust,unspecified,,,,,,,,,,male,38
1065_ITS_FEA_XX,crema_d_1065_ITS_FEA_XX,1065_ITS_FEA_XX.wav,crema_d,1065,ITS,FEA,fear,unspecified,,,,,,,,,,male,38
1065_ITS_HAP_XX,crema_d_1065_ITS_HAP_XX,1065_ITS_HAP_XX.wav,crema_d,1065,ITS,HAP,happy,unspecified,,,16000.0,2.102125,16000.0,3.0,0.822125,,,male,38
1065_ITS_NEU_XX,crema_d_1065_ITS_NEU_XX,1065_ITS_NEU_XX.wav,crema_d,1065,ITS,NEU,neutral,unspecified,,,16000.0,2.06875,16000.0,3.0,0.0,,,male,38
1065_ITS_SAD_XX,crema_d_1065_ITS_SAD_XX,1065_ITS_SAD_XX.wav,crema_d,1065,ITS,SAD,sad,unspecified,,,,,,,,,,male,38
1065_IWL_ANG_XX,crema_d_1065_IWL_ANG_XX,1065_IWL_ANG_XX.wav,crema_d,1065,IWL,ANG,anger,unspecified,,,16000.0,2.2021875,16000.0,3.0,0.8261875,,,male,38
1065_IWL_DIS_XX,crema_d_1065_IWL_DIS_XX,1065_IWL_DIS_XX.wav,crema_d,1065,IWL,DIS,disgust,unspecified,,,,,,,,,,male,38
1065_IWL_FEA_XX,crema_d_1065_IWL_FEA_XX,1065_IWL_FEA_XX.wav,crema_d,1065,IWL,FEA,fear,unspecified,,,,,,,,,,male,38
1065_IWL_HAP_XX,crema_d_1065_IWL_HAP_XX,1065_IWL_HAP_XX.wav,crema_d,1065,IWL,HAP,happy,unspecified,,,16000.0,2.3023125,16000.0,3.0,0.6063125,,,male,38
1065_IWL_NEU_XX,crema_d_1065_IWL_NEU_XX,1065_IWL_NEU_XX.wav,crema_d,1065,IWL,NEU,neutral,unspecified,,,16000.0,2.2689375,16000.0,3.0,0.064,,,male,38
1065_IWL_SAD_XX,crema_d_1065_IWL_SAD_XX,1065_IWL_SAD_XX.wav,crema_d,1065,IWL,SAD,sad,unspecified,,,,,,,,,,male,38
1065_IWW_ANG_XX,crema_d_1065_IWW_ANG_XX,1065_IWW_ANG_XX.wav,crema_d,1065,IWW,ANG,anger,unspecified,,,16000.0,2.06875,16000.0,3.0,0.98075,,,male,38
1065_IWW_DIS_XX,crema_d_1065_IWW_DIS_XX,1065_IWW_DIS_XX.wav,crema_d,1065,IWW,DIS,disgust,unspecified,,,,,,,,,,male,38
1065_IWW_FEA_XX,crema_d_1065_IWW_FEA_XX,1065_IWW_FEA_XX.wav,crema_d,1065,IWW,FEA,fear,unspecified,,,,,,,,,,male,38
1065_IWW_HAP_XX,crema_d_1065_IWW_HAP_XX,1065_IWW_HAP_XX.wav,crema_d,1065,IWW,HAP,happy,unspecified,,,16000.0,1.93525,16000.0,3.0,0.78325,,,male,38
1065_IWW_NEU_XX,crema_d_1065_IWW_NEU_XX,1065_IWW_NEU_XX.wav,crema_d,1065,IWW,NEU,neutral,unspecified,,,16000.0,2.2021875,16000.0,3.0,0.032,,,male,38
1065_IWW_SAD_XX,crema_d_1065_IWW_SAD_XX,1065_IWW_SAD_XX.wav,crema_d,1065,IWW,SAD,sad,unspecified,,,,,,,,,,male,38
1065_MTI_ANG_XX,crema_d_1065_MTI_ANG_XX,1065_MTI_ANG_XX.wav,crema_d,1065,MTI,ANG,anger,unspecified,,,16000.0,2.1688125,16000.0,3.0,0.7928125,,,male,38
1065_MTI_DIS_XX,crema_d_1065_MTI_DIS_XX,1065_MTI_DIS_XX.wav,crema_d,1065,MTI,DIS,disgust,unspecified,,,,,,,,,,male,38
1065_MTI_FEA_XX,crema_d_1065_MTI_FEA_XX,1065_MTI_FEA_XX.wav,crema_d,1065,MTI,FEA,fear,unspecified,,,,,,,,,,male,38
1065_MTI_HAP_XX,crema_d_1065_MTI_HAP_XX,1065_MTI_HAP_XX.wav,crema_d,1065,MTI,HAP,happy,unspecified,,,16000.0,2.2689375,16000.0,3.0,0.9249375,,,male,38
1065_MTI_NEU_XX,crema_d_1065_MTI_NEU_XX,1065_MTI_NEU_XX.wav,crema_d,1065,MTI,NEU,neutral,unspecified,,,16000.0,2.535875,16000.0,3.0,0.007875,,,male,38
1065_MTI_SAD_XX,crema_d_1065_MTI_SAD_XX,1065_MTI_SAD_XX.wav,crema_d,1065,MTI,SAD,sad,unspecified,,,,,,,,,,male,38
1065_TAI_ANG_XX,crema_d_1065_TAI_ANG_XX,1065_TAI_ANG_XX.wav,crema_d,1065,TAI,ANG,anger,unspecified,,,16000.0,2.3023125,16000.0,3.0,0.8623125,,,male,38
1065_TAI_DIS_XX,crema_d_1065_TAI_DIS_XX,1065_TAI_DIS_XX.wav,crema_d,1065,TAI,DIS,disgust,unspecified,,,,,,,,,,male,38
1065_TAI_FEA_XX,crema_d_1065_TAI_FEA_XX,1065_TAI_FEA_XX.wav,crema_d,1065,TAI,FEA,fear,unspecified,,,,,,,,,,male,38
1065_TAI_HAP_XX,crema_d_1065_TAI_HAP_XX,1065_TAI_HAP_XX.wav,crema_d,1065,TAI,HAP,happy,unspecified,,,16000.0,2.2689375,16000.0,3.0,0.8609375,,,male,38
1065_TAI_NEU_XX,crema_d_1065_TAI_NEU_XX,1065_TAI_NEU_XX.wav,crema_d,1065,TAI,NEU,neutral,unspecified,,,16000.0,2.43575,16000.0,3.0,0.13175,,,male,38
1065_TAI_SAD_XX,crema_d_1065_TAI_SAD_XX,1065_TAI_SAD_XX.wav,crema_d,1065,TAI,SAD,sad,unspecified,,,,,,,,,,male,38
1065_TIE_ANG_XX,crema_d_1065_TIE_ANG_XX,1065_TIE_ANG_XX.wav,crema_d,1065,TIE,ANG,anger,unspecified,,,16000.0,2.369,16000.0,3.0,0.929,,,male,38
1065_TIE_DIS_XX,crema_d_1065_TIE_DIS_XX,1065_TIE_DIS_XX.wav,crema_d,1065,TIE,DIS,disgust,unspecified,,,,,,,,,,male,38
1065_TIE_FEA_XX,crema_d_1065_TIE_FEA_XX,1065_TIE_FEA_XX.wav,crema_d,1065,TIE,FEA,fear,unspecified,,,,,,,,,,male,38
1065_TIE_HAP_XX,crema_d_1065_TIE_HAP_XX,1065_TIE_HAP_XX.wav,crema_d,1065,TIE,HAP,happy,unspecified,,,16000.0,2.43575,16000.0,3.0,1.05975,,,male,38
1065_TIE_NEU_XX,crema_d_1065_TIE_NEU_XX,1065_TIE_NEU_XX.wav,crema_d,1065,TIE,NEU,neutral,unspecified,,,16000.0,2.402375,16000.0,3.0,0.194375,,,male,38
1065_TIE_SAD_XX,crema_d_1065_TIE_SAD_XX,1065_TIE_SAD_XX.wav,crema_d,1065,TIE,SAD,sad,unspecified,,,,,,,,,,male,38
1065_TSI_ANG_XX,crema_d_1065_TSI_ANG_XX,1065_TSI_ANG_XX.wav,crema_d,1065,TSI,ANG,anger,unspecified,,,16000.0,1.93525,16000.0,3.0,1.10325,,,male,38
1065_TSI_DIS_XX,crema_d_1065_TSI_DIS_XX,1065_TSI_DIS_XX.wav,crema_d,1065,TSI,DIS,disgust,unspecified,,,,,,,,,,male,38
1065_TSI_FEA_XX,crema_d_1065_TSI_FEA_XX,1065_TSI_FEA_XX.wav,crema_d,1065,TSI,FEA,fear,unspecified,,,,,,,,,,male,38
1065_TSI_HAP_XX,crema_d_1065_TSI_HAP_XX,1065_TSI_HAP_XX.wav,crema_d,1065,TSI,HAP,happy,unspecified,,,16000.0,2.2021875,16000.0,3.0,1.1781875,,,male,38
1065_TSI_NEU_XX,crema_d_1065_TSI_NEU_XX,1065_TSI_NEU_XX.wav,crema_d,1065,TSI,NEU,neutral,unspecified,,,16000.0,1.8351875,16000.0,3.0,0.0,,,male,38
1065_TSI_SAD_XX,crema_d_1065_TSI_SAD_XX,1065_TSI_SAD_XX.wav,crema_d,1065,TSI,SAD,sad,unspecified,,,,,,,,,,male,38
1065_WSI_ANG_XX,crema_d_1065_WSI_ANG_XX,1065_WSI_ANG_XX.wav,crema_d,1065,WSI,ANG,anger,unspecified,,,16000.0,2.3023125,16000.0,3.0,0.9583125,,,male,38
1065_WSI_DIS_XX,crema_d_1065_WSI_DIS_XX,1065_WSI_DIS_XX.wav,crema_d,1065,WSI,DIS,disgust,unspecified,,,,,,,,,,male,38
1065_WSI_FEA_XX,crema_d_1065_WSI_FEA_XX,1065_WSI_FEA_XX.wav,crema_d,1065,WSI,FEA,fear,unspecified,,,,,,,,,,male,38
1065_WSI_HAP_XX,crema_d_1065_WSI_HAP_XX,1065_WSI_HAP_XX.wav,crema_d,1065,WSI,HAP,happy,unspecified,,,16000.0,1.8685,16000.0,3.0,0.5245,,,male,38
1065_WSI_NEU_XX,crema_d_1065_WSI_NEU_XX,1065_WSI_NEU_XX.wav,crema_d,1065,WSI,NEU,neutral,unspecified,,,16000.0,2.602625,16000.0,3.0,0.0,,,male,38
1065_WSI_SAD_XX,crema_d_1065_WSI_SAD_XX,1065_WSI_SAD_XX.wav,crema_d,1065,WSI,SAD,sad,unspecified,,,,,,,,,,male,38
1066_DFA_ANG_XX,crema_d_1066_DFA_ANG_XX,1066_DFA_ANG_XX.wav,crema_d,1066,DFA,ANG,anger,unspecified,,,16000.0,1.8351875,16000.0,3.0,0.6511875,,,male,25
1066_DFA_DIS_XX,crema_d_1066_DFA_DIS_XX,1066_DFA_DIS_XX.wav,crema_d,1066,DFA,DIS,disgust,unspecified,,,,,,,,,,male,25
1066_DFA_FEA_XX,crema_d_1066_DFA_FEA_XX,1066_DFA_FEA_XX.wav,crema_d,1066,DFA,FEA,fear,unspecified,,,,,,,,,,male,25
1066_DFA_HAP_XX,crema_d_1066_DFA_HAP_XX,1066_DFA_HAP_XX.wav,crema_d,1066,DFA,HAP,happy,unspecified,,,16000.0,1.7350625,16000.0,3.0,0.8070625,,,male,25
1066_DFA_NEU_XX,crema_d_1066_DFA_NEU_XX,1066_DFA_NEU_XX.wav,crema_d,1066,DFA,NEU,neutral,unspecified,,,16000.0,1.8685,16000.0,3.0,0.0,,,male,25
1066_DFA_SAD_XX,crema_d_1066_DFA_SAD_XX,1066_DFA_SAD_XX.wav,crema_d,1066,DFA,SAD,sad,unspecified,,,,,,,,,,male,25
1066_IEO_ANG_HI,crema_d_1066_IEO_ANG_HI,1066_IEO_ANG_HI.wav,crema_d,1066,IEO,ANG,anger,high,,,16000.0,1.7684375,16000.0,3.0,0.4884375,,,male,25
1066_IEO_ANG_LO,crema_d_1066_IEO_ANG_LO,1066_IEO_ANG_LO.wav,crema_d,1066,IEO,ANG,anger,low,,,16000.0,1.56825,16000.0,3.0,0.38425,,,male,25
1066_IEO_ANG_MD,crema_d_1066_IEO_ANG_MD,1066_IEO_ANG_MD.wav,crema_d,1066,IEO,ANG,anger,medium,,,16000.0,1.968625,16000.0,3.0,0.272625,,,male,25
1066_IEO_DIS_HI,crema_d_1066_IEO_DIS_HI,1066_IEO_DIS_HI.wav,crema_d,1066,IEO,DIS,disgust,high,,,,,,,,,,male,25
1066_IEO_DIS_LO,crema_d_1066_IEO_DIS_LO,1066_IEO_DIS_LO.wav,crema_d,1066,IEO,DIS,disgust,low,,,,,,,,,,male,25
1066_IEO_DIS_MD,crema_d_1066_IEO_DIS_MD,1066_IEO_DIS_MD.wav,crema_d,1066,IEO,DIS,disgust,medium,,,,,,,,,,male,25
1066_IEO_FEA_HI,crema_d_1066_IEO_FEA_HI,1066_IEO_FEA_HI.wav,crema_d,1066,IEO,FEA,fear,high,,,,,,,,,,male,25
1066_IEO_FEA_LO,crema_d_1066_IEO_FEA_LO,1066_IEO_FEA_LO.wav,crema_d,1066,IEO,FEA,fear,low,,,,,,,,,,male,25
1066_IEO_FEA_MD,crema_d_1066_IEO_FEA_MD,1066_IEO_FEA_MD.wav,crema_d,1066,IEO,FEA,fear,medium,,,,,,,,,,male,25
1066_IEO_HAP_HI,crema_d_1066_IEO_HAP_HI,1066_IEO_HAP_HI.wav,crema_d,1066,IEO,HAP,happy,high,,,16000.0,1.7684375,16000.0,3.0,0.8084375,,,male,25
1066_IEO_HAP_LO,crema_d_1066_IEO_HAP_LO,1066_IEO_HAP_LO.wav,crema_d,1066,IEO,HAP,happy,low,,,16000.0,1.56825,16000.0,3.0,0.03225,,,male,25
1066_IEO_HAP_MD,crema_d_1066_IEO_HAP_MD,1066_IEO_HAP_MD.wav,crema_d,1066,IEO,HAP,happy,medium,,,16000.0,1.8351875,16000.0,3.0,0.032,,,male,25
1066_IEO_NEU_XX,crema_d_1066_IEO_NEU_XX,1066_IEO_NEU_XX.wav,crema_d,1066,IEO,NEU,neutral,unspecified,,,16000.0,1.93525,16000.0,3.0,0.14325,,,male,25
1066_IEO_SAD_HI,crema_d_1066_IEO_SAD_HI,1066_IEO_SAD_HI.wav,crema_d,1066,IEO,SAD,sad,high,,,,,,,,,,male,25
1066_IEO_SAD_LO,crema_d_1066_IEO_SAD_LO,1066_IEO_SAD_LO.wav,crema_d,1066,IEO,SAD,sad,low,,,,,,,,,,male,25
1066_IEO_SAD_MD,crema_d_1066_IEO_SAD_MD,1066_IEO_SAD_MD.wav,crema_d,1066,IEO,SAD,sad,medium,,,,,,,,,,male,25
1066_IOM_ANG_XX,crema_d_1066_IOM_ANG_XX,1066_IOM_ANG_XX.wav,crema_d,1066,IOM,ANG,anger,unspecified,,,16000.0,2.102125,16000.0,3.0,0.854125,,,male,25
1066_IOM_DIS_XX,crema_d_1066_IOM_DIS_XX,1066_IOM_DIS_XX.wav,crema_d,1066,IOM,DIS,disgust,unspecified,,,,,,,,,,male,25
1066_IOM_FEA_XX,crema_d_1066_IOM_FEA_XX,1066_IOM_FEA_XX.wav,crema_d,1066,IOM,FEA,fear,unspecified,,,,,,,,,,male,25
1066_IOM_HAP_XX,crema_d_1066_IOM_HAP_XX,1066_IOM_HAP_XX.wav,crema_d,1066,IOM,HAP,happy,unspecified,,,16000.0,1.7684375,16000.0,3.0,0.1044375,,,male,25
1066_IOM_NEU_XX,crema_d_1066_IOM_NEU_XX,1066_IOM_NEU_XX.wav,crema_d,1066,IOM,NEU,neutral,unspecified,,,16000.0,2.102125,16000.0,3.0,0.0,,,male,25
1066_IOM_SAD_XX,crema_d_1066_IOM_SAD_XX,1066_IOM_SAD_XX.wav,crema_d,1066,IOM,SAD,sad,unspecified,,,,,,,,,,male,25
1066_ITH_ANG_XX,crema_d_1066_ITH_ANG_XX,1066_ITH_ANG_XX.wav,crema_d,1066,ITH,ANG,anger,unspecified,,,16000.0,2.3023125,16000.0,3.0,0.8623125,,,male,25
1066_ITH_DIS_XX,crema_d_1066_ITH_DIS_XX,1066_ITH_DIS_XX.wav,crema_d,1066,ITH,DIS,disgust,unspecified,,,,,,,,,,male,25
1066_ITH_FEA_XX,crema_d_1066_ITH_FEA_XX,1066_ITH_FEA_XX.wav,crema_d,1066,ITH,FEA,fear,unspecified,,,,,,,,,,male,25
1066_ITH_HAP_XX,crema_d_1066_ITH_HAP_XX,1066_ITH_HAP_XX.wav,crema_d,1066,ITH,HAP,happy,unspecified,,,16000.0,2.06875,16000.0,3.0,0.75675,,,male,25
1066_ITH_NEU_XX,crema_d_1066_ITH_NEU_XX,1066_ITH_NEU_XX.wav,crema_d,1066,ITH,NEU,neutral,unspecified,,,16000.0,1.968625,16000.0,3.0,0.0,,,male,25
1066_ITH_SAD_XX,crema_d_1066_ITH_SAD_XX,1066_ITH_SAD_XX.wav,crema_d,1066,ITH,SAD,sad,unspecified,,,,,,,,,,male,25
1066_ITS_ANG_XX,crema_d_1066_ITS_ANG_XX,1066_ITS_ANG_XX.wav,crema_d,1066,ITS,ANG,anger,unspecified,,,16000.0,2.535875,16000.0,3.0,0.519875,,,male,25
1066_ITS_DIS_XX,crema_d_1066_ITS_DIS_XX,1066_ITS_DIS_XX.wav,crema_d,1066,ITS,DIS,disgust,unspecified,,,,,,,,,,male,25
1066_ITS_FEA_XX,crema_d_1066_ITS_FEA_XX,1066_ITS_FEA_XX.wav,crema_d,1066,ITS,FEA,fear,unspecified,,,,,,,,,,male,25
1066_ITS_HAP_XX,crema_d_1066_ITS_HAP_XX,1066_ITS_HAP_XX.wav,crema_d,1066,ITS,HAP,happy,unspecified,,,16000.0,1.901875,16000.0,3.0,0.045875,,,male,25
1066_ITS_NEU_XX,crema_d_1066_ITS_NEU_XX,1066_ITS_NEU_XX.wav,crema_d,1066,ITS,NEU,neutral,unspecified,,,16000.0,2.06875,16000.0,3.0,0.0,,,male,25
1066_ITS_SAD_XX,crema_d_1066_ITS_SAD_XX,1066_ITS_SAD_XX.wav,crema_d,1066,ITS,SAD,sad,unspecified,,,,,,,,,,male,25
1066_IWL_ANG_XX,crema_d_1066_IWL_ANG_XX,1066_IWL_ANG_XX.wav,crema_d,1066,IWL,ANG,anger,unspecified,,,16000.0,2.7026875,16000.0,3.0,1.0386875,,,male,25
1066_IWL_DIS_XX,crema_d_1066_IWL_DIS_XX,1066_IWL_DIS_XX.wav,crema_d,1066,IWL,DIS,disgust,unspecified,,,,,,,,,,male,25
1066_IWL_FEA_XX,crema_d_1066_IWL_FEA_XX,1066_IWL_FEA_XX.wav,crema_d,1066,IWL,FEA,fear,unspecified,,,,,,,,,,male,25
1066_IWL_HAP_XX,crema_d_1066_IWL_HAP_XX,1066_IWL_HAP_XX.wav,crema_d,1066,IWL,HAP,happy,unspecified,,,16000.0,2.2021875,16000.0,3.0,0.064,,,male,25
1066_IWL_NEU_XX,crema_d_1066_IWL_NEU_XX,1066_IWL_NEU_XX.wav,crema_d,1066,IWL,NEU,neutral,unspecified,,,16000.0,2.102125,16000.0,3.0,0.054125,,,male,25
1066_IWL_SAD_XX,crema_d_1066_IWL_SAD_XX,1066_IWL_SAD_XX.wav,crema_d,1066,IWL,SAD,sad,unspecified,,,,,,,,,,male,25
1066_IWW_ANG_XX,crema_d_1066_IWW_ANG_XX,1066_IWW_ANG_XX.wav,crema_d,1066,IWW,ANG,anger,unspecified,,,16000.0,2.43575,16000.0,3.0,1.31575,,,male,25
1066_IWW_DIS_XX,crema_d_1066_IWW_DIS_XX,1066_IWW_DIS_XX.wav,crema_d,1066,IWW,DIS,disgust,unspecified,,,,,,,,,,male,25
1066_IWW_FEA_XX,crema_d_1066_IWW_FEA_XX,1066_IWW_FEA_XX.wav,crema_d,1066,IWW,FEA,fear,unspecified,,,,,,,,,,male,25
1066_IWW_HAP_XX,crema_d_1066_IWW_HAP_XX,1066_IWW_HAP_XX.wav,crema_d,1066,IWW,HAP,happy,unspecified,,,16000.0,1.93525,16000.0,3.0,0.11125,,,male,25
1066_IWW_NEU_XX,crema_d_1066_IWW_NEU_XX,1066_IWW_NEU_XX.wav,crema_d,1066,IWW,NEU,neutral,unspecified,,,16000.0,1.93525,16000.0,3.0,0.0,,,male,25
1066_IWW_SAD_XX,crema_d_1066_IWW_SAD_XX,1066_IWW_SAD_XX.wav,crema_d,1066,IWW,SAD,sad,unspecified,,,,,,,,,,male,25
1066_MTI_ANG_XX,crema_d_1066_MTI_ANG_XX,1066_MTI_ANG_XX.wav,crema_d,1066,MTI,ANG,anger,unspecified,,,16000.0,2.102125,16000.0,3.0,0.566125,,,male,25
1066_MTI_DIS_XX,crema_d_1066_MTI_DIS_XX,1066_MTI_DIS_XX.wav,crema_d,1066,MTI,DIS,disgust,unspecified,,,,,,,,,,male,25
1066_MTI_FEA_XX,crema_d_1066_MTI_FEA_XX,1066_MTI_FEA_XX.wav,crema_d,1066,MTI,FEA,fear,unspecified,,,,,,,,,,male,25
1066_MTI_HAP_XX,crema_d_1066_MTI_HAP_XX,1066_MTI_HAP_XX.wav,crema_d,1066,MTI,HAP,happy,unspecified,,,16000.0,2.1354375,16000.0,3.0,0.8234375,,,male,25
1066_MTI_NEU_XX,crema_d_1066_MTI_NEU_XX,1066_MTI_NEU_XX.wav,crema_d,1066,MTI,NEU,neutral,unspecified,,,16000.0,2.2689375,16000.0,3.0,0.0289375,,,male,25
1066_MTI_SAD_XX,crema_d_1066_MTI_SAD_XX,1066_MTI_SAD_XX.wav,crema_d,1066,MTI,SAD,sad,unspecified,,,,,,,,,,male,25
1066_TAI_ANG_XX,crema_d_1066_TAI_ANG_XX,1066_TAI_ANG_XX.wav,crema_d,1066,TAI,ANG,anger,unspecified,,,16000.0,2.8695,16000.0,3.0,1.1735,,,male,25
1066_TAI_DIS_XX,crema_d_1066_TAI_DIS_XX,1066_TAI_DIS_XX.wav,crema_d,1066,TAI,DIS,disgust,unspecified,,,,,,,,,,male,25
1066_TAI_FEA_XX,crema_d_1066_TAI_FEA_XX,1066_TAI_FEA_XX.wav,crema_d,1066,TAI,FEA,fear,unspecified,,,,,,,,,,male,25
1066_TAI_HAP_XX,crema_d_1066_TAI_HAP_XX,1066_TAI_HAP_XX.wav,crema_d,1066,TAI,HAP,happy,unspecified,,,16000.0,1.901875,16000.0,3.0,0.141875,,,male,25
1066_TAI_NEU_XX,crema_d_1066_TAI_NEU_XX,1066_TAI_NEU_XX.wav,crema_d,1066,TAI,NEU,neutral,unspecified,,,16000.0,2.1354375,16000.0,3.0,0.064,,,male,25
1066_TAI_SAD_XX,crema_d_1066_TAI_SAD_XX,1066_TAI_SAD_XX.wav,crema_d,1066,TAI,SAD,sad,unspecified,,,,,,,,,,male,25
1066_TIE_ANG_XX,crema_d_1066_TIE_ANG_XX,1066_TIE_ANG_XX.wav,crema_d,1066,TIE,ANG,anger,unspecified,,,16000.0,2.5025,16000.0,3.0,1.2865,,,male,25
1066_TIE_DIS_XX,crema_d_1066_TIE_DIS_XX,1066_TIE_DIS_XX.wav,crema_d,1066,TIE,DIS,disgust,unspecified,,,,,,,,,,male,25
1066_TIE_FEA_XX,crema_d_1066_TIE_FEA_XX,1066_TIE_FEA_XX.wav,crema_d,1066,TIE,FEA,fear,unspecified,,,,,,,,,,male,25
1066_TIE_HAP_XX,crema_d_1066_TIE_HAP_XX,1066_TIE_HAP_XX.wav,crema_d,1066,TIE,HAP,happy,unspecified,,,16000.0,2.2755625,16000.0,3.0,0.0995625,,,male,25
1066_TIE_NEU_XX,crema_d_1066_TIE_NEU_XX,1066_TIE_NEU_XX.wav,crema_d,1066,TIE,NEU,neutral,unspecified,,,16000.0,2.43575,16000.0,3.0,0.0,,,male,25
1066_TIE_SAD_XX,crema_d_1066_TIE_SAD_XX,1066_TIE_SAD_XX.wav,crema_d,1066,TIE,SAD,sad,unspecified,,,,,,,,,,male,25
1066_TSI_ANG_XX,crema_d_1066_TSI_ANG_XX,1066_TSI_ANG_XX.wav,crema_d,1066,TSI,ANG,anger,unspecified,,,16000.0,2.102125,16000.0,3.0,0.918125,,,male,25
1066_TSI_DIS_XX,crema_d_1066_TSI_DIS_XX,1066_TSI_DIS_XX.wav,crema_d,1066,TSI,DIS,disgust,unspecified,,,,,,,,,,male,25
1066_TSI_FEA_XX,crema_d_1066_TSI_FEA_XX,1066_TSI_FEA_XX.wav,crema_d,1066,TSI,FEA,fear,unspecified,,,,,,,,,,male,25
1066_TSI_HAP_XX,crema_d_1066_TSI_HAP_XX,1066_TSI_HAP_XX.wav,crema_d,1066,TSI,HAP,happy,unspecified,,,16000.0,1.968625,16000.0,3.0,0.624625,,,male,25
1066_TSI_NEU_XX,crema_d_1066_TSI_NEU_XX,1066_TSI_NEU_XX.wav,crema_d,1066,TSI,NEU,neutral,unspecified,,,16000.0,2.402375,16000.0,3.0,0.130375,,,male,25
1066_TSI_SAD_XX,crema_d_1066_TSI_SAD_XX,1066_TSI_SAD_XX.wav,crema_d,1066,TSI,SAD,sad,unspecified,,,,,,,,,,male,25
1066_WSI_ANG_XX,crema_d_1066_WSI_ANG_XX,1066_WSI_ANG_XX.wav,crema_d,1066,WSI,ANG,anger,unspecified,,,16000.0,2.6359375,16000.0,3.0,1.0039375,,,male,25
1066_WSI_DIS_XX,crema_d_1066_WSI_DIS_XX,1066_WSI_DIS_XX.wav,crema_d,1066,WSI,DIS,disgust,unspecified,,,,,,,,,,male,25
1066_WSI_FEA_XX,crema_d_1066_WSI_FEA_XX,1066_WSI_FEA_XX.wav,crema_d,1066,WSI,FEA,fear,unspecified,,,,,,,,,,male,25
1066_WSI_HAP_XX,crema_d_1066_WSI_HAP_XX,1066_WSI_HAP_XX.wav,crema_d,1066,WSI,HAP,happy,unspecified,,,16000.0,2.8695,16000.0,3.0,1.0775,,,male,25
1066_WSI_NEU_XX,crema_d_1066_WSI_NEU_XX,1066_WSI_NEU_XX.wav,crema_d,1066,WSI,NEU,neutral,unspecified,,,16000.0,2.1354375,16000.0,3.0,0.7914375,,,male,25
1066_WSI_SAD_XX,crema_d_1066_WSI_SAD_XX,1066_WSI_SAD_XX.wav,crema_d,1066,WSI,SAD,sad,unspecified,,,,,,,,,,male,25
1067_DFA_ANG_XX,crema_d_1067_DFA_ANG_XX,1067_DFA_ANG_XX.wav,crema_d,1067,DFA,ANG,anger,unspecified,,,16000.0,1.968625,16000.0,3.0,0.752625,,,male,66
1067_DFA_DIS_XX,crema_d_1067_DFA_DIS_XX,1067_DFA_DIS_XX.wav,crema_d,1067,DFA,DIS,disgust,unspecified,,,,,,,,,,male,66
1067_DFA_FEA_XX,crema_d_1067_DFA_FEA_XX,1067_DFA_FEA_XX.wav,crema_d,1067,DFA,FEA,fear,unspecified,,,,,,,,,,male,66
1067_DFA_HAP_XX,crema_d_1067_DFA_HAP_XX,1067_DFA_HAP_XX.wav,crema_d,1067,DFA,HAP,happy,unspecified,,,16000.0,2.002,16000.0,3.0,0.114,,,male,66
1067_DFA_NEU_XX,crema_d_1067_DFA_NEU_XX,1067_DFA_NEU_XX.wav,crema_d,1067,DFA,NEU,neutral,unspecified,,,16000.0,2.102125,16000.0,3.0,1.078125,,,male,66
1067_DFA_SAD_XX,crema_d_1067_DFA_SAD_XX,1067_DFA_SAD_XX.wav,crema_d,1067,DFA,SAD,sad,unspecified,,,,,,,,,,male,66
1067_IEO_ANG_HI,crema_d_1067_IEO_ANG_HI,1067_IEO_ANG_HI.wav,crema_d,1067,IEO,ANG,anger,high,,,16000.0,4.1374375,16000.0,3.0,1.9294375,,,male,66
1067_IEO_ANG_LO,crema_d_1067_IEO_ANG_LO,1067_IEO_ANG_LO.wav,crema_d,1067,IEO,ANG,anger,low,,,16000.0,2.06875,16000.0,3.0,0.50075,,,male,66
1067_IEO_ANG_MD,crema_d_1067_IEO_ANG_MD,1067_IEO_ANG_MD.wav,crema_d,1067,IEO,ANG,anger,medium,,,16000.0,2.7026875,16000.0,3.0,1.1666875,,,male,66
1067_IEO_DIS_HI,crema_d_1067_IEO_DIS_HI,1067_IEO_DIS_HI.wav,crema_d,1067,IEO,DIS,disgust,high,,,,,,,,,,male,66
1067_IEO_DIS_LO,crema_d_1067_IEO_DIS_LO,1067_IEO_DIS_LO.wav,crema_d,1067,IEO,DIS,disgust,low,,,,,,,,,,male,66
1067_IEO_DIS_MD,crema_d_1067_IEO_DIS_MD,1067_IEO_DIS_MD.wav,crema_d,1067,IEO,DIS,disgust,medium,,,,,,,,,,male,66
1067_IEO_FEA_HI,crema_d_1067_IEO_FEA_HI,1067_IEO_FEA_HI.wav,crema_d,1067,IEO,FEA,fear,high,,,,,,,,,,male,66
1067_IEO_FEA_LO,crema_d_1067_IEO_FEA_LO,1067_IEO_FEA_LO.wav,crema_d,1067,IEO,FEA,fear,low,,,,,,,,,,male,66
1067_IEO_FEA_MD,crema_d_1067_IEO_FEA_MD,1067_IEO_FEA_MD.wav,crema_d,1067,IEO,FEA,fear,medium,,,,,,,,,,male,66
1067_IEO_HAP_HI,crema_d_1067_IEO_HAP_HI,1067_IEO_HAP_HI.wav,crema_d,1067,IEO,HAP,happy,high,,,16000.0,2.035375,16000.0,3.0,0.403375,,,male,66
1067_IEO_HAP_LO,crema_d_1067_IEO_HAP_LO,1067_IEO_HAP_LO.wav,crema_d,1067,IEO,HAP,happy,low,,,16000.0,2.002,16000.0,3.0,0.05,,,male,66
1067_IEO_HAP_MD,crema_d_1067_IEO_HAP_MD,1067_IEO_HAP_MD.wav,crema_d,1067,IEO,HAP,happy,medium,,,16000.0,2.7026875,16000.0,3.0,0.032,,,male,66
1067_IEO_NEU_XX,crema_d_1067_IEO_NEU_XX,1067_IEO_NEU_XX.wav,crema_d,1067,IEO,NEU,neutral,unspecified,,,16000.0,1.8685625,16000.0,3.0,0.9085625,,,male,66
1067_IEO_SAD_HI,crema_d_1067_IEO_SAD_HI,1067_IEO_SAD_HI.wav,crema_d,1067,IEO,SAD,sad,high,,,,,,,,,,male,66
1067_IEO_SAD_LO,crema_d_1067_IEO_SAD_LO,1067_IEO_SAD_LO.wav,crema_d,1067,IEO,SAD,sad,low,,,,,,,,,,male,66
1067_IEO_SAD_MD,crema_d_1067_IEO_SAD_MD,1067_IEO_SAD_MD.wav,crema_d,1067,IEO,SAD,sad,medium,,,,,,,,,,male,66
1067_IOM_ANG_XX,crema_d_1067_IOM_ANG_XX,1067_IOM_ANG_XX.wav,crema_d,1067,IOM,ANG,anger,unspecified,,,16000.0,3.003,16000.0,3.0,0.635,,,male,66
1067_IOM_DIS_XX,crema_d_1067_IOM_DIS_XX,1067_IOM_DIS_XX.wav,crema_d,1067,IOM,DIS,disgust,unspecified,,,,,,,,,,male,66
1067_IOM_FEA_XX,crema_d_1067_IOM_FEA_XX,1067_IOM_FEA_XX.wav,crema_d,1067,IOM,FEA,fear,unspecified,,,,,,,,,,male,66
1067_IOM_HAP_XX,crema_d_1067_IOM_HAP_XX,1067_IOM_HAP_XX.wav,crema_d,1067,IOM,HAP,happy,unspecified,,,16000.0,2.5025,16000.0,3.0,0.1025,,,male,66
1067_IOM_NEU_XX,crema_d_1067_IOM_NEU_XX,1067_IOM_NEU_XX.wav,crema_d,1067,IOM,NEU,neutral,unspecified,,,16000.0,2.2021875,16000.0,3.0,0.0581875,,,male,66
1067_IOM_SAD_XX,crema_d_1067_IOM_SAD_XX,1067_IOM_SAD_XX.wav,crema_d,1067,IOM,SAD,sad,unspecified,,,,,,,,,,male,66
1067_ITH_ANG_XX,crema_d_1067_ITH_ANG_XX,1067_ITH_ANG_XX.wav,crema_d,1067,ITH,ANG,anger,unspecified,,,16000.0,3.06975,16000.0,3.0,0.86175,,,male,66
1067_ITH_DIS_XX,crema_d_1067_ITH_DIS_XX,1067_ITH_DIS_XX.wav,crema_d,1067,ITH,DIS,disgust,unspecified,,,,,,,,,,male,66
1067_ITH_FEA_XX,crema_d_1067_ITH_FEA_XX,1067_ITH_FEA_XX.wav,crema_d,1067,ITH,FEA,fear,unspecified,,,,,,,,,,male,66
1067_ITH_HAP_XX,crema_d_1067_ITH_HAP_XX,1067_ITH_HAP_XX.wav,crema_d,1067,ITH,HAP,happy,unspecified,,,16000.0,2.402375,16000.0,3.0,0.706375,,,male,66
1067_ITH_NEU_XX,crema_d_1067_ITH_NEU_XX,1067_ITH_NEU_XX.wav,crema_d,1067,ITH,NEU,neutral,unspecified,,,16000.0,2.2021875,16000.0,3.0,0.1541875,,,male,66
1067_ITH_SAD_XX,crema_d_1067_ITH_SAD_XX,1067_ITH_SAD_XX.wav,crema_d,1067,ITH,SAD,sad,unspecified,,,,,,,,,,male,66
1067_ITS_ANG_XX,crema_d_1067_ITS_ANG_XX,1067_ITS_ANG_XX.wav,crema_d,1067,ITS,ANG,anger,unspecified,,,16000.0,2.1354375,16000.0,3.0,0.4074375,,,male,66
1067_ITS_DIS_XX,crema_d_1067_ITS_DIS_XX,1067_ITS_DIS_XX.wav,crema_d,1067,ITS,DIS,disgust,unspecified,,,,,,,,,,male,66
1067_ITS_FEA_XX,crema_d_1067_ITS_FEA_XX,1067_ITS_FEA_XX.wav,crema_d,1067,ITS,FEA,fear,unspecified,,,,,,,,,,male,66
1067_ITS_HAP_XX,crema_d_1067_ITS_HAP_XX,1067_ITS_HAP_XX.wav,crema_d,1067,ITS,HAP,happy,unspecified,,,16000.0,3.970625,16000.0,3.0,0.034625,,,male,66
1067_ITS_NEU_XX,crema_d_1067_ITS_NEU_XX,1067_ITS_NEU_XX.wav,crema_d,1067,ITS,NEU,neutral,unspecified,,,16000.0,1.93525,16000.0,3.0,0.07925,,,male,66
1067_ITS_SAD_XX,crema_d_1067_ITS_SAD_XX,1067_ITS_SAD_XX.wav,crema_d,1067,ITS,SAD,sad,unspecified,,,,,,,,,,male,66
1067_IWL_ANG_XX,crema_d_1067_IWL_ANG_XX,1067_IWL_ANG_XX.wav,crema_d,1067,IWL,ANG,anger,unspecified,,,16000.0,4.8048125,16000.0,3.0,1.7648125,,,male,66
1067_IWL_DIS_XX,crema_d_1067_IWL_DIS_XX,1067_IWL_DIS_XX.wav,crema_d,1067,IWL,DIS,disgust,unspecified,,,,,,,,,,male,66
1067_IWL_FEA_XX,crema_d_1067_IWL_FEA_XX,1067_IWL_FEA_XX.wav,crema_d,1067,IWL,FEA,fear,unspecified,,,,,,,,,,male,66
1067_IWL_HAP_XX,crema_d_1067_IWL_HAP_XX,1067_IWL_HAP_XX.wav,crema_d,1067,IWL,HAP,happy,unspecified,,,16000.0,2.2355625,16000.0,3.0,0.672,,,male,66
1067_IWL_NEU_XX,crema_d_1067_IWL_NEU_XX,1067_IWL_NEU_XX.wav,crema_d,1067,IWL,NEU,neutral,unspecified,,,16000.0,2.2021875,16000.0,3.0,0.6341875,,,male,66
1067_IWL_SAD_XX,crema_d_1067_IWL_SAD_XX,1067_IWL_SAD_XX.wav,crema_d,1067,IWL,SAD,sad,unspecified,,,,,,,,,,male,66
1067_IWW_ANG_XX,crema_d_1067_IWW_ANG_XX,1067_IWW_ANG_XX.wav,crema_d,1067,IWW,ANG,anger,unspecified,,,16000.0,2.035375,16000.0,3.0,0.0,,,male,66
1067_IWW_DIS_XX,crema_d_1067_IWW_DIS_XX,1067_IWW_DIS_XX.wav,crema_d,1067,IWW,DIS,disgust,unspecified,,,,,,,,,,male,66
1067_IWW_FEA_XX,crema_d_1067_IWW_FEA_XX,1067_IWW_FEA_XX.wav,crema_d,1067,IWW,FEA,fear,unspecified,,,,,,,,,,male,66
1067_IWW_HAP_XX,crema_d_1067_IWW_HAP_XX,1067_IWW_HAP_XX.wav,crema_d,1067,IWW,HAP,happy,unspecified,,,16000.0,2.5025,16000.0,3.0,0.4225,,,male,66
1067_IWW_NEU_XX,crema_d_1067_IWW_NEU_XX,1067_IWW_NEU_XX.wav,crema_d,1067,IWW,NEU,neutral,unspecified,,,16000.0,2.602625,16000.0,3.0,0.266625,,,male,66
1067_IWW_SAD_XX,crema_d_1067_IWW_SAD_XX,1067_IWW_SAD_XX.wav,crema_d,1067,IWW,SAD,sad,unspecified,,,,,,,,,,male,66
1067_MTI_ANG_XX,crema_d_1067_MTI_ANG_XX,1067_MTI_ANG_XX.wav,crema_d,1067,MTI,ANG,anger,unspecified,,,16000.0,2.369,16000.0,3.0,0.577,,,male,66
1067_MTI_DIS_XX,crema_d_1067_MTI_DIS_XX,1067_MTI_DIS_XX.wav,crema_d,1067,MTI,DIS,disgust,unspecified,,,,,,,,,,male,66
1067_MTI_FEA_XX,crema_d_1067_MTI_FEA_XX,1067_MTI_FEA_XX.wav,crema_d,1067,MTI,FEA,fear,unspecified,,,,,,,,,,male,66
1067_MTI_HAP_XX,crema_d_1067_MTI_HAP_XX,1067_MTI_HAP_XX.wav,crema_d,1067,MTI,HAP,happy,unspecified,,,16000.0,2.8695,16000.0,3.0,1.3655,,,male,66
1067_MTI_NEU_XX,crema_d_1067_MTI_NEU_XX,1067_MTI_NEU_XX.wav,crema_d,1067,MTI,NEU,neutral,unspecified,,,16000.0,2.56925,16000.0,3.0,0.87325,,,male,66
1067_MTI_SAD_XX,crema_d_1067_MTI_SAD_XX,1067_MTI_SAD_XX.wav,crema_d,1067,MTI,SAD,sad,unspecified,,,,,,,,,,male,66
1067_TAI_ANG_XX,crema_d_1067_TAI_ANG_XX,1067_TAI_ANG_XX.wav,crema_d,1067,TAI,ANG,anger,unspecified,,,16000.0,4.1374375,16000.0,3.0,1.0334375,,,male,66
1067_TAI_DIS_XX,crema_d_1067_TAI_DIS_XX,1067_TAI_DIS_XX.wav,crema_d,1067,TAI,DIS,disgust,unspecified,,,,,,,,,,male,66
1067_TAI_FEA_XX,crema_d_1067_TAI_FEA_XX,1067_TAI_FEA_XX.wav,crema_d,1067,TAI,FEA,fear,unspecified,,,,,,,,,,male,66
1067_TAI_HAP_XX,crema_d_1067_TAI_HAP_XX,1067_TAI_HAP_XX.wav,crema_d,1067,TAI,HAP,happy,unspecified,,,16000.0,2.469125,16000.0,3.0,0.197125,,,male,66
1067_TAI_NEU_XX,crema_d_1067_TAI_NEU_XX,1067_TAI_NEU_XX.wav,crema_d,1067,TAI,NEU,neutral,unspecified,,,16000.0,2.2689375,16000.0,3.0,0.4769375,,,male,66
1067_TAI_SAD_XX,crema_d_1067_TAI_SAD_XX,1067_TAI_SAD_XX.wav,crema_d,1067,TAI,SAD,sad,unspecified,,,,,,,,,,male,66
1067_TIE_ANG_XX,crema_d_1067_TIE_ANG_XX,1067_TIE_ANG_XX.wav,crema_d,1067,TIE,ANG,anger,unspecified,,,16000.0,3.003,16000.0,3.0,0.827,,,male,66
1067_TIE_DIS_XX,crema_d_1067_TIE_DIS_XX,1067_TIE_DIS_XX.wav,crema_d,1067,TIE,DIS,disgust,unspecified,,,,,,,,,,male,66
1067_TIE_FEA_XX,crema_d_1067_TIE_FEA_XX,1067_TIE_FEA_XX.wav,crema_d,1067,TIE,FEA,fear,unspecified,,,,,,,,,,male,66
1067_TIE_HAP_XX,crema_d_1067_TIE_HAP_XX,1067_TIE_HAP_XX.wav,crema_d,1067,TIE,HAP,happy,unspecified,,,16000.0,2.3023125,16000.0,3.0,0.0,,,male,66
1067_TIE_NEU_XX,crema_d_1067_TIE_NEU_XX,1067_TIE_NEU_XX.wav,crema_d,1067,TIE,NEU,neutral,unspecified,,,16000.0,2.3356875,16000.0,3.0,0.8316875,,,male,66
1067_TIE_SAD_XX,crema_d_1067_TIE_SAD_XX,1067_TIE_SAD_XX.wav,crema_d,1067,TIE,SAD,sad,unspecified,,,,,,,,,,male,66
1067_TSI_ANG_XX,crema_d_1067_TSI_ANG_XX,1067_TSI_ANG_XX.wav,crema_d,1067,TSI,ANG,anger,unspecified,,,16000.0,2.002,16000.0,3.0,0.882,,,male,66
1067_TSI_DIS_XX,crema_d_1067_TSI_DIS_XX,1067_TSI_DIS_XX.wav,crema_d,1067,TSI,DIS,disgust,unspecified,,,,,,,,,,male,66
1067_TSI_FEA_XX,crema_d_1067_TSI_FEA_XX,1067_TSI_FEA_XX.wav,crema_d,1067,TSI,FEA,fear,unspecified,,,,,,,,,,male,66
1067_TSI_HAP_XX,crema_d_1067_TSI_HAP_XX,1067_TSI_HAP_XX.wav,crema_d,1067,TSI,HAP,happy,unspecified,,,16000.0,2.2755625,16000.0,3.0,1.1555625,,,male,66
1067_TSI_NEU_XX,crema_d_1067_TSI_NEU_XX,1067_TSI_NEU_XX.wav,crema_d,1067,TSI,NEU,neutral,unspecified,,,16000.0,1.56825,16000.0,3.0,0.44825,,,male,66
1067_TSI_SAD_XX,crema_d_1067_TSI_SAD_XX,1067_TSI_SAD_XX.wav,crema_d,1067,TSI,SAD,sad,unspecified,,,,,,,,,,male,66
1067_WSI_ANG_XX,crema_d_1067_WSI_ANG_XX,1067_WSI_ANG_XX.wav,crema_d,1067,WSI,ANG,anger,unspecified,,,16000.0,3.2365625,16000.0,3.0,1.2205625,,,male,66
1067_WSI_DIS_XX,crema_d_1067_WSI_DIS_XX,1067_WSI_DIS_XX.wav,crema_d,1067,WSI,DIS,disgust,unspecified,,,,,,,,,,male,66
1067_WSI_FEA_XX,crema_d_1067_WSI_FEA_XX,1067_WSI_FEA_XX.wav,crema_d,1067,WSI,FEA,fear,unspecified,,,,,,,,,,male,66
1067_WSI_HAP_XX,crema_d_1067_WSI_HAP_XX,1067_WSI_HAP_XX.wav,crema_d,1067,WSI,HAP,happy,unspecified,,,16000.0,2.7360625,16000.0,3.0,1.0720625,,,male,66
1067_WSI_NEU_XX,crema_d_1067_WSI_NEU_XX,1067_WSI_NEU_XX.wav,crema_d,1067,WSI,NEU,neutral,unspecified,,,16000.0,2.43575,16000.0,3.0,0.57975,,,male,66
1067_WSI_SAD_XX,crema_d_1067_WSI_SAD_XX,1067_WSI_SAD_XX.wav,crema_d,1067,WSI,SAD,sad,unspecified,,,,,,,,,,male,66
1068_DFA_ANG_XX,crema_d_1068_DFA_ANG_XX,1068_DFA_ANG_XX.wav,crema_d,1068,DFA,ANG,anger,unspecified,,,16000.0,1.7684375,16000.0,3.0,0.7764375,,,male,34
1068_DFA_DIS_XX,crema_d_1068_DFA_DIS_XX,1068_DFA_DIS_XX.wav,crema_d,1068,DFA,DIS,disgust,unspecified,,,,,,,,,,male,34
1068_DFA_FEA_XX,crema_d_1068_DFA_FEA_XX,1068_DFA_FEA_XX.wav,crema_d,1068,DFA,FEA,fear,unspecified,,,,,,,,,,male,34
1068_DFA_HAP_XX,crema_d_1068_DFA_HAP_XX,1068_DFA_HAP_XX.wav,crema_d,1068,DFA,HAP,happy,unspecified,,,16000.0,2.535875,16000.0,3.0,1.351875,,,male,34
1068_DFA_NEU_XX,crema_d_1068_DFA_NEU_XX,1068_DFA_NEU_XX.wav,crema_d,1068,DFA,NEU,neutral,unspecified,,,16000.0,2.3023125,16000.0,3.0,1.1503125,,,male,34
1068_DFA_SAD_XX,crema_d_1068_DFA_SAD_XX,1068_DFA_SAD_XX.wav,crema_d,1068,DFA,SAD,sad,unspecified,,,,,,,,,,male,34
1068_IEO_ANG_HI,crema_d_1068_IEO_ANG_HI,1068_IEO_ANG_HI.wav,crema_d,1068,IEO,ANG,anger,high,,,16000.0,3.036375,16000.0,3.0,1.788375,,,male,34
1068_IEO_ANG_LO,crema_d_1068_IEO_ANG_LO,1068_IEO_ANG_LO.wav,crema_d,1068,IEO,ANG,anger,low,,,16000.0,2.602625,16000.0,3.0,1.674625,,,male,34
1068_IEO_ANG_MD,crema_d_1068_IEO_ANG_MD,1068_IEO_ANG_MD.wav,crema_d,1068,IEO,ANG,anger,medium,,,16000.0,2.43575,16000.0,3.0,1.25175,,,male,34
1068_IEO_DIS_HI,crema_d_1068_IEO_DIS_HI,1068_IEO_DIS_HI.wav,crema_d,1068,IEO,DIS,disgust,high,,,,,,,,,,male,34
1068_IEO_DIS_LO,crema_d_1068_IEO_DIS_LO,1068_IEO_DIS_LO.wav,crema_d,1068,IEO,DIS,disgust,low,,,,,,,,,,male,34
1068_IEO_DIS_MD,crema_d_1068_IEO_DIS_MD,1068_IEO_DIS_MD.wav,crema_d,1068,IEO,DIS,disgust,medium,,,,,,,,,,male,34
1068_IEO_FEA_HI,crema_d_1068_IEO_FEA_HI,1068_IEO_FEA_HI.wav,crema_d,1068,IEO,FEA,fear,high,,,,,,,,,,male,34
1068_IEO_FEA_LO,crema_d_1068_IEO_FEA_LO,1068_IEO_FEA_LO.wav,crema_d,1068,IEO,FEA,fear,low,,,,,,,,,,male,34
1068_IEO_FEA_MD,crema_d_1068_IEO_FEA_MD,1068_IEO_FEA_MD.wav,crema_d,1068,IEO,FEA,fear,medium,,,,,,,,,,male,34
1068_IEO_HAP_HI,crema_d_1068_IEO_HAP_HI,1068_IEO_HAP_HI.wav,crema_d,1068,IEO,HAP,happy,high,,,16000.0,2.3690625,16000.0,3.0,1.0250625,,,male,34
1068_IEO_HAP_LO,crema_d_1068_IEO_HAP_LO,1068_IEO_HAP_LO.wav,crema_d,1068,IEO,HAP,happy,low,,,16000.0,2.602625,16000.0,3.0,0.106625,,,male,34
1068_IEO_HAP_MD,crema_d_1068_IEO_HAP_MD,1068_IEO_HAP_MD.wav,crema_d,1068,IEO,HAP,happy,medium,,,16000.0,2.8028125,16000.0,3.0,1.7788125,,,male,34
1068_IEO_NEU_XX,crema_d_1068_IEO_NEU_XX,1068_IEO_NEU_XX.wav,crema_d,1068,IEO,NEU,neutral,unspecified,,,16000.0,2.602625,16000.0,3.0,0.064,,,male,34
1068_IEO_SAD_HI,crema_d_1068_IEO_SAD_HI,1068_IEO_SAD_HI.wav,crema_d,1068,IEO,SAD,sad,high,,,,,,,,,,male,34
1068_IEO_SAD_LO,crema_d_1068_IEO_SAD_LO,1068_IEO_SAD_LO.wav,crema_d,1068,IEO,SAD,sad,low,,,,,,,,,,male,34
1068_IEO_SAD_MD,crema_d_1068_IEO_SAD_MD,1068_IEO_SAD_MD.wav,crema_d,1068,IEO,SAD,sad,medium,,,,,,,,,,male,34
1068_IOM_ANG_XX,crema_d_1068_IOM_ANG_XX,1068_IOM_ANG_XX.wav,crema_d,1068,IOM,ANG,anger,unspecified,,,16000.0,2.06875,16000.0,3.0,0.91675,,,male,34
1068_IOM_DIS_XX,crema_d_1068_IOM_DIS_XX,1068_IOM_DIS_XX.wav,crema_d,1068,IOM,DIS,disgust,unspecified,,,,,,,,,,male,34
1068_IOM_FEA_XX,crema_d_1068_IOM_FEA_XX,1068_IOM_FEA_XX.wav,crema_d,1068,IOM,FEA,fear,unspecified,,,,,,,,,,male,34
1068_IOM_HAP_XX,crema_d_1068_IOM_HAP_XX,1068_IOM_HAP_XX.wav,crema_d,1068,IOM,HAP,happy,unspecified,,,16000.0,2.469125,16000.0,3.0,0.869125,,,male,34
1068_IOM_NEU_XX,crema_d_1068_IOM_NEU_XX,1068_IOM_NEU_XX.wav,crema_d,1068,IOM,NEU,neutral,unspecified,,,16000.0,2.43575,16000.0,3.0,0.03575,,,male,34
1068_IOM_SAD_XX,crema_d_1068_IOM_SAD_XX,1068_IOM_SAD_XX.wav,crema_d,1068,IOM,SAD,sad,unspecified,,,,,,,,,,male,34
1068_ITH_ANG_XX,crema_d_1068_ITH_ANG_XX,1068_ITH_ANG_XX.wav,crema_d,1068,ITH,ANG,anger,unspecified,,,16000.0,2.469125,16000.0,3.0,1.253125,,,male,34
1068_ITH_DIS_XX,crema_d_1068_ITH_DIS_XX,1068_ITH_DIS_XX.wav,crema_d,1068,ITH,DIS,disgust,unspecified,,,,,,,,,,male,34
1068_ITH_FEA_XX,crema_d_1068_ITH_FEA_XX,1068_ITH_FEA_XX.wav,crema_d,1068,ITH,FEA,fear,unspecified,,,,,,,,,,male,34
1068_ITH_HAP_XX,crema_d_1068_ITH_HAP_XX,1068_ITH_HAP_XX.wav,crema_d,1068,ITH,HAP,happy,unspecified,,,16000.0,2.5025,16000.0,3.0,0.0065,,,male,34
1068_ITH_NEU_XX,crema_d_1068_ITH_NEU_XX,1068_ITH_NEU_XX.wav,crema_d,1068,ITH,NEU,neutral,unspecified,,,16000.0,2.8695,16000.0,3.0,0.0,,,male,34
1068_ITH_SAD_XX,crema_d_1068_ITH_SAD_XX,1068_ITH_SAD_XX.wav,crema_d,1068,ITH,SAD,sad,unspecified,,,,,,,,,,male,34
1068_ITS_ANG_XX,crema_d_1068_ITS_ANG_XX,1068_ITS_ANG_XX.wav,crema_d,1068,ITS,ANG,anger,unspecified,,,16000.0,2.469125,16000.0,3.0,0.965125,,,male,34
1068_ITS_DIS_XX,crema_d_1068_ITS_DIS_XX,1068_ITS_DIS_XX.wav,crema_d,1068,ITS,DIS,disgust,unspecified,,,,,,,,,,male,34
1068_ITS_FEA_XX,crema_d_1068_ITS_FEA_XX,1068_ITS_FEA_XX.wav,crema_d,1068,ITS,FEA,fear,unspecified,,,,,,,,,,male,34
1068_ITS_HAP_XX,crema_d_1068_ITS_HAP_XX,1068_ITS_HAP_XX.wav,crema_d,1068,ITS,HAP,happy,unspecified,,,16000.0,2.7360625,16000.0,3.0,0.9760625,,,male,34
1068_ITS_NEU_XX,crema_d_1068_ITS_NEU_XX,1068_ITS_NEU_XX.wav,crema_d,1068,ITS,NEU,neutral,unspecified,,,16000.0,2.402375,16000.0,3.0,0.066375,,,male,34
1068_ITS_SAD_XX,crema_d_1068_ITS_SAD_XX,1068_ITS_SAD_XX.wav,crema_d,1068,ITS,SAD,sad,unspecified,,,,,,,,,,male,34
1068_IWL_ANG_XX,crema_d_1068_IWL_ANG_XX,1068_IWL_ANG_XX.wav,crema_d,1068,IWL,ANG,anger,unspecified,,,16000.0,3.103125,16000.0,3.0,1.535125,,,male,34
1068_IWL_DIS_XX,crema_d_1068_IWL_DIS_XX,1068_IWL_DIS_XX.wav,crema_d,1068,IWL,DIS,disgust,unspecified,,,,,,,,,,male,34
1068_IWL_FEA_XX,crema_d_1068_IWL_FEA_XX,1068_IWL_FEA_XX.wav,crema_d,1068,IWL,FEA,fear,unspecified,,,,,,,,,,male,34
1068_IWL_HAP_XX,crema_d_1068_IWL_HAP_XX,1068_IWL_HAP_XX.wav,crema_d,1068,IWL,HAP,happy,unspecified,,,16000.0,2.6693125,16000.0,3.0,0.0773125,,,male,34
1068_IWL_NEU_XX,crema_d_1068_IWL_NEU_XX,1068_IWL_NEU_XX.wav,crema_d,1068,IWL,NEU,neutral,unspecified,,,16000.0,2.402375,16000.0,3.0,0.002375,,,male,34
1068_IWL_SAD_XX,crema_d_1068_IWL_SAD_XX,1068_IWL_SAD_XX.wav,crema_d,1068,IWL,SAD,sad,unspecified,,,,,,,,,,male,34
1068_IWW_ANG_XX,crema_d_1068_IWW_ANG_XX,1068_IWW_ANG_XX.wav,crema_d,1068,IWW,ANG,anger,unspecified,,,16000.0,1.93525,16000.0,3.0,0.94325,,,male,34
1068_IWW_DIS_XX,crema_d_1068_IWW_DIS_XX,1068_IWW_DIS_XX.wav,crema_d,1068,IWW,DIS,disgust,unspecified,,,,,,,,,,male,34
1068_IWW_FEA_XX,crema_d_1068_IWW_FEA_XX,1068_IWW_FEA_XX.wav,crema_d,1068,IWW,FEA,fear,unspecified,,,,,,,,,,male,34
1068_IWW_HAP_XX,crema_d_1068_IWW_HAP_XX,1068_IWW_HAP_XX.wav,crema_d,1068,IWW,HAP,happy,unspecified,,,16000.0,1.968625,16000.0,3.0,0.688625,,,male,34
1068_IWW_NEU_XX,crema_d_1068_IWW_NEU_XX,1068_IWW_NEU_XX.wav,crema_d,1068,IWW,NEU,neutral,unspecified,,,16000.0,2.535875,16000.0,3.0,0.0,,,male,34
1068_IWW_SAD_XX,crema_d_1068_IWW_SAD_XX,1068_IWW_SAD_XX.wav,crema_d,1068,IWW,SAD,sad,unspecified,,,,,,,,,,male,34
1068_MTI_ANG_XX,crema_d_1068_MTI_ANG_XX,1068_MTI_ANG_XX.wav,crema_d,1068,MTI,ANG,anger,unspecified,,,16000.0,2.369,16000.0,3.0,1.025,,,male,34
1068_MTI_DIS_XX,crema_d_1068_MTI_DIS_XX,1068_MTI_DIS_XX.wav,crema_d,1068,MTI,DIS,disgust,unspecified,,,,,,,,,,male,34
1068_MTI_FEA_XX,crema_d_1068_MTI_FEA_XX,1068_MTI_FEA_XX.wav,crema_d,1068,MTI,FEA,fear,unspecified,,,,,,,,,,male,34
1068_MTI_HAP_XX,crema_d_1068_MTI_HAP_XX,1068_MTI_HAP_XX.wav,crema_d,1068,MTI,HAP,happy,unspecified,,,16000.0,2.6359375,16000.0,3.0,0.0759375,,,male,34
1068_MTI_NEU_XX,crema_d_1068_MTI_NEU_XX,1068_MTI_NEU_XX.wav,crema_d,1068,MTI,NEU,neutral,unspecified,,,16000.0,3.2699375,16000.0,3.0,0.1659375,,,male,34
1068_MTI_SAD_XX,crema_d_1068_MTI_SAD_XX,1068_MTI_SAD_XX.wav,crema_d,1068,MTI,SAD,sad,unspecified,,,,,,,,,,male,34
1068_TAI_ANG_XX,crema_d_1068_TAI_ANG_XX,1068_TAI_ANG_XX.wav,crema_d,1068,TAI,ANG,anger,unspecified,,,16000.0,2.969625,16000.0,3.0,1.529625,,,male,34
1068_TAI_DIS_XX,crema_d_1068_TAI_DIS_XX,1068_TAI_DIS_XX.wav,crema_d,1068,TAI,DIS,disgust,unspecified,,,,,,,,,,male,34
1068_TAI_FEA_XX,crema_d_1068_TAI_FEA_XX,1068_TAI_FEA_XX.wav,crema_d,1068,TAI,FEA,fear,unspecified,,,,,,,,,,male,34
1068_TAI_HAP_XX,crema_d_1068_TAI_HAP_XX,1068_TAI_HAP_XX.wav,crema_d,1068,TAI,HAP,happy,unspecified,,,16000.0,2.369,16000.0,3.0,0.897,,,male,34
1068_TAI_NEU_XX,crema_d_1068_TAI_NEU_XX,1068_TAI_NEU_XX.wav,crema_d,1068,TAI,NEU,neutral,unspecified,,,16000.0,3.2699375,16000.0,3.0,0.8379375,,,male,34
1068_TAI_SAD_XX,crema_d_1068_TAI_SAD_XX,1068_TAI_SAD_XX.wav,crema_d,1068,TAI,SAD,sad,unspecified,,,,,,,,,,male,34
1068_TIE_ANG_XX,crema_d_1068_TIE_ANG_XX,1068_TIE_ANG_XX.wav,crema_d,1068,TIE,ANG,anger,unspecified,,,16000.0,3.1364375,16000.0,3.0,1.6324375,,,male,34
1068_TIE_DIS_XX,crema_d_1068_TIE_DIS_XX,1068_TIE_DIS_XX.wav,crema_d,1068,TIE,DIS,disgust,unspecified,,,,,,,,,,male,34
1068_TIE_FEA_XX,crema_d_1068_TIE_FEA_XX,1068_TIE_FEA_XX.wav,crema_d,1068,TIE,FEA,fear,unspecified,,,,,,,,,,male,34
1068_TIE_HAP_XX,crema_d_1068_TIE_HAP_XX,1068_TIE_HAP_XX.wav,crema_d,1068,TIE,HAP,happy,unspecified,,,16000.0,3.2699375,16000.0,3.0,1.2859375,,,male,34
1068_TIE_NEU_XX,crema_d_1068_TIE_NEU_XX,1068_TIE_NEU_XX.wav,crema_d,1068,TIE,NEU,neutral,unspecified,,,16000.0,2.6359375,16000.0,3.0,0.1719375,,,male,34
1068_TIE_SAD_XX,crema_d_1068_TIE_SAD_XX,1068_TIE_SAD_XX.wav,crema_d,1068,TIE,SAD,sad,unspecified,,,,,,,,,,male,34
1068_TSI_ANG_XX,crema_d_1068_TSI_ANG_XX,1068_TSI_ANG_XX.wav,crema_d,1068,TSI,ANG,anger,unspecified,,,16000.0,2.2755625,16000.0,3.0,0.9955625,,,male,34
1068_TSI_DIS_XX,crema_d_1068_TSI_DIS_XX,1068_TSI_DIS_XX.wav,crema_d,1068,TSI,DIS,disgust,unspecified,,,,,,,,,,male,34
1068_TSI_FEA_XX,crema_d_1068_TSI_FEA_XX,1068_TSI_FEA_XX.wav,crema_d,1068,TSI,FEA,fear,unspecified,,,,,,,,,,male,34
1068_TSI_HAP_XX,crema_d_1068_TSI_HAP_XX,1068_TSI_HAP_XX.wav,crema_d,1068,TSI,HAP,happy,unspecified,,,16000.0,2.2689375,16000.0,3.0,1.1809375,,,male,34
1068_TSI_NEU_XX,crema_d_1068_TSI_NEU_XX,1068_TSI_NEU_XX.wav,crema_d,1068,TSI,NEU,neutral,unspecified,,,16000.0,2.43575,16000.0,3.0,0.03575,,,male,34
1068_TSI_SAD_XX,crema_d_1068_TSI_SAD_XX,1068_TSI_SAD_XX.wav,crema_d,1068,TSI,SAD,sad,unspecified,,,,,,,,,,male,34
1068_WSI_ANG_XX,crema_d_1068_WSI_ANG_XX,1068_WSI_ANG_XX.wav,crema_d,1068,WSI,ANG,anger,unspecified,,,16000.0,2.902875,16000.0,3.0,1.590875,,,male,34
1068_WSI_DIS_XX,crema_d_1068_WSI_DIS_XX,1068_WSI_DIS_XX.wav,crema_d,1068,WSI,DIS,disgust,unspecified,,,,,,,,,,male,34
1068_WSI_FEA_XX,crema_d_1068_WSI_FEA_XX,1068_WSI_FEA_XX.wav,crema_d,1068,WSI,FEA,fear,unspecified,,,,,,,,,,male,34
1068_WSI_HAP_XX,crema_d_1068_WSI_HAP_XX,1068_WSI_HAP_XX.wav,crema_d,1068,WSI,HAP,happy,unspecified,,,16000.0,2.2689375,16000.0,3.0,1.0209375,,,male,34
1068_WSI_NEU_XX,crema_d_1068_WSI_NEU_XX,1068_WSI_NEU_XX.wav,crema_d,1068,WSI,NEU,neutral,unspecified,,,16000.0,2.7360625,16000.0,3.0,0.1760625,,,male,34
1068_WSI_SAD_XX,crema_d_1068_WSI_SAD_XX,1068_WSI_SAD_XX.wav,crema_d,1068,WSI,SAD,sad,unspecified,,,,,,,,,,male,34
1069_DFA_ANG_XX,crema_d_1069_DFA_ANG_XX,1069_DFA_ANG_XX.wav,crema_d,1069,DFA,ANG,anger,unspecified,,,16000.0,1.968625,16000.0,3.0,0.752625,,,male,27
1069_DFA_DIS_XX,crema_d_1069_DFA_DIS_XX,1069_DFA_DIS_XX.wav,crema_d,1069,DFA,DIS,disgust,unspecified,,,,,,,,,,male,27
1069_DFA_FEA_XX,crema_d_1069_DFA_FEA_XX,1069_DFA_FEA_XX.wav,crema_d,1069,DFA,FEA,fear,unspecified,,,,,,,,,,male,27
1069_DFA_HAP_XX,crema_d_1069_DFA_HAP_XX,1069_DFA_HAP_XX.wav,crema_d,1069,DFA,HAP,happy,unspecified,,,16000.0,1.8351875,16000.0,3.0,0.8751875,,,male,27
1069_DFA_NEU_XX,crema_d_1069_DFA_NEU_XX,1069_DFA_NEU_XX.wav,crema_d,1069,DFA,NEU,neutral,unspecified,,,16000.0,2.2755625,16000.0,3.0,1.1555625,,,male,27
1069_DFA_SAD_XX,crema_d_1069_DFA_SAD_XX,1069_DFA_SAD_XX.wav,crema_d,1069,DFA,SAD,sad,unspecified,,,,,,,,,,male,27
1069_IEO_ANG_HI,crema_d_1069_IEO_ANG_HI,1069_IEO_ANG_HI.wav,crema_d,1069,IEO,ANG,anger,high,,,16000.0,1.8351875,16000.0,3.0,0.9071875,,,male,27
1069_IEO_ANG_LO,crema_d_1069_IEO_ANG_LO,1069_IEO_ANG_LO.wav,crema_d,1069,IEO,ANG,anger,low,,,16000.0,1.93525,16000.0,3.0,0.04725,,,male,27
1069_IEO_ANG_MD,crema_d_1069_IEO_ANG_MD,1069_IEO_ANG_MD.wav,crema_d,1069,IEO,ANG,anger,medium,,,16000.0,1.8351875,16000.0,3.0,0.8751875,,,male,27
1069_IEO_DIS_HI,crema_d_1069_IEO_DIS_HI,1069_IEO_DIS_HI.wav,crema_d,1069,IEO,DIS,disgust,high,,,,,,,,,,male,27
1069_IEO_DIS_LO,crema_d_1069_IEO_DIS_LO,1069_IEO_DIS_LO.wav,crema_d,1069,IEO,DIS,disgust,low,,,,,,,,,,male,27
1069_IEO_DIS_MD,crema_d_1069_IEO_DIS_MD,1069_IEO_DIS_MD.wav,crema_d,1069,IEO,DIS,disgust,medium,,,,,,,,,,male,27
1069_IEO_FEA_HI,crema_d_1069_IEO_FEA_HI,1069_IEO_FEA_HI.wav,crema_d,1069,IEO,FEA,fear,high,,,,,,,,,,male,27
1069_IEO_FEA_LO,crema_d_1069_IEO_FEA_LO,1069_IEO_FEA_LO.wav,crema_d,1069,IEO,FEA,fear,low,,,,,,,,,,male,27
1069_IEO_FEA_MD,crema_d_1069_IEO_FEA_MD,1069_IEO_FEA_MD.wav,crema_d,1069,IEO,FEA,fear,medium,,,,,,,,,,male,27
1069_IEO_HAP_HI,crema_d_1069_IEO_HAP_HI,1069_IEO_HAP_HI.wav,crema_d,1069,IEO,HAP,happy,high,,,16000.0,1.8685625,16000.0,3.0,0.9725625,,,male,27
1069_IEO_HAP_LO,crema_d_1069_IEO_HAP_LO,1069_IEO_HAP_LO.wav,crema_d,1069,IEO,HAP,happy,low,,,16000.0,1.7684375,16000.0,3.0,1.0004375,,,male,27
1069_IEO_HAP_MD,crema_d_1069_IEO_HAP_MD,1069_IEO_HAP_MD.wav,crema_d,1069,IEO,HAP,happy,medium,,,16000.0,1.6349375,16000.0,3.0,0.8029375,,,male,27
1069_IEO_NEU_XX,crema_d_1069_IEO_NEU_XX,1069_IEO_NEU_XX.wav,crema_d,1069,IEO,NEU,neutral,unspecified,,,16000.0,2.06875,16000.0,3.0,1.23675,,,male,27
1069_IEO_SAD_HI,crema_d_1069_IEO_SAD_HI,1069_IEO_SAD_HI.wav,crema_d,1069,IEO,SAD,sad,high,,,,,,,,,,male,27
1069_IEO_SAD_LO,crema_d_1069_IEO_SAD_LO,1069_IEO_SAD_LO.wav,crema_d,1069,IEO,SAD,sad,low,,,,,,,,,,male,27
1069_IEO_SAD_MD,crema_d_1069_IEO_SAD_MD,1069_IEO_SAD_MD.wav,crema_d,1069,IEO,SAD,sad,medium,,,,,,,,,,male,27
1069_IOM_ANG_XX,crema_d_1069_IOM_ANG_XX,1069_IOM_ANG_XX.wav,crema_d,1069,IOM,ANG,anger,unspecified,,,16000.0,2.002,16000.0,3.0,0.69,,,male,27
1069_IOM_DIS_XX,crema_d_1069_IOM_DIS_XX,1069_IOM_DIS_XX.wav,crema_d,1069,IOM,DIS,disgust,unspecified,,,,,,,,,,male,27
1069_IOM_FEA_XX,crema_d_1069_IOM_FEA_XX,1069_IOM_FEA_XX.wav,crema_d,1069,IOM,FEA,fear,unspecified,,,,,,,,,,male,27
1069_IOM_HAP_XX,crema_d_1069_IOM_HAP_XX,1069_IOM_HAP_XX.wav,crema_d,1069,IOM,HAP,happy,unspecified,,,16000.0,1.8685,16000.0,3.0,0.8445,,,male,27
1069_IOM_NEU_XX,crema_d_1069_IOM_NEU_XX,1069_IOM_NEU_XX.wav,crema_d,1069,IOM,NEU,neutral,unspecified,,,16000.0,2.1354375,16000.0,3.0,0.8554375,,,male,27
1069_IOM_SAD_XX,crema_d_1069_IOM_SAD_XX,1069_IOM_SAD_XX.wav,crema_d,1069,IOM,SAD,sad,unspecified,,,,,,,,,,male,27
1069_ITH_ANG_XX,crema_d_1069_ITH_ANG_XX,1069_ITH_ANG_XX.wav,crema_d,1069,ITH,ANG,anger,unspecified,,,16000.0,2.6359375,16000.0,3.0,1.0359375,,,male,27
1069_ITH_DIS_XX,crema_d_1069_ITH_DIS_XX,1069_ITH_DIS_XX.wav,crema_d,1069,ITH,DIS,disgust,unspecified,,,,,,,,,,male,27
1069_ITH_FEA_XX,crema_d_1069_ITH_FEA_XX,1069_ITH_FEA_XX.wav,crema_d,1069,ITH,FEA,fear,unspecified,,,,,,,,,,male,27
1069_ITH_HAP_XX,crema_d_1069_ITH_HAP_XX,1069_ITH_HAP_XX.wav,crema_d,1069,ITH,HAP,happy,unspecified,,,16000.0,1.901875,16000.0,3.0,0.621875,,,male,27
1069_ITH_NEU_XX,crema_d_1069_ITH_NEU_XX,1069_ITH_NEU_XX.wav,crema_d,1069,ITH,NEU,neutral,unspecified,,,16000.0,2.5025,16000.0,3.0,1.1585,,,male,27
1069_ITH_SAD_XX,crema_d_1069_ITH_SAD_XX,1069_ITH_SAD_XX.wav,crema_d,1069,ITH,SAD,sad,unspecified,,,,,,,,,,male,27
1069_ITS_ANG_XX,crema_d_1069_ITS_ANG_XX,1069_ITS_ANG_XX.wav,crema_d,1069,ITS,ANG,anger,unspecified,,,16000.0,2.002,16000.0,3.0,0.53,,,male,27
1069_ITS_DIS_XX,crema_d_1069_ITS_DIS_XX,1069_ITS_DIS_XX.wav,crema_d,1069,ITS,DIS,disgust,unspecified,,,,,,,,,,male,27
1069_ITS_FEA_XX,crema_d_1069_ITS_FEA_XX,1069_ITS_FEA_XX.wav,crema_d,1069,ITS,FEA,fear,unspecified,,,,,,,,,,male,27
1069_ITS_HAP_XX,crema_d_1069_ITS_HAP_XX,1069_ITS_HAP_XX.wav,crema_d,1069,ITS,HAP,happy,unspecified,,,16000.0,2.002,16000.0,3.0,0.626,,,male,27
1069_ITS_NEU_XX,crema_d_1069_ITS_NEU_XX,1069_ITS_NEU_XX.wav,crema_d,1069,ITS,NEU,neutral,unspecified,,,16000.0,2.2021875,16000.0,3.0,0.8261875,,,male,27
1069_ITS_SAD_XX,crema_d_1069_ITS_SAD_XX,1069_ITS_SAD_XX.wav,crema_d,1069,ITS,SAD,sad,unspecified,,,,,,,,,,male,27
1069_IWL_ANG_XX,crema_d_1069_IWL_ANG_XX,1069_IWL_ANG_XX.wav,crema_d,1069,IWL,ANG,anger,unspecified,,,16000.0,2.1354375,16000.0,3.0,0.5674375,,,male,27
1069_IWL_DIS_XX,crema_d_1069_IWL_DIS_XX,1069_IWL_DIS_XX.wav,crema_d,1069,IWL,DIS,disgust,unspecified,,,,,,,,,,male,27
1069_IWL_FEA_XX,crema_d_1069_IWL_FEA_XX,1069_IWL_FEA_XX.wav,crema_d,1069,IWL,FEA,fear,unspecified,,,,,,,,,,male,27
1069_IWL_HAP_XX,crema_d_1069_IWL_HAP_XX,1069_IWL_HAP_XX.wav,crema_d,1069,IWL,HAP,happy,unspecified,,,16000.0,2.1688125,16000.0,3.0,0.6968125,,,male,27
1069_IWL_NEU_XX,crema_d_1069_IWL_NEU_XX,1069_IWL_NEU_XX.wav,crema_d,1069,IWL,NEU,neutral,unspecified,,,16000.0,3.2031875,16000.0,3.0,1.6031875,,,male,27
1069_IWL_SAD_XX,crema_d_1069_IWL_SAD_XX,1069_IWL_SAD_XX.wav,crema_d,1069,IWL,SAD,sad,unspecified,,,,,,,,,,male,27
1069_IWW_ANG_XX,crema_d_1069_IWW_ANG_XX,1069_IWW_ANG_XX.wav,crema_d,1069,IWW,ANG,anger,unspecified,,,16000.0,2.1688125,16000.0,3.0,0.8248125,,,male,27
1069_IWW_DIS_XX,crema_d_1069_IWW_DIS_XX,1069_IWW_DIS_XX.wav,crema_d,1069,IWW,DIS,disgust,unspecified,,,,,,,,,,male,27
1069_IWW_FEA_XX,crema_d_1069_IWW_FEA_XX,1069_IWW_FEA_XX.wav,crema_d,1069,IWW,FEA,fear,unspecified,,,,,,,,,,male,27
1069_IWW_HAP_XX,crema_d_1069_IWW_HAP_XX,1069_IWW_HAP_XX.wav,crema_d,1069,IWW,HAP,happy,unspecified,,,16000.0,1.93525,16000.0,3.0,0.68725,,,male,27
1069_IWW_NEU_XX,crema_d_1069_IWW_NEU_XX,1069_IWW_NEU_XX.wav,crema_d,1069,IWW,NEU,neutral,unspecified,,,16000.0,2.035375,16000.0,3.0,0.115375,,,male,27
1069_IWW_SAD_XX,crema_d_1069_IWW_SAD_XX,1069_IWW_SAD_XX.wav,crema_d,1069,IWW,SAD,sad,unspecified,,,,,,,,,,male,27
1069_MTI_ANG_XX,crema_d_1069_MTI_ANG_XX,1069_MTI_ANG_XX.wav,crema_d,1069,MTI,ANG,anger,unspecified,,,16000.0,2.2689375,16000.0,3.0,0.5089375,,,male,27
1069_MTI_DIS_XX,crema_d_1069_MTI_DIS_XX,1069_MTI_DIS_XX.wav,crema_d,1069,MTI,DIS,disgust,unspecified,,,,,,,,,,male,27
1069_MTI_FEA_XX,crema_d_1069_MTI_FEA_XX,1069_MTI_FEA_XX.wav,crema_d,1069,MTI,FEA,fear,unspecified,,,,,,,,,,male,27
1069_MTI_HAP_XX,crema_d_1069_MTI_HAP_XX,1069_MTI_HAP_XX.wav,crema_d,1069,MTI,HAP,happy,unspecified,,,16000.0,2.1354375,16000.0,3.0,0.4714375,,,male,27
1069_MTI_NEU_XX,crema_d_1069_MTI_NEU_XX,1069_MTI_NEU_XX.wav,crema_d,1069,MTI,NEU,neutral,unspecified,,,16000.0,2.6359375,16000.0,3.0,0.8439375,,,male,27
1069_MTI_SAD_XX,crema_d_1069_MTI_SAD_XX,1069_MTI_SAD_XX.wav,crema_d,1069,MTI,SAD,sad,unspecified,,,,,,,,,,male,27
1069_TAI_ANG_XX,crema_d_1069_TAI_ANG_XX,1069_TAI_ANG_XX.wav,crema_d,1069,TAI,ANG,anger,unspecified,,,16000.0,3.036375,16000.0,3.0,0.572375,,,male,27
1069_TAI_DIS_XX,crema_d_1069_TAI_DIS_XX,1069_TAI_DIS_XX.wav,crema_d,1069,TAI,DIS,disgust,unspecified,,,,,,,,,,male,27
1069_TAI_FEA_XX,crema_d_1069_TAI_FEA_XX,1069_TAI_FEA_XX.wav,crema_d,1069,TAI,FEA,fear,unspecified,,,,,,,,,,male,27
1069_TAI_HAP_XX,crema_d_1069_TAI_HAP_XX,1069_TAI_HAP_XX.wav,crema_d,1069,TAI,HAP,happy,unspecified,,,16000.0,1.968625,16000.0,3.0,0.624625,,,male,27
1069_TAI_NEU_XX,crema_d_1069_TAI_NEU_XX,1069_TAI_NEU_XX.wav,crema_d,1069,TAI,NEU,neutral,unspecified,,,16000.0,2.535875,16000.0,3.0,0.807875,,,male,27
1069_TAI_SAD_XX,crema_d_1069_TAI_SAD_XX,1069_TAI_SAD_XX.wav,crema_d,1069,TAI,SAD,sad,unspecified,,,,,,,,,,male,27
1069_TIE_ANG_XX,crema_d_1069_TIE_ANG_XX,1069_TIE_ANG_XX.wav,crema_d,1069,TIE,ANG,anger,unspecified,,,16000.0,2.56925,16000.0,3.0,0.96925,,,male,27
1069_TIE_DIS_XX,crema_d_1069_TIE_DIS_XX,1069_TIE_DIS_XX.wav,crema_d,1069,TIE,DIS,disgust,unspecified,,,,,,,,,,male,27
1069_TIE_FEA_XX,crema_d_1069_TIE_FEA_XX,1069_TIE_FEA_XX.wav,crema_d,1069,TIE,FEA,fear,unspecified,,,,,,,,,,male,27
1069_TIE_HAP_XX,crema_d_1069_TIE_HAP_XX,1069_TIE_HAP_XX.wav,crema_d,1069,TIE,HAP,happy,unspecified,,,16000.0,2.06875,16000.0,3.0,0.72475,,,male,27
1069_TIE_NEU_XX,crema_d_1069_TIE_NEU_XX,1069_TIE_NEU_XX.wav,crema_d,1069,TIE,NEU,neutral,unspecified,,,16000.0,2.2755625,16000.0,3.0,0.7075625,,,male,27
1069_TIE_SAD_XX,crema_d_1069_TIE_SAD_XX,1069_TIE_SAD_XX.wav,crema_d,1069,TIE,SAD,sad,unspecified,,,,,,,,,,male,27
1069_TSI_ANG_XX,crema_d_1069_TSI_ANG_XX,1069_TSI_ANG_XX.wav,crema_d,1069,TSI,ANG,anger,unspecified,,,16000.0,1.93525,16000.0,3.0,0.81525,,,male,27
1069_TSI_DIS_XX,crema_d_1069_TSI_DIS_XX,1069_TSI_DIS_XX.wav,crema_d,1069,TSI,DIS,disgust,unspecified,,,,,,,,,,male,27
1069_TSI_FEA_XX,crema_d_1069_TSI_FEA_XX,1069_TSI_FEA_XX.wav,crema_d,1069,TSI,FEA,fear,unspecified,,,,,,,,,,male,27
1069_TSI_HAP_XX,crema_d_1069_TSI_HAP_XX,1069_TSI_HAP_XX.wav,crema_d,1069,TSI,HAP,happy,unspecified,,,16000.0,1.901875,16000.0,3.0,0.749875,,,male,27
1069_TSI_NEU_XX,crema_d_1069_TSI_NEU_XX,1069_TSI_NEU_XX.wav,crema_d,1069,TSI,NEU,neutral,unspecified,,,16000.0,2.2021875,16000.0,3.0,0.7621875,,,male,27
1069_TSI_SAD_XX,crema_d_1069_TSI_SAD_XX,1069_TSI_SAD_XX.wav,crema_d,1069,TSI,SAD,sad,unspecified,,,,,,,,,,male,27
1069_WSI_ANG_XX,crema_d_1069_WSI_ANG_XX,1069_WSI_ANG_XX.wav,crema_d,1069,WSI,ANG,anger,unspecified,,,16000.0,2.369,16000.0,3.0,0.801,,,male,27
1069_WSI_DIS_XX,crema_d_1069_WSI_DIS_XX,1069_WSI_DIS_XX.wav,crema_d,1069,WSI,DIS,disgust,unspecified,,,,,,,,,,male,27
1069_WSI_FEA_XX,crema_d_1069_WSI_FEA_XX,1069_WSI_FEA_XX.wav,crema_d,1069,WSI,FEA,fear,unspecified,,,,,,,,,,male,27
1069_WSI_HAP_XX,crema_d_1069_WSI_HAP_XX,1069_WSI_HAP_XX.wav,crema_d,1069,WSI,HAP,happy,unspecified,,,16000.0,1.93525,16000.0,3.0,0.71925,,,male,27
1069_WSI_NEU_XX,crema_d_1069_WSI_NEU_XX,1069_WSI_NEU_XX.wav,crema_d,1069,WSI,NEU,neutral,unspecified,,,16000.0,2.3023125,16000.0,3.0,0.8303125,,,male,27
1069_WSI_SAD_XX,crema_d_1069_WSI_SAD_XX,1069_WSI_SAD_XX.wav,crema_d,1069,WSI,SAD,sad,unspecified,,,,,,,,,,male,27
1070_DFA_ANG_XX,crema_d_1070_DFA_ANG_XX,1070_DFA_ANG_XX.wav,crema_d,1070,DFA,ANG,anger,unspecified,,,16000.0,2.8361875,16000.0,3.0,1.3001875,,,male,25
1070_DFA_DIS_XX,crema_d_1070_DFA_DIS_XX,1070_DFA_DIS_XX.wav,crema_d,1070,DFA,DIS,disgust,unspecified,,,,,,,,,,male,25
1070_DFA_FEA_XX,crema_d_1070_DFA_FEA_XX,1070_DFA_FEA_XX.wav,crema_d,1070,DFA,FEA,fear,unspecified,,,,,,,,,,male,25
1070_DFA_HAP_XX,crema_d_1070_DFA_HAP_XX,1070_DFA_HAP_XX.wav,crema_d,1070,DFA,HAP,happy,unspecified,,,16000.0,2.3356875,16000.0,3.0,1.2476875,,,male,25
1070_DFA_NEU_XX,crema_d_1070_DFA_NEU_XX,1070_DFA_NEU_XX.wav,crema_d,1070,DFA,NEU,neutral,unspecified,,,16000.0,2.43575,16000.0,3.0,1.09175,,,male,25
1070_DFA_SAD_XX,crema_d_1070_DFA_SAD_XX,1070_DFA_SAD_XX.wav,crema_d,1070,DFA,SAD,sad,unspecified,,,,,,,,,,male,25
1070_IEO_ANG_HI,crema_d_1070_IEO_ANG_HI,1070_IEO_ANG_HI.wav,crema_d,1070,IEO,ANG,anger,high,,,16000.0,2.3356875,16000.0,3.0,1.1516875,,,male,25
1070_IEO_ANG_LO,crema_d_1070_IEO_ANG_LO,1070_IEO_ANG_LO.wav,crema_d,1070,IEO,ANG,anger,low,,,16000.0,1.8351875,16000.0,3.0,0.7791875,,,male,25
1070_IEO_ANG_MD,crema_d_1070_IEO_ANG_MD,1070_IEO_ANG_MD.wav,crema_d,1070,IEO,ANG,anger,medium,,,16000.0,2.2826875,16000.0,3.0,1.0666875,,,male,25
1070_IEO_DIS_HI,crema_d_1070_IEO_DIS_HI,1070_IEO_DIS_HI.wav,crema_d,1070,IEO,DIS,disgust,high,,,,,,,,,,male,25
1070_IEO_DIS_LO,crema_d_1070_IEO_DIS_LO,1070_IEO_DIS_LO.wav,crema_d,1070,IEO,DIS,disgust,low,,,,,,,,,,male,25
1070_IEO_DIS_MD,crema_d_1070_IEO_DIS_MD,1070_IEO_DIS_MD.wav,crema_d,1070,IEO,DIS,disgust,medium,,,,,,,,,,male,25
1070_IEO_FEA_HI,crema_d_1070_IEO_FEA_HI,1070_IEO_FEA_HI.wav,crema_d,1070,IEO,FEA,fear,high,,,,,,,,,,male,25
1070_IEO_FEA_LO,crema_d_1070_IEO_FEA_LO,1070_IEO_FEA_LO.wav,crema_d,1070,IEO,FEA,fear,low,,,,,,,,,,male,25
1070_IEO_FEA_MD,crema_d_1070_IEO_FEA_MD,1070_IEO_FEA_MD.wav,crema_d,1070,IEO,FEA,fear,medium,,,,,,,,,,male,25
1070_IEO_HAP_HI,crema_d_1070_IEO_HAP_HI,1070_IEO_HAP_HI.wav,crema_d,1070,IEO,HAP,happy,high,,,16000.0,2.035375,16000.0,3.0,1.203375,,,male,25
1070_IEO_HAP_LO,crema_d_1070_IEO_HAP_LO,1070_IEO_HAP_LO.wav,crema_d,1070,IEO,HAP,happy,low,,,16000.0,1.901875,16000.0,3.0,1.133875,,,male,25
1070_IEO_HAP_MD,crema_d_1070_IEO_HAP_MD,1070_IEO_HAP_MD.wav,crema_d,1070,IEO,HAP,happy,medium,,,16000.0,1.901875,16000.0,3.0,1.037875,,,male,25
1070_IEO_NEU_XX,crema_d_1070_IEO_NEU_XX,1070_IEO_NEU_XX.wav,crema_d,1070,IEO,NEU,neutral,unspecified,,,16000.0,2.535875,16000.0,3.0,0.007875,,,male,25
1070_IEO_SAD_HI,crema_d_1070_IEO_SAD_HI,1070_IEO_SAD_HI.wav,crema_d,1070,IEO,SAD,sad,high,,,,,,,,,,male,25
1070_IEO_SAD_LO,crema_d_1070_IEO_SAD_LO,1070_IEO_SAD_LO.wav,crema_d,1070,IEO,SAD,sad,low,,,,,,,,,,male,25
1070_IEO_SAD_MD,crema_d_1070_IEO_SAD_MD,1070_IEO_SAD_MD.wav,crema_d,1070,IEO,SAD,sad,medium,,,,,,,,,,male,25
1070_IOM_ANG_XX,crema_d_1070_IOM_ANG_XX,1070_IOM_ANG_XX.wav,crema_d,1070,IOM,ANG,anger,unspecified,,,16000.0,2.6693125,16000.0,3.0,1.1973125,,,male,25
1070_IOM_DIS_XX,crema_d_1070_IOM_DIS_XX,1070_IOM_DIS_XX.wav,crema_d,1070,IOM,DIS,disgust,unspecified,,,,,,,,,,male,25
1070_IOM_FEA_XX,crema_d_1070_IOM_FEA_XX,1070_IOM_FEA_XX.wav,crema_d,1070,IOM,FEA,fear,unspecified,,,,,,,,,,male,25
1070_IOM_HAP_XX,crema_d_1070_IOM_HAP_XX,1070_IOM_HAP_XX.wav,crema_d,1070,IOM,HAP,happy,unspecified,,,16000.0,2.535875,16000.0,3.0,1.351875,,,male,25
1070_IOM_NEU_XX,crema_d_1070_IOM_NEU_XX,1070_IOM_NEU_XX.wav,crema_d,1070,IOM,NEU,neutral,unspecified,,,16000.0,2.6693125,16000.0,3.0,0.1413125,,,male,25
1070_IOM_SAD_XX,crema_d_1070_IOM_SAD_XX,1070_IOM_SAD_XX.wav,crema_d,1070,IOM,SAD,sad,unspecified,,,,,,,,,,male,25
1070_ITH_ANG_XX,crema_d_1070_ITH_ANG_XX,1070_ITH_ANG_XX.wav,crema_d,1070,ITH,ANG,anger,unspecified,,,16000.0,2.469125,16000.0,3.0,0.901125,,,male,25
1070_ITH_DIS_XX,crema_d_1070_ITH_DIS_XX,1070_ITH_DIS_XX.wav,crema_d,1070,ITH,DIS,disgust,unspecified,,,,,,,,,,male,25
1070_ITH_FEA_XX,crema_d_1070_ITH_FEA_XX,1070_ITH_FEA_XX.wav,crema_d,1070,ITH,FEA,fear,unspecified,,,,,,,,,,male,25
1070_ITH_HAP_XX,crema_d_1070_ITH_HAP_XX,1070_ITH_HAP_XX.wav,crema_d,1070,ITH,HAP,happy,unspecified,,,16000.0,2.7360625,16000.0,3.0,1.1040625,,,male,25
1070_ITH_NEU_XX,crema_d_1070_ITH_NEU_XX,1070_ITH_NEU_XX.wav,crema_d,1070,ITH,NEU,neutral,unspecified,,,16000.0,2.8028125,16000.0,3.0,1.1708125,,,male,25
1070_ITH_SAD_XX,crema_d_1070_ITH_SAD_XX,1070_ITH_SAD_XX.wav,crema_d,1070,ITH,SAD,sad,unspecified,,,,,,,,,,male,25
1070_ITS_ANG_XX,crema_d_1070_ITS_ANG_XX,1070_ITS_ANG_XX.wav,crema_d,1070,ITS,ANG,anger,unspecified,,,16000.0,2.7694375,16000.0,3.0,1.0414375,,,male,25
1070_ITS_DIS_XX,crema_d_1070_ITS_DIS_XX,1070_ITS_DIS_XX.wav,crema_d,1070,ITS,DIS,disgust,unspecified,,,,,,,,,,male,25
1070_ITS_FEA_XX,crema_d_1070_ITS_FEA_XX,1070_ITS_FEA_XX.wav,crema_d,1070,ITS,FEA,fear,unspecified,,,,,,,,,,male,25
1070_ITS_HAP_XX,crema_d_1070_ITS_HAP_XX,1070_ITS_HAP_XX.wav,crema_d,1070,ITS,HAP,happy,unspecified,,,16000.0,2.3356875,16000.0,3.0,0.9596875,,,male,25
1070_ITS_NEU_XX,crema_d_1070_ITS_NEU_XX,1070_ITS_NEU_XX.wav,crema_d,1070,ITS,NEU,neutral,unspecified,,,16000.0,2.6693125,16000.0,3.0,1.1013125,,,male,25
1070_ITS_SAD_XX,crema_d_1070_ITS_SAD_XX,1070_ITS_SAD_XX.wav,crema_d,1070,ITS,SAD,sad,unspecified,,,,,,,,,,male,25
1070_IWL_ANG_XX,crema_d_1070_IWL_ANG_XX,1070_IWL_ANG_XX.wav,crema_d,1070,IWL,ANG,anger,unspecified,,,16000.0,2.7026875,16000.0,3.0,0.8146875,,,male,25
1070_IWL_DIS_XX,crema_d_1070_IWL_DIS_XX,1070_IWL_DIS_XX.wav,crema_d,1070,IWL,DIS,disgust,unspecified,,,,,,,,,,male,25
1070_IWL_FEA_XX,crema_d_1070_IWL_FEA_XX,1070_IWL_FEA_XX.wav,crema_d,1070,IWL,FEA,fear,unspecified,,,,,,,,,,male,25
1070_IWL_HAP_XX,crema_d_1070_IWL_HAP_XX,1070_IWL_HAP_XX.wav,crema_d,1070,IWL,HAP,happy,unspecified,,,16000.0,2.6693125,16000.0,3.0,1.1653125,,,male,25
1070_IWL_NEU_XX,crema_d_1070_IWL_NEU_XX,1070_IWL_NEU_XX.wav,crema_d,1070,IWL,NEU,neutral,unspecified,,,16000.0,2.469125,16000.0,3.0,0.869125,,,male,25
1070_IWL_SAD_XX,crema_d_1070_IWL_SAD_XX,1070_IWL_SAD_XX.wav,crema_d,1070,IWL,SAD,sad,unspecified,,,,,,,,,,male,25
1070_IWW_ANG_XX,crema_d_1070_IWW_ANG_XX,1070_IWW_ANG_XX.wav,crema_d,1070,IWW,ANG,anger,unspecified,,,16000.0,2.56925,16000.0,3.0,1.28925,,,male,25
1070_IWW_DIS_XX,crema_d_1070_IWW_DIS_XX,1070_IWW_DIS_XX.wav,crema_d,1070,IWW,DIS,disgust,unspecified,,,,,,,,,,male,25
1070_IWW_FEA_XX,crema_d_1070_IWW_FEA_XX,1070_IWW_FEA_XX.wav,crema_d,1070,IWW,FEA,fear,unspecified,,,,,,,,,,male,25
1070_IWW_HAP_XX,crema_d_1070_IWW_HAP_XX,1070_IWW_HAP_XX.wav,crema_d,1070,IWW,HAP,happy,unspecified,,,16000.0,2.8028125,16000.0,3.0,1.4908125,,,male,25
1070_IWW_NEU_XX,crema_d_1070_IWW_NEU_XX,1070_IWW_NEU_XX.wav,crema_d,1070,IWW,NEU,neutral,unspecified,,,16000.0,2.6693125,16000.0,3.0,1.3893125,,,male,25
1070_IWW_SAD_XX,crema_d_1070_IWW_SAD_XX,1070_IWW_SAD_XX.wav,crema_d,1070,IWW,SAD,sad,unspecified,,,,,,,,,,male,25
1070_MTI_ANG_XX,crema_d_1070_MTI_ANG_XX,1070_MTI_ANG_XX.wav,crema_d,1070,MTI,ANG,anger,unspecified,,,16000.0,3.003,16000.0,3.0,1.115,,,male,25
1070_MTI_DIS_XX,crema_d_1070_MTI_DIS_XX,1070_MTI_DIS_XX.wav,crema_d,1070,MTI,DIS,disgust,unspecified,,,,,,,,,,male,25
1070_MTI_FEA_XX,crema_d_1070_MTI_FEA_XX,1070_MTI_FEA_XX.wav,crema_d,1070,MTI,FEA,fear,unspecified,,,,,,,,,,male,25
1070_MTI_HAP_XX,crema_d_1070_MTI_HAP_XX,1070_MTI_HAP_XX.wav,crema_d,1070,MTI,HAP,happy,unspecified,,,16000.0,3.036375,16000.0,3.0,1.436375,,,male,25
1070_MTI_NEU_XX,crema_d_1070_MTI_NEU_XX,1070_MTI_NEU_XX.wav,crema_d,1070,MTI,NEU,neutral,unspecified,,,16000.0,2.602625,16000.0,3.0,0.266625,,,male,25
1070_MTI_SAD_XX,crema_d_1070_MTI_SAD_XX,1070_MTI_SAD_XX.wav,crema_d,1070,MTI,SAD,sad,unspecified,,,,,,,,,,male,25
1070_TAI_ANG_XX,crema_d_1070_TAI_ANG_XX,1070_TAI_ANG_XX.wav,crema_d,1070,TAI,ANG,anger,unspecified,,,16000.0,2.469125,16000.0,3.0,1.125125,,,male,25
1070_TAI_DIS_XX,crema_d_1070_TAI_DIS_XX,1070_TAI_DIS_XX.wav,crema_d,1070,TAI,DIS,disgust,unspecified,,,,,,,,,,male,25
1070_TAI_FEA_XX,crema_d_1070_TAI_FEA_XX,1070_TAI_FEA_XX.wav,crema_d,1070,TAI,FEA,fear,unspecified,,,,,,,,,,male,25
1070_TAI_HAP_XX,crema_d_1070_TAI_HAP_XX,1070_TAI_HAP_XX.wav,crema_d,1070,TAI,HAP,happy,unspecified,,,16000.0,2.535875,16000.0,3.0,1.159875,,,male,25
1070_TAI_NEU_XX,crema_d_1070_TAI_NEU_XX,1070_TAI_NEU_XX.wav,crema_d,1070,TAI,NEU,neutral,unspecified,,,16000.0,2.2826875,16000.0,3.0,0.6826875,,,male,25
1070_TAI_SAD_XX,crema_d_1070_TAI_SAD_XX,1070_TAI_SAD_XX.wav,crema_d,1070,TAI,SAD,sad,unspecified,,,,,,,,,,male,25
1070_TIE_ANG_XX,crema_d_1070_TIE_ANG_XX,1070_TIE_ANG_XX.wav,crema_d,1070,TIE,ANG,anger,unspecified,,,16000.0,2.8695625,16000.0,3.0,0.9495625,,,male,25
1070_TIE_DIS_XX,crema_d_1070_TIE_DIS_XX,1070_TIE_DIS_XX.wav,crema_d,1070,TIE,DIS,disgust,unspecified,,,,,,,,,,male,25
1070_TIE_FEA_XX,crema_d_1070_TIE_FEA_XX,1070_TIE_FEA_XX.wav,crema_d,1070,TIE,FEA,fear,unspecified,,,,,,,,,,male,25
1070_TIE_HAP_XX,crema_d_1070_TIE_HAP_XX,1070_TIE_HAP_XX.wav,crema_d,1070,TIE,HAP,happy,unspecified,,,16000.0,2.3690625,16000.0,3.0,1.0570625,,,male,25
1070_TIE_NEU_XX,crema_d_1070_TIE_NEU_XX,1070_TIE_NEU_XX.wav,crema_d,1070,TIE,NEU,neutral,unspecified,,,16000.0,2.3356875,16000.0,3.0,0.9276875,,,male,25
1070_TIE_SAD_XX,crema_d_1070_TIE_SAD_XX,1070_TIE_SAD_XX.wav,crema_d,1070,TIE,SAD,sad,unspecified,,,,,,,,,,male,25
1070_TSI_ANG_XX,crema_d_1070_TSI_ANG_XX,1070_TSI_ANG_XX.wav,crema_d,1070,TSI,ANG,anger,unspecified,,,16000.0,2.402375,16000.0,3.0,1.058375,,,male,25
1070_TSI_DIS_XX,crema_d_1070_TSI_DIS_XX,1070_TSI_DIS_XX.wav,crema_d,1070,TSI,DIS,disgust,unspecified,,,,,,,,,,male,25
1070_TSI_FEA_XX,crema_d_1070_TSI_FEA_XX,1070_TSI_FEA_XX.wav,crema_d,1070,TSI,FEA,fear,unspecified,,,,,,,,,,male,25
1070_TSI_HAP_XX,crema_d_1070_TSI_HAP_XX,1070_TSI_HAP_XX.wav,crema_d,1070,TSI,HAP,happy,unspecified,,,16000.0,2.43575,16000.0,3.0,1.18775,,,male,25
1070_TSI_NEU_XX,crema_d_1070_TSI_NEU_XX,1070_TSI_NEU_XX.wav,crema_d,1070,TSI,NEU,neutral,unspecified,,,16000.0,2.2689375,16000.0,3.0,0.8289375,,,male,25
1070_TSI_SAD_XX,crema_d_1070_TSI_SAD_XX,1070_TSI_SAD_XX.wav,crema_d,1070,TSI,SAD,sad,unspecified,,,,,,,,,,male,25
1070_WSI_ANG_XX,crema_d_1070_WSI_ANG_XX,1070_WSI_ANG_XX.wav,crema_d,1070,WSI,ANG,anger,unspecified,,,16000.0,3.43675,16000.0,3.0,1.35675,,,male,25
1070_WSI_DIS_XX,crema_d_1070_WSI_DIS_XX,1070_WSI_DIS_XX.wav,crema_d,1070,WSI,DIS,disgust,unspecified,,,,,,,,,,male,25
1070_WSI_FEA_XX,crema_d_1070_WSI_FEA_XX,1070_WSI_FEA_XX.wav,crema_d,1070,WSI,FEA,fear,unspecified,,,,,,,,,,male,25
1070_WSI_HAP_XX,crema_d_1070_WSI_HAP_XX,1070_WSI_HAP_XX.wav,crema_d,1070,WSI,HAP,happy,unspecified,,,16000.0,2.3356875,16000.0,3.0,0.9916875,,,male,25
1070_WSI_NEU_XX,crema_d_1070_WSI_NEU_XX,1070_WSI_NEU_XX.wav,crema_d,1070,WSI,NEU,neutral,unspecified,,,16000.0,3.403375,16000.0,3.0,1.803375,,,male,25
1070_WSI_SAD_XX,crema_d_1070_WSI_SAD_XX,1070_WSI_SAD_XX.wav,crema_d,1070,WSI,SAD,sad,unspecified,,,,,,,,,,male,25
1071_DFA_ANG_XX,crema_d_1071_DFA_ANG_XX,1071_DFA_ANG_XX.wav,crema_d,1071,DFA,ANG,anger,unspecified,,,16000.0,2.56925,16000.0,3.0,0.23325,,,male,41
1071_DFA_DIS_XX,crema_d_1071_DFA_DIS_XX,1071_DFA_DIS_XX.wav,crema_d,1071,DFA,DIS,disgust,unspecified,,,,,,,,,,male,41
1071_DFA_FEA_XX,crema_d_1071_DFA_FEA_XX,1071_DFA_FEA_XX.wav,crema_d,1071,DFA,FEA,fear,unspecified,,,,,,,,,,male,41
1071_DFA_HAP_XX,crema_d_1071_DFA_HAP_XX,1071_DFA_HAP_XX.wav,crema_d,1071,DFA,HAP,happy,unspecified,,,16000.0,2.2021875,16000.0,3.0,1.3061875,,,male,41
1071_DFA_NEU_XX,crema_d_1071_DFA_NEU_XX,1071_DFA_NEU_XX.wav,crema_d,1071,DFA,NEU,neutral,unspecified,,,16000.0,2.3690625,16000.0,3.0,0.0970625,,,male,41
1071_DFA_SAD_XX,crema_d_1071_DFA_SAD_XX,1071_DFA_SAD_XX.wav,crema_d,1071,DFA,SAD,sad,unspecified,,,,,,,,,,male,41
1071_IEO_ANG_HI,crema_d_1071_IEO_ANG_HI,1071_IEO_ANG_HI.wav,crema_d,1071,IEO,ANG,anger,high,,,16000.0,2.535875,16000.0,3.0,1.223875,,,male,41
1071_IEO_ANG_LO,crema_d_1071_IEO_ANG_LO,1071_IEO_ANG_LO.wav,crema_d,1071,IEO,ANG,anger,low,,,16000.0,1.93525,16000.0,3.0,0.032,,,male,41
1071_IEO_ANG_MD,crema_d_1071_IEO_ANG_MD,1071_IEO_ANG_MD.wav,crema_d,1071,IEO,ANG,anger,medium,,,16000.0,1.7350625,16000.0,3.0,0.7110625,,,male,41
1071_IEO_DIS_HI,crema_d_1071_IEO_DIS_HI,1071_IEO_DIS_HI.wav,crema_d,1071,IEO,DIS,disgust,high,,,,,,,,,,male,41
1071_IEO_DIS_LO,crema_d_1071_IEO_DIS_LO,1071_IEO_DIS_LO.wav,crema_d,1071,IEO,DIS,disgust,low,,,,,,,,,,male,41
1071_IEO_DIS_MD,crema_d_1071_IEO_DIS_MD,1071_IEO_DIS_MD.wav,crema_d,1071,IEO,DIS,disgust,medium,,,,,,,,,,male,41
1071_IEO_FEA_HI,crema_d_1071_IEO_FEA_HI,1071_IEO_FEA_HI.wav,crema_d,1071,IEO,FEA,fear,high,,,,,,,,,,male,41
1071_IEO_FEA_LO,crema_d_1071_IEO_FEA_LO,1071_IEO_FEA_LO.wav,crema_d,1071,IEO,FEA,fear,low,,,,,,,,,,male,41
1071_IEO_FEA_MD,crema_d_1071_IEO_FEA_MD,1071_IEO_FEA_MD.wav,crema_d,1071,IEO,FEA,fear,medium,,,,,,,,,,male,41
1071_IEO_HAP_HI,crema_d_1071_IEO_HAP_HI,1071_IEO_HAP_HI.wav,crema_d,1071,IEO,HAP,happy,high,,,16000.0,1.468125,16000.0,3.0,0.412125,,,male,41
1071_IEO_HAP_LO,crema_d_1071_IEO_HAP_LO,1071_IEO_HAP_LO.wav,crema_d,1071,IEO,HAP,happy,low,,,16000.0,1.7016875,16000.0,3.0,0.0696875,,,male,41
1071_IEO_HAP_MD,crema_d_1071_IEO_HAP_MD,1071_IEO_HAP_MD.wav,crema_d,1071,IEO,HAP,happy,medium,,,16000.0,2.035375,16000.0,3.0,0.0,,,male,41
1071_IEO_NEU_XX,crema_d_1071_IEO_NEU_XX,1071_IEO_NEU_XX.wav,crema_d,1071,IEO,NEU,neutral,unspecified,,,16000.0,1.7684375,16000.0,3.0,0.0,,,male,41
1071_IEO_SAD_HI,crema_d_1071_IEO_SAD_HI,1071_IEO_SAD_HI.wav,crema_d,1071,IEO,SAD,sad,high,,,,,,,,,,male,41
1071_IEO_SAD_LO,crema_d_1071_IEO_SAD_LO,1071_IEO_SAD_LO.wav,crema_d,1071,IEO,SAD,sad,low,,,,,,,,,,male,41
1071_IEO_SAD_MD,crema_d_1071_IEO_SAD_MD,1071_IEO_SAD_MD.wav,crema_d,1071,IEO,SAD,sad,medium,,,,,,,,,,male,41
1071_IOM_ANG_XX,crema_d_1071_IOM_ANG_XX,1071_IOM_ANG_XX.wav,crema_d,1071,IOM,ANG,anger,unspecified,,,16000.0,2.8695625,16000.0,3.0,0.6935625,,,male,41
1071_IOM_DIS_XX,crema_d_1071_IOM_DIS_XX,1071_IOM_DIS_XX.wav,crema_d,1071,IOM,DIS,disgust,unspecified,,,,,,,,,,male,41
1071_IOM_FEA_XX,crema_d_1071_IOM_FEA_XX,1071_IOM_FEA_XX.wav,crema_d,1071,IOM,FEA,fear,unspecified,,,,,,,,,,male,41
1071_IOM_HAP_XX,crema_d_1071_IOM_HAP_XX,1071_IOM_HAP_XX.wav,crema_d,1071,IOM,HAP,happy,unspecified,,,16000.0,2.469125,16000.0,3.0,1.285125,,,male,41
1071_IOM_NEU_XX,crema_d_1071_IOM_NEU_XX,1071_IOM_NEU_XX.wav,crema_d,1071,IOM,NEU,neutral,unspecified,,,16000.0,1.901875,16000.0,3.0,0.0,,,male,41
1071_IOM_SAD_XX,crema_d_1071_IOM_SAD_XX,1071_IOM_SAD_XX.wav,crema_d,1071,IOM,SAD,sad,unspecified,,,,,,,,,,male,41
1071_ITH_ANG_XX,crema_d_1071_ITH_ANG_XX,1071_ITH_ANG_XX.wav,crema_d,1071,ITH,ANG,anger,unspecified,,,16000.0,2.535875,16000.0,3.0,0.071875,,,male,41
1071_ITH_DIS_XX,crema_d_1071_ITH_DIS_XX,1071_ITH_DIS_XX.wav,crema_d,1071,ITH,DIS,disgust,unspecified,,,,,,,,,,male,41
1071_ITH_FEA_XX,crema_d_1071_ITH_FEA_XX,1071_ITH_FEA_XX.wav,crema_d,1071,ITH,FEA,fear,unspecified,,,,,,,,,,male,41
1071_ITH_HAP_XX,crema_d_1071_ITH_HAP_XX,1071_ITH_HAP_XX.wav,crema_d,1071,ITH,HAP,happy,unspecified,,,16000.0,2.6693125,16000.0,3.0,0.3973125,,,male,41
1071_ITH_NEU_XX,crema_d_1071_ITH_NEU_XX,1071_ITH_NEU_XX.wav,crema_d,1071,ITH,NEU,neutral,unspecified,,,16000.0,2.3356875,16000.0,3.0,0.1276875,,,male,41
1071_ITH_SAD_XX,crema_d_1071_ITH_SAD_XX,1071_ITH_SAD_XX.wav,crema_d,1071,ITH,SAD,sad,unspecified,,,,,,,,,,male,41
1071_ITS_ANG_XX,crema_d_1071_ITS_ANG_XX,1071_ITS_ANG_XX.wav,crema_d,1071,ITS,ANG,anger,unspecified,,,16000.0,2.3023125,16000.0,3.0,1.0223125,,,male,41
1071_ITS_DIS_XX,crema_d_1071_ITS_DIS_XX,1071_ITS_DIS_XX.wav,crema_d,1071,ITS,DIS,disgust,unspecified,,,,,,,,,,male,41
1071_ITS_FEA_XX,crema_d_1071_ITS_FEA_XX,1071_ITS_FEA_XX.wav,crema_d,1071,ITS,FEA,fear,unspecified,,,,,,,,,,male,41
1071_ITS_HAP_XX,crema_d_1071_ITS_HAP_XX,1071_ITS_HAP_XX.wav,crema_d,1071,ITS,HAP,happy,unspecified,,,16000.0,2.2826875,16000.0,3.0,1.0026875,,,male,41
1071_ITS_NEU_XX,crema_d_1071_ITS_NEU_XX,1071_ITS_NEU_XX.wav,crema_d,1071,ITS,NEU,neutral,unspecified,,,16000.0,2.8028125,16000.0,3.0,0.0,,,male,41
1071_ITS_SAD_XX,crema_d_1071_ITS_SAD_XX,1071_ITS_SAD_XX.wav,crema_d,1071,ITS,SAD,sad,unspecified,,,,,,,,,,male,41
1071_IWL_ANG_XX,crema_d_1071_IWL_ANG_XX,1071_IWL_ANG_XX.wav,crema_d,1071,IWL,ANG,anger,unspecified,,,16000.0,3.7036875,16000.0,3.0,0.9516875,,,male,41
1071_IWL_DIS_XX,crema_d_1071_IWL_DIS_XX,1071_IWL_DIS_XX.wav,crema_d,1071,IWL,DIS,disgust,unspecified,,,,,,,,,,male,41
1071_IWL_FEA_XX,crema_d_1071_IWL_FEA_XX,1071_IWL_FEA_XX.wav,crema_d,1071,IWL,FEA,fear,unspecified,,,,,,,,,,male,41
1071_IWL_HAP_XX,crema_d_1071_IWL_HAP_XX,1071_IWL_HAP_XX.wav,crema_d,1071,IWL,HAP,happy,unspecified,,,16000.0,2.8361875,16000.0,3.0,1.0761875,,,male,41
1071_IWL_NEU_XX,crema_d_1071_IWL_NEU_XX,1071_IWL_NEU_XX.wav,crema_d,1071,IWL,NEU,neutral,unspecified,,,16000.0,2.8361875,16000.0,3.0,0.1801875,,,male,41
1071_IWL_SAD_XX,crema_d_1071_IWL_SAD_XX,1071_IWL_SAD_XX.wav,crema_d,1071,IWL,SAD,sad,unspecified,,,,,,,,,,male,41
1071_IWW_ANG_XX,crema_d_1071_IWW_ANG_XX,1071_IWW_ANG_XX.wav,crema_d,1071,IWW,ANG,anger,unspecified,,,16000.0,3.036375,16000.0,3.0,1.148375,,,male,41
1071_IWW_DIS_XX,crema_d_1071_IWW_DIS_XX,1071_IWW_DIS_XX.wav,crema_d,1071,IWW,DIS,disgust,unspecified,,,,,,,,,,male,41
1071_IWW_FEA_XX,crema_d_1071_IWW_FEA_XX,1071_IWW_FEA_XX.wav,crema_d,1071,IWW,FEA,fear,unspecified,,,,,,,,,,male,41
1071_IWW_HAP_XX,crema_d_1071_IWW_HAP_XX,1071_IWW_HAP_XX.wav,crema_d,1071,IWW,HAP,happy,unspecified,,,16000.0,2.2689375,16000.0,3.0,0.0,,,male,41
1071_IWW_NEU_XX,crema_d_1071_IWW_NEU_XX,1071_IWW_NEU_XX.wav,crema_d,1071,IWW,NEU,neutral,unspecified,,,16000.0,2.1354375,16000.0,3.0,0.0,,,male,41
1071_IWW_SAD_XX,crema_d_1071_IWW_SAD_XX,1071_IWW_SAD_XX.wav,crema_d,1071,IWW,SAD,sad,unspecified,,,,,,,,,,male,41
1071_MTI_ANG_XX,crema_d_1071_MTI_ANG_XX,1071_MTI_ANG_XX.wav,crema_d,1071,MTI,ANG,anger,unspecified,,,16000.0,2.2689375,16000.0,3.0,0.7009375,,,male,41
1071_MTI_DIS_XX,crema_d_1071_MTI_DIS_XX,1071_MTI_DIS_XX.wav,crema_d,1071,MTI,DIS,disgust,unspecified,,,,,,,,,,male,41
1071_MTI_FEA_XX,crema_d_1071_MTI_FEA_XX,1071_MTI_FEA_XX.wav,crema_d,1071,MTI,FEA,fear,unspecified,,,,,,,,,,male,41
1071_MTI_HAP_XX,crema_d_1071_MTI_HAP_XX,1071_MTI_HAP_XX.wav,crema_d,1071,MTI,HAP,happy,unspecified,,,16000.0,1.901875,16000.0,3.0,0.429875,,,male,41
1071_MTI_NEU_XX,crema_d_1071_MTI_NEU_XX,1071_MTI_NEU_XX.wav,crema_d,1071,MTI,NEU,neutral,unspecified,,,16000.0,2.43575,16000.0,3.0,0.57975,,,male,41
1071_MTI_SAD_XX,crema_d_1071_MTI_SAD_XX,1071_MTI_SAD_XX.wav,crema_d,1071,MTI,SAD,sad,unspecified,,,,,,,,,,male,41
1071_TAI_ANG_XX,crema_d_1071_TAI_ANG_XX,1071_TAI_ANG_XX.wav,crema_d,1071,TAI,ANG,anger,unspecified,,,16000.0,2.7360625,16000.0,3.0,0.0800625,,,male,41
1071_TAI_DIS_XX,crema_d_1071_TAI_DIS_XX,1071_TAI_DIS_XX.wav,crema_d,1071,TAI,DIS,disgust,unspecified,,,,,,,,,,male,41
1071_TAI_FEA_XX,crema_d_1071_TAI_FEA_XX,1071_TAI_FEA_XX.wav,crema_d,1071,TAI,FEA,fear,unspecified,,,,,,,,,,male,41
1071_TAI_HAP_XX,crema_d_1071_TAI_HAP_XX,1071_TAI_HAP_XX.wav,crema_d,1071,TAI,HAP,happy,unspecified,,,16000.0,3.06975,16000.0,3.0,0.95775,,,male,41
1071_TAI_NEU_XX,crema_d_1071_TAI_NEU_XX,1071_TAI_NEU_XX.wav,crema_d,1071,TAI,NEU,neutral,unspecified,,,16000.0,2.402375,16000.0,3.0,0.0,,,male,41
1071_TAI_SAD_XX,crema_d_1071_TAI_SAD_XX,1071_TAI_SAD_XX.wav,crema_d,1071,TAI,SAD,sad,unspecified,,,,,,,,,,male,41
1071_TIE_ANG_XX,crema_d_1071_TIE_ANG_XX,1071_TIE_ANG_XX.wav,crema_d,1071,TIE,ANG,anger,unspecified,,,16000.0,3.37,16000.0,3.0,1.45,,,male,41
1071_TIE_DIS_XX,crema_d_1071_TIE_DIS_XX,1071_TIE_DIS_XX.wav,crema_d,1071,TIE,DIS,disgust,unspecified,,,,,,,,,,male,41
1071_TIE_FEA_XX,crema_d_1071_TIE_FEA_XX,1071_TIE_FEA_XX.wav,crema_d,1071,TIE,FEA,fear,unspecified,,,,,,,,,,male,41
1071_TIE_HAP_XX,crema_d_1071_TIE_HAP_XX,1071_TIE_HAP_XX.wav,crema_d,1071,TIE,HAP,happy,unspecified,,,16000.0,2.7360625,16000.0,3.0,1.2640625,,,male,41
1071_TIE_NEU_XX,crema_d_1071_TIE_NEU_XX,1071_TIE_NEU_XX.wav,crema_d,1071,TIE,NEU,neutral,unspecified,,,16000.0,2.7026875,16000.0,3.0,1.5186875,,,male,41
1071_TIE_SAD_XX,crema_d_1071_TIE_SAD_XX,1071_TIE_SAD_XX.wav,crema_d,1071,TIE,SAD,sad,unspecified,,,,,,,,,,male,41
1071_TSI_ANG_XX,crema_d_1071_TSI_ANG_XX,1071_TSI_ANG_XX.wav,crema_d,1071,TSI,ANG,anger,unspecified,,,16000.0,2.902875,16000.0,3.0,1.302875,,,male,41
1071_TSI_DIS_XX,crema_d_1071_TSI_DIS_XX,1071_TSI_DIS_XX.wav,crema_d,1071,TSI,DIS,disgust,unspecified,,,,,,,,,,male,41
1071_TSI_FEA_XX,crema_d_1071_TSI_FEA_XX,1071_TSI_FEA_XX.wav,crema_d,1071,TSI,FEA,fear,unspecified,,,,,,,,,,male,41
1071_TSI_HAP_XX,crema_d_1071_TSI_HAP_XX,1071_TSI_HAP_XX.wav,crema_d,1071,TSI,HAP,happy,unspecified,,,16000.0,2.2826875,16000.0,3.0,1.0026875,,,male,41
1071_TSI_NEU_XX,crema_d_1071_TSI_NEU_XX,1071_TSI_NEU_XX.wav,crema_d,1071,TSI,NEU,neutral,unspecified,,,16000.0,2.7694375,16000.0,3.0,0.0,,,male,41
1071_TSI_SAD_XX,crema_d_1071_TSI_SAD_XX,1071_TSI_SAD_XX.wav,crema_d,1071,TSI,SAD,sad,unspecified,,,,,,,,,,male,41
1071_WSI_ANG_XX,crema_d_1071_WSI_ANG_XX,1071_WSI_ANG_XX.wav,crema_d,1071,WSI,ANG,anger,unspecified,,,16000.0,2.5025,16000.0,3.0,0.5185,,,male,41
1071_WSI_DIS_XX,crema_d_1071_WSI_DIS_XX,1071_WSI_DIS_XX.wav,crema_d,1071,WSI,DIS,disgust,unspecified,,,,,,,,,,male,41
1071_WSI_FEA_XX,crema_d_1071_WSI_FEA_XX,1071_WSI_FEA_XX.wav,crema_d,1071,WSI,FEA,fear,unspecified,,,,,,,,,,male,41
1071_WSI_HAP_XX,crema_d_1071_WSI_HAP_XX,1071_WSI_HAP_XX.wav,crema_d,1071,WSI,HAP,happy,unspecified,,,16000.0,2.1354375,16000.0,3.0,0.9834375,,,male,41
1071_WSI_NEU_XX,crema_d_1071_WSI_NEU_XX,1071_WSI_NEU_XX.wav,crema_d,1071,WSI,NEU,neutral,unspecified,,,16000.0,2.6693125,16000.0,3.0,0.4613125,,,male,41
1071_WSI_SAD_XX,crema_d_1071_WSI_SAD_XX,1071_WSI_SAD_XX.wav,crema_d,1071,WSI,SAD,sad,unspecified,,,,,,,,,,male,41
1072_DFA_ANG_XX,crema_d_1072_DFA_ANG_XX,1072_DFA_ANG_XX.wav,crema_d,1072,DFA,ANG,anger,unspecified,,,16000.0,3.06975,16000.0,3.0,1.88575,,,female,33
1072_DFA_DIS_XX,crema_d_1072_DFA_DIS_XX,1072_DFA_DIS_XX.wav,crema_d,1072,DFA,DIS,disgust,unspecified,,,,,,,,,,female,33
1072_DFA_FEA_XX,crema_d_1072_DFA_FEA_XX,1072_DFA_FEA_XX.wav,crema_d,1072,DFA,FEA,fear,unspecified,,,,,,,,,,female,33
1072_DFA_HAP_XX,crema_d_1072_DFA_HAP_XX,1072_DFA_HAP_XX.wav,crema_d,1072,DFA,HAP,happy,unspecified,,,16000.0,1.8351875,16000.0,3.0,0.8751875,,,female,33
1072_DFA_NEU_XX,crema_d_1072_DFA_NEU_XX,1072_DFA_NEU_XX.wav,crema_d,1072,DFA,NEU,neutral,unspecified,,,16000.0,2.3690625,16000.0,3.0,0.4490625,,,female,33
1072_DFA_SAD_XX,crema_d_1072_DFA_SAD_XX,1072_DFA_SAD_XX.wav,crema_d,1072,DFA,SAD,sad,unspecified,,,,,,,,,,female,33
1072_IEO_ANG_HI,crema_d_1072_IEO_ANG_HI,1072_IEO_ANG_HI.wav,crema_d,1072,IEO,ANG,anger,high,,,16000.0,2.3023125,16000.0,3.0,0.9903125,,,female,33
1072_IEO_ANG_LO,crema_d_1072_IEO_ANG_LO,1072_IEO_ANG_LO.wav,crema_d,1072,IEO,ANG,anger,low,,,16000.0,1.8685625,16000.0,3.0,0.9725625,,,female,33
1072_IEO_ANG_MD,crema_d_1072_IEO_ANG_MD,1072_IEO_ANG_MD.wav,crema_d,1072,IEO,ANG,anger,medium,,,16000.0,2.102125,16000.0,3.0,0.854125,,,female,33
1072_IEO_DIS_HI,crema_d_1072_IEO_DIS_HI,1072_IEO_DIS_HI.wav,crema_d,1072,IEO,DIS,disgust,high,,,,,,,,,,female,33
1072_IEO_DIS_LO,crema_d_1072_IEO_DIS_LO,1072_IEO_DIS_LO.wav,crema_d,1072,IEO,DIS,disgust,low,,,,,,,,,,female,33
1072_IEO_DIS_MD,crema_d_1072_IEO_DIS_MD,1072_IEO_DIS_MD.wav,crema_d,1072,IEO,DIS,disgust,medium,,,,,,,,,,female,33
1072_IEO_FEA_HI,crema_d_1072_IEO_FEA_HI,1072_IEO_FEA_HI.wav,crema_d,1072,IEO,FEA,fear,high,,,,,,,,,,female,33
1072_IEO_FEA_LO,crema_d_1072_IEO_FEA_LO,1072_IEO_FEA_LO.wav,crema_d,1072,IEO,FEA,fear,low,,,,,,,,,,female,33
1072_IEO_FEA_MD,crema_d_1072_IEO_FEA_MD,1072_IEO_FEA_MD.wav,crema_d,1072,IEO,FEA,fear,medium,,,,,,,,,,female,33
1072_IEO_HAP_HI,crema_d_1072_IEO_HAP_HI,1072_IEO_HAP_HI.wav,crema_d,1072,IEO,HAP,happy,high,,,16000.0,1.8685625,16000.0,3.0,0.9085625,,,female,33
1072_IEO_HAP_LO,crema_d_1072_IEO_HAP_LO,1072_IEO_HAP_LO.wav,crema_d,1072,IEO,HAP,happy,low,,,16000.0,2.2021875,16000.0,3.0,1.3381875,,,female,33
1072_IEO_HAP_MD,crema_d_1072_IEO_HAP_MD,1072_IEO_HAP_MD.wav,crema_d,1072,IEO,HAP,happy,medium,,,16000.0,2.102125,16000.0,3.0,0.054125,,,female,33
1072_IEO_NEU_XX,crema_d_1072_IEO_NEU_XX,1072_IEO_NEU_XX.wav,crema_d,1072,IEO,NEU,neutral,unspecified,,,16000.0,2.602625,16000.0,3.0,0.0,,,female,33
1072_IEO_SAD_HI,crema_d_1072_IEO_SAD_HI,1072_IEO_SAD_HI.wav,crema_d,1072,IEO,SAD,sad,high,,,,,,,,,,female,33
1072_IEO_SAD_LO,crema_d_1072_IEO_SAD_LO,1072_IEO_SAD_LO.wav,crema_d,1072,IEO,SAD,sad,low,,,,,,,,,,female,33
1072_IEO_SAD_MD,crema_d_1072_IEO_SAD_MD,1072_IEO_SAD_MD.wav,crema_d,1072,IEO,SAD,sad,medium,,,,,,,,,,female,33
1072_IOM_ANG_XX,crema_d_1072_IOM_ANG_XX,1072_IOM_ANG_XX.wav,crema_d,1072,IOM,ANG,anger,unspecified,,,16000.0,2.969625,16000.0,3.0,1.465625,,,female,33
1072_IOM_DIS_XX,crema_d_1072_IOM_DIS_XX,1072_IOM_DIS_XX.wav,crema_d,1072,IOM,DIS,disgust,unspecified,,,,,,,,,,female,33
1072_IOM_FEA_XX,crema_d_1072_IOM_FEA_XX,1072_IOM_FEA_XX.wav,crema_d,1072,IOM,FEA,fear,unspecified,,,,,,,,,,female,33
1072_IOM_HAP_XX,crema_d_1072_IOM_HAP_XX,1072_IOM_HAP_XX.wav,crema_d,1072,IOM,HAP,happy,unspecified,,,16000.0,2.535875,16000.0,3.0,1.127875,,,female,33
1072_IOM_NEU_XX,crema_d_1072_IOM_NEU_XX,1072_IOM_NEU_XX.wav,crema_d,1072,IOM,NEU,neutral,unspecified,,,16000.0,2.902875,16000.0,3.0,0.16,,,female,33
1072_IOM_SAD_XX,crema_d_1072_IOM_SAD_XX,1072_IOM_SAD_XX.wav,crema_d,1072,IOM,SAD,sad,unspecified,,,,,,,,,,female,33
1072_ITH_ANG_XX,crema_d_1072_ITH_ANG_XX,1072_ITH_ANG_XX.wav,crema_d,1072,ITH,ANG,anger,unspecified,,,16000.0,3.470125,16000.0,3.0,1.230125,,,female,33
1072_ITH_DIS_XX,crema_d_1072_ITH_DIS_XX,1072_ITH_DIS_XX.wav,crema_d,1072,ITH,DIS,disgust,unspecified,,,,,,,,,,female,33
1072_ITH_FEA_XX,crema_d_1072_ITH_FEA_XX,1072_ITH_FEA_XX.wav,crema_d,1072,ITH,FEA,fear,unspecified,,,,,,,,,,female,33
1072_ITH_HAP_XX,crema_d_1072_ITH_HAP_XX,1072_ITH_HAP_XX.wav,crema_d,1072,ITH,HAP,happy,unspecified,,,16000.0,2.6359375,16000.0,3.0,1.2919375,,,female,33
1072_ITH_NEU_XX,crema_d_1072_ITH_NEU_XX,1072_ITH_NEU_XX.wav,crema_d,1072,ITH,NEU,neutral,unspecified,,,16000.0,2.902875,16000.0,3.0,0.246875,,,female,33
1072_ITH_SAD_XX,crema_d_1072_ITH_SAD_XX,1072_ITH_SAD_XX.wav,crema_d,1072,ITH,SAD,sad,unspecified,,,,,,,,,,female,33
1072_ITS_ANG_XX,crema_d_1072_ITS_ANG_XX,1072_ITS_ANG_XX.wav,crema_d,1072,ITS,ANG,anger,unspecified,,,16000.0,2.902875,16000.0,3.0,1.366875,,,female,33
1072_ITS_DIS_XX,crema_d_1072_ITS_DIS_XX,1072_ITS_DIS_XX.wav,crema_d,1072,ITS,DIS,disgust,unspecified,,,,,,,,,,female,33
1072_ITS_FEA_XX,crema_d_1072_ITS_FEA_XX,1072_ITS_FEA_XX.wav,crema_d,1072,ITS,FEA,fear,unspecified,,,,,,,,,,female,33
1072_ITS_HAP_XX,crema_d_1072_ITS_HAP_XX,1072_ITS_HAP_XX.wav,crema_d,1072,ITS,HAP,happy,unspecified,,,16000.0,2.2021875,16000.0,3.0,0.8581875,,,female,33
1072_ITS_NEU_XX,crema_d_1072_ITS_NEU_XX,1072_ITS_NEU_XX.wav,crema_d,1072,ITS,NEU,neutral,unspecified,,,16000.0,2.2689375,16000.0,3.0,0.6689375,,,female,33
1072_ITS_SAD_XX,crema_d_1072_ITS_SAD_XX,1072_ITS_SAD_XX.wav,crema_d,1072,ITS,SAD,sad,unspecified,,,,,,,,,,female,33
1072_IWL_ANG_XX,crema_d_1072_IWL_ANG_XX,1072_IWL_ANG_XX.wav,crema_d,1072,IWL,ANG,anger,unspecified,,,16000.0,3.036375,16000.0,3.0,1.244375,,,female,33
1072_IWL_DIS_XX,crema_d_1072_IWL_DIS_XX,1072_IWL_DIS_XX.wav,crema_d,1072,IWL,DIS,disgust,unspecified,,,,,,,,,,female,33
1072_IWL_FEA_XX,crema_d_1072_IWL_FEA_XX,1072_IWL_FEA_XX.wav,crema_d,1072,IWL,FEA,fear,unspecified,,,,,,,,,,female,33
1072_IWL_HAP_XX,crema_d_1072_IWL_HAP_XX,1072_IWL_HAP_XX.wav,crema_d,1072,IWL,HAP,happy,unspecified,,,16000.0,3.1364375,16000.0,3.0,1.4724375,,,female,33
1072_IWL_NEU_XX,crema_d_1072_IWL_NEU_XX,1072_IWL_NEU_XX.wav,crema_d,1072,IWL,NEU,neutral,unspecified,,,16000.0,3.2365625,16000.0,3.0,1.4765625,,,female,33
1072_IWL_SAD_XX,crema_d_1072_IWL_SAD_XX,1072_IWL_SAD_XX.wav,crema_d,1072,IWL,SAD,sad,unspecified,,,,,,,,,,female,33
1072_IWW_ANG_XX,crema_d_1072_IWW_ANG_XX,1072_IWW_ANG_XX.wav,crema_d,1072,IWW,ANG,anger,unspecified,,,16000.0,2.2689375,16000.0,3.0,1.1489375,,,female,33
1072_IWW_DIS_XX,crema_d_1072_IWW_DIS_XX,1072_IWW_DIS_XX.wav,crema_d,1072,IWW,DIS,disgust,unspecified,,,,,,,,,,female,33
1072_IWW_FEA_XX,crema_d_1072_IWW_FEA_XX,1072_IWW_FEA_XX.wav,crema_d,1072,IWW,FEA,fear,unspecified,,,,,,,,,,female,33
1072_IWW_HAP_XX,crema_d_1072_IWW_HAP_XX,1072_IWW_HAP_XX.wav,crema_d,1072,IWW,HAP,happy,unspecified,,,16000.0,2.7360625,16000.0,3.0,1.5200625,,,female,33
1072_IWW_NEU_XX,crema_d_1072_IWW_NEU_XX,1072_IWW_NEU_XX.wav,crema_d,1072,IWW,NEU,neutral,unspecified,,,16000.0,2.402375,16000.0,3.0,0.034375,,,female,33
1072_IWW_SAD_XX,crema_d_1072_IWW_SAD_XX,1072_IWW_SAD_XX.wav,crema_d,1072,IWW,SAD,sad,unspecified,,,,,,,,,,female,33
1072_MTI_ANG_XX,crema_d_1072_MTI_ANG_XX,1072_MTI_ANG_XX.wav,crema_d,1072,MTI,ANG,anger,unspecified,,,16000.0,2.2355625,16000.0,3.0,0.5395625,,,female,33
1072_MTI_DIS_XX,crema_d_1072_MTI_DIS_XX,1072_MTI_DIS_XX.wav,crema_d,1072,MTI,DIS,disgust,unspecified,,,,,,,,,,female,33
1072_MTI_FEA_XX,crema_d_1072_MTI_FEA_XX,1072_MTI_FEA_XX.wav,crema_d,1072,MTI,FEA,fear,unspecified,,,,,,,,,,female,33
1072_MTI_HAP_XX,crema_d_1072_MTI_HAP_XX,1072_MTI_HAP_XX.wav,crema_d,1072,MTI,HAP,happy,unspecified,,,16000.0,2.93625,16000.0,3.0,1.24025,,,female,33
1072_MTI_NEU_XX,crema_d_1072_MTI_NEU_XX,1072_MTI_NEU_XX.wav,crema_d,1072,MTI,NEU,neutral,unspecified,,,16000.0,2.93625,16000.0,3.0,0.47225,,,female,33
1072_MTI_SAD_XX,crema_d_1072_MTI_SAD_XX,1072_MTI_SAD_XX.wav,crema_d,1072,MTI,SAD,sad,unspecified,,,,,,,,,,female,33
1072_TAI_ANG_XX,crema_d_1072_TAI_ANG_XX,1072_TAI_ANG_XX.wav,crema_d,1072,TAI,ANG,anger,unspecified,,,16000.0,3.2031875,16000.0,3.0,1.2191875,,,female,33
1072_TAI_DIS_XX,crema_d_1072_TAI_DIS_XX,1072_TAI_DIS_XX.wav,crema_d,1072,TAI,DIS,disgust,unspecified,,,,,,,,,,female,33
1072_TAI_FEA_XX,crema_d_1072_TAI_FEA_XX,1072_TAI_FEA_XX.wav,crema_d,1072,TAI,FEA,fear,unspecified,,,,,,,,,,female,33
1072_TAI_HAP_XX,crema_d_1072_TAI_HAP_XX,1072_TAI_HAP_XX.wav,crema_d,1072,TAI,HAP,happy,unspecified,,,16000.0,2.902875,16000.0,3.0,1.206875,,,female,33
1072_TAI_NEU_XX,crema_d_1072_TAI_NEU_XX,1072_TAI_NEU_XX.wav,crema_d,1072,TAI,NEU,neutral,unspecified,,,16000.0,3.003,16000.0,3.0,0.795,,,female,33
1072_TAI_SAD_XX,crema_d_1072_TAI_SAD_XX,1072_TAI_SAD_XX.wav,crema_d,1072,TAI,SAD,sad,unspecified,,,,,,,,,,female,33
1072_TIE_ANG_XX,crema_d_1072_TIE_ANG_XX,1072_TIE_ANG_XX.wav,crema_d,1072,TIE,ANG,anger,unspecified,,,16000.0,3.43675,16000.0,3.0,2.18875,,,female,33
1072_TIE_DIS_XX,crema_d_1072_TIE_DIS_XX,1072_TIE_DIS_XX.wav,crema_d,1072,TIE,DIS,disgust,unspecified,,,,,,,,,,female,33
1072_TIE_FEA_XX,crema_d_1072_TIE_FEA_XX,1072_TIE_FEA_XX.wav,crema_d,1072,TIE,FEA,fear,unspecified,,,,,,,,,,female,33
1072_TIE_HAP_XX,crema_d_1072_TIE_HAP_XX,1072_TIE_HAP_XX.wav,crema_d,1072,TIE,HAP,happy,unspecified,,,16000.0,2.8028125,16000.0,3.0,1.3308125,,,female,33
1072_TIE_NEU_XX,crema_d_1072_TIE_NEU_XX,1072_TIE_NEU_XX.wav,crema_d,1072,TIE,NEU,neutral,unspecified,,,16000.0,3.470125,16000.0,3.0,0.014125,,,female,33
1072_TIE_SAD_XX,crema_d_1072_TIE_SAD_XX,1072_TIE_SAD_XX.wav,crema_d,1072,TIE,SAD,sad,unspecified,,,,,,,,,,female,33
1072_TSI_ANG_XX,crema_d_1072_TSI_ANG_XX,1072_TSI_ANG_XX.wav,crema_d,1072,TSI,ANG,anger,unspecified,,,16000.0,2.402375,16000.0,3.0,1.218375,,,female,33
1072_TSI_DIS_XX,crema_d_1072_TSI_DIS_XX,1072_TSI_DIS_XX.wav,crema_d,1072,TSI,DIS,disgust,unspecified,,,,,,,,,,female,33
1072_TSI_FEA_XX,crema_d_1072_TSI_FEA_XX,1072_TSI_FEA_XX.wav,crema_d,1072,TSI,FEA,fear,unspecified,,,,,,,,,,female,33
1072_TSI_HAP_XX,crema_d_1072_TSI_HAP_XX,1072_TSI_HAP_XX.wav,crema_d,1072,TSI,HAP,happy,unspecified,,,16000.0,2.3356875,16000.0,3.0,1.1196875,,,female,33
1072_TSI_NEU_XX,crema_d_1072_TSI_NEU_XX,1072_TSI_NEU_XX.wav,crema_d,1072,TSI,NEU,neutral,unspecified,,,16000.0,2.3023125,16000.0,3.0,0.2223125,,,female,33
1072_TSI_SAD_XX,crema_d_1072_TSI_SAD_XX,1072_TSI_SAD_XX.wav,crema_d,1072,TSI,SAD,sad,unspecified,,,,,,,,,,female,33
1072_WSI_ANG_XX,crema_d_1072_WSI_ANG_XX,1072_WSI_ANG_XX.wav,crema_d,1072,WSI,ANG,anger,unspecified,,,16000.0,2.5025,16000.0,3.0,1.0625,,,female,33
1072_WSI_DIS_XX,crema_d_1072_WSI_DIS_XX,1072_WSI_DIS_XX.wav,crema_d,1072,WSI,DIS,disgust,unspecified,,,,,,,,,,female,33
1072_WSI_FEA_XX,crema_d_1072_WSI_FEA_XX,1072_WSI_FEA_XX.wav,crema_d,1072,WSI,FEA,fear,unspecified,,,,,,,,,,female,33
1072_WSI_HAP_XX,crema_d_1072_WSI_HAP_XX,1072_WSI_HAP_XX.wav,crema_d,1072,WSI,HAP,happy,unspecified,,,16000.0,2.56925,16000.0,3.0,1.22525,,,female,33
1072_WSI_NEU_XX,crema_d_1072_WSI_NEU_XX,1072_WSI_NEU_XX.wav,crema_d,1072,WSI,NEU,neutral,unspecified,,,16000.0,2.5025,16000.0,3.0,0.0065,,,female,33
1072_WSI_SAD_XX,crema_d_1072_WSI_SAD_XX,1072_WSI_SAD_XX.wav,crema_d,1072,WSI,SAD,sad,unspecified,,,,,,,,,,female,33
1073_DFA_ANG_XX,crema_d_1073_DFA_ANG_XX,1073_DFA_ANG_XX.wav,crema_d,1073,DFA,ANG,anger,unspecified,,,16000.0,2.2689375,16000.0,3.0,1.0209375,,,female,24
1073_DFA_DIS_XX,crema_d_1073_DFA_DIS_XX,1073_DFA_DIS_XX.wav,crema_d,1073,DFA,DIS,disgust,unspecified,,,,,,,,,,female,24
1073_DFA_FEA_XX,crema_d_1073_DFA_FEA_XX,1073_DFA_FEA_XX.wav,crema_d,1073,DFA,FEA,fear,unspecified,,,,,,,,,,female,24
1073_DFA_HAP_XX,crema_d_1073_DFA_HAP_XX,1073_DFA_HAP_XX.wav,crema_d,1073,DFA,HAP,happy,unspecified,,,16000.0,2.5025,16000.0,3.0,1.3185,,,female,24
1073_DFA_NEU_XX,crema_d_1073_DFA_NEU_XX,1073_DFA_NEU_XX.wav,crema_d,1073,DFA,NEU,neutral,unspecified,,,16000.0,2.1688125,16000.0,3.0,0.9208125,,,female,24
1073_DFA_SAD_XX,crema_d_1073_DFA_SAD_XX,1073_DFA_SAD_XX.wav,crema_d,1073,DFA,SAD,sad,unspecified,,,,,,,,,,female,24
1073_IEO_ANG_HI,crema_d_1073_IEO_ANG_HI,1073_IEO_ANG_HI.wav,crema_d,1073,IEO,ANG,anger,high,,,16000.0,2.469125,16000.0,3.0,1.253125,,,female,24
1073_IEO_ANG_LO,crema_d_1073_IEO_ANG_LO,1073_IEO_ANG_LO.wav,crema_d,1073,IEO,ANG,anger,low,,,16000.0,1.5015,16000.0,3.0,0.4455,,,female,24
1073_IEO_ANG_MD,crema_d_1073_IEO_ANG_MD,1073_IEO_ANG_MD.wav,crema_d,1073,IEO,ANG,anger,medium,,,16000.0,1.534875,16000.0,3.0,0.542875,,,female,24
1073_IEO_DIS_HI,crema_d_1073_IEO_DIS_HI,1073_IEO_DIS_HI.wav,crema_d,1073,IEO,DIS,disgust,high,,,,,,,,,,female,24
1073_IEO_DIS_LO,crema_d_1073_IEO_DIS_LO,1073_IEO_DIS_LO.wav,crema_d,1073,IEO,DIS,disgust,low,,,,,,,,,,female,24
1073_IEO_DIS_MD,crema_d_1073_IEO_DIS_MD,1073_IEO_DIS_MD.wav,crema_d,1073,IEO,DIS,disgust,medium,,,,,,,,,,female,24
1073_IEO_FEA_HI,crema_d_1073_IEO_FEA_HI,1073_IEO_FEA_HI.wav,crema_d,1073,IEO,FEA,fear,high,,,,,,,,,,female,24
1073_IEO_FEA_LO,crema_d_1073_IEO_FEA_LO,1073_IEO_FEA_LO.wav,crema_d,1073,IEO,FEA,fear,low,,,,,,,,,,female,24
1073_IEO_FEA_MD,crema_d_1073_IEO_FEA_MD,1073_IEO_FEA_MD.wav,crema_d,1073,IEO,FEA,fear,medium,,,,,,,,,,female,24
1073_IEO_HAP_HI,crema_d_1073_IEO_HAP_HI,1073_IEO_HAP_HI.wav,crema_d,1073,IEO,HAP,happy,high,,,16000.0,2.3356875,16000.0,3.0,1.3436875,,,female,24
1073_IEO_HAP_LO,crema_d_1073_IEO_HAP_LO,1073_IEO_HAP_LO.wav,crema_d,1073,IEO,HAP,happy,low,,,16000.0,1.601625,16000.0,3.0,0.737625,,,female,24
1073_IEO_HAP_MD,crema_d_1073_IEO_HAP_MD,1073_IEO_HAP_MD.wav,crema_d,1073,IEO,HAP,happy,medium,,,16000.0,2.035375,16000.0,3.0,1.075375,,,female,24
1073_IEO_NEU_XX,crema_d_1073_IEO_NEU_XX,1073_IEO_NEU_XX.wav,crema_d,1073,IEO,NEU,neutral,unspecified,,,16000.0,1.968625,16000.0,3.0,0.080625,,,female,24
1073_IEO_SAD_HI,crema_d_1073_IEO_SAD_HI,1073_IEO_SAD_HI.wav,crema_d,1073,IEO,SAD,sad,high,,,,,,,,,,female,24
1073_IEO_SAD_LO,crema_d_1073_IEO_SAD_LO,1073_IEO_SAD_LO.wav,crema_d,1073,IEO,SAD,sad,low,,,,,,,,,,female,24
1073_IEO_SAD_MD,crema_d_1073_IEO_SAD_MD,1073_IEO_SAD_MD.wav,crema_d,1073,IEO,SAD,sad,medium,,,,,,,,,,female,24
1073_IOM_ANG_XX,crema_d_1073_IOM_ANG_XX,1073_IOM_ANG_XX.wav,crema_d,1073,IOM,ANG,anger,unspecified,,,16000.0,2.2826875,16000.0,3.0,1.1306875,,,female,24
1073_IOM_DIS_XX,crema_d_1073_IOM_DIS_XX,1073_IOM_DIS_XX.wav,crema_d,1073,IOM,DIS,disgust,unspecified,,,,,,,,,,female,24
1073_IOM_FEA_XX,crema_d_1073_IOM_FEA_XX,1073_IOM_FEA_XX.wav,crema_d,1073,IOM,FEA,fear,unspecified,,,,,,,,,,female,24
1073_IOM_HAP_XX,crema_d_1073_IOM_HAP_XX,1073_IOM_HAP_XX.wav,crema_d,1073,IOM,HAP,happy,unspecified,,,16000.0,2.8695625,16000.0,3.0,0.3095625,,,female,24
1073_IOM_NEU_XX,crema_d_1073_IOM_NEU_XX,1073_IOM_NEU_XX.wav,crema_d,1073,IOM,NEU,neutral,unspecified,,,16000.0,2.3690625,16000.0,3.0,0.0330625,,,female,24
1073_IOM_SAD_XX,crema_d_1073_IOM_SAD_XX,1073_IOM_SAD_XX.wav,crema_d,1073,IOM,SAD,sad,unspecified,,,,,,,,,,female,24
1073_ITH_ANG_XX,crema_d_1073_ITH_ANG_XX,1073_ITH_ANG_XX.wav,crema_d,1073,ITH,ANG,anger,unspecified,,,16000.0,2.535875,16000.0,3.0,0.967875,,,female,24
1073_ITH_DIS_XX,crema_d_1073_ITH_DIS_XX,1073_ITH_DIS_XX.wav,crema_d,1073,ITH,DIS,disgust,unspecified,,,,,,,,,,female,24
1073_ITH_FEA_XX,crema_d_1073_ITH_FEA_XX,1073_ITH_FEA_XX.wav,crema_d,1073,ITH,FEA,fear,unspecified,,,,,,,,,,female,24
1073_ITH_HAP_XX,crema_d_1073_ITH_HAP_XX,1073_ITH_HAP_XX.wav,crema_d,1073,ITH,HAP,happy,unspecified,,,16000.0,2.8361875,16000.0,3.0,1.2361875,,,female,24
1073_ITH_NEU_XX,crema_d_1073_ITH_NEU_XX,1073_ITH_NEU_XX.wav,crema_d,1073,ITH,NEU,neutral,unspecified,,,16000.0,2.7360625,16000.0,3.0,1.2000625,,,female,24
1073_ITH_SAD_XX,crema_d_1073_ITH_SAD_XX,1073_ITH_SAD_XX.wav,crema_d,1073,ITH,SAD,sad,unspecified,,,,,,,,,,female,24
1073_ITS_ANG_XX,crema_d_1073_ITS_ANG_XX,1073_ITS_ANG_XX.wav,crema_d,1073,ITS,ANG,anger,unspecified,,,16000.0,2.535875,16000.0,3.0,1.095875,,,female,24
1073_ITS_DIS_XX,crema_d_1073_ITS_DIS_XX,1073_ITS_DIS_XX.wav,crema_d,1073,ITS,DIS,disgust,unspecified,,,,,,,,,,female,24
1073_ITS_FEA_XX,crema_d_1073_ITS_FEA_XX,1073_ITS_FEA_XX.wav,crema_d,1073,ITS,FEA,fear,unspecified,,,,,,,,,,female,24
1073_ITS_HAP_XX,crema_d_1073_ITS_HAP_XX,1073_ITS_HAP_XX.wav,crema_d,1073,ITS,HAP,happy,unspecified,,,16000.0,2.43575,16000.0,3.0,0.99575,,,female,24
1073_ITS_NEU_XX,crema_d_1073_ITS_NEU_XX,1073_ITS_NEU_XX.wav,crema_d,1073,ITS,NEU,neutral,unspecified,,,16000.0,2.3690625,16000.0,3.0,1.0570625,,,female,24
1073_ITS_SAD_XX,crema_d_1073_ITS_SAD_XX,1073_ITS_SAD_XX.wav,crema_d,1073,ITS,SAD,sad,unspecified,,,,,,,,,,female,24
1073_IWL_ANG_XX,crema_d_1073_IWL_ANG_XX,1073_IWL_ANG_XX.wav,crema_d,1073,IWL,ANG,anger,unspecified,,,16000.0,2.6359375,16000.0,3.0,1.0359375,,,female,24
1073_IWL_DIS_XX,crema_d_1073_IWL_DIS_XX,1073_IWL_DIS_XX.wav,crema_d,1073,IWL,DIS,disgust,unspecified,,,,,,,,,,female,24
1073_IWL_FEA_XX,crema_d_1073_IWL_FEA_XX,1073_IWL_FEA_XX.wav,crema_d,1073,IWL,FEA,fear,unspecified,,,,,,,,,,female,24
1073_IWL_HAP_XX,crema_d_1073_IWL_HAP_XX,1073_IWL_HAP_XX.wav,crema_d,1073,IWL,HAP,happy,unspecified,,,16000.0,2.969625,16000.0,3.0,1.529625,,,female,24
1073_IWL_NEU_XX,crema_d_1073_IWL_NEU_XX,1073_IWL_NEU_XX.wav,crema_d,1073,IWL,NEU,neutral,unspecified,,,16000.0,2.7026875,16000.0,3.0,1.2626875,,,female,24
1073_IWL_SAD_XX,crema_d_1073_IWL_SAD_XX,1073_IWL_SAD_XX.wav,crema_d,1073,IWL,SAD,sad,unspecified,,,,,,,,,,female,24
1073_IWW_ANG_XX,crema_d_1073_IWW_ANG_XX,1073_IWW_ANG_XX.wav,crema_d,1073,IWW,ANG,anger,unspecified,,,16000.0,2.3023125,16000.0,3.0,1.0543125,,,female,24
1073_IWW_DIS_XX,crema_d_1073_IWW_DIS_XX,1073_IWW_DIS_XX.wav,crema_d,1073,IWW,DIS,disgust,unspecified,,,,,,,,,,female,24
1073_IWW_FEA_XX,crema_d_1073_IWW_FEA_XX,1073_IWW_FEA_XX.wav,crema_d,1073,IWW,FEA,fear,unspecified,,,,,,,,,,female,24
1073_IWW_HAP_XX,crema_d_1073_IWW_HAP_XX,1073_IWW_HAP_XX.wav,crema_d,1073,IWW,HAP,happy,unspecified,,,16000.0,2.469125,16000.0,3.0,0.805125,,,female,24
1073_IWW_NEU_XX,crema_d_1073_IWW_NEU_XX,1073_IWW_NEU_XX.wav,crema_d,1073,IWW,NEU,neutral,unspecified,,,16000.0,2.3023125,16000.0,3.0,0.7663125,,,female,24
1073_IWW_SAD_XX,crema_d_1073_IWW_SAD_XX,1073_IWW_SAD_XX.wav,crema_d,1073,IWW,SAD,sad,unspecified,,,,,,,,,,female,24
1073_MTI_ANG_XX,crema_d_1073_MTI_ANG_XX,1073_MTI_ANG_XX.wav,crema_d,1073,MTI,ANG,anger,unspecified,,,16000.0,2.6359375,16000.0,3.0,1.0679375,,,female,24
1073_MTI_DIS_XX,crema_d_1073_MTI_DIS_XX,1073_MTI_DIS_XX.wav,crema_d,1073,MTI,DIS,disgust,unspecified,,,,,,,,,,female,24
1073_MTI_FEA_XX,crema_d_1073_MTI_FEA_XX,1073_MTI_FEA_XX.wav,crema_d,1073,MTI,FEA,fear,unspecified,,,,,,,,,,female,24
1073_MTI_HAP_XX,crema_d_1073_MTI_HAP_XX,1073_MTI_HAP_XX.wav,crema_d,1073,MTI,HAP,happy,unspecified,,,16000.0,2.8695625,16000.0,3.0,1.1415625,,,female,24
1073_MTI_NEU_XX,crema_d_1073_MTI_NEU_XX,1073_MTI_NEU_XX.wav,crema_d,1073,MTI,NEU,neutral,unspecified,,,16000.0,2.6359375,16000.0,3.0,0.7159375,,,female,24
1073_MTI_SAD_XX,crema_d_1073_MTI_SAD_XX,1073_MTI_SAD_XX.wav,crema_d,1073,MTI,SAD,sad,unspecified,,,,,,,,,,female,24
1073_TAI_ANG_XX,crema_d_1073_TAI_ANG_XX,1073_TAI_ANG_XX.wav,crema_d,1073,TAI,ANG,anger,unspecified,,,16000.0,2.56925,16000.0,3.0,1.06525,,,female,24
1073_TAI_DIS_XX,crema_d_1073_TAI_DIS_XX,1073_TAI_DIS_XX.wav,crema_d,1073,TAI,DIS,disgust,unspecified,,,,,,,,,,female,24
1073_TAI_FEA_XX,crema_d_1073_TAI_FEA_XX,1073_TAI_FEA_XX.wav,crema_d,1073,TAI,FEA,fear,unspecified,,,,,,,,,,female,24
1073_TAI_HAP_XX,crema_d_1073_TAI_HAP_XX,1073_TAI_HAP_XX.wav,crema_d,1073,TAI,HAP,happy,unspecified,,,16000.0,2.93625,16000.0,3.0,1.43225,,,female,24
1073_TAI_NEU_XX,crema_d_1073_TAI_NEU_XX,1073_TAI_NEU_XX.wav,crema_d,1073,TAI,NEU,neutral,unspecified,,,16000.0,2.7026875,16000.0,3.0,0.3666875,,,female,24
1073_TAI_SAD_XX,crema_d_1073_TAI_SAD_XX,1073_TAI_SAD_XX.wav,crema_d,1073,TAI,SAD,sad,unspecified,,,,,,,,,,female,24
1073_TIE_ANG_XX,crema_d_1073_TIE_ANG_XX,1073_TIE_ANG_XX.wav,crema_d,1073,TIE,ANG,anger,unspecified,,,16000.0,2.002,16000.0,3.0,0.722,,,female,24
1073_TIE_DIS_XX,crema_d_1073_TIE_DIS_XX,1073_TIE_DIS_XX.wav,crema_d,1073,TIE,DIS,disgust,unspecified,,,,,,,,,,female,24
1073_TIE_FEA_XX,crema_d_1073_TIE_FEA_XX,1073_TIE_FEA_XX.wav,crema_d,1073,TIE,FEA,fear,unspecified,,,,,,,,,,female,24
1073_TIE_HAP_XX,crema_d_1073_TIE_HAP_XX,1073_TIE_HAP_XX.wav,crema_d,1073,TIE,HAP,happy,unspecified,,,16000.0,2.8695,16000.0,3.0,0.7895,,,female,24
1073_TIE_NEU_XX,crema_d_1073_TIE_NEU_XX,1073_TIE_NEU_XX.wav,crema_d,1073,TIE,NEU,neutral,unspecified,,,16000.0,2.3023125,16000.0,3.0,0.4783125,,,female,24
1073_TIE_SAD_XX,crema_d_1073_TIE_SAD_XX,1073_TIE_SAD_XX.wav,crema_d,1073,TIE,SAD,sad,unspecified,,,,,,,,,,female,24
1073_TSI_ANG_XX,crema_d_1073_TSI_ANG_XX,1073_TSI_ANG_XX.wav,crema_d,1073,TSI,ANG,anger,unspecified,,,16000.0,2.469125,16000.0,3.0,1.093125,,,female,24
1073_TSI_DIS_XX,crema_d_1073_TSI_DIS_XX,1073_TSI_DIS_XX.wav,crema_d,1073,TSI,DIS,disgust,unspecified,,,,,,,,,,female,24
1073_TSI_FEA_XX,crema_d_1073_TSI_FEA_XX,1073_TSI_FEA_XX.wav,crema_d,1073,TSI,FEA,fear,unspecified,,,,,,,,,,female,24
1073_TSI_HAP_XX,crema_d_1073_TSI_HAP_XX,1073_TSI_HAP_XX.wav,crema_d,1073,TSI,HAP,happy,unspecified,,,16000.0,2.535875,16000.0,3.0,1.287875,,,female,24
1073_TSI_NEU_XX,crema_d_1073_TSI_NEU_XX,1073_TSI_NEU_XX.wav,crema_d,1073,TSI,NEU,neutral,unspecified,,,16000.0,2.43575,16000.0,3.0,1.18775,,,female,24
1073_TSI_SAD_XX,crema_d_1073_TSI_SAD_XX,1073_TSI_SAD_XX.wav,crema_d,1073,TSI,SAD,sad,unspecified,,,,,,,,,,female,24
1073_WSI_ANG_XX,crema_d_1073_WSI_ANG_XX,1073_WSI_ANG_XX.wav,crema_d,1073,WSI,ANG,anger,unspecified,,,16000.0,2.7694375,16000.0,3.0,1.1694375,,,female,24
1073_WSI_DIS_XX,crema_d_1073_WSI_DIS_XX,1073_WSI_DIS_XX.wav,crema_d,1073,WSI,DIS,disgust,unspecified,,,,,,,,,,female,24
1073_WSI_FEA_XX,crema_d_1073_WSI_FEA_XX,1073_WSI_FEA_XX.wav,crema_d,1073,WSI,FEA,fear,unspecified,,,,,,,,,,female,24
1073_WSI_HAP_XX,crema_d_1073_WSI_HAP_XX,1073_WSI_HAP_XX.wav,crema_d,1073,WSI,HAP,happy,unspecified,,,16000.0,2.6359375,16000.0,3.0,1.0999375,,,female,24
1073_WSI_NEU_XX,crema_d_1073_WSI_NEU_XX,1073_WSI_NEU_XX.wav,crema_d,1073,WSI,NEU,neutral,unspecified,,,16000.0,2.06875,16000.0,3.0,0.11675,,,female,24
1073_WSI_SAD_XX,crema_d_1073_WSI_SAD_XX,1073_WSI_SAD_XX.wav,crema_d,1073,WSI,SAD,sad,unspecified,,,,,,,,,,female,24
1074_DFA_ANG_XX,crema_d_1074_DFA_ANG_XX,1074_DFA_ANG_XX.wav,crema_d,1074,DFA,ANG,anger,unspecified,,,16000.0,2.7026875,16000.0,3.0,1.4226875,,,female,31
1074_DFA_DIS_XX,crema_d_1074_DFA_DIS_XX,1074_DFA_DIS_XX.wav,crema_d,1074,DFA,DIS,disgust,unspecified,,,,,,,,,,female,31
1074_DFA_FEA_XX,crema_d_1074_DFA_FEA_XX,1074_DFA_FEA_XX.wav,crema_d,1074,DFA,FEA,fear,unspecified,,,,,,,,,,female,31
1074_DFA_HAP_XX,crema_d_1074_DFA_HAP_XX,1074_DFA_HAP_XX.wav,crema_d,1074,DFA,HAP,happy,unspecified,,,16000.0,2.06875,16000.0,3.0,0.94875,,,female,31
1074_DFA_NEU_XX,crema_d_1074_DFA_NEU_XX,1074_DFA_NEU_XX.wav,crema_d,1074,DFA,NEU,neutral,unspecified,,,16000.0,2.2689375,16000.0,3.0,0.0,,,female,31
1074_DFA_SAD_XX,crema_d_1074_DFA_SAD_XX,1074_DFA_SAD_XX.wav,crema_d,1074,DFA,SAD,sad,unspecified,,,,,,,,,,female,31
1074_IEO_ANG_HI,crema_d_1074_IEO_ANG_HI,1074_IEO_ANG_HI.wav,crema_d,1074,IEO,ANG,anger,high,,,16000.0,2.602625,16000.0,3.0,1.258625,,,female,31
1074_IEO_ANG_LO,crema_d_1074_IEO_ANG_LO,1074_IEO_ANG_LO.wav,crema_d,1074,IEO,ANG,anger,low,,,16000.0,1.56825,16000.0,3.0,0.38425,,,female,31
1074_IEO_ANG_MD,crema_d_1074_IEO_ANG_MD,1074_IEO_ANG_MD.wav,crema_d,1074,IEO,ANG,anger,medium,,,16000.0,2.3023125,16000.0,3.0,1.0543125,,,female,31
1074_IEO_DIS_HI,crema_d_1074_IEO_DIS_HI,1074_IEO_DIS_HI.wav,crema_d,1074,IEO,DIS,disgust,high,,,,,,,,,,female,31
1074_IEO_DIS_LO,crema_d_1074_IEO_DIS_LO,1074_IEO_DIS_LO.wav,crema_d,1074,IEO,DIS,disgust,low,,,,,,,,,,female,31
1074_IEO_DIS_MD,crema_d_1074_IEO_DIS_MD,1074_IEO_DIS_MD.wav,crema_d,1074,IEO,DIS,disgust,medium,,,,,,,,,,female,31
1074_IEO_FEA_HI,crema_d_1074_IEO_FEA_HI,1074_IEO_FEA_HI.wav,crema_d,1074,IEO,FEA,fear,high,,,,,,,,,,female,31
1074_IEO_FEA_LO,crema_d_1074_IEO_FEA_LO,1074_IEO_FEA_LO.wav,crema_d,1074,IEO,FEA,fear,low,,,,,,,,,,female,31
1074_IEO_FEA_MD,crema_d_1074_IEO_FEA_MD,1074_IEO_FEA_MD.wav,crema_d,1074,IEO,FEA,fear,medium,,,,,,,,,,female,31
1074_IEO_HAP_HI,crema_d_1074_IEO_HAP_HI,1074_IEO_HAP_HI.wav,crema_d,1074,IEO,HAP,happy,high,,,16000.0,1.6683125,16000.0,3.0,0.2283125,,,female,31
1074_IEO_HAP_LO,crema_d_1074_IEO_HAP_LO,1074_IEO_HAP_LO.wav,crema_d,1074,IEO,HAP,happy,low,,,16000.0,2.2021875,16000.0,3.0,1.2101875,,,female,31
1074_IEO_HAP_MD,crema_d_1074_IEO_HAP_MD,1074_IEO_HAP_MD.wav,crema_d,1074,IEO,HAP,happy,medium,,,16000.0,2.535875,16000.0,3.0,0.583875,,,female,31
1074_IEO_NEU_XX,crema_d_1074_IEO_NEU_XX,1074_IEO_NEU_XX.wav,crema_d,1074,IEO,NEU,neutral,unspecified,,,16000.0,2.3023125,16000.0,3.0,0.032,,,female,31
1074_IEO_SAD_HI,crema_d_1074_IEO_SAD_HI,1074_IEO_SAD_HI.wav,crema_d,1074,IEO,SAD,sad,high,,,,,,,,,,female,31
1074_IEO_SAD_LO,crema_d_1074_IEO_SAD_LO,1074_IEO_SAD_LO.wav,crema_d,1074,IEO,SAD,sad,low,,,,,,,,,,female,31
1074_IEO_SAD_MD,crema_d_1074_IEO_SAD_MD,1074_IEO_SAD_MD.wav,crema_d,1074,IEO,SAD,sad,medium,,,,,,,,,,female,31
1074_IOM_ANG_XX,crema_d_1074_IOM_ANG_XX,1074_IOM_ANG_XX.wav,crema_d,1074,IOM,ANG,anger,unspecified,,,16000.0,2.6693125,16000.0,3.0,0.6853125,,,female,31
1074_IOM_DIS_XX,crema_d_1074_IOM_DIS_XX,1074_IOM_DIS_XX.wav,crema_d,1074,IOM,DIS,disgust,unspecified,,,,,,,,,,female,31
1074_IOM_FEA_XX,crema_d_1074_IOM_FEA_XX,1074_IOM_FEA_XX.wav,crema_d,1074,IOM,FEA,fear,unspecified,,,,,,,,,,female,31
1074_IOM_HAP_XX,crema_d_1074_IOM_HAP_XX,1074_IOM_HAP_XX.wav,crema_d,1074,IOM,HAP,happy,unspecified,,,16000.0,2.8028125,16000.0,3.0,1.2028125,,,female,31
1074_IOM_NEU_XX,crema_d_1074_IOM_NEU_XX,1074_IOM_NEU_XX.wav,crema_d,1074,IOM,NEU,neutral,unspecified,,,16000.0,2.535875,16000.0,3.0,0.199875,,,female,31
1074_IOM_SAD_XX,crema_d_1074_IOM_SAD_XX,1074_IOM_SAD_XX.wav,crema_d,1074,IOM,SAD,sad,unspecified,,,,,,,,,,female,31
1074_ITH_ANG_XX,crema_d_1074_ITH_ANG_XX,1074_ITH_ANG_XX.wav,crema_d,1074,ITH,ANG,anger,unspecified,,,16000.0,2.902875,16000.0,3.0,1.142875,,,female,31
1074_ITH_DIS_XX,crema_d_1074_ITH_DIS_XX,1074_ITH_DIS_XX.wav,crema_d,1074,ITH,DIS,disgust,unspecified,,,,,,,,,,female,31
1074_ITH_FEA_XX,crema_d_1074_ITH_FEA_XX,1074_ITH_FEA_XX.wav,crema_d,1074,ITH,FEA,fear,unspecified,,,,,,,,,,female,31
1074_ITH_HAP_XX,crema_d_1074_ITH_HAP_XX,1074_ITH_HAP_XX.wav,crema_d,1074,ITH,HAP,happy,unspecified,,,16000.0,2.6693125,16000.0,3.0,1.0693125,,,female,31
1074_ITH_NEU_XX,crema_d_1074_ITH_NEU_XX,1074_ITH_NEU_XX.wav,crema_d,1074,ITH,NEU,neutral,unspecified,,,16000.0,2.7026875,16000.0,3.0,0.0,,,female,31
1074_ITH_SAD_XX,crema_d_1074_ITH_SAD_XX,1074_ITH_SAD_XX.wav,crema_d,1074,ITH,SAD,sad,unspecified,,,,,,,,,,female,31
1074_ITS_ANG_XX,crema_d_1074_ITS_ANG_XX,1074_ITS_ANG_XX.wav,crema_d,1074,ITS,ANG,anger,unspecified,,,16000.0,3.036375,16000.0,3.0,0.924375,,,female,31
1074_ITS_DIS_XX,crema_d_1074_ITS_DIS_XX,1074_ITS_DIS_XX.wav,crema_d,1074,ITS,DIS,disgust,unspecified,,,,,,,,,,female,31
1074_ITS_FEA_XX,crema_d_1074_ITS_FEA_XX,1074_ITS_FEA_XX.wav,crema_d,1074,ITS,FEA,fear,unspecified,,,,,,,,,,female,31
1074_ITS_HAP_XX,crema_d_1074_ITS_HAP_XX,1074_ITS_HAP_XX.wav,crema_d,1074,ITS,HAP,happy,unspecified,,,16000.0,2.3690625,16000.0,3.0,0.9290625,,,female,31
1074_ITS_NEU_XX,crema_d_1074_ITS_NEU_XX,1074_ITS_NEU_XX.wav,crema_d,1074,ITS,NEU,neutral,unspecified,,,16000.0,2.7694375,16000.0,3.0,0.3694375,,,female,31
1074_ITS_SAD_XX,crema_d_1074_ITS_SAD_XX,1074_ITS_SAD_XX.wav,crema_d,1074,ITS,SAD,sad,unspecified,,,,,,,,,,female,31
1074_IWL_ANG_XX,crema_d_1074_IWL_ANG_XX,1074_IWL_ANG_XX.wav,crema_d,1074,IWL,ANG,anger,unspecified,,,16000.0,2.8028125,16000.0,3.0,1.0108125,,,female,31
1074_IWL_DIS_XX,crema_d_1074_IWL_DIS_XX,1074_IWL_DIS_XX.wav,crema_d,1074,IWL,DIS,disgust,unspecified,,,,,,,,,,female,31
1074_IWL_FEA_XX,crema_d_1074_IWL_FEA_XX,1074_IWL_FEA_XX.wav,crema_d,1074,IWL,FEA,fear,unspecified,,,,,,,,,,female,31
1074_IWL_HAP_XX,crema_d_1074_IWL_HAP_XX,1074_IWL_HAP_XX.wav,crema_d,1074,IWL,HAP,happy,unspecified,,,16000.0,2.6359375,16000.0,3.0,1.0999375,,,female,31
1074_IWL_NEU_XX,crema_d_1074_IWL_NEU_XX,1074_IWL_NEU_XX.wav,crema_d,1074,IWL,NEU,neutral,unspecified,,,16000.0,2.7360625,16000.0,3.0,0.0800625,,,female,31
1074_IWL_SAD_XX,crema_d_1074_IWL_SAD_XX,1074_IWL_SAD_XX.wav,crema_d,1074,IWL,SAD,sad,unspecified,,,,,,,,,,female,31
1074_IWW_ANG_XX,crema_d_1074_IWW_ANG_XX,1074_IWW_ANG_XX.wav,crema_d,1074,IWW,ANG,anger,unspecified,,,16000.0,2.8028125,16000.0,3.0,1.2028125,,,female,31
1074_IWW_DIS_XX,crema_d_1074_IWW_DIS_XX,1074_IWW_DIS_XX.wav,crema_d,1074,IWW,DIS,disgust,unspecified,,,,,,,,,,female,31
1074_IWW_FEA_XX,crema_d_1074_IWW_FEA_XX,1074_IWW_FEA_XX.wav,crema_d,1074,IWW,FEA,fear,unspecified,,,,,,,,,,female,31
1074_IWW_HAP_XX,crema_d_1074_IWW_HAP_XX,1074_IWW_HAP_XX.wav,crema_d,1074,IWW,HAP,happy,unspecified,,,16000.0,2.5025,16000.0,3.0,0.8385,,,female,31
1074_IWW_NEU_XX,crema_d_1074_IWW_NEU_XX,1074_IWW_NEU_XX.wav,crema_d,1074,IWW,NEU,neutral,unspecified,,,16000.0,2.43575,16000.0,3.0,0.03575,,,female,31
1074_IWW_SAD_XX,crema_d_1074_IWW_SAD_XX,1074_IWW_SAD_XX.wav,crema_d,1074,IWW,SAD,sad,unspecified,,,,,,,,,,female,31
1074_MTI_ANG_XX,crema_d_1074_MTI_ANG_XX,1074_MTI_ANG_XX.wav,crema_d,1074,MTI,ANG,anger,unspecified,,,16000.0,3.103125,16000.0,3.0,0.991125,,,female,31
1074_MTI_DIS_XX,crema_d_1074_MTI_DIS_XX,1074_MTI_DIS_XX.wav,crema_d,1074,MTI,DIS,disgust,unspecified,,,,,,,,,,female,31
1074_MTI_FEA_XX,crema_d_1074_MTI_FEA_XX,1074_MTI_FEA_XX.wav,crema_d,1074,MTI,FEA,fear,unspecified,,,,,,,,,,female,31
1074_MTI_HAP_XX,crema_d_1074_MTI_HAP_XX,1074_MTI_HAP_XX.wav,crema_d,1074,MTI,HAP,happy,unspecified,,,16000.0,2.7694375,16000.0,3.0,1.1374375,,,female,31
1074_MTI_NEU_XX,crema_d_1074_MTI_NEU_XX,1074_MTI_NEU_XX.wav,crema_d,1074,MTI,NEU,neutral,unspecified,,,16000.0,2.7360625,16000.0,3.0,0.0800625,,,female,31
1074_MTI_SAD_XX,crema_d_1074_MTI_SAD_XX,1074_MTI_SAD_XX.wav,crema_d,1074,MTI,SAD,sad,unspecified,,,,,,,,,,female,31
1074_TAI_ANG_XX,crema_d_1074_TAI_ANG_XX,1074_TAI_ANG_XX.wav,crema_d,1074,TAI,ANG,anger,unspecified,,,16000.0,2.93625,16000.0,3.0,0.88825,,,female,31
1074_TAI_DIS_XX,crema_d_1074_TAI_DIS_XX,1074_TAI_DIS_XX.wav,crema_d,1074,TAI,DIS,disgust,unspecified,,,,,,,,,,female,31
1074_TAI_FEA_XX,crema_d_1074_TAI_FEA_XX,1074_TAI_FEA_XX.wav,crema_d,1074,TAI,FEA,fear,unspecified,,,,,,,,,,female,31
1074_TAI_HAP_XX,crema_d_1074_TAI_HAP_XX,1074_TAI_HAP_XX.wav,crema_d,1074,TAI,HAP,happy,unspecified,,,16000.0,2.535875,16000.0,3.0,0.999875,,,female,31
1074_TAI_NEU_XX,crema_d_1074_TAI_NEU_XX,1074_TAI_NEU_XX.wav,crema_d,1074,TAI,NEU,neutral,unspecified,,,16000.0,2.6693125,16000.0,3.0,1.0373125,,,female,31
1074_TAI_SAD_XX,crema_d_1074_TAI_SAD_XX,1074_TAI_SAD_XX.wav,crema_d,1074,TAI,SAD,sad,unspecified,,,,,,,,,,female,31
1074_TIE_ANG_XX,crema_d_1074_TIE_ANG_XX,1074_TIE_ANG_XX.wav,crema_d,1074,TIE,ANG,anger,unspecified,,,16000.0,3.1364375,16000.0,3.0,1.3444375,,,female,31
1074_TIE_DIS_XX,crema_d_1074_TIE_DIS_XX,1074_TIE_DIS_XX.wav,crema_d,1074,TIE,DIS,disgust,unspecified,,,,,,,,,,female,31
1074_TIE_FEA_XX,crema_d_1074_TIE_FEA_XX,1074_TIE_FEA_XX.wav,crema_d,1074,TIE,FEA,fear,unspecified,,,,,,,,,,female,31
1074_TIE_HAP_XX,crema_d_1074_TIE_HAP_XX,1074_TIE_HAP_XX.wav,crema_d,1074,TIE,HAP,happy,unspecified,,,16000.0,2.969625,16000.0,3.0,1.241625,,,female,31
1074_TIE_NEU_XX,crema_d_1074_TIE_NEU_XX,1074_TIE_NEU_XX.wav,crema_d,1074,TIE,NEU,neutral,unspecified,,,16000.0,2.969625,16000.0,3.0,0.0,,,female,31
1074_TIE_SAD_XX,crema_d_1074_TIE_SAD_XX,1074_TIE_SAD_XX.wav,crema_d,1074,TIE,SAD,sad,unspecified,,,,,,,,,,female,31
1074_TSI_ANG_XX,crema_d_1074_TSI_ANG_XX,1074_TSI_ANG_XX.wav,crema_d,1074,TSI,ANG,anger,unspecified,,,16000.0,2.602625,16000.0,3.0,0.970625,,,female,31
1074_TSI_DIS_XX,crema_d_1074_TSI_DIS_XX,1074_TSI_DIS_XX.wav,crema_d,1074,TSI,DIS,disgust,unspecified,,,,,,,,,,female,31
1074_TSI_FEA_XX,crema_d_1074_TSI_FEA_XX,1074_TSI_FEA_XX.wav,crema_d,1074,TSI,FEA,fear,unspecified,,,,,,,,,,female,31
1074_TSI_HAP_XX,crema_d_1074_TSI_HAP_XX,1074_TSI_HAP_XX.wav,crema_d,1074,TSI,HAP,happy,unspecified,,,16000.0,2.535875,16000.0,3.0,1.383875,,,female,31
1074_TSI_NEU_XX,crema_d_1074_TSI_NEU_XX,1074_TSI_NEU_XX.wav,crema_d,1074,TSI,NEU,neutral,unspecified,,,16000.0,2.7694375,16000.0,3.0,0.6254375,,,female,31
1074_TSI_SAD_XX,crema_d_1074_TSI_SAD_XX,1074_TSI_SAD_XX.wav,crema_d,1074,TSI,SAD,sad,unspecified,,,,,,,,,,female,31
1074_WSI_ANG_XX,crema_d_1074_WSI_ANG_XX,1074_WSI_ANG_XX.wav,crema_d,1074,WSI,ANG,anger,unspecified,,,16000.0,2.93625,16000.0,3.0,1.11225,,,female,31
1074_WSI_DIS_XX,crema_d_1074_WSI_DIS_XX,1074_WSI_DIS_XX.wav,crema_d,1074,WSI,DIS,disgust,unspecified,,,,,,,,,,female,31
1074_WSI_FEA_XX,crema_d_1074_WSI_FEA_XX,1074_WSI_FEA_XX.wav,crema_d,1074,WSI,FEA,fear,unspecified,,,,,,,,,,female,31
1074_WSI_HAP_XX,crema_d_1074_WSI_HAP_XX,1074_WSI_HAP_XX.wav,crema_d,1074,WSI,HAP,happy,unspecified,,,16000.0,2.93625,16000.0,3.0,1.49625,,,female,31
1074_WSI_NEU_XX,crema_d_1074_WSI_NEU_XX,1074_WSI_NEU_XX.wav,crema_d,1074,WSI,NEU,neutral,unspecified,,,16000.0,2.6693125,16000.0,3.0,0.5573125,,,female,31
1074_WSI_SAD_XX,crema_d_1074_WSI_SAD_XX,1074_WSI_SAD_XX.wav,crema_d,1074,WSI,SAD,sad,unspecified,,,,,,,,,,female,31
1075_DFA_ANG_XX,crema_d_1075_DFA_ANG_XX,1075_DFA_ANG_XX.wav,crema_d,1075,DFA,ANG,anger,unspecified,,,16000.0,2.969625,16000.0,3.0,1.241625,,,female,40
1075_DFA_DIS_XX,crema_d_1075_DFA_DIS_XX,1075_DFA_DIS_XX.wav,crema_d,1075,DFA,DIS,disgust,unspecified,,,,,,,,,,female,40
1075_DFA_FEA_XX,crema_d_1075_DFA_FEA_XX,1075_DFA_FEA_XX.wav,crema_d,1075,DFA,FEA,fear,unspecified,,,,,,,,,,female,40
1075_DFA_HAP_XX,crema_d_1075_DFA_HAP_XX,1075_DFA_HAP_XX.wav,crema_d,1075,DFA,HAP,happy,unspecified,,,16000.0,2.1688125,16000.0,3.0,0.0568125,,,female,40
1075_DFA_NEU_XX,crema_d_1075_DFA_NEU_XX,1075_DFA_NEU_XX.wav,crema_d,1075,DFA,NEU,neutral,unspecified,,,16000.0,2.7694375,16000.0,3.0,0.0,,,female,40
1075_DFA_SAD_XX,crema_d_1075_DFA_SAD_XX,1075_DFA_SAD_XX.wav,crema_d,1075,DFA,SAD,sad,unspecified,,,,,,,,,,female,40
1075_IEO_ANG_HI,crema_d_1075_IEO_ANG_HI,1075_IEO_ANG_HI.wav,crema_d,1075,IEO,ANG,anger,high,,,16000.0,2.5025,16000.0,3.0,0.9345,,,female,40
1075_IEO_ANG_LO,crema_d_1075_IEO_ANG_LO,1075_IEO_ANG_LO.wav,crema_d,1075,IEO,ANG,anger,low,,,16000.0,2.43575,16000.0,3.0,0.0,,,female,40
1075_IEO_ANG_MD,crema_d_1075_IEO_ANG_MD,1075_IEO_ANG_MD.wav,crema_d,1075,IEO,ANG,anger,medium,,,16000.0,2.5025,16000.0,3.0,0.7105,,,female,40
1075_IEO_DIS_HI,crema_d_1075_IEO_DIS_HI,1075_IEO_DIS_HI.wav,crema_d,1075,IEO,DIS,disgust,high,,,,,,,,,,female,40
1075_IEO_DIS_LO,crema_d_1075_IEO_DIS_LO,1075_IEO_DIS_LO.wav,crema_d,1075,IEO,DIS,disgust,low,,,,,,,,,,female,40
1075_IEO_DIS_MD,crema_d_1075_IEO_DIS_MD,1075_IEO_DIS_MD.wav,crema_d,1075,IEO,DIS,disgust,medium,,,,,,,,,,female,40
1075_IEO_FEA_HI,crema_d_1075_IEO_FEA_HI,1075_IEO_FEA_HI.wav,crema_d,1075,IEO,FEA,fear,high,,,,,,,,,,female,40
1075_IEO_FEA_LO,crema_d_1075_IEO_FEA_LO,1075_IEO_FEA_LO.wav,crema_d,1075,IEO,FEA,fear,low,,,,,,,,,,female,40
1075_IEO_FEA_MD,crema_d_1075_IEO_FEA_MD,1075_IEO_FEA_MD.wav,crema_d,1075,IEO,FEA,fear,medium,,,,,,,,,,female,40
1075_IEO_HAP_HI,crema_d_1075_IEO_HAP_HI,1075_IEO_HAP_HI.wav,crema_d,1075,IEO,HAP,happy,high,,,16000.0,1.3346875,16000.0,3.0,0.3106875,,,female,40
1075_IEO_HAP_LO,crema_d_1075_IEO_HAP_LO,1075_IEO_HAP_LO.wav,crema_d,1075,IEO,HAP,happy,low,,,16000.0,1.6349375,16000.0,3.0,0.0,,,female,40
1075_IEO_HAP_MD,crema_d_1075_IEO_HAP_MD,1075_IEO_HAP_MD.wav,crema_d,1075,IEO,HAP,happy,medium,,,16000.0,1.8685,16000.0,3.0,0.0,,,female,40
1075_IEO_NEU_XX,crema_d_1075_IEO_NEU_XX,1075_IEO_NEU_XX.wav,crema_d,1075,IEO,NEU,neutral,unspecified,,,16000.0,1.8351875,16000.0,3.0,0.0,,,female,40
1075_IEO_SAD_HI,crema_d_1075_IEO_SAD_HI,1075_IEO_SAD_HI.wav,crema_d,1075,IEO,SAD,sad,high,,,,,,,,,,female,40
1075_IEO_SAD_LO,crema_d_1075_IEO_SAD_LO,1075_IEO_SAD_LO.wav,crema_d,1075,IEO,SAD,sad,low,,,,,,,,,,female,40
1075_IEO_SAD_MD,crema_d_1075_IEO_SAD_MD,1075_IEO_SAD_MD.wav,crema_d,1075,IEO,SAD,sad,medium,,,,,,,,,,female,40
1075_IOM_ANG_XX,crema_d_1075_IOM_ANG_XX,1075_IOM_ANG_XX.wav,crema_d,1075,IOM,ANG,anger,unspecified,,,16000.0,2.535875,16000.0,3.0,0.999875,,,female,40
1075_IOM_DIS_XX,crema_d_1075_IOM_DIS_XX,1075_IOM_DIS_XX.wav,crema_d,1075,IOM,DIS,disgust,unspecified,,,,,,,,,,female,40
1075_IOM_FEA_XX,crema_d_1075_IOM_FEA_XX,1075_IOM_FEA_XX.wav,crema_d,1075,IOM,FEA,fear,unspecified,,,,,,,,,,female,40
1075_IOM_HAP_XX,crema_d_1075_IOM_HAP_XX,1075_IOM_HAP_XX.wav,crema_d,1075,IOM,HAP,happy,unspecified,,,16000.0,1.93525,16000.0,3.0,0.04725,,,female,40
1075_IOM_NEU_XX,crema_d_1075_IOM_NEU_XX,1075_IOM_NEU_XX.wav,crema_d,1075,IOM,NEU,neutral,unspecified,,,16000.0,2.102125,16000.0,3.0,0.022125,,,female,40
1075_IOM_SAD_XX,crema_d_1075_IOM_SAD_XX,1075_IOM_SAD_XX.wav,crema_d,1075,IOM,SAD,sad,unspecified,,,,,,,,,,female,40
1075_ITH_ANG_XX,crema_d_1075_ITH_ANG_XX,1075_ITH_ANG_XX.wav,crema_d,1075,ITH,ANG,anger,unspecified,,,16000.0,2.8695625,16000.0,3.0,0.7575625,,,female,40
1075_ITH_DIS_XX,crema_d_1075_ITH_DIS_XX,1075_ITH_DIS_XX.wav,crema_d,1075,ITH,DIS,disgust,unspecified,,,,,,,,,,female,40
1075_ITH_FEA_XX,crema_d_1075_ITH_FEA_XX,1075_ITH_FEA_XX.wav,crema_d,1075,ITH,FEA,fear,unspecified,,,,,,,,,,female,40
1075_ITH_HAP_XX,crema_d_1075_ITH_HAP_XX,1075_ITH_HAP_XX.wav,crema_d,1075,ITH,HAP,happy,unspecified,,,16000.0,2.7360625,16000.0,3.0,1.1680625,,,female,40
1075_ITH_NEU_XX,crema_d_1075_ITH_NEU_XX,1075_ITH_NEU_XX.wav,crema_d,1075,ITH,NEU,neutral,unspecified,,,16000.0,2.7026875,16000.0,3.0,0.0,,,female,40
1075_ITH_SAD_XX,crema_d_1075_ITH_SAD_XX,1075_ITH_SAD_XX.wav,crema_d,1075,ITH,SAD,sad,unspecified,,,,,,,,,,female,40
1075_ITS_ANG_XX,crema_d_1075_ITS_ANG_XX,1075_ITS_ANG_XX.wav,crema_d,1075,ITS,ANG,anger,unspecified,,,16000.0,2.7360625,16000.0,3.0,1.0080625,,,female,40
1075_ITS_DIS_XX,crema_d_1075_ITS_DIS_XX,1075_ITS_DIS_XX.wav,crema_d,1075,ITS,DIS,disgust,unspecified,,,,,,,,,,female,40
1075_ITS_FEA_XX,crema_d_1075_ITS_FEA_XX,1075_ITS_FEA_XX.wav,crema_d,1075,ITS,FEA,fear,unspecified,,,,,,,,,,female,40
1075_ITS_HAP_XX,crema_d_1075_ITS_HAP_XX,1075_ITS_HAP_XX.wav,crema_d,1075,ITS,HAP,happy,unspecified,,,16000.0,2.7360625,16000.0,3.0,0.6240625,,,female,40
1075_ITS_NEU_XX,crema_d_1075_ITS_NEU_XX,1075_ITS_NEU_XX.wav,crema_d,1075,ITS,NEU,neutral,unspecified,,,16000.0,2.43575,16000.0,3.0,0.0,,,female,40
1075_ITS_SAD_XX,crema_d_1075_ITS_SAD_XX,1075_ITS_SAD_XX.wav,crema_d,1075,ITS,SAD,sad,unspecified,,,,,,,,,,female,40
1075_IWL_ANG_XX,crema_d_1075_IWL_ANG_XX,1075_IWL_ANG_XX.wav,crema_d,1075,IWL,ANG,anger,unspecified,,,16000.0,3.06975,16000.0,3.0,0.98975,,,female,40
1075_IWL_DIS_XX,crema_d_1075_IWL_DIS_XX,1075_IWL_DIS_XX.wav,crema_d,1075,IWL,DIS,disgust,unspecified,,,,,,,,,,female,40
1075_IWL_FEA_XX,crema_d_1075_IWL_FEA_XX,1075_IWL_FEA_XX.wav,crema_d,1075,IWL,FEA,fear,unspecified,,,,,,,,,,female,40
1075_IWL_HAP_XX,crema_d_1075_IWL_HAP_XX,1075_IWL_HAP_XX.wav,crema_d,1075,IWL,HAP,happy,unspecified,,,16000.0,2.5025,16000.0,3.0,0.032,,,female,40
1075_IWL_NEU_XX,crema_d_1075_IWL_NEU_XX,1075_IWL_NEU_XX.wav,crema_d,1075,IWL,NEU,neutral,unspecified,,,16000.0,2.3690625,16000.0,3.0,0.0,,,female,40
1075_IWL_SAD_XX,crema_d_1075_IWL_SAD_XX,1075_IWL_SAD_XX.wav,crema_d,1075,IWL,SAD,sad,unspecified,,,,,,,,,,female,40
1075_IWW_ANG_XX,crema_d_1075_IWW_ANG_XX,1075_IWW_ANG_XX.wav,crema_d,1075,IWW,ANG,anger,unspecified,,,16000.0,2.7694375,16000.0,3.0,0.9774375,,,female,40
1075_IWW_DIS_XX,crema_d_1075_IWW_DIS_XX,1075_IWW_DIS_XX.wav,crema_d,1075,IWW,DIS,disgust,unspecified,,,,,,,,,,female,40
1075_IWW_FEA_XX,crema_d_1075_IWW_FEA_XX,1075_IWW_FEA_XX.wav,crema_d,1075,IWW,FEA,fear,unspecified,,,,,,,,,,female,40
1075_IWW_HAP_XX,crema_d_1075_IWW_HAP_XX,1075_IWW_HAP_XX.wav,crema_d,1075,IWW,HAP,happy,unspecified,,,16000.0,2.06875,16000.0,3.0,0.05275,,,female,40
1075_IWW_NEU_XX,crema_d_1075_IWW_NEU_XX,1075_IWW_NEU_XX.wav,crema_d,1075,IWW,NEU,neutral,unspecified,,,16000.0,2.2826875,16000.0,3.0,0.0,,,female,40
1075_IWW_SAD_XX,crema_d_1075_IWW_SAD_XX,1075_IWW_SAD_XX.wav,crema_d,1075,IWW,SAD,sad,unspecified,,,,,,,,,,female,40
1075_MTI_ANG_XX,crema_d_1075_MTI_ANG_XX,1075_MTI_ANG_XX.wav,crema_d,1075,MTI,ANG,anger,unspecified,,,16000.0,2.602625,16000.0,3.0,0.042625,,,female,40
1075_MTI_DIS_XX,crema_d_1075_MTI_DIS_XX,1075_MTI_DIS_XX.wav,crema_d,1075,MTI,DIS,disgust,unspecified,,,,,,,,,,female,40
1075_MTI_FEA_XX,crema_d_1075_MTI_FEA_XX,1075_MTI_FEA_XX.wav,crema_d,1075,MTI,FEA,fear,unspecified,,,,,,,,,,female,40
1075_MTI_HAP_XX,crema_d_1075_MTI_HAP_XX,1075_MTI_HAP_XX.wav,crema_d,1075,MTI,HAP,happy,unspecified,,,16000.0,2.6693125,16000.0,3.0,0.1093125,,,female,40
1075_MTI_NEU_XX,crema_d_1075_MTI_NEU_XX,1075_MTI_NEU_XX.wav,crema_d,1075,MTI,NEU,neutral,unspecified,,,16000.0,2.3023125,16000.0,3.0,0.0,,,female,40
1075_MTI_SAD_XX,crema_d_1075_MTI_SAD_XX,1075_MTI_SAD_XX.wav,crema_d,1075,MTI,SAD,sad,unspecified,,,,,,,,,,female,40
1075_TAI_ANG_XX,crema_d_1075_TAI_ANG_XX,1075_TAI_ANG_XX.wav,crema_d,1075,TAI,ANG,anger,unspecified,,,16000.0,2.8695625,16000.0,3.0,0.8855625,,,female,40
1075_TAI_DIS_XX,crema_d_1075_TAI_DIS_XX,1075_TAI_DIS_XX.wav,crema_d,1075,TAI,DIS,disgust,unspecified,,,,,,,,,,female,40
1075_TAI_FEA_XX,crema_d_1075_TAI_FEA_XX,1075_TAI_FEA_XX.wav,crema_d,1075,TAI,FEA,fear,unspecified,,,,,,,,,,female,40
1075_TAI_HAP_XX,crema_d_1075_TAI_HAP_XX,1075_TAI_HAP_XX.wav,crema_d,1075,TAI,HAP,happy,unspecified,,,16000.0,1.8018125,16000.0,3.0,0.3938125,,,female,40
1075_TAI_NEU_XX,crema_d_1075_TAI_NEU_XX,1075_TAI_NEU_XX.wav,crema_d,1075,TAI,NEU,neutral,unspecified,,,16000.0,2.56925,16000.0,3.0,0.0,,,female,40
1075_TAI_SAD_XX,crema_d_1075_TAI_SAD_XX,1075_TAI_SAD_XX.wav,crema_d,1075,TAI,SAD,sad,unspecified,,,,,,,,,,female,40
1075_TIE_ANG_XX,crema_d_1075_TIE_ANG_XX,1075_TIE_ANG_XX.wav,crema_d,1075,TIE,ANG,anger,unspecified,,,16000.0,3.3033125,16000.0,3.0,1.2553125,,,female,40
1075_TIE_DIS_XX,crema_d_1075_TIE_DIS_XX,1075_TIE_DIS_XX.wav,crema_d,1075,TIE,DIS,disgust,unspecified,,,,,,,,,,female,40
1075_TIE_FEA_XX,crema_d_1075_TIE_FEA_XX,1075_TIE_FEA_XX.wav,crema_d,1075,TIE,FEA,fear,unspecified,,,,,,,,,,female,40
1075_TIE_HAP_XX,crema_d_1075_TIE_HAP_XX,1075_TIE_HAP_XX.wav,crema_d,1075,TIE,HAP,happy,unspecified,,,16000.0,2.8028125,16000.0,3.0,0.0,,,female,40
1075_TIE_NEU_XX,crema_d_1075_TIE_NEU_XX,1075_TIE_NEU_XX.wav,crema_d,1075,TIE,NEU,neutral,unspecified,,,16000.0,2.7360625,16000.0,3.0,0.0,,,female,40
1075_TIE_SAD_XX,crema_d_1075_TIE_SAD_XX,1075_TIE_SAD_XX.wav,crema_d,1075,TIE,SAD,sad,unspecified,,,,,,,,,,female,40
1075_TSI_ANG_XX,crema_d_1075_TSI_ANG_XX,1075_TSI_ANG_XX.wav,crema_d,1075,TSI,ANG,anger,unspecified,,,16000.0,2.7694375,16000.0,3.0,1.3294375,,,female,40
1075_TSI_DIS_XX,crema_d_1075_TSI_DIS_XX,1075_TSI_DIS_XX.wav,crema_d,1075,TSI,DIS,disgust,unspecified,,,,,,,,,,female,40
1075_TSI_FEA_XX,crema_d_1075_TSI_FEA_XX,1075_TSI_FEA_XX.wav,crema_d,1075,TSI,FEA,fear,unspecified,,,,,,,,,,female,40
1075_TSI_HAP_XX,crema_d_1075_TSI_HAP_XX,1075_TSI_HAP_XX.wav,crema_d,1075,TSI,HAP,happy,unspecified,,,16000.0,2.535875,16000.0,3.0,1.255875,,,female,40
1075_TSI_NEU_XX,crema_d_1075_TSI_NEU_XX,1075_TSI_NEU_XX.wav,crema_d,1075,TSI,NEU,neutral,unspecified,,,16000.0,2.3690625,16000.0,3.0,0.0330625,,,female,40
1075_TSI_SAD_XX,crema_d_1075_TSI_SAD_XX,1075_TSI_SAD_XX.wav,crema_d,1075,TSI,SAD,sad,unspecified,,,,,,,,,,female,40
1075_WSI_ANG_XX,crema_d_1075_WSI_ANG_XX,1075_WSI_ANG_XX.wav,crema_d,1075,WSI,ANG,anger,unspecified,,,16000.0,3.536875,16000.0,3.0,0.912875,,,female,40
1075_WSI_DIS_XX,crema_d_1075_WSI_DIS_XX,1075_WSI_DIS_XX.wav,crema_d,1075,WSI,DIS,disgust,unspecified,,,,,,,,,,female,40
1075_WSI_FEA_XX,crema_d_1075_WSI_FEA_XX,1075_WSI_FEA_XX.wav,crema_d,1075,WSI,FEA,fear,unspecified,,,,,,,,,,female,40
1075_WSI_HAP_XX,crema_d_1075_WSI_HAP_XX,1075_WSI_HAP_XX.wav,crema_d,1075,WSI,HAP,happy,unspecified,,,16000.0,2.469125,16000.0,3.0,0.0,,,female,40
1075_WSI_NEU_XX,crema_d_1075_WSI_NEU_XX,1075_WSI_NEU_XX.wav,crema_d,1075,WSI,NEU,neutral,unspecified,,,16000.0,2.43575,16000.0,3.0,0.032,,,female,40
1075_WSI_SAD_XX,crema_d_1075_WSI_SAD_XX,1075_WSI_SAD_XX.wav,crema_d,1075,WSI,SAD,sad,unspecified,,,,,,,,,,female,40
1076_DFA_ANG_XX,crema_d_1076_DFA_ANG_XX,1076_DFA_ANG_XX.wav,crema_d,1076,DFA,ANG,anger,unspecified,,,16000.0,2.2826875,16000.0,3.0,1.0346875,,,female,25
1076_DFA_DIS_XX,crema_d_1076_DFA_DIS_XX,1076_DFA_DIS_XX.wav,crema_d,1076,DFA,DIS,disgust,unspecified,,,,,,,,,,female,25
1076_DFA_FEA_XX,crema_d_1076_DFA_FEA_XX,1076_DFA_FEA_XX.wav,crema_d,1076,DFA,FEA,fear,unspecified,,,,,,,,,,female,25
1076_DFA_HAP_XX,crema_d_1076_DFA_HAP_XX,1076_DFA_HAP_XX.wav,crema_d,1076,DFA,HAP,happy,unspecified,,,16000.0,2.3356875,16000.0,3.0,0.4156875,,,female,25
1076_DFA_NEU_XX,crema_d_1076_DFA_NEU_XX,1076_DFA_NEU_XX.wav,crema_d,1076,DFA,NEU,neutral,unspecified,,,16000.0,2.5025,16000.0,3.0,0.1025,,,female,25
1076_DFA_SAD_XX,crema_d_1076_DFA_SAD_XX,1076_DFA_SAD_XX.wav,crema_d,1076,DFA,SAD,sad,unspecified,,,,,,,,,,female,25
1076_IEO_ANG_HI,crema_d_1076_IEO_ANG_HI,1076_IEO_ANG_HI.wav,crema_d,1076,IEO,ANG,anger,high,,,16000.0,2.6693125,16000.0,3.0,1.1653125,,,female,25
1076_IEO_ANG_LO,crema_d_1076_IEO_ANG_LO,1076_IEO_ANG_LO.wav,crema_d,1076,IEO,ANG,anger,low,,,16000.0,2.2689375,16000.0,3.0,1.2449375,,,female,25
1076_IEO_ANG_MD,crema_d_1076_IEO_ANG_MD,1076_IEO_ANG_MD.wav,crema_d,1076,IEO,ANG,anger,medium,,,16000.0,2.3356875,16000.0,3.0,0.8316875,,,female,25
1076_IEO_DIS_HI,crema_d_1076_IEO_DIS_HI,1076_IEO_DIS_HI.wav,crema_d,1076,IEO,DIS,disgust,high,,,,,,,,,,female,25
1076_IEO_DIS_LO,crema_d_1076_IEO_DIS_LO,1076_IEO_DIS_LO.wav,crema_d,1076,IEO,DIS,disgust,low,,,,,,,,,,female,25
1076_IEO_DIS_MD,crema_d_1076_IEO_DIS_MD,1076_IEO_DIS_MD.wav,crema_d,1076,IEO,DIS,disgust,medium,,,,,,,,,,female,25
1076_IEO_FEA_HI,crema_d_1076_IEO_FEA_HI,1076_IEO_FEA_HI.wav,crema_d,1076,IEO,FEA,fear,high,,,,,,,,,,female,25
1076_IEO_FEA_LO,crema_d_1076_IEO_FEA_LO,1076_IEO_FEA_LO.wav,crema_d,1076,IEO,FEA,fear,low,,,,,,,,,,female,25
1076_IEO_FEA_MD,crema_d_1076_IEO_FEA_MD,1076_IEO_FEA_MD.wav,crema_d,1076,IEO,FEA,fear,medium,,,,,,,,,,female,25
1076_IEO_HAP_HI,crema_d_1076_IEO_HAP_HI,1076_IEO_HAP_HI.wav,crema_d,1076,IEO,HAP,happy,high,,,16000.0,1.901875,16000.0,3.0,0.941875,,,female,25
1076_IEO_HAP_LO,crema_d_1076_IEO_HAP_LO,1076_IEO_HAP_LO.wav,crema_d,1076,IEO,HAP,happy,low,,,16000.0,1.8351875,16000.0,3.0,0.0,,,female,25
1076_IEO_HAP_MD,crema_d_1076_IEO_HAP_MD,1076_IEO_HAP_MD.wav,crema_d,1076,IEO,HAP,happy,medium,,,16000.0,2.2021875,16000.0,3.0,0.032,,,female,25
1076_IEO_NEU_XX,crema_d_1076_IEO_NEU_XX,1076_IEO_NEU_XX.wav,crema_d,1076,IEO,NEU,neutral,unspecified,,,16000.0,2.535875,16000.0,3.0,0.0,,,female,25
1076_IEO_SAD_HI,crema_d_1076_IEO_SAD_HI,1076_IEO_SAD_HI.wav,crema_d,1076,IEO,SAD,sad,high,,,,,,,,,,female,25
1076_IEO_SAD_LO,crema_d_1076_IEO_SAD_LO,1076_IEO_SAD_LO.wav,crema_d,1076,IEO,SAD,sad,low,,,,,,,,,,female,25
1076_IEO_SAD_MD,crema_d_1076_IEO_SAD_MD,1076_IEO_SAD_MD.wav,crema_d,1076,IEO,SAD,sad,medium,,,,,,,,,,female,25
1076_IOM_ANG_XX,crema_d_1076_IOM_ANG_XX,1076_IOM_ANG_XX.wav,crema_d,1076,IOM,ANG,anger,unspecified,,,16000.0,2.43575,16000.0,3.0,0.96375,,,female,25
1076_IOM_DIS_XX,crema_d_1076_IOM_DIS_XX,1076_IOM_DIS_XX.wav,crema_d,1076,IOM,DIS,disgust,unspecified,,,,,,,,,,female,25
1076_IOM_FEA_XX,crema_d_1076_IOM_FEA_XX,1076_IOM_FEA_XX.wav,crema_d,1076,IOM,FEA,fear,unspecified,,,,,,,,,,female,25
1076_IOM_HAP_XX,crema_d_1076_IOM_HAP_XX,1076_IOM_HAP_XX.wav,crema_d,1076,IOM,HAP,happy,unspecified,,,16000.0,2.2021875,16000.0,3.0,0.0581875,,,female,25
1076_IOM_NEU_XX,crema_d_1076_IOM_NEU_XX,1076_IOM_NEU_XX.wav,crema_d,1076,IOM,NEU,neutral,unspecified,,,16000.0,2.602625,16000.0,3.0,0.042625,,,female,25
1076_IOM_SAD_XX,crema_d_1076_IOM_SAD_XX,1076_IOM_SAD_XX.wav,crema_d,1076,IOM,SAD,sad,unspecified,,,,,,,,,,female,25
1076_ITH_ANG_XX,crema_d_1076_ITH_ANG_XX,1076_ITH_ANG_XX.wav,crema_d,1076,ITH,ANG,anger,unspecified,,,16000.0,2.7360625,16000.0,3.0,1.0400625,,,female,25
1076_ITH_DIS_XX,crema_d_1076_ITH_DIS_XX,1076_ITH_DIS_XX.wav,crema_d,1076,ITH,DIS,disgust,unspecified,,,,,,,,,,female,25
1076_ITH_FEA_XX,crema_d_1076_ITH_FEA_XX,1076_ITH_FEA_XX.wav,crema_d,1076,ITH,FEA,fear,unspecified,,,,,,,,,,female,25
1076_ITH_HAP_XX,crema_d_1076_ITH_HAP_XX,1076_ITH_HAP_XX.wav,crema_d,1076,ITH,HAP,happy,unspecified,,,16000.0,2.56925,16000.0,3.0,0.93725,,,female,25
1076_ITH_NEU_XX,crema_d_1076_ITH_NEU_XX,1076_ITH_NEU_XX.wav,crema_d,1076,ITH,NEU,neutral,unspecified,,,16000.0,2.56925,16000.0,3.0,0.04125,,,female,25
1076_ITH_SAD_XX,crema_d_1076_ITH_SAD_XX,1076_ITH_SAD_XX.wav,crema_d,1076,ITH,SAD,sad,unspecified,,,,,,,,,,female,25
1076_ITS_ANG_XX,crema_d_1076_ITS_ANG_XX,1076_ITS_ANG_XX.wav,crema_d,1076,ITS,ANG,anger,unspecified,,,16000.0,3.06975,16000.0,3.0,0.12575,,,female,25
1076_ITS_DIS_XX,crema_d_1076_ITS_DIS_XX,1076_ITS_DIS_XX.wav,crema_d,1076,ITS,DIS,disgust,unspecified,,,,,,,,,,female,25
1076_ITS_FEA_XX,crema_d_1076_ITS_FEA_XX,1076_ITS_FEA_XX.wav,crema_d,1076,ITS,FEA,fear,unspecified,,,,,,,,,,female,25
1076_ITS_HAP_XX,crema_d_1076_ITS_HAP_XX,1076_ITS_HAP_XX.wav,crema_d,1076,ITS,HAP,happy,unspecified,,,16000.0,2.5025,16000.0,3.0,0.8065,,,female,25
1076_ITS_SAD_XX,crema_d_1076_ITS_SAD_XX,1076_ITS_SAD_XX.wav,crema_d,1076,ITS,SAD,sad,unspecified,,,,,,,,,,female,25
1076_IWL_ANG_XX,crema_d_1076_IWL_ANG_XX,1076_IWL_ANG_XX.wav,crema_d,1076,IWL,ANG,anger,unspecified,,,16000.0,2.402375,16000.0,3.0,0.802375,,,female,25
1076_IWL_DIS_XX,crema_d_1076_IWL_DIS_XX,1076_IWL_DIS_XX.wav,crema_d,1076,IWL,DIS,disgust,unspecified,,,,,,,,,,female,25
1076_IWL_FEA_XX,crema_d_1076_IWL_FEA_XX,1076_IWL_FEA_XX.wav,crema_d,1076,IWL,FEA,fear,unspecified,,,,,,,,,,female,25
1076_IWL_HAP_XX,crema_d_1076_IWL_HAP_XX,1076_IWL_HAP_XX.wav,crema_d,1076,IWL,HAP,happy,unspecified,,,16000.0,2.6693125,16000.0,3.0,1.0373125,,,female,25
1076_IWL_NEU_XX,crema_d_1076_IWL_NEU_XX,1076_IWL_NEU_XX.wav,crema_d,1076,IWL,NEU,neutral,unspecified,,,16000.0,3.2365625,16000.0,3.0,1.1885625,,,female,25
1076_IWL_SAD_XX,crema_d_1076_IWL_SAD_XX,1076_IWL_SAD_XX.wav,crema_d,1076,IWL,SAD,sad,unspecified,,,,,,,,,,female,25
1076_IWW_ANG_XX,crema_d_1076_IWW_ANG_XX,1076_IWW_ANG_XX.wav,crema_d,1076,IWW,ANG,anger,unspecified,,,16000.0,2.469125,16000.0,3.0,0.869125,,,female,25
1076_IWW_DIS_XX,crema_d_1076_IWW_DIS_XX,1076_IWW_DIS_XX.wav,crema_d,1076,IWW,DIS,disgust,unspecified,,,,,,,,,,female,25
1076_IWW_FEA_XX,crema_d_1076_IWW_FEA_XX,1076_IWW_FEA_XX.wav,crema_d,1076,IWW,FEA,fear,unspecified,,,,,,,,,,female,25
1076_IWW_HAP_XX,crema_d_1076_IWW_HAP_XX,1076_IWW_HAP_XX.wav,crema_d,1076,IWW,HAP,happy,unspecified,,,16000.0,2.3023125,16000.0,3.0,1.0543125,,,female,25
1076_IWW_NEU_XX,crema_d_1076_IWW_NEU_XX,1076_IWW_NEU_XX.wav,crema_d,1076,IWW,NEU,neutral,unspecified,,,16000.0,2.43575,16000.0,3.0,0.0,,,female,25
1076_IWW_SAD_XX,crema_d_1076_IWW_SAD_XX,1076_IWW_SAD_XX.wav,crema_d,1076,IWW,SAD,sad,unspecified,,,,,,,,,,female,25
1076_MTI_ANG_XX,crema_d_1076_MTI_ANG_XX,1076_MTI_ANG_XX.wav,crema_d,1076,MTI,ANG,anger,unspecified,,,16000.0,2.3356875,16000.0,3.0,0.6396875,,,female,25
1076_MTI_DIS_XX,crema_d_1076_MTI_DIS_XX,1076_MTI_DIS_XX.wav,crema_d,1076,MTI,DIS,disgust,unspecified,,,,,,,,,,female,25
1076_MTI_FEA_XX,crema_d_1076_MTI_FEA_XX,1076_MTI_FEA_XX.wav,crema_d,1076,MTI,FEA,fear,unspecified,,,,,,,,,,female,25
1076_MTI_HAP_XX,crema_d_1076_MTI_HAP_XX,1076_MTI_HAP_XX.wav,crema_d,1076,MTI,HAP,happy,unspecified,,,16000.0,2.3690625,16000.0,3.0,0.0650625,,,female,25
1076_MTI_NEU_XX,crema_d_1076_MTI_NEU_XX,1076_MTI_NEU_XX.wav,crema_d,1076,MTI,NEU,neutral,unspecified,,,16000.0,2.3893125,16000.0,3.0,0.0853125,,,female,25
1076_MTI_SAD_XX,crema_d_1076_MTI_SAD_XX,1076_MTI_SAD_XX.wav,crema_d,1076,MTI,SAD,sad,unspecified,,,,,,,,,,female,25
1076_TAI_ANG_XX,crema_d_1076_TAI_ANG_XX,1076_TAI_ANG_XX.wav,crema_d,1076,TAI,ANG,anger,unspecified,,,16000.0,2.6693125,16000.0,3.0,0.8773125,,,female,25
1076_TAI_DIS_XX,crema_d_1076_TAI_DIS_XX,1076_TAI_DIS_XX.wav,crema_d,1076,TAI,DIS,disgust,unspecified,,,,,,,,,,female,25
1076_TAI_FEA_XX,crema_d_1076_TAI_FEA_XX,1076_TAI_FEA_XX.wav,crema_d,1076,TAI,FEA,fear,unspecified,,,,,,,,,,female,25
1076_TAI_HAP_XX,crema_d_1076_TAI_HAP_XX,1076_TAI_HAP_XX.wav,crema_d,1076,TAI,HAP,happy,unspecified,,,16000.0,2.6359375,16000.0,3.0,1.1319375,,,female,25
1076_TAI_NEU_XX,crema_d_1076_TAI_NEU_XX,1076_TAI_NEU_XX.wav,crema_d,1076,TAI,NEU,neutral,unspecified,,,16000.0,3.06975,16000.0,3.0,0.0,,,female,25
1076_TAI_SAD_XX,crema_d_1076_TAI_SAD_XX,1076_TAI_SAD_XX.wav,crema_d,1076,TAI,SAD,sad,unspecified,,,,,,,,,,female,25
1076_TIE_ANG_XX,crema_d_1076_TIE_ANG_XX,1076_TIE_ANG_XX.wav,crema_d,1076,TIE,ANG,anger,unspecified,,,16000.0,3.2699375,16000.0,3.0,1.4459375,,,female,25
1076_TIE_DIS_XX,crema_d_1076_TIE_DIS_XX,1076_TIE_DIS_XX.wav,crema_d,1076,TIE,DIS,disgust,unspecified,,,,,,,,,,female,25
1076_TIE_FEA_XX,crema_d_1076_TIE_FEA_XX,1076_TIE_FEA_XX.wav,crema_d,1076,TIE,FEA,fear,unspecified,,,,,,,,,,female,25
1076_TIE_HAP_XX,crema_d_1076_TIE_HAP_XX,1076_TIE_HAP_XX.wav,crema_d,1076,TIE,HAP,happy,unspecified,,,16000.0,3.3700625,16000.0,3.0,1.4180625,,,female,25
1076_TIE_NEU_XX,crema_d_1076_TIE_NEU_XX,1076_TIE_NEU_XX.wav,crema_d,1076,TIE,NEU,neutral,unspecified,,,16000.0,2.8695625,16000.0,3.0,0.0855625,,,female,25
1076_TIE_SAD_XX,crema_d_1076_TIE_SAD_XX,1076_TIE_SAD_XX.wav,crema_d,1076,TIE,SAD,sad,unspecified,,,,,,,,,,female,25
1076_TSI_ANG_XX,crema_d_1076_TSI_ANG_XX,1076_TSI_ANG_XX.wav,crema_d,1076,TSI,ANG,anger,unspecified,,,16000.0,2.06875,16000.0,3.0,0.69275,,,female,25
1076_TSI_DIS_XX,crema_d_1076_TSI_DIS_XX,1076_TSI_DIS_XX.wav,crema_d,1076,TSI,DIS,disgust,unspecified,,,,,,,,,,female,25
1076_TSI_FEA_XX,crema_d_1076_TSI_FEA_XX,1076_TSI_FEA_XX.wav,crema_d,1076,TSI,FEA,fear,unspecified,,,,,,,,,,female,25
1076_TSI_HAP_XX,crema_d_1076_TSI_HAP_XX,1076_TSI_HAP_XX.wav,crema_d,1076,TSI,HAP,happy,unspecified,,,16000.0,2.469125,16000.0,3.0,1.285125,,,female,25
1076_TSI_NEU_XX,crema_d_1076_TSI_NEU_XX,1076_TSI_NEU_XX.wav,crema_d,1076,TSI,NEU,neutral,unspecified,,,16000.0,2.6359375,16000.0,3.0,0.0,,,female,25
1076_TSI_SAD_XX,crema_d_1076_TSI_SAD_XX,1076_TSI_SAD_XX.wav,crema_d,1076,TSI,SAD,sad,unspecified,,,,,,,,,,female,25
1076_WSI_ANG_XX,crema_d_1076_WSI_ANG_XX,1076_WSI_ANG_XX.wav,crema_d,1076,WSI,ANG,anger,unspecified,,,16000.0,2.8028125,16000.0,3.0,1.1388125,,,female,25
1076_WSI_DIS_XX,crema_d_1076_WSI_DIS_XX,1076_WSI_DIS_XX.wav,crema_d,1076,WSI,DIS,disgust,unspecified,,,,,,,,,,female,25
1076_WSI_FEA_XX,crema_d_1076_WSI_FEA_XX,1076_WSI_FEA_XX.wav,crema_d,1076,WSI,FEA,fear,unspecified,,,,,,,,,,female,25
1076_WSI_HAP_XX,crema_d_1076_WSI_HAP_XX,1076_WSI_HAP_XX.wav,crema_d,1076,WSI,HAP,happy,unspecified,,,16000.0,2.1688125,16000.0,3.0,0.0888125,,,female,25
1076_WSI_NEU_XX,crema_d_1076_WSI_NEU_XX,1076_WSI_NEU_XX.wav,crema_d,1076,WSI,NEU,neutral,unspecified,,,16000.0,2.93625,16000.0,3.0,0.05625,,,female,25
1076_WSI_SAD_XX,crema_d_1076_WSI_SAD_XX,1076_WSI_SAD_XX.wav,crema_d,1076,WSI,SAD,sad,unspecified,,,,,,,,,,female,25
1077_DFA_ANG_XX,crema_d_1077_DFA_ANG_XX,1077_DFA_ANG_XX.wav,crema_d,1077,DFA,ANG,anger,unspecified,,,16000.0,2.469125,16000.0,3.0,1.445125,,,male,20
1077_DFA_DIS_XX,crema_d_1077_DFA_DIS_XX,1077_DFA_DIS_XX.wav,crema_d,1077,DFA,DIS,disgust,unspecified,,,,,,,,,,male,20
1077_DFA_FEA_XX,crema_d_1077_DFA_FEA_XX,1077_DFA_FEA_XX.wav,crema_d,1077,DFA,FEA,fear,unspecified,,,,,,,,,,male,20
1077_DFA_HAP_XX,crema_d_1077_DFA_HAP_XX,1077_DFA_HAP_XX.wav,crema_d,1077,DFA,HAP,happy,unspecified,,,16000.0,2.469125,16000.0,3.0,1.509125,,,male,20
1077_DFA_NEU_XX,crema_d_1077_DFA_NEU_XX,1077_DFA_NEU_XX.wav,crema_d,1077,DFA,NEU,neutral,unspecified,,,16000.0,2.2021875,16000.0,3.0,0.9861875,,,male,20
1077_DFA_SAD_XX,crema_d_1077_DFA_SAD_XX,1077_DFA_SAD_XX.wav,crema_d,1077,DFA,SAD,sad,unspecified,,,,,,,,,,male,20
1077_IEO_ANG_HI,crema_d_1077_IEO_ANG_HI,1077_IEO_ANG_HI.wav,crema_d,1077,IEO,ANG,anger,high,,,16000.0,2.2689375,16000.0,3.0,0.8609375,,,male,20
1077_IEO_ANG_LO,crema_d_1077_IEO_ANG_LO,1077_IEO_ANG_LO.wav,crema_d,1077,IEO,ANG,anger,low,,,16000.0,2.1354375,16000.0,3.0,1.0474375,,,male,20
1077_IEO_ANG_MD,crema_d_1077_IEO_ANG_MD,1077_IEO_ANG_MD.wav,crema_d,1077,IEO,ANG,anger,medium,,,16000.0,1.7350625,16000.0,3.0,0.7750625,,,male,20
1077_IEO_DIS_HI,crema_d_1077_IEO_DIS_HI,1077_IEO_DIS_HI.wav,crema_d,1077,IEO,DIS,disgust,high,,,,,,,,,,male,20
1077_IEO_DIS_LO,crema_d_1077_IEO_DIS_LO,1077_IEO_DIS_LO.wav,crema_d,1077,IEO,DIS,disgust,low,,,,,,,,,,male,20
1077_IEO_DIS_MD,crema_d_1077_IEO_DIS_MD,1077_IEO_DIS_MD.wav,crema_d,1077,IEO,DIS,disgust,medium,,,,,,,,,,male,20
1077_IEO_FEA_HI,crema_d_1077_IEO_FEA_HI,1077_IEO_FEA_HI.wav,crema_d,1077,IEO,FEA,fear,high,,,,,,,,,,male,20
1077_IEO_FEA_LO,crema_d_1077_IEO_FEA_LO,1077_IEO_FEA_LO.wav,crema_d,1077,IEO,FEA,fear,low,,,,,,,,,,male,20
1077_IEO_FEA_MD,crema_d_1077_IEO_FEA_MD,1077_IEO_FEA_MD.wav,crema_d,1077,IEO,FEA,fear,medium,,,,,,,,,,male,20
1077_IEO_HAP_HI,crema_d_1077_IEO_HAP_HI,1077_IEO_HAP_HI.wav,crema_d,1077,IEO,HAP,happy,high,,,16000.0,2.469125,16000.0,3.0,1.637125,,,male,20
1077_IEO_HAP_LO,crema_d_1077_IEO_HAP_LO,1077_IEO_HAP_LO.wav,crema_d,1077,IEO,HAP,happy,low,,,16000.0,1.7350625,16000.0,3.0,0.9030625,,,male,20
1077_IEO_HAP_MD,crema_d_1077_IEO_HAP_MD,1077_IEO_HAP_MD.wav,crema_d,1077,IEO,HAP,happy,medium,,,16000.0,2.2755625,16000.0,3.0,1.4755625,,,male,20
1077_IEO_NEU_XX,crema_d_1077_IEO_NEU_XX,1077_IEO_NEU_XX.wav,crema_d,1077,IEO,NEU,neutral,unspecified,,,16000.0,2.1354375,16000.0,3.0,0.0,,,male,20
1077_IEO_SAD_HI,crema_d_1077_IEO_SAD_HI,1077_IEO_SAD_HI.wav,crema_d,1077,IEO,SAD,sad,high,,,,,,,,,,male,20
1077_IEO_SAD_LO,crema_d_1077_IEO_SAD_LO,1077_IEO_SAD_LO.wav,crema_d,1077,IEO,SAD,sad,low,,,,,,,,,,male,20
1077_IEO_SAD_MD,crema_d_1077_IEO_SAD_MD,1077_IEO_SAD_MD.wav,crema_d,1077,IEO,SAD,sad,medium,,,,,,,,,,male,20
1077_IOM_ANG_XX,crema_d_1077_IOM_ANG_XX,1077_IOM_ANG_XX.wav,crema_d,1077,IOM,ANG,anger,unspecified,,,16000.0,2.6359375,16000.0,3.0,1.2919375,,,male,20
1077_IOM_DIS_XX,crema_d_1077_IOM_DIS_XX,1077_IOM_DIS_XX.wav,crema_d,1077,IOM,DIS,disgust,unspecified,,,,,,,,,,male,20
1077_IOM_FEA_XX,crema_d_1077_IOM_FEA_XX,1077_IOM_FEA_XX.wav,crema_d,1077,IOM,FEA,fear,unspecified,,,,,,,,,,male,20
1077_IOM_HAP_XX,crema_d_1077_IOM_HAP_XX,1077_IOM_HAP_XX.wav,crema_d,1077,IOM,HAP,happy,unspecified,,,16000.0,2.6359375,16000.0,3.0,1.4199375,,,male,20
1077_IOM_NEU_XX,crema_d_1077_IOM_NEU_XX,1077_IOM_NEU_XX.wav,crema_d,1077,IOM,NEU,neutral,unspecified,,,16000.0,2.3690625,16000.0,3.0,0.2250625,,,male,20
1077_IOM_SAD_XX,crema_d_1077_IOM_SAD_XX,1077_IOM_SAD_XX.wav,crema_d,1077,IOM,SAD,sad,unspecified,,,,,,,,,,male,20
1077_ITH_ANG_XX,crema_d_1077_ITH_ANG_XX,1077_ITH_ANG_XX.wav,crema_d,1077,ITH,ANG,anger,unspecified,,,16000.0,2.8695625,16000.0,3.0,1.4295625,,,male,20
1077_ITH_DIS_XX,crema_d_1077_ITH_DIS_XX,1077_ITH_DIS_XX.wav,crema_d,1077,ITH,DIS,disgust,unspecified,,,,,,,,,,male,20
1077_ITH_FEA_XX,crema_d_1077_ITH_FEA_XX,1077_ITH_FEA_XX.wav,crema_d,1077,ITH,FEA,fear,unspecified,,,,,,,,,,male,20
1077_ITH_HAP_XX,crema_d_1077_ITH_HAP_XX,1077_ITH_HAP_XX.wav,crema_d,1077,ITH,HAP,happy,unspecified,,,16000.0,2.5025,16000.0,3.0,1.1265,,,male,20
1077_ITH_NEU_XX,crema_d_1077_ITH_NEU_XX,1077_ITH_NEU_XX.wav,crema_d,1077,ITH,NEU,neutral,unspecified,,,16000.0,2.06875,16000.0,3.0,0.40475,,,male,20
1077_ITH_SAD_XX,crema_d_1077_ITH_SAD_XX,1077_ITH_SAD_XX.wav,crema_d,1077,ITH,SAD,sad,unspecified,,,,,,,,,,male,20
1077_ITS_ANG_XX,crema_d_1077_ITS_ANG_XX,1077_ITS_ANG_XX.wav,crema_d,1077,ITS,ANG,anger,unspecified,,,16000.0,2.3690625,16000.0,3.0,0.8010625,,,male,20
1077_ITS_DIS_XX,crema_d_1077_ITS_DIS_XX,1077_ITS_DIS_XX.wav,crema_d,1077,ITS,DIS,disgust,unspecified,,,,,,,,,,male,20
1077_ITS_FEA_XX,crema_d_1077_ITS_FEA_XX,1077_ITS_FEA_XX.wav,crema_d,1077,ITS,FEA,fear,unspecified,,,,,,,,,,male,20
1077_ITS_HAP_XX,crema_d_1077_ITS_HAP_XX,1077_ITS_HAP_XX.wav,crema_d,1077,ITS,HAP,happy,unspecified,,,16000.0,2.3023125,16000.0,3.0,0.9903125,,,male,20
1077_ITS_NEU_XX,crema_d_1077_ITS_NEU_XX,1077_ITS_NEU_XX.wav,crema_d,1077,ITS,NEU,neutral,unspecified,,,16000.0,2.2021875,16000.0,3.0,0.9221875,,,male,20
1077_ITS_SAD_XX,crema_d_1077_ITS_SAD_XX,1077_ITS_SAD_XX.wav,crema_d,1077,ITS,SAD,sad,unspecified,,,,,,,,,,male,20
1077_IWL_ANG_XX,crema_d_1077_IWL_ANG_XX,1077_IWL_ANG_XX.wav,crema_d,1077,IWL,ANG,anger,unspecified,,,16000.0,2.2689375,16000.0,3.0,0.5729375,,,male,20
1077_IWL_DIS_XX,crema_d_1077_IWL_DIS_XX,1077_IWL_DIS_XX.wav,crema_d,1077,IWL,DIS,disgust,unspecified,,,,,,,,,,male,20
1077_IWL_FEA_XX,crema_d_1077_IWL_FEA_XX,1077_IWL_FEA_XX.wav,crema_d,1077,IWL,FEA,fear,unspecified,,,,,,,,,,male,20
1077_IWL_HAP_XX,crema_d_1077_IWL_HAP_XX,1077_IWL_HAP_XX.wav,crema_d,1077,IWL,HAP,happy,unspecified,,,16000.0,2.402375,16000.0,3.0,1.154375,,,male,20
1077_IWL_NEU_XX,crema_d_1077_IWL_NEU_XX,1077_IWL_NEU_XX.wav,crema_d,1077,IWL,NEU,neutral,unspecified,,,16000.0,2.3356875,16000.0,3.0,0.9596875,,,male,20
1077_IWL_SAD_XX,crema_d_1077_IWL_SAD_XX,1077_IWL_SAD_XX.wav,crema_d,1077,IWL,SAD,sad,unspecified,,,,,,,,,,male,20
1077_IWW_ANG_XX,crema_d_1077_IWW_ANG_XX,1077_IWW_ANG_XX.wav,crema_d,1077,IWW,ANG,anger,unspecified,,,16000.0,2.402375,16000.0,3.0,1.506375,,,male,20
1077_IWW_DIS_XX,crema_d_1077_IWW_DIS_XX,1077_IWW_DIS_XX.wav,crema_d,1077,IWW,DIS,disgust,unspecified,,,,,,,,,,male,20
1077_IWW_FEA_XX,crema_d_1077_IWW_FEA_XX,1077_IWW_FEA_XX.wav,crema_d,1077,IWW,FEA,fear,unspecified,,,,,,,,,,male,20
1077_IWW_HAP_XX,crema_d_1077_IWW_HAP_XX,1077_IWW_HAP_XX.wav,crema_d,1077,IWW,HAP,happy,unspecified,,,16000.0,2.2689375,16000.0,3.0,1.0209375,,,male,20
1077_IWW_NEU_XX,crema_d_1077_IWW_NEU_XX,1077_IWW_NEU_XX.wav,crema_d,1077,IWW,NEU,neutral,unspecified,,,16000.0,2.06875,16000.0,3.0,0.11675,,,male,20
1077_IWW_SAD_XX,crema_d_1077_IWW_SAD_XX,1077_IWW_SAD_XX.wav,crema_d,1077,IWW,SAD,sad,unspecified,,,,,,,,,,male,20
1077_MTI_ANG_XX,crema_d_1077_MTI_ANG_XX,1077_MTI_ANG_XX.wav,crema_d,1077,MTI,ANG,anger,unspecified,,,16000.0,2.602625,16000.0,3.0,0.938625,,,male,20
1077_MTI_DIS_XX,crema_d_1077_MTI_DIS_XX,1077_MTI_DIS_XX.wav,crema_d,1077,MTI,DIS,disgust,unspecified,,,,,,,,,,male,20
1077_MTI_FEA_XX,crema_d_1077_MTI_FEA_XX,1077_MTI_FEA_XX.wav,crema_d,1077,MTI,FEA,fear,unspecified,,,,,,,,,,male,20
1077_MTI_HAP_XX,crema_d_1077_MTI_HAP_XX,1077_MTI_HAP_XX.wav,crema_d,1077,MTI,HAP,happy,unspecified,,,16000.0,2.3690625,16000.0,3.0,0.8330625,,,male,20
1077_MTI_NEU_XX,crema_d_1077_MTI_NEU_XX,1077_MTI_NEU_XX.wav,crema_d,1077,MTI,NEU,neutral,unspecified,,,16000.0,2.2689375,16000.0,3.0,0.5729375,,,male,20
1077_MTI_SAD_XX,crema_d_1077_MTI_SAD_XX,1077_MTI_SAD_XX.wav,crema_d,1077,MTI,SAD,sad,unspecified,,,,,,,,,,male,20
1077_TAI_ANG_XX,crema_d_1077_TAI_ANG_XX,1077_TAI_ANG_XX.wav,crema_d,1077,TAI,ANG,anger,unspecified,,,16000.0,2.6359375,16000.0,3.0,0.7479375,,,male,20
1077_TAI_DIS_XX,crema_d_1077_TAI_DIS_XX,1077_TAI_DIS_XX.wav,crema_d,1077,TAI,DIS,disgust,unspecified,,,,,,,,,,male,20
1077_TAI_FEA_XX,crema_d_1077_TAI_FEA_XX,1077_TAI_FEA_XX.wav,crema_d,1077,TAI,FEA,fear,unspecified,,,,,,,,,,male,20
1077_TAI_HAP_XX,crema_d_1077_TAI_HAP_XX,1077_TAI_HAP_XX.wav,crema_d,1077,TAI,HAP,happy,unspecified,,,16000.0,2.1354375,16000.0,3.0,0.7594375,,,male,20
1077_TAI_NEU_XX,crema_d_1077_TAI_NEU_XX,1077_TAI_NEU_XX.wav,crema_d,1077,TAI,NEU,neutral,unspecified,,,16000.0,2.1354375,16000.0,3.0,0.032,,,male,20
1077_TAI_SAD_XX,crema_d_1077_TAI_SAD_XX,1077_TAI_SAD_XX.wav,crema_d,1077,TAI,SAD,sad,unspecified,,,,,,,,,,male,20
1077_TIE_ANG_XX,crema_d_1077_TIE_ANG_XX,1077_TIE_ANG_XX.wav,crema_d,1077,TIE,ANG,anger,unspecified,,,16000.0,2.6693125,16000.0,3.0,1.3573125,,,male,20
1077_TIE_DIS_XX,crema_d_1077_TIE_DIS_XX,1077_TIE_DIS_XX.wav,crema_d,1077,TIE,DIS,disgust,unspecified,,,,,,,,,,male,20
1077_TIE_FEA_XX,crema_d_1077_TIE_FEA_XX,1077_TIE_FEA_XX.wav,crema_d,1077,TIE,FEA,fear,unspecified,,,,,,,,,,male,20
1077_TIE_HAP_XX,crema_d_1077_TIE_HAP_XX,1077_TIE_HAP_XX.wav,crema_d,1077,TIE,HAP,happy,unspecified,,,16000.0,3.1698125,16000.0,3.0,1.7938125,,,male,20
1077_TIE_NEU_XX,crema_d_1077_TIE_NEU_XX,1077_TIE_NEU_XX.wav,crema_d,1077,TIE,NEU,neutral,unspecified,,,16000.0,2.2021875,16000.0,3.0,0.5061875,,,male,20
1077_TIE_SAD_XX,crema_d_1077_TIE_SAD_XX,1077_TIE_SAD_XX.wav,crema_d,1077,TIE,SAD,sad,unspecified,,,,,,,,,,male,20
1077_TSI_ANG_XX,crema_d_1077_TSI_ANG_XX,1077_TSI_ANG_XX.wav,crema_d,1077,TSI,ANG,anger,unspecified,,,16000.0,2.3690625,16000.0,3.0,1.0570625,,,male,20
1077_TSI_DIS_XX,crema_d_1077_TSI_DIS_XX,1077_TSI_DIS_XX.wav,crema_d,1077,TSI,DIS,disgust,unspecified,,,,,,,,,,male,20
1077_TSI_FEA_XX,crema_d_1077_TSI_FEA_XX,1077_TSI_FEA_XX.wav,crema_d,1077,TSI,FEA,fear,unspecified,,,,,,,,,,male,20
1077_TSI_HAP_XX,crema_d_1077_TSI_HAP_XX,1077_TSI_HAP_XX.wav,crema_d,1077,TSI,HAP,happy,unspecified,,,16000.0,2.3690625,16000.0,3.0,1.3130625,,,male,20
1077_TSI_NEU_XX,crema_d_1077_TSI_NEU_XX,1077_TSI_NEU_XX.wav,crema_d,1077,TSI,NEU,neutral,unspecified,,,16000.0,2.5025,16000.0,3.0,0.6785,,,male,20
1077_TSI_SAD_XX,crema_d_1077_TSI_SAD_XX,1077_TSI_SAD_XX.wav,crema_d,1077,TSI,SAD,sad,unspecified,,,,,,,,,,male,20
1077_WSI_ANG_XX,crema_d_1077_WSI_ANG_XX,1077_WSI_ANG_XX.wav,crema_d,1077,WSI,ANG,anger,unspecified,,,16000.0,2.6693125,16000.0,3.0,1.1333125,,,male,20
1077_WSI_DIS_XX,crema_d_1077_WSI_DIS_XX,1077_WSI_DIS_XX.wav,crema_d,1077,WSI,DIS,disgust,unspecified,,,,,,,,,,male,20
1077_WSI_FEA_XX,crema_d_1077_WSI_FEA_XX,1077_WSI_FEA_XX.wav,crema_d,1077,WSI,FEA,fear,unspecified,,,,,,,,,,male,20
1077_WSI_HAP_XX,crema_d_1077_WSI_HAP_XX,1077_WSI_HAP_XX.wav,crema_d,1077,WSI,HAP,happy,unspecified,,,16000.0,2.5025,16000.0,3.0,1.2545,,,male,20
1077_WSI_NEU_XX,crema_d_1077_WSI_NEU_XX,1077_WSI_NEU_XX.wav,crema_d,1077,WSI,NEU,neutral,unspecified,,,16000.0,1.8685625,16000.0,3.0,0.6525625,,,male,20
1077_WSI_SAD_XX,crema_d_1077_WSI_SAD_XX,1077_WSI_SAD_XX.wav,crema_d,1077,WSI,SAD,sad,unspecified,,,,,,,,,,male,20
1078_DFA_ANG_XX,crema_d_1078_DFA_ANG_XX,1078_DFA_ANG_XX.wav,crema_d,1078,DFA,ANG,anger,unspecified,,,16000.0,2.469125,16000.0,3.0,1.157125,,,female,21
1078_DFA_DIS_XX,crema_d_1078_DFA_DIS_XX,1078_DFA_DIS_XX.wav,crema_d,1078,DFA,DIS,disgust,unspecified,,,,,,,,,,female,21
1078_DFA_FEA_XX,crema_d_1078_DFA_FEA_XX,1078_DFA_FEA_XX.wav,crema_d,1078,DFA,FEA,fear,unspecified,,,,,,,,,,female,21
1078_DFA_HAP_XX,crema_d_1078_DFA_HAP_XX,1078_DFA_HAP_XX.wav,crema_d,1078,DFA,HAP,happy,unspecified,,,16000.0,2.102125,16000.0,3.0,1.046125,,,female,21
1078_DFA_NEU_XX,crema_d_1078_DFA_NEU_XX,1078_DFA_NEU_XX.wav,crema_d,1078,DFA,NEU,neutral,unspecified,,,16000.0,2.602625,16000.0,3.0,1.546625,,,female,21
1078_DFA_SAD_XX,crema_d_1078_DFA_SAD_XX,1078_DFA_SAD_XX.wav,crema_d,1078,DFA,SAD,sad,unspecified,,,,,,,,,,female,21
1078_IEO_ANG_HI,crema_d_1078_IEO_ANG_HI,1078_IEO_ANG_HI.wav,crema_d,1078,IEO,ANG,anger,high,,,16000.0,2.5025,16000.0,3.0,1.3185,,,female,21
1078_IEO_ANG_LO,crema_d_1078_IEO_ANG_LO,1078_IEO_ANG_LO.wav,crema_d,1078,IEO,ANG,anger,low,,,16000.0,2.2689375,16000.0,3.0,1.1809375,,,female,21
1078_IEO_ANG_MD,crema_d_1078_IEO_ANG_MD,1078_IEO_ANG_MD.wav,crema_d,1078,IEO,ANG,anger,medium,,,16000.0,2.3023125,16000.0,3.0,0.9263125,,,female,21
1078_IEO_DIS_HI,crema_d_1078_IEO_DIS_HI,1078_IEO_DIS_HI.wav,crema_d,1078,IEO,DIS,disgust,high,,,,,,,,,,female,21
1078_IEO_DIS_LO,crema_d_1078_IEO_DIS_LO,1078_IEO_DIS_LO.wav,crema_d,1078,IEO,DIS,disgust,low,,,,,,,,,,female,21
1078_IEO_DIS_MD,crema_d_1078_IEO_DIS_MD,1078_IEO_DIS_MD.wav,crema_d,1078,IEO,DIS,disgust,medium,,,,,,,,,,female,21
1078_IEO_FEA_HI,crema_d_1078_IEO_FEA_HI,1078_IEO_FEA_HI.wav,crema_d,1078,IEO,FEA,fear,high,,,,,,,,,,female,21
1078_IEO_FEA_LO,crema_d_1078_IEO_FEA_LO,1078_IEO_FEA_LO.wav,crema_d,1078,IEO,FEA,fear,low,,,,,,,,,,female,21
1078_IEO_FEA_MD,crema_d_1078_IEO_FEA_MD,1078_IEO_FEA_MD.wav,crema_d,1078,IEO,FEA,fear,medium,,,,,,,,,,female,21
1078_IEO_HAP_HI,crema_d_1078_IEO_HAP_HI,1078_IEO_HAP_HI.wav,crema_d,1078,IEO,HAP,happy,high,,,16000.0,1.901875,16000.0,3.0,0.749875,,,female,21
1078_IEO_HAP_LO,crema_d_1078_IEO_HAP_LO,1078_IEO_HAP_LO.wav,crema_d,1078,IEO,HAP,happy,low,,,16000.0,1.5015,16000.0,3.0,0.0,,,female,21
1078_IEO_HAP_MD,crema_d_1078_IEO_HAP_MD,1078_IEO_HAP_MD.wav,crema_d,1078,IEO,HAP,happy,medium,,,16000.0,1.8351875,16000.0,3.0,0.9071875,,,female,21
1078_IEO_NEU_XX,crema_d_1078_IEO_NEU_XX,1078_IEO_NEU_XX.wav,crema_d,1078,IEO,NEU,neutral,unspecified,,,16000.0,2.602625,16000.0,3.0,0.032,,,female,21
1078_IEO_SAD_HI,crema_d_1078_IEO_SAD_HI,1078_IEO_SAD_HI.wav,crema_d,1078,IEO,SAD,sad,high,,,,,,,,,,female,21
1078_IEO_SAD_LO,crema_d_1078_IEO_SAD_LO,1078_IEO_SAD_LO.wav,crema_d,1078,IEO,SAD,sad,low,,,,,,,,,,female,21
1078_IEO_SAD_MD,crema_d_1078_IEO_SAD_MD,1078_IEO_SAD_MD.wav,crema_d,1078,IEO,SAD,sad,medium,,,,,,,,,,female,21
1078_IOM_ANG_XX,crema_d_1078_IOM_ANG_XX,1078_IOM_ANG_XX.wav,crema_d,1078,IOM,ANG,anger,unspecified,,,16000.0,2.7360625,16000.0,3.0,0.7840625,,,female,21
1078_IOM_DIS_XX,crema_d_1078_IOM_DIS_XX,1078_IOM_DIS_XX.wav,crema_d,1078,IOM,DIS,disgust,unspecified,,,,,,,,,,female,21
1078_IOM_FEA_XX,crema_d_1078_IOM_FEA_XX,1078_IOM_FEA_XX.wav,crema_d,1078,IOM,FEA,fear,unspecified,,,,,,,,,,female,21
1078_IOM_HAP_XX,crema_d_1078_IOM_HAP_XX,1078_IOM_HAP_XX.wav,crema_d,1078,IOM,HAP,happy,unspecified,,,16000.0,2.102125,16000.0,3.0,0.822125,,,female,21
1078_IOM_NEU_XX,crema_d_1078_IOM_NEU_XX,1078_IOM_NEU_XX.wav,crema_d,1078,IOM,NEU,neutral,unspecified,,,16000.0,2.43575,16000.0,3.0,0.0,,,female,21
1078_IOM_SAD_XX,crema_d_1078_IOM_SAD_XX,1078_IOM_SAD_XX.wav,crema_d,1078,IOM,SAD,sad,unspecified,,,,,,,,,,female,21
1078_ITH_ANG_XX,crema_d_1078_ITH_ANG_XX,1078_ITH_ANG_XX.wav,crema_d,1078,ITH,ANG,anger,unspecified,,,16000.0,2.7360625,16000.0,3.0,1.0400625,,,female,21
1078_ITH_DIS_XX,crema_d_1078_ITH_DIS_XX,1078_ITH_DIS_XX.wav,crema_d,1078,ITH,DIS,disgust,unspecified,,,,,,,,,,female,21
1078_ITH_FEA_XX,crema_d_1078_ITH_FEA_XX,1078_ITH_FEA_XX.wav,crema_d,1078,ITH,FEA,fear,unspecified,,,,,,,,,,female,21
1078_ITH_HAP_XX,crema_d_1078_ITH_HAP_XX,1078_ITH_HAP_XX.wav,crema_d,1078,ITH,HAP,happy,unspecified,,,16000.0,2.6359375,16000.0,3.0,1.0679375,,,female,21
1078_ITH_NEU_XX,crema_d_1078_ITH_NEU_XX,1078_ITH_NEU_XX.wav,crema_d,1078,ITH,NEU,neutral,unspecified,,,16000.0,2.3356875,16000.0,3.0,0.2556875,,,female,21
1078_ITH_SAD_XX,crema_d_1078_ITH_SAD_XX,1078_ITH_SAD_XX.wav,crema_d,1078,ITH,SAD,sad,unspecified,,,,,,,,,,female,21
1078_ITS_ANG_XX,crema_d_1078_ITS_ANG_XX,1078_ITS_ANG_XX.wav,crema_d,1078,ITS,ANG,anger,unspecified,,,16000.0,2.7026875,16000.0,3.0,1.1666875,,,female,21
1078_ITS_DIS_XX,crema_d_1078_ITS_DIS_XX,1078_ITS_DIS_XX.wav,crema_d,1078,ITS,DIS,disgust,unspecified,,,,,,,,,,female,21
1078_ITS_FEA_XX,crema_d_1078_ITS_FEA_XX,1078_ITS_FEA_XX.wav,crema_d,1078,ITS,FEA,fear,unspecified,,,,,,,,,,female,21
1078_ITS_HAP_XX,crema_d_1078_ITS_HAP_XX,1078_ITS_HAP_XX.wav,crema_d,1078,ITS,HAP,happy,unspecified,,,16000.0,2.5025,16000.0,3.0,0.9345,,,female,21
1078_ITS_NEU_XX,crema_d_1078_ITS_NEU_XX,1078_ITS_NEU_XX.wav,crema_d,1078,ITS,NEU,neutral,unspecified,,,16000.0,2.102125,16000.0,3.0,0.726125,,,female,21
1078_ITS_SAD_XX,crema_d_1078_ITS_SAD_XX,1078_ITS_SAD_XX.wav,crema_d,1078,ITS,SAD,sad,unspecified,,,,,,,,,,female,21
1078_IWL_ANG_XX,crema_d_1078_IWL_ANG_XX,1078_IWL_ANG_XX.wav,crema_d,1078,IWL,ANG,anger,unspecified,,,16000.0,2.93625,16000.0,3.0,0.88825,,,female,21
1078_IWL_DIS_XX,crema_d_1078_IWL_DIS_XX,1078_IWL_DIS_XX.wav,crema_d,1078,IWL,DIS,disgust,unspecified,,,,,,,,,,female,21
1078_IWL_FEA_XX,crema_d_1078_IWL_FEA_XX,1078_IWL_FEA_XX.wav,crema_d,1078,IWL,FEA,fear,unspecified,,,,,,,,,,female,21
1078_IWL_HAP_XX,crema_d_1078_IWL_HAP_XX,1078_IWL_HAP_XX.wav,crema_d,1078,IWL,HAP,happy,unspecified,,,16000.0,2.602625,16000.0,3.0,1.002625,,,female,21
1078_IWL_NEU_XX,crema_d_1078_IWL_NEU_XX,1078_IWL_NEU_XX.wav,crema_d,1078,IWL,NEU,neutral,unspecified,,,16000.0,2.535875,16000.0,3.0,0.295875,,,female,21
1078_IWL_SAD_XX,crema_d_1078_IWL_SAD_XX,1078_IWL_SAD_XX.wav,crema_d,1078,IWL,SAD,sad,unspecified,,,,,,,,,,female,21
1078_IWW_ANG_XX,crema_d_1078_IWW_ANG_XX,1078_IWW_ANG_XX.wav,crema_d,1078,IWW,ANG,anger,unspecified,,,16000.0,2.56925,16000.0,3.0,1.06525,,,female,21
1078_IWW_DIS_XX,crema_d_1078_IWW_DIS_XX,1078_IWW_DIS_XX.wav,crema_d,1078,IWW,DIS,disgust,unspecified,,,,,,,,,,female,21
1078_IWW_FEA_XX,crema_d_1078_IWW_FEA_XX,1078_IWW_FEA_XX.wav,crema_d,1078,IWW,FEA,fear,unspecified,,,,,,,,,,female,21
1078_IWW_HAP_XX,crema_d_1078_IWW_HAP_XX,1078_IWW_HAP_XX.wav,crema_d,1078,IWW,HAP,happy,unspecified,,,16000.0,2.2021875,16000.0,3.0,0.0901875,,,female,21
1078_IWW_NEU_XX,crema_d_1078_IWW_NEU_XX,1078_IWW_NEU_XX.wav,crema_d,1078,IWW,NEU,neutral,unspecified,,,16000.0,2.1354375,16000.0,3.0,0.0,,,female,21
1078_IWW_SAD_XX,crema_d_1078_IWW_SAD_XX,1078_IWW_SAD_XX.wav,crema_d,1078,IWW,SAD,sad,unspecified,,,,,,,,,,female,21
1078_MTI_ANG_XX,crema_d_1078_MTI_ANG_XX,1078_MTI_ANG_XX.wav,crema_d,1078,MTI,ANG,anger,unspecified,,,16000.0,2.6359375,16000.0,3.0,0.7799375,,,female,21
1078_MTI_DIS_XX,crema_d_1078_MTI_DIS_XX,1078_MTI_DIS_XX.wav,crema_d,1078,MTI,DIS,disgust,unspecified,,,,,,,,,,female,21
1078_MTI_FEA_XX,crema_d_1078_MTI_FEA_XX,1078_MTI_FEA_XX.wav,crema_d,1078,MTI,FEA,fear,unspecified,,,,,,,,,,female,21
1078_MTI_HAP_XX,crema_d_1078_MTI_HAP_XX,1078_MTI_HAP_XX.wav,crema_d,1078,MTI,HAP,happy,unspecified,,,16000.0,2.5025,16000.0,3.0,0.1345,,,female,21
1078_MTI_NEU_XX,crema_d_1078_MTI_NEU_XX,1078_MTI_NEU_XX.wav,crema_d,1078,MTI,NEU,neutral,unspecified,,,16000.0,2.602625,16000.0,3.0,0.106625,,,female,21
1078_MTI_SAD_XX,crema_d_1078_MTI_SAD_XX,1078_MTI_SAD_XX.wav,crema_d,1078,MTI,SAD,sad,unspecified,,,,,,,,,,female,21
1078_TAI_ANG_XX,crema_d_1078_TAI_ANG_XX,1078_TAI_ANG_XX.wav,crema_d,1078,TAI,ANG,anger,unspecified,,,16000.0,2.469125,16000.0,3.0,0.965125,,,female,21
1078_TAI_DIS_XX,crema_d_1078_TAI_DIS_XX,1078_TAI_DIS_XX.wav,crema_d,1078,TAI,DIS,disgust,unspecified,,,,,,,,,,female,21
1078_TAI_FEA_XX,crema_d_1078_TAI_FEA_XX,1078_TAI_FEA_XX.wav,crema_d,1078,TAI,FEA,fear,unspecified,,,,,,,,,,female,21
1078_TAI_HAP_XX,crema_d_1078_TAI_HAP_XX,1078_TAI_HAP_XX.wav,crema_d,1078,TAI,HAP,happy,unspecified,,,16000.0,2.469125,16000.0,3.0,0.805125,,,female,21
1078_TAI_NEU_XX,crema_d_1078_TAI_NEU_XX,1078_TAI_NEU_XX.wav,crema_d,1078,TAI,NEU,neutral,unspecified,,,16000.0,2.602625,16000.0,3.0,0.298625,,,female,21
1078_TAI_SAD_XX,crema_d_1078_TAI_SAD_XX,1078_TAI_SAD_XX.wav,crema_d,1078,TAI,SAD,sad,unspecified,,,,,,,,,,female,21
1078_TIE_ANG_XX,crema_d_1078_TIE_ANG_XX,1078_TIE_ANG_XX.wav,crema_d,1078,TIE,ANG,anger,unspecified,,,16000.0,2.93625,16000.0,3.0,1.30425,,,female,21
1078_TIE_DIS_XX,crema_d_1078_TIE_DIS_XX,1078_TIE_DIS_XX.wav,crema_d,1078,TIE,DIS,disgust,unspecified,,,,,,,,,,female,21
1078_TIE_FEA_XX,crema_d_1078_TIE_FEA_XX,1078_TIE_FEA_XX.wav,crema_d,1078,TIE,FEA,fear,unspecified,,,,,,,,,,female,21
1078_TIE_HAP_XX,crema_d_1078_TIE_HAP_XX,1078_TIE_HAP_XX.wav,crema_d,1078,TIE,HAP,happy,unspecified,,,16000.0,2.6359375,16000.0,3.0,1.0999375,,,female,21
1078_TIE_NEU_XX,crema_d_1078_TIE_NEU_XX,1078_TIE_NEU_XX.wav,crema_d,1078,TIE,NEU,neutral,unspecified,,,16000.0,2.6359375,16000.0,3.0,0.0,,,female,21
1078_TIE_SAD_XX,crema_d_1078_TIE_SAD_XX,1078_TIE_SAD_XX.wav,crema_d,1078,TIE,SAD,sad,unspecified,,,,,,,,,,female,21
1078_TSI_ANG_XX,crema_d_1078_TSI_ANG_XX,1078_TSI_ANG_XX.wav,crema_d,1078,TSI,ANG,anger,unspecified,,,16000.0,2.1688125,16000.0,3.0,0.8568125,,,female,21
1078_TSI_DIS_XX,crema_d_1078_TSI_DIS_XX,1078_TSI_DIS_XX.wav,crema_d,1078,TSI,DIS,disgust,unspecified,,,,,,,,,,female,21
1078_TSI_FEA_XX,crema_d_1078_TSI_FEA_XX,1078_TSI_FEA_XX.wav,crema_d,1078,TSI,FEA,fear,unspecified,,,,,,,,,,female,21
1078_TSI_HAP_XX,crema_d_1078_TSI_HAP_XX,1078_TSI_HAP_XX.wav,crema_d,1078,TSI,HAP,happy,unspecified,,,16000.0,2.535875,16000.0,3.0,1.255875,,,female,21
1078_TSI_NEU_XX,crema_d_1078_TSI_NEU_XX,1078_TSI_NEU_XX.wav,crema_d,1078,TSI,NEU,neutral,unspecified,,,16000.0,2.035375,16000.0,3.0,0.787375,,,female,21
1078_TSI_SAD_XX,crema_d_1078_TSI_SAD_XX,1078_TSI_SAD_XX.wav,crema_d,1078,TSI,SAD,sad,unspecified,,,,,,,,,,female,21
1078_WSI_ANG_XX,crema_d_1078_WSI_ANG_XX,1078_WSI_ANG_XX.wav,crema_d,1078,WSI,ANG,anger,unspecified,,,16000.0,2.56925,16000.0,3.0,0.77725,,,female,21
1078_WSI_DIS_XX,crema_d_1078_WSI_DIS_XX,1078_WSI_DIS_XX.wav,crema_d,1078,WSI,DIS,disgust,unspecified,,,,,,,,,,female,21
1078_WSI_FEA_XX,crema_d_1078_WSI_FEA_XX,1078_WSI_FEA_XX.wav,crema_d,1078,WSI,FEA,fear,unspecified,,,,,,,,,,female,21
1078_WSI_HAP_XX,crema_d_1078_WSI_HAP_XX,1078_WSI_HAP_XX.wav,crema_d,1078,WSI,HAP,happy,unspecified,,,16000.0,2.3023125,16000.0,3.0,0.8943125,,,female,21
1078_WSI_NEU_XX,crema_d_1078_WSI_NEU_XX,1078_WSI_NEU_XX.wav,crema_d,1078,WSI,NEU,neutral,unspecified,,,16000.0,2.5025,16000.0,3.0,0.0385,,,female,21
1078_WSI_SAD_XX,crema_d_1078_WSI_SAD_XX,1078_WSI_SAD_XX.wav,crema_d,1078,WSI,SAD,sad,unspecified,,,,,,,,,,female,21
1079_DFA_ANG_XX,crema_d_1079_DFA_ANG_XX,1079_DFA_ANG_XX.wav,crema_d,1079,DFA,ANG,anger,unspecified,,,16000.0,2.2021875,16000.0,3.0,1.0501875,,,female,21
1079_DFA_DIS_XX,crema_d_1079_DFA_DIS_XX,1079_DFA_DIS_XX.wav,crema_d,1079,DFA,DIS,disgust,unspecified,,,,,,,,,,female,21
1079_DFA_FEA_XX,crema_d_1079_DFA_FEA_XX,1079_DFA_FEA_XX.wav,crema_d,1079,DFA,FEA,fear,unspecified,,,,,,,,,,female,21
1079_DFA_HAP_XX,crema_d_1079_DFA_HAP_XX,1079_DFA_HAP_XX.wav,crema_d,1079,DFA,HAP,happy,unspecified,,,16000.0,2.035375,16000.0,3.0,0.755375,,,female,21
1079_DFA_NEU_XX,crema_d_1079_DFA_NEU_XX,1079_DFA_NEU_XX.wav,crema_d,1079,DFA,NEU,neutral,unspecified,,,16000.0,2.1354375,16000.0,3.0,0.0554375,,,female,21
1079_DFA_SAD_XX,crema_d_1079_DFA_SAD_XX,1079_DFA_SAD_XX.wav,crema_d,1079,DFA,SAD,sad,unspecified,,,,,,,,,,female,21
1079_IEO_ANG_HI,crema_d_1079_IEO_ANG_HI,1079_IEO_ANG_HI.wav,crema_d,1079,IEO,ANG,anger,high,,,16000.0,1.8018125,16000.0,3.0,0.6818125,,,female,21
1079_IEO_ANG_LO,crema_d_1079_IEO_ANG_LO,1079_IEO_ANG_LO.wav,crema_d,1079,IEO,ANG,anger,low,,,16000.0,1.56825,16000.0,3.0,0.57625,,,female,21
1079_IEO_ANG_MD,crema_d_1079_IEO_ANG_MD,1079_IEO_ANG_MD.wav,crema_d,1079,IEO,ANG,anger,medium,,,16000.0,2.035375,16000.0,3.0,0.947375,,,female,21
1079_IEO_DIS_HI,crema_d_1079_IEO_DIS_HI,1079_IEO_DIS_HI.wav,crema_d,1079,IEO,DIS,disgust,high,,,,,,,,,,female,21
1079_IEO_DIS_LO,crema_d_1079_IEO_DIS_LO,1079_IEO_DIS_LO.wav,crema_d,1079,IEO,DIS,disgust,low,,,,,,,,,,female,21
1079_IEO_DIS_MD,crema_d_1079_IEO_DIS_MD,1079_IEO_DIS_MD.wav,crema_d,1079,IEO,DIS,disgust,medium,,,,,,,,,,female,21
1079_IEO_FEA_HI,crema_d_1079_IEO_FEA_HI,1079_IEO_FEA_HI.wav,crema_d,1079,IEO,FEA,fear,high,,,,,,,,,,female,21
1079_IEO_FEA_LO,crema_d_1079_IEO_FEA_LO,1079_IEO_FEA_LO.wav,crema_d,1079,IEO,FEA,fear,low,,,,,,,,,,female,21
1079_IEO_FEA_MD,crema_d_1079_IEO_FEA_MD,1079_IEO_FEA_MD.wav,crema_d,1079,IEO,FEA,fear,medium,,,,,,,,,,female,21
1079_IEO_HAP_HI,crema_d_1079_IEO_HAP_HI,1079_IEO_HAP_HI.wav,crema_d,1079,IEO,HAP,happy,high,,,16000.0,1.8685,16000.0,3.0,0.9085,,,female,21
1079_IEO_HAP_LO,crema_d_1079_IEO_HAP_LO,1079_IEO_HAP_LO.wav,crema_d,1079,IEO,HAP,happy,low,,,16000.0,1.56825,16000.0,3.0,0.06425,,,female,21
1079_IEO_HAP_MD,crema_d_1079_IEO_HAP_MD,1079_IEO_HAP_MD.wav,crema_d,1079,IEO,HAP,happy,medium,,,16000.0,2.002,16000.0,3.0,0.978,,,female,21
1079_IEO_NEU_XX,crema_d_1079_IEO_NEU_XX,1079_IEO_NEU_XX.wav,crema_d,1079,IEO,NEU,neutral,unspecified,,,16000.0,2.06875,16000.0,3.0,0.032,,,female,21
1079_IEO_SAD_HI,crema_d_1079_IEO_SAD_HI,1079_IEO_SAD_HI.wav,crema_d,1079,IEO,SAD,sad,high,,,,,,,,,,female,21
1079_IEO_SAD_LO,crema_d_1079_IEO_SAD_LO,1079_IEO_SAD_LO.wav,crema_d,1079,IEO,SAD,sad,low,,,,,,,,,,female,21
1079_IEO_SAD_MD,crema_d_1079_IEO_SAD_MD,1079_IEO_SAD_MD.wav,crema_d,1079,IEO,SAD,sad,medium,,,,,,,,,,female,21
1079_IOM_ANG_XX,crema_d_1079_IOM_ANG_XX,1079_IOM_ANG_XX.wav,crema_d,1079,IOM,ANG,anger,unspecified,,,16000.0,2.469125,16000.0,3.0,0.677125,,,female,21
1079_IOM_DIS_XX,crema_d_1079_IOM_DIS_XX,1079_IOM_DIS_XX.wav,crema_d,1079,IOM,DIS,disgust,unspecified,,,,,,,,,,female,21
1079_IOM_FEA_XX,crema_d_1079_IOM_FEA_XX,1079_IOM_FEA_XX.wav,crema_d,1079,IOM,FEA,fear,unspecified,,,,,,,,,,female,21
1079_IOM_HAP_XX,crema_d_1079_IOM_HAP_XX,1079_IOM_HAP_XX.wav,crema_d,1079,IOM,HAP,happy,unspecified,,,16000.0,2.535875,16000.0,3.0,1.223875,,,female,21
1079_IOM_NEU_XX,crema_d_1079_IOM_NEU_XX,1079_IOM_NEU_XX.wav,crema_d,1079,IOM,NEU,neutral,unspecified,,,16000.0,2.2021875,16000.0,3.0,0.032,,,female,21
1079_IOM_SAD_XX,crema_d_1079_IOM_SAD_XX,1079_IOM_SAD_XX.wav,crema_d,1079,IOM,SAD,sad,unspecified,,,,,,,,,,female,21
1079_ITH_ANG_XX,crema_d_1079_ITH_ANG_XX,1079_ITH_ANG_XX.wav,crema_d,1079,ITH,ANG,anger,unspecified,,,16000.0,2.6359375,16000.0,3.0,0.9399375,,,female,21
1079_ITH_DIS_XX,crema_d_1079_ITH_DIS_XX,1079_ITH_DIS_XX.wav,crema_d,1079,ITH,DIS,disgust,unspecified,,,,,,,,,,female,21
1079_ITH_FEA_XX,crema_d_1079_ITH_FEA_XX,1079_ITH_FEA_XX.wav,crema_d,1079,ITH,FEA,fear,unspecified,,,,,,,,,,female,21
1079_ITH_HAP_XX,crema_d_1079_ITH_HAP_XX,1079_ITH_HAP_XX.wav,crema_d,1079,ITH,HAP,happy,unspecified,,,16000.0,2.5025,16000.0,3.0,0.8065,,,female,21
1079_ITH_NEU_XX,crema_d_1079_ITH_NEU_XX,1079_ITH_NEU_XX.wav,crema_d,1079,ITH,NEU,neutral,unspecified,,,16000.0,2.93625,16000.0,3.0,0.0,,,female,21
1079_ITH_SAD_XX,crema_d_1079_ITH_SAD_XX,1079_ITH_SAD_XX.wav,crema_d,1079,ITH,SAD,sad,unspecified,,,,,,,,,,female,21
1079_ITS_ANG_XX,crema_d_1079_ITS_ANG_XX,1079_ITS_ANG_XX.wav,crema_d,1079,ITS,ANG,anger,unspecified,,,16000.0,2.43575,16000.0,3.0,0.80375,,,female,21
1079_ITS_DIS_XX,crema_d_1079_ITS_DIS_XX,1079_ITS_DIS_XX.wav,crema_d,1079,ITS,DIS,disgust,unspecified,,,,,,,,,,female,21
1079_ITS_FEA_XX,crema_d_1079_ITS_FEA_XX,1079_ITS_FEA_XX.wav,crema_d,1079,ITS,FEA,fear,unspecified,,,,,,,,,,female,21
1079_ITS_HAP_XX,crema_d_1079_ITS_HAP_XX,1079_ITS_HAP_XX.wav,crema_d,1079,ITS,HAP,happy,unspecified,,,16000.0,2.535875,16000.0,3.0,0.871875,,,female,21
1079_ITS_NEU_XX,crema_d_1079_ITS_NEU_XX,1079_ITS_NEU_XX.wav,crema_d,1079,ITS,NEU,neutral,unspecified,,,16000.0,2.2021875,16000.0,3.0,0.032,,,female,21
1079_ITS_SAD_XX,crema_d_1079_ITS_SAD_XX,1079_ITS_SAD_XX.wav,crema_d,1079,ITS,SAD,sad,unspecified,,,,,,,,,,female,21
1079_IWL_ANG_XX,crema_d_1079_IWL_ANG_XX,1079_IWL_ANG_XX.wav,crema_d,1079,IWL,ANG,anger,unspecified,,,16000.0,2.6359375,16000.0,3.0,0.8759375,,,female,21
1079_IWL_DIS_XX,crema_d_1079_IWL_DIS_XX,1079_IWL_DIS_XX.wav,crema_d,1079,IWL,DIS,disgust,unspecified,,,,,,,,,,female,21
1079_IWL_FEA_XX,crema_d_1079_IWL_FEA_XX,1079_IWL_FEA_XX.wav,crema_d,1079,IWL,FEA,fear,unspecified,,,,,,,,,,female,21
1079_IWL_HAP_XX,crema_d_1079_IWL_HAP_XX,1079_IWL_HAP_XX.wav,crema_d,1079,IWL,HAP,happy,unspecified,,,16000.0,2.3690625,16000.0,3.0,0.8970625,,,female,21
1079_IWL_NEU_XX,crema_d_1079_IWL_NEU_XX,1079_IWL_NEU_XX.wav,crema_d,1079,IWL,NEU,neutral,unspecified,,,16000.0,2.56925,16000.0,3.0,0.42525,,,female,21
1079_IWL_SAD_XX,crema_d_1079_IWL_SAD_XX,1079_IWL_SAD_XX.wav,crema_d,1079,IWL,SAD,sad,unspecified,,,,,,,,,,female,21
1079_IWW_ANG_XX,crema_d_1079_IWW_ANG_XX,1079_IWW_ANG_XX.wav,crema_d,1079,IWW,ANG,anger,unspecified,,,16000.0,2.102125,16000.0,3.0,0.694125,,,female,21
1079_IWW_DIS_XX,crema_d_1079_IWW_DIS_XX,1079_IWW_DIS_XX.wav,crema_d,1079,IWW,DIS,disgust,unspecified,,,,,,,,,,female,21
1079_IWW_FEA_XX,crema_d_1079_IWW_FEA_XX,1079_IWW_FEA_XX.wav,crema_d,1079,IWW,FEA,fear,unspecified,,,,,,,,,,female,21
1079_IWW_HAP_XX,crema_d_1079_IWW_HAP_XX,1079_IWW_HAP_XX.wav,crema_d,1079,IWW,HAP,happy,unspecified,,,16000.0,2.2689375,16000.0,3.0,0.9569375,,,female,21
1079_IWW_NEU_XX,crema_d_1079_IWW_NEU_XX,1079_IWW_NEU_XX.wav,crema_d,1079,IWW,NEU,neutral,unspecified,,,16000.0,2.1688125,16000.0,3.0,0.2168125,,,female,21
1079_IWW_SAD_XX,crema_d_1079_IWW_SAD_XX,1079_IWW_SAD_XX.wav,crema_d,1079,IWW,SAD,sad,unspecified,,,,,,,,,,female,21
1079_MTI_ANG_XX,crema_d_1079_MTI_ANG_XX,1079_MTI_ANG_XX.wav,crema_d,1079,MTI,ANG,anger,unspecified,,,16000.0,2.93625,16000.0,3.0,0.88825,,,female,21
1079_MTI_DIS_XX,crema_d_1079_MTI_DIS_XX,1079_MTI_DIS_XX.wav,crema_d,1079,MTI,DIS,disgust,unspecified,,,,,,,,,,female,21
1079_MTI_FEA_XX,crema_d_1079_MTI_FEA_XX,1079_MTI_FEA_XX.wav,crema_d,1079,MTI,FEA,fear,unspecified,,,,,,,,,,female,21
1079_MTI_HAP_XX,crema_d_1079_MTI_HAP_XX,1079_MTI_HAP_XX.wav,crema_d,1079,MTI,HAP,happy,unspecified,,,16000.0,2.7694375,16000.0,3.0,0.8494375,,,female,21
1079_MTI_NEU_XX,crema_d_1079_MTI_NEU_XX,1079_MTI_NEU_XX.wav,crema_d,1079,MTI,NEU,neutral,unspecified,,,16000.0,2.56925,16000.0,3.0,0.04125,,,female,21
1079_MTI_SAD_XX,crema_d_1079_MTI_SAD_XX,1079_MTI_SAD_XX.wav,crema_d,1079,MTI,SAD,sad,unspecified,,,,,,,,,,female,21
1079_TAI_ANG_XX,crema_d_1079_TAI_ANG_XX,1079_TAI_ANG_XX.wav,crema_d,1079,TAI,ANG,anger,unspecified,,,16000.0,2.8361875,16000.0,3.0,1.0761875,,,female,21
1079_TAI_DIS_XX,crema_d_1079_TAI_DIS_XX,1079_TAI_DIS_XX.wav,crema_d,1079,TAI,DIS,disgust,unspecified,,,,,,,,,,female,21
1079_TAI_FEA_XX,crema_d_1079_TAI_FEA_XX,1079_TAI_FEA_XX.wav,crema_d,1079,TAI,FEA,fear,unspecified,,,,,,,,,,female,21
1079_TAI_HAP_XX,crema_d_1079_TAI_HAP_XX,1079_TAI_HAP_XX.wav,crema_d,1079,TAI,HAP,happy,unspecified,,,16000.0,2.3690625,16000.0,3.0,0.9930625,,,female,21
1079_TAI_NEU_XX,crema_d_1079_TAI_NEU_XX,1079_TAI_NEU_XX.wav,crema_d,1079,TAI,NEU,neutral,unspecified,,,16000.0,2.602625,16000.0,3.0,0.106625,,,female,21
1079_TAI_SAD_XX,crema_d_1079_TAI_SAD_XX,1079_TAI_SAD_XX.wav,crema_d,1079,TAI,SAD,sad,unspecified,,,,,,,,,,female,21
1079_TIE_ANG_XX,crema_d_1079_TIE_ANG_XX,1079_TIE_ANG_XX.wav,crema_d,1079,TIE,ANG,anger,unspecified,,,16000.0,3.3700625,16000.0,3.0,1.2260625,,,female,21
1079_TIE_DIS_XX,crema_d_1079_TIE_DIS_XX,1079_TIE_DIS_XX.wav,crema_d,1079,TIE,DIS,disgust,unspecified,,,,,,,,,,female,21
1079_TIE_FEA_XX,crema_d_1079_TIE_FEA_XX,1079_TIE_FEA_XX.wav,crema_d,1079,TIE,FEA,fear,unspecified,,,,,,,,,,female,21
1079_TIE_HAP_XX,crema_d_1079_TIE_HAP_XX,1079_TIE_HAP_XX.wav,crema_d,1079,TIE,HAP,happy,unspecified,,,16000.0,2.469125,16000.0,3.0,0.581125,,,female,21
1079_TIE_NEU_XX,crema_d_1079_TIE_NEU_XX,1079_TIE_NEU_XX.wav,crema_d,1079,TIE,NEU,neutral,unspecified,,,16000.0,2.8028125,16000.0,3.0,0.0,,,female,21
1079_TIE_SAD_XX,crema_d_1079_TIE_SAD_XX,1079_TIE_SAD_XX.wav,crema_d,1079,TIE,SAD,sad,unspecified,,,,,,,,,,female,21
1079_TSI_ANG_XX,crema_d_1079_TSI_ANG_XX,1079_TSI_ANG_XX.wav,crema_d,1079,TSI,ANG,anger,unspecified,,,16000.0,2.7026875,16000.0,3.0,1.0066875,,,female,21
1079_TSI_DIS_XX,crema_d_1079_TSI_DIS_XX,1079_TSI_DIS_XX.wav,crema_d,1079,TSI,DIS,disgust,unspecified,,,,,,,,,,female,21
1079_TSI_FEA_XX,crema_d_1079_TSI_FEA_XX,1079_TSI_FEA_XX.wav,crema_d,1079,TSI,FEA,fear,unspecified,,,,,,,,,,female,21
1079_TSI_HAP_XX,crema_d_1079_TSI_HAP_XX,1079_TSI_HAP_XX.wav,crema_d,1079,TSI,HAP,happy,unspecified,,,16000.0,2.5025,16000.0,3.0,1.1585,,,female,21
1079_TSI_NEU_XX,crema_d_1079_TSI_NEU_XX,1079_TSI_NEU_XX.wav,crema_d,1079,TSI,NEU,neutral,unspecified,,,16000.0,2.5025,16000.0,3.0,0.032,,,female,21
1079_TSI_SAD_XX,crema_d_1079_TSI_SAD_XX,1079_TSI_SAD_XX.wav,crema_d,1079,TSI,SAD,sad,unspecified,,,,,,,,,,female,21
1079_WSI_ANG_XX,crema_d_1079_WSI_ANG_XX,1079_WSI_ANG_XX.wav,crema_d,1079,WSI,ANG,anger,unspecified,,,16000.0,2.8361875,16000.0,3.0,1.2361875,,,female,21
1079_WSI_DIS_XX,crema_d_1079_WSI_DIS_XX,1079_WSI_DIS_XX.wav,crema_d,1079,WSI,DIS,disgust,unspecified,,,,,,,,,,female,21
1079_WSI_FEA_XX,crema_d_1079_WSI_FEA_XX,1079_WSI_FEA_XX.wav,crema_d,1079,WSI,FEA,fear,unspecified,,,,,,,,,,female,21
1079_WSI_HAP_XX,crema_d_1079_WSI_HAP_XX,1079_WSI_HAP_XX.wav,crema_d,1079,WSI,HAP,happy,unspecified,,,16000.0,2.7360625,16000.0,3.0,1.2000625,,,female,21
1079_WSI_NEU_XX,crema_d_1079_WSI_NEU_XX,1079_WSI_NEU_XX.wav,crema_d,1079,WSI,NEU,neutral,unspecified,,,16000.0,2.7694375,16000.0,3.0,0.2094375,,,female,21
1079_WSI_SAD_XX,crema_d_1079_WSI_SAD_XX,1079_WSI_SAD_XX.wav,crema_d,1079,WSI,SAD,sad,unspecified,,,,,,,,,,female,21
1080_DFA_ANG_XX,crema_d_1080_DFA_ANG_XX,1080_DFA_ANG_XX.wav,crema_d,1080,DFA,ANG,anger,unspecified,,,16000.0,2.602625,16000.0,3.0,1.162625,,,male,21
1080_DFA_DIS_XX,crema_d_1080_DFA_DIS_XX,1080_DFA_DIS_XX.wav,crema_d,1080,DFA,DIS,disgust,unspecified,,,,,,,,,,male,21
1080_DFA_FEA_XX,crema_d_1080_DFA_FEA_XX,1080_DFA_FEA_XX.wav,crema_d,1080,DFA,FEA,fear,unspecified,,,,,,,,,,male,21
1080_DFA_HAP_XX,crema_d_1080_DFA_HAP_XX,1080_DFA_HAP_XX.wav,crema_d,1080,DFA,HAP,happy,unspecified,,,16000.0,1.968625,16000.0,3.0,0.944625,,,male,21
1080_DFA_NEU_XX,crema_d_1080_DFA_NEU_XX,1080_DFA_NEU_XX.wav,crema_d,1080,DFA,NEU,neutral,unspecified,,,16000.0,2.6693125,16000.0,3.0,1.2613125,,,male,21
1080_DFA_SAD_XX,crema_d_1080_DFA_SAD_XX,1080_DFA_SAD_XX.wav,crema_d,1080,DFA,SAD,sad,unspecified,,,,,,,,,,male,21
1080_IEO_ANG_HI,crema_d_1080_IEO_ANG_HI,1080_IEO_ANG_HI.wav,crema_d,1080,IEO,ANG,anger,high,,,16000.0,2.56925,16000.0,3.0,1.03325,,,male,21
1080_IEO_ANG_LO,crema_d_1080_IEO_ANG_LO,1080_IEO_ANG_LO.wav,crema_d,1080,IEO,ANG,anger,low,,,16000.0,2.3356875,16000.0,3.0,1.3436875,,,male,21
1080_IEO_ANG_MD,crema_d_1080_IEO_ANG_MD,1080_IEO_ANG_MD.wav,crema_d,1080,IEO,ANG,anger,medium,,,16000.0,2.2021875,16000.0,3.0,1.0501875,,,male,21
1080_IEO_DIS_HI,crema_d_1080_IEO_DIS_HI,1080_IEO_DIS_HI.wav,crema_d,1080,IEO,DIS,disgust,high,,,,,,,,,,male,21
1080_IEO_DIS_LO,crema_d_1080_IEO_DIS_LO,1080_IEO_DIS_LO.wav,crema_d,1080,IEO,DIS,disgust,low,,,,,,,,,,male,21
1080_IEO_DIS_MD,crema_d_1080_IEO_DIS_MD,1080_IEO_DIS_MD.wav,crema_d,1080,IEO,DIS,disgust,medium,,,,,,,,,,male,21
1080_IEO_FEA_HI,crema_d_1080_IEO_FEA_HI,1080_IEO_FEA_HI.wav,crema_d,1080,IEO,FEA,fear,high,,,,,,,,,,male,21
1080_IEO_FEA_LO,crema_d_1080_IEO_FEA_LO,1080_IEO_FEA_LO.wav,crema_d,1080,IEO,FEA,fear,low,,,,,,,,,,male,21
1080_IEO_FEA_MD,crema_d_1080_IEO_FEA_MD,1080_IEO_FEA_MD.wav,crema_d,1080,IEO,FEA,fear,medium,,,,,,,,,,male,21
1080_IEO_HAP_HI,crema_d_1080_IEO_HAP_HI,1080_IEO_HAP_HI.wav,crema_d,1080,IEO,HAP,happy,high,,,16000.0,2.2755625,16000.0,3.0,1.2515625,,,male,21
1080_IEO_HAP_LO,crema_d_1080_IEO_HAP_LO,1080_IEO_HAP_LO.wav,crema_d,1080,IEO,HAP,happy,low,,,16000.0,2.1688125,16000.0,3.0,1.4648125,,,male,21
1080_IEO_HAP_MD,crema_d_1080_IEO_HAP_MD,1080_IEO_HAP_MD.wav,crema_d,1080,IEO,HAP,happy,medium,,,16000.0,2.002,16000.0,3.0,1.17,,,male,21
1080_IEO_NEU_XX,crema_d_1080_IEO_NEU_XX,1080_IEO_NEU_XX.wav,crema_d,1080,IEO,NEU,neutral,unspecified,,,16000.0,2.602625,16000.0,3.0,0.010625,,,male,21
1080_IEO_SAD_HI,crema_d_1080_IEO_SAD_HI,1080_IEO_SAD_HI.wav,crema_d,1080,IEO,SAD,sad,high,,,,,,,,,,male,21
1080_IEO_SAD_LO,crema_d_1080_IEO_SAD_LO,1080_IEO_SAD_LO.wav,crema_d,1080,IEO,SAD,sad,low,,,,,,,,,,male,21
1080_IEO_SAD_MD,crema_d_1080_IEO_SAD_MD,1080_IEO_SAD_MD.wav,crema_d,1080,IEO,SAD,sad,medium,,,,,,,,,,male,21
1080_IOM_ANG_XX,crema_d_1080_IOM_ANG_XX,1080_IOM_ANG_XX.wav,crema_d,1080,IOM,ANG,anger,unspecified,,,16000.0,2.7360625,16000.0,3.0,1.2640625,,,male,21
1080_IOM_DIS_XX,crema_d_1080_IOM_DIS_XX,1080_IOM_DIS_XX.wav,crema_d,1080,IOM,DIS,disgust,unspecified,,,,,,,,,,male,21
1080_IOM_FEA_XX,crema_d_1080_IOM_FEA_XX,1080_IOM_FEA_XX.wav,crema_d,1080,IOM,FEA,fear,unspecified,,,,,,,,,,male,21
1080_IOM_HAP_XX,crema_d_1080_IOM_HAP_XX,1080_IOM_HAP_XX.wav,crema_d,1080,IOM,HAP,happy,unspecified,,,16000.0,2.2021875,16000.0,3.0,0.8901875,,,male,21
1080_IOM_NEU_XX,crema_d_1080_IOM_NEU_XX,1080_IOM_NEU_XX.wav,crema_d,1080,IOM,NEU,neutral,unspecified,,,16000.0,3.06975,16000.0,3.0,0.76575,,,male,21
1080_IOM_SAD_XX,crema_d_1080_IOM_SAD_XX,1080_IOM_SAD_XX.wav,crema_d,1080,IOM,SAD,sad,unspecified,,,,,,,,,,male,21
1080_ITH_ANG_XX,crema_d_1080_ITH_ANG_XX,1080_ITH_ANG_XX.wav,crema_d,1080,ITH,ANG,anger,unspecified,,,16000.0,3.536875,16000.0,3.0,1.360875,,,male,21
1080_ITH_DIS_XX,crema_d_1080_ITH_DIS_XX,1080_ITH_DIS_XX.wav,crema_d,1080,ITH,DIS,disgust,unspecified,,,,,,,,,,male,21
1080_ITH_FEA_XX,crema_d_1080_ITH_FEA_XX,1080_ITH_FEA_XX.wav,crema_d,1080,ITH,FEA,fear,unspecified,,,,,,,,,,male,21
1080_ITH_HAP_XX,crema_d_1080_ITH_HAP_XX,1080_ITH_HAP_XX.wav,crema_d,1080,ITH,HAP,happy,unspecified,,,16000.0,2.535875,16000.0,3.0,1.159875,,,male,21
1080_ITH_NEU_XX,crema_d_1080_ITH_NEU_XX,1080_ITH_NEU_XX.wav,crema_d,1080,ITH,NEU,neutral,unspecified,,,16000.0,3.036375,16000.0,3.0,0.032,,,male,21
1080_ITH_SAD_XX,crema_d_1080_ITH_SAD_XX,1080_ITH_SAD_XX.wav,crema_d,1080,ITH,SAD,sad,unspecified,,,,,,,,,,male,21
1080_ITS_ANG_XX,crema_d_1080_ITS_ANG_XX,1080_ITS_ANG_XX.wav,crema_d,1080,ITS,ANG,anger,unspecified,,,16000.0,2.402375,16000.0,3.0,0.802375,,,male,21
1080_ITS_DIS_XX,crema_d_1080_ITS_DIS_XX,1080_ITS_DIS_XX.wav,crema_d,1080,ITS,DIS,disgust,unspecified,,,,,,,,,,male,21
1080_ITS_FEA_XX,crema_d_1080_ITS_FEA_XX,1080_ITS_FEA_XX.wav,crema_d,1080,ITS,FEA,fear,unspecified,,,,,,,,,,male,21
1080_ITS_HAP_XX,crema_d_1080_ITS_HAP_XX,1080_ITS_HAP_XX.wav,crema_d,1080,ITS,HAP,happy,unspecified,,,16000.0,2.3356875,16000.0,3.0,0.9276875,,,male,21
1080_ITS_NEU_XX,crema_d_1080_ITS_NEU_XX,1080_ITS_NEU_XX.wav,crema_d,1080,ITS,NEU,neutral,unspecified,,,16000.0,3.003,16000.0,3.0,0.731,,,male,21
1080_ITS_SAD_XX,crema_d_1080_ITS_SAD_XX,1080_ITS_SAD_XX.wav,crema_d,1080,ITS,SAD,sad,unspecified,,,,,,,,,,male,21
1080_IWL_ANG_XX,crema_d_1080_IWL_ANG_XX,1080_IWL_ANG_XX.wav,crema_d,1080,IWL,ANG,anger,unspecified,,,16000.0,3.43675,16000.0,3.0,1.06875,,,male,21
1080_IWL_DIS_XX,crema_d_1080_IWL_DIS_XX,1080_IWL_DIS_XX.wav,crema_d,1080,IWL,DIS,disgust,unspecified,,,,,,,,,,male,21
1080_IWL_FEA_XX,crema_d_1080_IWL_FEA_XX,1080_IWL_FEA_XX.wav,crema_d,1080,IWL,FEA,fear,unspecified,,,,,,,,,,male,21
1080_IWL_HAP_XX,crema_d_1080_IWL_HAP_XX,1080_IWL_HAP_XX.wav,crema_d,1080,IWL,HAP,happy,unspecified,,,16000.0,2.3356875,16000.0,3.0,0.9596875,,,male,21
1080_IWL_NEU_XX,crema_d_1080_IWL_NEU_XX,1080_IWL_NEU_XX.wav,crema_d,1080,IWL,NEU,neutral,unspecified,,,16000.0,3.036375,16000.0,3.0,0.444375,,,male,21
1080_IWL_SAD_XX,crema_d_1080_IWL_SAD_XX,1080_IWL_SAD_XX.wav,crema_d,1080,IWL,SAD,sad,unspecified,,,,,,,,,,male,21
1080_IWW_ANG_XX,crema_d_1080_IWW_ANG_XX,1080_IWW_ANG_XX.wav,crema_d,1080,IWW,ANG,anger,unspecified,,,16000.0,2.7026875,16000.0,3.0,1.0706875,,,male,21
1080_IWW_DIS_XX,crema_d_1080_IWW_DIS_XX,1080_IWW_DIS_XX.wav,crema_d,1080,IWW,DIS,disgust,unspecified,,,,,,,,,,male,21
1080_IWW_FEA_XX,crema_d_1080_IWW_FEA_XX,1080_IWW_FEA_XX.wav,crema_d,1080,IWW,FEA,fear,unspecified,,,,,,,,,,male,21
1080_IWW_HAP_XX,crema_d_1080_IWW_HAP_XX,1080_IWW_HAP_XX.wav,crema_d,1080,IWW,HAP,happy,unspecified,,,16000.0,1.6349375,16000.0,3.0,0.4509375,,,male,21
1080_IWW_NEU_XX,crema_d_1080_IWW_NEU_XX,1080_IWW_NEU_XX.wav,crema_d,1080,IWW,NEU,neutral,unspecified,,,16000.0,2.6693125,16000.0,3.0,0.0773125,,,male,21
1080_IWW_SAD_XX,crema_d_1080_IWW_SAD_XX,1080_IWW_SAD_XX.wav,crema_d,1080,IWW,SAD,sad,unspecified,,,,,,,,,,male,21
1080_MTI_ANG_XX,crema_d_1080_MTI_ANG_XX,1080_MTI_ANG_XX.wav,crema_d,1080,MTI,ANG,anger,unspecified,,,16000.0,2.43575,16000.0,3.0,0.77175,,,male,21
1080_MTI_DIS_XX,crema_d_1080_MTI_DIS_XX,1080_MTI_DIS_XX.wav,crema_d,1080,MTI,DIS,disgust,unspecified,,,,,,,,,,male,21
1080_MTI_FEA_XX,crema_d_1080_MTI_FEA_XX,1080_MTI_FEA_XX.wav,crema_d,1080,MTI,FEA,fear,unspecified,,,,,,,,,,male,21
1080_MTI_HAP_XX,crema_d_1080_MTI_HAP_XX,1080_MTI_HAP_XX.wav,crema_d,1080,MTI,HAP,happy,unspecified,,,16000.0,2.2021875,16000.0,3.0,0.6981875,,,male,21
1080_MTI_NEU_XX,crema_d_1080_MTI_NEU_XX,1080_MTI_NEU_XX.wav,crema_d,1080,MTI,NEU,neutral,unspecified,,,16000.0,3.103125,16000.0,3.0,1.055125,,,male,21
1080_MTI_SAD_XX,crema_d_1080_MTI_SAD_XX,1080_MTI_SAD_XX.wav,crema_d,1080,MTI,SAD,sad,unspecified,,,,,,,,,,male,21
1080_TAI_ANG_XX,crema_d_1080_TAI_ANG_XX,1080_TAI_ANG_XX.wav,crema_d,1080,TAI,ANG,anger,unspecified,,,16000.0,3.036375,16000.0,3.0,1.020375,,,male,21
1080_TAI_DIS_XX,crema_d_1080_TAI_DIS_XX,1080_TAI_DIS_XX.wav,crema_d,1080,TAI,DIS,disgust,unspecified,,,,,,,,,,male,21
1080_TAI_FEA_XX,crema_d_1080_TAI_FEA_XX,1080_TAI_FEA_XX.wav,crema_d,1080,TAI,FEA,fear,unspecified,,,,,,,,,,male,21
1080_TAI_HAP_XX,crema_d_1080_TAI_HAP_XX,1080_TAI_HAP_XX.wav,crema_d,1080,TAI,HAP,happy,unspecified,,,16000.0,2.535875,16000.0,3.0,1.127875,,,male,21
1080_TAI_NEU_XX,crema_d_1080_TAI_NEU_XX,1080_TAI_NEU_XX.wav,crema_d,1080,TAI,NEU,neutral,unspecified,,,16000.0,3.06975,16000.0,3.0,1.11775,,,male,21
1080_TAI_SAD_XX,crema_d_1080_TAI_SAD_XX,1080_TAI_SAD_XX.wav,crema_d,1080,TAI,SAD,sad,unspecified,,,,,,,,,,male,21
1080_TIE_ANG_XX,crema_d_1080_TIE_ANG_XX,1080_TIE_ANG_XX.wav,crema_d,1080,TIE,ANG,anger,unspecified,,,16000.0,3.1364375,16000.0,3.0,0.8964375,,,male,21
1080_TIE_DIS_XX,crema_d_1080_TIE_DIS_XX,1080_TIE_DIS_XX.wav,crema_d,1080,TIE,DIS,disgust,unspecified,,,,,,,,,,male,21
1080_TIE_FEA_XX,crema_d_1080_TIE_FEA_XX,1080_TIE_FEA_XX.wav,crema_d,1080,TIE,FEA,fear,unspecified,,,,,,,,,,male,21
1080_TIE_HAP_XX,crema_d_1080_TIE_HAP_XX,1080_TIE_HAP_XX.wav,crema_d,1080,TIE,HAP,happy,unspecified,,,16000.0,2.902875,16000.0,3.0,1.430875,,,male,21
1080_TIE_NEU_XX,crema_d_1080_TIE_NEU_XX,1080_TIE_NEU_XX.wav,crema_d,1080,TIE,NEU,neutral,unspecified,,,16000.0,2.5025,16000.0,3.0,0.0,,,male,21
1080_TIE_SAD_XX,crema_d_1080_TIE_SAD_XX,1080_TIE_SAD_XX.wav,crema_d,1080,TIE,SAD,sad,unspecified,,,,,,,,,,male,21
1080_TSI_ANG_XX,crema_d_1080_TSI_ANG_XX,1080_TSI_ANG_XX.wav,crema_d,1080,TSI,ANG,anger,unspecified,,,16000.0,2.6359375,16000.0,3.0,1.2279375,,,male,21
1080_TSI_DIS_XX,crema_d_1080_TSI_DIS_XX,1080_TSI_DIS_XX.wav,crema_d,1080,TSI,DIS,disgust,unspecified,,,,,,,,,,male,21
1080_TSI_FEA_XX,crema_d_1080_TSI_FEA_XX,1080_TSI_FEA_XX.wav,crema_d,1080,TSI,FEA,fear,unspecified,,,,,,,,,,male,21
1080_TSI_HAP_XX,crema_d_1080_TSI_HAP_XX,1080_TSI_HAP_XX.wav,crema_d,1080,TSI,HAP,happy,unspecified,,,16000.0,2.369,16000.0,3.0,1.153,,,male,21
1080_TSI_NEU_XX,crema_d_1080_TSI_NEU_XX,1080_TSI_NEU_XX.wav,crema_d,1080,TSI,NEU,neutral,unspecified,,,16000.0,2.8361875,16000.0,3.0,1.3641875,,,male,21
1080_TSI_SAD_XX,crema_d_1080_TSI_SAD_XX,1080_TSI_SAD_XX.wav,crema_d,1080,TSI,SAD,sad,unspecified,,,,,,,,,,male,21
1080_WSI_ANG_XX,crema_d_1080_WSI_ANG_XX,1080_WSI_ANG_XX.wav,crema_d,1080,WSI,ANG,anger,unspecified,,,16000.0,2.7360625,16000.0,3.0,0.8480625,,,male,21
1080_WSI_DIS_XX,crema_d_1080_WSI_DIS_XX,1080_WSI_DIS_XX.wav,crema_d,1080,WSI,DIS,disgust,unspecified,,,,,,,,,,male,21
1080_WSI_FEA_XX,crema_d_1080_WSI_FEA_XX,1080_WSI_FEA_XX.wav,crema_d,1080,WSI,FEA,fear,unspecified,,,,,,,,,,male,21
1080_WSI_HAP_XX,crema_d_1080_WSI_HAP_XX,1080_WSI_HAP_XX.wav,crema_d,1080,WSI,HAP,happy,unspecified,,,16000.0,2.6359375,16000.0,3.0,1.0999375,,,male,21
1080_WSI_NEU_XX,crema_d_1080_WSI_NEU_XX,1080_WSI_NEU_XX.wav,crema_d,1080,WSI,NEU,neutral,unspecified,,,16000.0,3.103125,16000.0,3.0,0.159125,,,male,21
1080_WSI_SAD_XX,crema_d_1080_WSI_SAD_XX,1080_WSI_SAD_XX.wav,crema_d,1080,WSI,SAD,sad,unspecified,,,,,,,,,,male,21
1081_DFA_ANG_XX,crema_d_1081_DFA_ANG_XX,1081_DFA_ANG_XX.wav,crema_d,1081,DFA,ANG,anger,unspecified,,,16000.0,1.901875,16000.0,3.0,0.749875,,,male,30
1081_DFA_DIS_XX,crema_d_1081_DFA_DIS_XX,1081_DFA_DIS_XX.wav,crema_d,1081,DFA,DIS,disgust,unspecified,,,,,,,,,,male,30
1081_DFA_FEA_XX,crema_d_1081_DFA_FEA_XX,1081_DFA_FEA_XX.wav,crema_d,1081,DFA,FEA,fear,unspecified,,,,,,,,,,male,30
1081_DFA_HAP_XX,crema_d_1081_DFA_HAP_XX,1081_DFA_HAP_XX.wav,crema_d,1081,DFA,HAP,happy,unspecified,,,16000.0,1.968625,16000.0,3.0,0.944625,,,male,30
1081_DFA_NEU_XX,crema_d_1081_DFA_NEU_XX,1081_DFA_NEU_XX.wav,crema_d,1081,DFA,NEU,neutral,unspecified,,,16000.0,2.469125,16000.0,3.0,0.101125,,,male,30
1081_DFA_SAD_XX,crema_d_1081_DFA_SAD_XX,1081_DFA_SAD_XX.wav,crema_d,1081,DFA,SAD,sad,unspecified,,,,,,,,,,male,30
1081_IEO_ANG_HI,crema_d_1081_IEO_ANG_HI,1081_IEO_ANG_HI.wav,crema_d,1081,IEO,ANG,anger,high,,,16000.0,3.470125,16000.0,3.0,1.550125,,,male,30
1081_IEO_ANG_LO,crema_d_1081_IEO_ANG_LO,1081_IEO_ANG_LO.wav,crema_d,1081,IEO,ANG,anger,low,,,16000.0,2.369,16000.0,3.0,1.185,,,male,30
1081_IEO_ANG_MD,crema_d_1081_IEO_ANG_MD,1081_IEO_ANG_MD.wav,crema_d,1081,IEO,ANG,anger,medium,,,16000.0,2.602625,16000.0,3.0,1.642625,,,male,30
1081_IEO_DIS_HI,crema_d_1081_IEO_DIS_HI,1081_IEO_DIS_HI.wav,crema_d,1081,IEO,DIS,disgust,high,,,,,,,,,,male,30
1081_IEO_DIS_LO,crema_d_1081_IEO_DIS_LO,1081_IEO_DIS_LO.wav,crema_d,1081,IEO,DIS,disgust,low,,,,,,,,,,male,30
1081_IEO_DIS_MD,crema_d_1081_IEO_DIS_MD,1081_IEO_DIS_MD.wav,crema_d,1081,IEO,DIS,disgust,medium,,,,,,,,,,male,30
1081_IEO_FEA_HI,crema_d_1081_IEO_FEA_HI,1081_IEO_FEA_HI.wav,crema_d,1081,IEO,FEA,fear,high,,,,,,,,,,male,30
1081_IEO_FEA_LO,crema_d_1081_IEO_FEA_LO,1081_IEO_FEA_LO.wav,crema_d,1081,IEO,FEA,fear,low,,,,,,,,,,male,30
1081_IEO_FEA_MD,crema_d_1081_IEO_FEA_MD,1081_IEO_FEA_MD.wav,crema_d,1081,IEO,FEA,fear,medium,,,,,,,,,,male,30
1081_IEO_HAP_HI,crema_d_1081_IEO_HAP_HI,1081_IEO_HAP_HI.wav,crema_d,1081,IEO,HAP,happy,high,,,16000.0,2.7360625,16000.0,3.0,1.5520625,,,male,30
1081_IEO_HAP_LO,crema_d_1081_IEO_HAP_LO,1081_IEO_HAP_LO.wav,crema_d,1081,IEO,HAP,happy,low,,,16000.0,2.06875,16000.0,3.0,0.18075,,,male,30
1081_IEO_HAP_MD,crema_d_1081_IEO_HAP_MD,1081_IEO_HAP_MD.wav,crema_d,1081,IEO,HAP,happy,medium,,,16000.0,2.6359375,16000.0,3.0,0.9719375,,,male,30
1081_IEO_NEU_XX,crema_d_1081_IEO_NEU_XX,1081_IEO_NEU_XX.wav,crema_d,1081,IEO,NEU,neutral,unspecified,,,16000.0,2.1354375,16000.0,3.0,0.0,,,male,30
1081_IEO_SAD_HI,crema_d_1081_IEO_SAD_HI,1081_IEO_SAD_HI.wav,crema_d,1081,IEO,SAD,sad,high,,,,,,,,,,male,30
1081_IEO_SAD_LO,crema_d_1081_IEO_SAD_LO,1081_IEO_SAD_LO.wav,crema_d,1081,IEO,SAD,sad,low,,,,,,,,,,male,30
1081_IEO_SAD_MD,crema_d_1081_IEO_SAD_MD,1081_IEO_SAD_MD.wav,crema_d,1081,IEO,SAD,sad,medium,,,,,,,,,,male,30
1081_IOM_ANG_XX,crema_d_1081_IOM_ANG_XX,1081_IOM_ANG_XX.wav,crema_d,1081,IOM,ANG,anger,unspecified,,,16000.0,2.2021875,16000.0,3.0,0.7621875,,,male,30
1081_IOM_DIS_XX,crema_d_1081_IOM_DIS_XX,1081_IOM_DIS_XX.wav,crema_d,1081,IOM,DIS,disgust,unspecified,,,,,,,,,,male,30
1081_IOM_FEA_XX,crema_d_1081_IOM_FEA_XX,1081_IOM_FEA_XX.wav,crema_d,1081,IOM,FEA,fear,unspecified,,,,,,,,,,male,30
1081_IOM_HAP_XX,crema_d_1081_IOM_HAP_XX,1081_IOM_HAP_XX.wav,crema_d,1081,IOM,HAP,happy,unspecified,,,16000.0,2.369,16000.0,3.0,1.057,,,male,30
1081_IOM_NEU_XX,crema_d_1081_IOM_NEU_XX,1081_IOM_NEU_XX.wav,crema_d,1081,IOM,NEU,neutral,unspecified,,,16000.0,1.93525,16000.0,3.0,0.0,,,male,30
1081_IOM_SAD_XX,crema_d_1081_IOM_SAD_XX,1081_IOM_SAD_XX.wav,crema_d,1081,IOM,SAD,sad,unspecified,,,,,,,,,,male,30
1081_ITH_ANG_XX,crema_d_1081_ITH_ANG_XX,1081_ITH_ANG_XX.wav,crema_d,1081,ITH,ANG,anger,unspecified,,,16000.0,2.43575,16000.0,3.0,0.83575,,,male,30
1081_ITH_DIS_XX,crema_d_1081_ITH_DIS_XX,1081_ITH_DIS_XX.wav,crema_d,1081,ITH,DIS,disgust,unspecified,,,,,,,,,,male,30
1081_ITH_FEA_XX,crema_d_1081_ITH_FEA_XX,1081_ITH_FEA_XX.wav,crema_d,1081,ITH,FEA,fear,unspecified,,,,,,,,,,male,30
1081_ITH_HAP_XX,crema_d_1081_ITH_HAP_XX,1081_ITH_HAP_XX.wav,crema_d,1081,ITH,HAP,happy,unspecified,,,16000.0,2.1354375,16000.0,3.0,0.8234375,,,male,30
1081_ITH_NEU_XX,crema_d_1081_ITH_NEU_XX,1081_ITH_NEU_XX.wav,crema_d,1081,ITH,NEU,neutral,unspecified,,,16000.0,2.7360625,16000.0,3.0,0.0,,,male,30
1081_ITH_SAD_XX,crema_d_1081_ITH_SAD_XX,1081_ITH_SAD_XX.wav,crema_d,1081,ITH,SAD,sad,unspecified,,,,,,,,,,male,30
1081_ITS_ANG_XX,crema_d_1081_ITS_ANG_XX,1081_ITS_ANG_XX.wav,crema_d,1081,ITS,ANG,anger,unspecified,,,16000.0,2.535875,16000.0,3.0,0.647875,,,male,30
1081_ITS_DIS_XX,crema_d_1081_ITS_DIS_XX,1081_ITS_DIS_XX.wav,crema_d,1081,ITS,DIS,disgust,unspecified,,,,,,,,,,male,30
1081_ITS_FEA_XX,crema_d_1081_ITS_FEA_XX,1081_ITS_FEA_XX.wav,crema_d,1081,ITS,FEA,fear,unspecified,,,,,,,,,,male,30
1081_ITS_HAP_XX,crema_d_1081_ITS_HAP_XX,1081_ITS_HAP_XX.wav,crema_d,1081,ITS,HAP,happy,unspecified,,,16000.0,2.5025,16000.0,3.0,0.9345,,,male,30
1081_ITS_NEU_XX,crema_d_1081_ITS_NEU_XX,1081_ITS_NEU_XX.wav,crema_d,1081,ITS,NEU,neutral,unspecified,,,16000.0,2.5025,16000.0,3.0,0.0,,,male,30
1081_ITS_SAD_XX,crema_d_1081_ITS_SAD_XX,1081_ITS_SAD_XX.wav,crema_d,1081,ITS,SAD,sad,unspecified,,,,,,,,,,male,30
1081_IWL_ANG_XX,crema_d_1081_IWL_ANG_XX,1081_IWL_ANG_XX.wav,crema_d,1081,IWL,ANG,anger,unspecified,,,16000.0,3.06975,16000.0,3.0,0.98975,,,male,30
1081_IWL_DIS_XX,crema_d_1081_IWL_DIS_XX,1081_IWL_DIS_XX.wav,crema_d,1081,IWL,DIS,disgust,unspecified,,,,,,,,,,male,30
1081_IWL_FEA_XX,crema_d_1081_IWL_FEA_XX,1081_IWL_FEA_XX.wav,crema_d,1081,IWL,FEA,fear,unspecified,,,,,,,,,,male,30
1081_IWL_HAP_XX,crema_d_1081_IWL_HAP_XX,1081_IWL_HAP_XX.wav,crema_d,1081,IWL,HAP,happy,unspecified,,,16000.0,2.369,16000.0,3.0,1.057,,,male,30
1081_IWL_NEU_XX,crema_d_1081_IWL_NEU_XX,1081_IWL_NEU_XX.wav,crema_d,1081,IWL,NEU,neutral,unspecified,,,16000.0,2.7026875,16000.0,3.0,0.0466875,,,male,30
1081_IWL_SAD_XX,crema_d_1081_IWL_SAD_XX,1081_IWL_SAD_XX.wav,crema_d,1081,IWL,SAD,sad,unspecified,,,,,,,,,,male,30
1081_IWW_ANG_XX,crema_d_1081_IWW_ANG_XX,1081_IWW_ANG_XX.wav,crema_d,1081,IWW,ANG,anger,unspecified,,,16000.0,2.602625,16000.0,3.0,1.354625,,,male,30
1081_IWW_DIS_XX,crema_d_1081_IWW_DIS_XX,1081_IWW_DIS_XX.wav,crema_d,1081,IWW,DIS,disgust,unspecified,,,,,,,,,,male,30
1081_IWW_FEA_XX,crema_d_1081_IWW_FEA_XX,1081_IWW_FEA_XX.wav,crema_d,1081,IWW,FEA,fear,unspecified,,,,,,,,,,male,30
1081_IWW_HAP_XX,crema_d_1081_IWW_HAP_XX,1081_IWW_HAP_XX.wav,crema_d,1081,IWW,HAP,happy,unspecified,,,16000.0,1.93525,16000.0,3.0,0.62325,,,male,30
1081_IWW_NEU_XX,crema_d_1081_IWW_NEU_XX,1081_IWW_NEU_XX.wav,crema_d,1081,IWW,NEU,neutral,unspecified,,,16000.0,2.369,16000.0,3.0,0.0,,,male,30
1081_IWW_SAD_XX,crema_d_1081_IWW_SAD_XX,1081_IWW_SAD_XX.wav,crema_d,1081,IWW,SAD,sad,unspecified,,,,,,,,,,male,30
1081_MTI_ANG_XX,crema_d_1081_MTI_ANG_XX,1081_MTI_ANG_XX.wav,crema_d,1081,MTI,ANG,anger,unspecified,,,16000.0,2.369,16000.0,3.0,0.833,,,male,30
1081_MTI_DIS_XX,crema_d_1081_MTI_DIS_XX,1081_MTI_DIS_XX.wav,crema_d,1081,MTI,DIS,disgust,unspecified,,,,,,,,,,male,30
1081_MTI_FEA_XX,crema_d_1081_MTI_FEA_XX,1081_MTI_FEA_XX.wav,crema_d,1081,MTI,FEA,fear,unspecified,,,,,,,,,,male,30
1081_MTI_HAP_XX,crema_d_1081_MTI_HAP_XX,1081_MTI_HAP_XX.wav,crema_d,1081,MTI,HAP,happy,unspecified,,,16000.0,2.8695,16000.0,3.0,1.2375,,,male,30
1081_MTI_NEU_XX,crema_d_1081_MTI_NEU_XX,1081_MTI_NEU_XX.wav,crema_d,1081,MTI,NEU,neutral,unspecified,,,16000.0,2.56925,16000.0,3.0,0.0,,,male,30
1081_MTI_SAD_XX,crema_d_1081_MTI_SAD_XX,1081_MTI_SAD_XX.wav,crema_d,1081,MTI,SAD,sad,unspecified,,,,,,,,,,male,30
1081_TAI_ANG_XX,crema_d_1081_TAI_ANG_XX,1081_TAI_ANG_XX.wav,crema_d,1081,TAI,ANG,anger,unspecified,,,16000.0,2.06875,16000.0,3.0,0.62875,,,male,30
1081_TAI_DIS_XX,crema_d_1081_TAI_DIS_XX,1081_TAI_DIS_XX.wav,crema_d,1081,TAI,DIS,disgust,unspecified,,,,,,,,,,male,30
1081_TAI_FEA_XX,crema_d_1081_TAI_FEA_XX,1081_TAI_FEA_XX.wav,crema_d,1081,TAI,FEA,fear,unspecified,,,,,,,,,,male,30
1081_TAI_HAP_XX,crema_d_1081_TAI_HAP_XX,1081_TAI_HAP_XX.wav,crema_d,1081,TAI,HAP,happy,unspecified,,,16000.0,2.2755625,16000.0,3.0,0.7075625,,,male,30
1081_TAI_NEU_XX,crema_d_1081_TAI_NEU_XX,1081_TAI_NEU_XX.wav,crema_d,1081,TAI,NEU,neutral,unspecified,,,16000.0,2.43575,16000.0,3.0,0.032,,,male,30
1081_TAI_SAD_XX,crema_d_1081_TAI_SAD_XX,1081_TAI_SAD_XX.wav,crema_d,1081,TAI,SAD,sad,unspecified,,,,,,,,,,male,30
1081_TIE_ANG_XX,crema_d_1081_TIE_ANG_XX,1081_TIE_ANG_XX.wav,crema_d,1081,TIE,ANG,anger,unspecified,,,16000.0,2.7026875,16000.0,3.0,1.0386875,,,male,30
1081_TIE_DIS_XX,crema_d_1081_TIE_DIS_XX,1081_TIE_DIS_XX.wav,crema_d,1081,TIE,DIS,disgust,unspecified,,,,,,,,,,male,30
1081_TIE_FEA_XX,crema_d_1081_TIE_FEA_XX,1081_TIE_FEA_XX.wav,crema_d,1081,TIE,FEA,fear,unspecified,,,,,,,,,,male,30
1081_TIE_HAP_XX,crema_d_1081_TIE_HAP_XX,1081_TIE_HAP_XX.wav,crema_d,1081,TIE,HAP,happy,unspecified,,,16000.0,2.535875,16000.0,3.0,1.319875,,,male,30
1081_TIE_NEU_XX,crema_d_1081_TIE_NEU_XX,1081_TIE_NEU_XX.wav,crema_d,1081,TIE,NEU,neutral,unspecified,,,16000.0,2.06875,16000.0,3.0,0.0,,,male,30
1081_TIE_SAD_XX,crema_d_1081_TIE_SAD_XX,1081_TIE_SAD_XX.wav,crema_d,1081,TIE,SAD,sad,unspecified,,,,,,,,,,male,30
1081_TSI_ANG_XX,crema_d_1081_TSI_ANG_XX,1081_TSI_ANG_XX.wav,crema_d,1081,TSI,ANG,anger,unspecified,,,16000.0,2.1354375,16000.0,3.0,1.1434375,,,male,30
1081_TSI_DIS_XX,crema_d_1081_TSI_DIS_XX,1081_TSI_DIS_XX.wav,crema_d,1081,TSI,DIS,disgust,unspecified,,,,,,,,,,male,30
1081_TSI_FEA_XX,crema_d_1081_TSI_FEA_XX,1081_TSI_FEA_XX.wav,crema_d,1081,TSI,FEA,fear,unspecified,,,,,,,,,,male,30
1081_TSI_HAP_XX,crema_d_1081_TSI_HAP_XX,1081_TSI_HAP_XX.wav,crema_d,1081,TSI,HAP,happy,unspecified,,,16000.0,2.535875,16000.0,3.0,1.063875,,,male,30
1081_TSI_NEU_XX,crema_d_1081_TSI_NEU_XX,1081_TSI_NEU_XX.wav,crema_d,1081,TSI,NEU,neutral,unspecified,,,16000.0,2.3356875,16000.0,3.0,0.0,,,male,30
1081_TSI_SAD_XX,crema_d_1081_TSI_SAD_XX,1081_TSI_SAD_XX.wav,crema_d,1081,TSI,SAD,sad,unspecified,,,,,,,,,,male,30
1081_WSI_ANG_XX,crema_d_1081_WSI_ANG_XX,1081_WSI_ANG_XX.wav,crema_d,1081,WSI,ANG,anger,unspecified,,,16000.0,2.6693125,16000.0,3.0,0.0133125,,,male,30
1081_WSI_DIS_XX,crema_d_1081_WSI_DIS_XX,1081_WSI_DIS_XX.wav,crema_d,1081,WSI,DIS,disgust,unspecified,,,,,,,,,,male,30
1081_WSI_FEA_XX,crema_d_1081_WSI_FEA_XX,1081_WSI_FEA_XX.wav,crema_d,1081,WSI,FEA,fear,unspecified,,,,,,,,,,male,30
1081_WSI_HAP_XX,crema_d_1081_WSI_HAP_XX,1081_WSI_HAP_XX.wav,crema_d,1081,WSI,HAP,happy,unspecified,,,16000.0,3.003,16000.0,3.0,1.499,,,male,30
1081_WSI_NEU_XX,crema_d_1081_WSI_NEU_XX,1081_WSI_NEU_XX.wav,crema_d,1081,WSI,NEU,neutral,unspecified,,,16000.0,2.8028125,16000.0,3.0,0.0,,,male,30
1081_WSI_SAD_XX,crema_d_1081_WSI_SAD_XX,1081_WSI_SAD_XX.wav,crema_d,1081,WSI,SAD,sad,unspecified,,,,,,,,,,male,30
1082_DFA_ANG_XX,crema_d_1082_DFA_ANG_XX,1082_DFA_ANG_XX.wav,crema_d,1082,DFA,ANG,anger,unspecified,,,16000.0,1.8685,16000.0,3.0,0.5245,,,female,20
1082_DFA_DIS_XX,crema_d_1082_DFA_DIS_XX,1082_DFA_DIS_XX.wav,crema_d,1082,DFA,DIS,disgust,unspecified,,,,,,,,,,female,20
1082_DFA_FEA_XX,crema_d_1082_DFA_FEA_XX,1082_DFA_FEA_XX.wav,crema_d,1082,DFA,FEA,fear,unspecified,,,,,,,,,,female,20
1082_DFA_HAP_XX,crema_d_1082_DFA_HAP_XX,1082_DFA_HAP_XX.wav,crema_d,1082,DFA,HAP,happy,unspecified,,,16000.0,1.93525,16000.0,3.0,0.91125,,,female,20
1082_DFA_NEU_XX,crema_d_1082_DFA_NEU_XX,1082_DFA_NEU_XX.wav,crema_d,1082,DFA,NEU,neutral,unspecified,,,16000.0,2.06875,16000.0,3.0,0.85275,,,female,20
1082_DFA_SAD_XX,crema_d_1082_DFA_SAD_XX,1082_DFA_SAD_XX.wav,crema_d,1082,DFA,SAD,sad,unspecified,,,,,,,,,,female,20
1082_IEO_ANG_HI,crema_d_1082_IEO_ANG_HI,1082_IEO_ANG_HI.wav,crema_d,1082,IEO,ANG,anger,high,,,16000.0,2.7360625,16000.0,3.0,1.1680625,,,female,20
1082_IEO_ANG_LO,crema_d_1082_IEO_ANG_LO,1082_IEO_ANG_LO.wav,crema_d,1082,IEO,ANG,anger,low,,,16000.0,2.102125,16000.0,3.0,1.014125,,,female,20
1082_IEO_ANG_MD,crema_d_1082_IEO_ANG_MD,1082_IEO_ANG_MD.wav,crema_d,1082,IEO,ANG,anger,medium,,,16000.0,2.035375,16000.0,3.0,1.043375,,,female,20
1082_IEO_DIS_HI,crema_d_1082_IEO_DIS_HI,1082_IEO_DIS_HI.wav,crema_d,1082,IEO,DIS,disgust,high,,,,,,,,,,female,20
1082_IEO_DIS_LO,crema_d_1082_IEO_DIS_LO,1082_IEO_DIS_LO.wav,crema_d,1082,IEO,DIS,disgust,low,,,,,,,,,,female,20
1082_IEO_DIS_MD,crema_d_1082_IEO_DIS_MD,1082_IEO_DIS_MD.wav,crema_d,1082,IEO,DIS,disgust,medium,,,,,,,,,,female,20
1082_IEO_FEA_HI,crema_d_1082_IEO_FEA_HI,1082_IEO_FEA_HI.wav,crema_d,1082,IEO,FEA,fear,high,,,,,,,,,,female,20
1082_IEO_FEA_LO,crema_d_1082_IEO_FEA_LO,1082_IEO_FEA_LO.wav,crema_d,1082,IEO,FEA,fear,low,,,,,,,,,,female,20
1082_IEO_FEA_MD,crema_d_1082_IEO_FEA_MD,1082_IEO_FEA_MD.wav,crema_d,1082,IEO,FEA,fear,medium,,,,,,,,,,female,20
1082_IEO_HAP_HI,crema_d_1082_IEO_HAP_HI,1082_IEO_HAP_HI.wav,crema_d,1082,IEO,HAP,happy,high,,,16000.0,2.06875,16000.0,3.0,1.01275,,,female,20
1082_IEO_HAP_LO,crema_d_1082_IEO_HAP_LO,1082_IEO_HAP_LO.wav,crema_d,1082,IEO,HAP,happy,low,,,16000.0,2.002,16000.0,3.0,1.138,,,female,20
1082_IEO_HAP_MD,crema_d_1082_IEO_HAP_MD,1082_IEO_HAP_MD.wav,crema_d,1082,IEO,HAP,happy,medium,,,16000.0,1.901875,16000.0,3.0,0.621875,,,female,20
1082_IEO_NEU_XX,crema_d_1082_IEO_NEU_XX,1082_IEO_NEU_XX.wav,crema_d,1082,IEO,NEU,neutral,unspecified,,,16000.0,1.93525,16000.0,3.0,0.07925,,,female,20
1082_IEO_SAD_HI,crema_d_1082_IEO_SAD_HI,1082_IEO_SAD_HI.wav,crema_d,1082,IEO,SAD,sad,high,,,,,,,,,,female,20
1082_IEO_SAD_LO,crema_d_1082_IEO_SAD_LO,1082_IEO_SAD_LO.wav,crema_d,1082,IEO,SAD,sad,low,,,,,,,,,,female,20
1082_IEO_SAD_MD,crema_d_1082_IEO_SAD_MD,1082_IEO_SAD_MD.wav,crema_d,1082,IEO,SAD,sad,medium,,,,,,,,,,female,20
1082_IOM_ANG_XX,crema_d_1082_IOM_ANG_XX,1082_IOM_ANG_XX.wav,crema_d,1082,IOM,ANG,anger,unspecified,,,16000.0,2.43575,16000.0,3.0,0.86775,,,female,20
1082_IOM_DIS_XX,crema_d_1082_IOM_DIS_XX,1082_IOM_DIS_XX.wav,crema_d,1082,IOM,DIS,disgust,unspecified,,,,,,,,,,female,20
1082_IOM_FEA_XX,crema_d_1082_IOM_FEA_XX,1082_IOM_FEA_XX.wav,crema_d,1082,IOM,FEA,fear,unspecified,,,,,,,,,,female,20
1082_IOM_HAP_XX,crema_d_1082_IOM_HAP_XX,1082_IOM_HAP_XX.wav,crema_d,1082,IOM,HAP,happy,unspecified,,,16000.0,2.06875,16000.0,3.0,0.72475,,,female,20
1082_IOM_NEU_XX,crema_d_1082_IOM_NEU_XX,1082_IOM_NEU_XX.wav,crema_d,1082,IOM,NEU,neutral,unspecified,,,16000.0,2.43575,16000.0,3.0,0.89975,,,female,20
1082_IOM_SAD_XX,crema_d_1082_IOM_SAD_XX,1082_IOM_SAD_XX.wav,crema_d,1082,IOM,SAD,sad,unspecified,,,,,,,,,,female,20
1082_ITH_ANG_XX,crema_d_1082_ITH_ANG_XX,1082_ITH_ANG_XX.wav,crema_d,1082,ITH,ANG,anger,unspecified,,,16000.0,2.6359375,16000.0,3.0,0.5239375,,,female,20
1082_ITH_DIS_XX,crema_d_1082_ITH_DIS_XX,1082_ITH_DIS_XX.wav,crema_d,1082,ITH,DIS,disgust,unspecified,,,,,,,,,,female,20
1082_ITH_FEA_XX,crema_d_1082_ITH_FEA_XX,1082_ITH_FEA_XX.wav,crema_d,1082,ITH,FEA,fear,unspecified,,,,,,,,,,female,20
1082_ITH_HAP_XX,crema_d_1082_ITH_HAP_XX,1082_ITH_HAP_XX.wav,crema_d,1082,ITH,HAP,happy,unspecified,,,16000.0,1.968625,16000.0,3.0,0.304625,,,female,20
1082_ITH_NEU_XX,crema_d_1082_ITH_NEU_XX,1082_ITH_NEU_XX.wav,crema_d,1082,ITH,NEU,neutral,unspecified,,,16000.0,2.402375,16000.0,3.0,0.546375,,,female,20
1082_ITH_SAD_XX,crema_d_1082_ITH_SAD_XX,1082_ITH_SAD_XX.wav,crema_d,1082,ITH,SAD,sad,unspecified,,,,,,,,,,female,20
1082_ITS_ANG_XX,crema_d_1082_ITS_ANG_XX,1082_ITS_ANG_XX.wav,crema_d,1082,ITS,ANG,anger,unspecified,,,16000.0,2.06875,16000.0,3.0,0.43675,,,female,20
1082_ITS_DIS_XX,crema_d_1082_ITS_DIS_XX,1082_ITS_DIS_XX.wav,crema_d,1082,ITS,DIS,disgust,unspecified,,,,,,,,,,female,20
1082_ITS_FEA_XX,crema_d_1082_ITS_FEA_XX,1082_ITS_FEA_XX.wav,crema_d,1082,ITS,FEA,fear,unspecified,,,,,,,,,,female,20
1082_ITS_HAP_XX,crema_d_1082_ITS_HAP_XX,1082_ITS_HAP_XX.wav,crema_d,1082,ITS,HAP,happy,unspecified,,,16000.0,1.93525,16000.0,3.0,0.52725,,,female,20
1082_ITS_NEU_XX,crema_d_1082_ITS_NEU_XX,1082_ITS_NEU_XX.wav,crema_d,1082,ITS,NEU,neutral,unspecified,,,16000.0,2.2021875,16000.0,3.0,0.7301875,,,female,20
1082_ITS_SAD_XX,crema_d_1082_ITS_SAD_XX,1082_ITS_SAD_XX.wav,crema_d,1082,ITS,SAD,sad,unspecified,,,,,,,,,,female,20
1082_IWL_ANG_XX,crema_d_1082_IWL_ANG_XX,1082_IWL_ANG_XX.wav,crema_d,1082,IWL,ANG,anger,unspecified,,,16000.0,2.7694375,16000.0,3.0,0.8174375,,,female,20
1082_IWL_DIS_XX,crema_d_1082_IWL_DIS_XX,1082_IWL_DIS_XX.wav,crema_d,1082,IWL,DIS,disgust,unspecified,,,,,,,,,,female,20
1082_IWL_FEA_XX,crema_d_1082_IWL_FEA_XX,1082_IWL_FEA_XX.wav,crema_d,1082,IWL,FEA,fear,unspecified,,,,,,,,,,female,20
1082_IWL_HAP_XX,crema_d_1082_IWL_HAP_XX,1082_IWL_HAP_XX.wav,crema_d,1082,IWL,HAP,happy,unspecified,,,16000.0,2.2755625,16000.0,3.0,0.8995625,,,female,20
1082_IWL_NEU_XX,crema_d_1082_IWL_NEU_XX,1082_IWL_NEU_XX.wav,crema_d,1082,IWL,NEU,neutral,unspecified,,,16000.0,2.035375,16000.0,3.0,0.499375,,,female,20
1082_IWL_SAD_XX,crema_d_1082_IWL_SAD_XX,1082_IWL_SAD_XX.wav,crema_d,1082,IWL,SAD,sad,unspecified,,,,,,,,,,female,20
1082_IWW_ANG_XX,crema_d_1082_IWW_ANG_XX,1082_IWW_ANG_XX.wav,crema_d,1082,IWW,ANG,anger,unspecified,,,16000.0,2.1354375,16000.0,3.0,0.5354375,,,female,20
1082_IWW_DIS_XX,crema_d_1082_IWW_DIS_XX,1082_IWW_DIS_XX.wav,crema_d,1082,IWW,DIS,disgust,unspecified,,,,,,,,,,female,20
1082_IWW_FEA_XX,crema_d_1082_IWW_FEA_XX,1082_IWW_FEA_XX.wav,crema_d,1082,IWW,FEA,fear,unspecified,,,,,,,,,,female,20
1082_IWW_HAP_XX,crema_d_1082_IWW_HAP_XX,1082_IWW_HAP_XX.wav,crema_d,1082,IWW,HAP,happy,unspecified,,,16000.0,2.06875,16000.0,3.0,0.75675,,,female,20
1082_IWW_NEU_XX,crema_d_1082_IWW_NEU_XX,1082_IWW_NEU_XX.wav,crema_d,1082,IWW,NEU,neutral,unspecified,,,16000.0,2.535875,16000.0,3.0,1.319875,,,female,20
1082_IWW_SAD_XX,crema_d_1082_IWW_SAD_XX,1082_IWW_SAD_XX.wav,crema_d,1082,IWW,SAD,sad,unspecified,,,,,,,,,,female,20
1082_MTI_ANG_XX,crema_d_1082_MTI_ANG_XX,1082_MTI_ANG_XX.wav,crema_d,1082,MTI,ANG,anger,unspecified,,,16000.0,2.6359375,16000.0,3.0,0.7159375,,,female,20
1082_MTI_DIS_XX,crema_d_1082_MTI_DIS_XX,1082_MTI_DIS_XX.wav,crema_d,1082,MTI,DIS,disgust,unspecified,,,,,,,,,,female,20
1082_MTI_FEA_XX,crema_d_1082_MTI_FEA_XX,1082_MTI_FEA_XX.wav,crema_d,1082,MTI,FEA,fear,unspecified,,,,,,,,,,female,20
1082_MTI_HAP_XX,crema_d_1082_MTI_HAP_XX,1082_MTI_HAP_XX.wav,crema_d,1082,MTI,HAP,happy,unspecified,,,16000.0,2.035375,16000.0,3.0,0.435375,,,female,20
1082_MTI_NEU_XX,crema_d_1082_MTI_NEU_XX,1082_MTI_NEU_XX.wav,crema_d,1082,MTI,NEU,neutral,unspecified,,,16000.0,2.2755625,16000.0,3.0,0.5475625,,,female,20
1082_MTI_SAD_XX,crema_d_1082_MTI_SAD_XX,1082_MTI_SAD_XX.wav,crema_d,1082,MTI,SAD,sad,unspecified,,,,,,,,,,female,20
1082_TAI_ANG_XX,crema_d_1082_TAI_ANG_XX,1082_TAI_ANG_XX.wav,crema_d,1082,TAI,ANG,anger,unspecified,,,16000.0,2.402375,16000.0,3.0,0.770375,,,female,20
1082_TAI_DIS_XX,crema_d_1082_TAI_DIS_XX,1082_TAI_DIS_XX.wav,crema_d,1082,TAI,DIS,disgust,unspecified,,,,,,,,,,female,20
1082_TAI_FEA_XX,crema_d_1082_TAI_FEA_XX,1082_TAI_FEA_XX.wav,crema_d,1082,TAI,FEA,fear,unspecified,,,,,,,,,,female,20
1082_TAI_HAP_XX,crema_d_1082_TAI_HAP_XX,1082_TAI_HAP_XX.wav,crema_d,1082,TAI,HAP,happy,unspecified,,,16000.0,2.035375,16000.0,3.0,0.595375,,,female,20
1082_TAI_NEU_XX,crema_d_1082_TAI_NEU_XX,1082_TAI_NEU_XX.wav,crema_d,1082,TAI,NEU,neutral,unspecified,,,16000.0,2.102125,16000.0,3.0,0.534125,,,female,20
1082_TAI_SAD_XX,crema_d_1082_TAI_SAD_XX,1082_TAI_SAD_XX.wav,crema_d,1082,TAI,SAD,sad,unspecified,,,,,,,,,,female,20
1082_TIE_ANG_XX,crema_d_1082_TIE_ANG_XX,1082_TIE_ANG_XX.wav,crema_d,1082,TIE,ANG,anger,unspecified,,,16000.0,3.2031875,16000.0,3.0,0.9631875,,,female,20
1082_TIE_DIS_XX,crema_d_1082_TIE_DIS_XX,1082_TIE_DIS_XX.wav,crema_d,1082,TIE,DIS,disgust,unspecified,,,,,,,,,,female,20
1082_TIE_FEA_XX,crema_d_1082_TIE_FEA_XX,1082_TIE_FEA_XX.wav,crema_d,1082,TIE,FEA,fear,unspecified,,,,,,,,,,female,20
1082_TIE_HAP_XX,crema_d_1082_TIE_HAP_XX,1082_TIE_HAP_XX.wav,crema_d,1082,TIE,HAP,happy,unspecified,,,16000.0,2.2689375,16000.0,3.0,0.8289375,,,female,20
1082_TIE_NEU_XX,crema_d_1082_TIE_NEU_XX,1082_TIE_NEU_XX.wav,crema_d,1082,TIE,NEU,neutral,unspecified,,,16000.0,2.6693125,16000.0,3.0,1.1973125,,,female,20
1082_TIE_SAD_XX,crema_d_1082_TIE_SAD_XX,1082_TIE_SAD_XX.wav,crema_d,1082,TIE,SAD,sad,unspecified,,,,,,,,,,female,20
1082_TSI_ANG_XX,crema_d_1082_TSI_ANG_XX,1082_TSI_ANG_XX.wav,crema_d,1082,TSI,ANG,anger,unspecified,,,16000.0,2.002,16000.0,3.0,0.69,,,female,20
1082_TSI_DIS_XX,crema_d_1082_TSI_DIS_XX,1082_TSI_DIS_XX.wav,crema_d,1082,TSI,DIS,disgust,unspecified,,,,,,,,,,female,20
1082_TSI_FEA_XX,crema_d_1082_TSI_FEA_XX,1082_TSI_FEA_XX.wav,crema_d,1082,TSI,FEA,fear,unspecified,,,,,,,,,,female,20
1082_TSI_HAP_XX,crema_d_1082_TSI_HAP_XX,1082_TSI_HAP_XX.wav,crema_d,1082,TSI,HAP,happy,unspecified,,,16000.0,1.601625,16000.0,3.0,0.545625,,,female,20
1082_TSI_NEU_XX,crema_d_1082_TSI_NEU_XX,1082_TSI_NEU_XX.wav,crema_d,1082,TSI,NEU,neutral,unspecified,,,16000.0,2.1688125,16000.0,3.0,1.0488125,,,female,20
1082_TSI_SAD_XX,crema_d_1082_TSI_SAD_XX,1082_TSI_SAD_XX.wav,crema_d,1082,TSI,SAD,sad,unspecified,,,,,,,,,,female,20
1082_WSI_ANG_XX,crema_d_1082_WSI_ANG_XX,1082_WSI_ANG_XX.wav,crema_d,1082,WSI,ANG,anger,unspecified,,,16000.0,2.43575,16000.0,3.0,0.32375,,,female,20
1082_WSI_DIS_XX,crema_d_1082_WSI_DIS_XX,1082_WSI_DIS_XX.wav,crema_d,1082,WSI,DIS,disgust,unspecified,,,,,,,,,,female,20
1082_WSI_FEA_XX,crema_d_1082_WSI_FEA_XX,1082_WSI_FEA_XX.wav,crema_d,1082,WSI,FEA,fear,unspecified,,,,,,,,,,female,20
1082_WSI_HAP_XX,crema_d_1082_WSI_HAP_XX,1082_WSI_HAP_XX.wav,crema_d,1082,WSI,HAP,happy,unspecified,,,16000.0,2.1688125,16000.0,3.0,0.5048125,,,female,20
1082_WSI_NEU_XX,crema_d_1082_WSI_NEU_XX,1082_WSI_NEU_XX.wav,crema_d,1082,WSI,NEU,neutral,unspecified,,,16000.0,2.1688125,16000.0,3.0,0.4728125,,,female,20
1082_WSI_SAD_XX,crema_d_1082_WSI_SAD_XX,1082_WSI_SAD_XX.wav,crema_d,1082,WSI,SAD,sad,unspecified,,,,,,,,,,female,20
1083_DFA_ANG_XX,crema_d_1083_DFA_ANG_XX,1083_DFA_ANG_XX.wav,crema_d,1083,DFA,ANG,anger,unspecified,,,16000.0,2.969625,16000.0,3.0,0.665625,,,male,45
1083_DFA_DIS_XX,crema_d_1083_DFA_DIS_XX,1083_DFA_DIS_XX.wav,crema_d,1083,DFA,DIS,disgust,unspecified,,,,,,,,,,male,45
1083_DFA_FEA_XX,crema_d_1083_DFA_FEA_XX,1083_DFA_FEA_XX.wav,crema_d,1083,DFA,FEA,fear,unspecified,,,,,,,,,,male,45
1083_DFA_HAP_XX,crema_d_1083_DFA_HAP_XX,1083_DFA_HAP_XX.wav,crema_d,1083,DFA,HAP,happy,unspecified,,,16000.0,2.2755625,16000.0,3.0,1.1555625,,,male,45
1083_DFA_NEU_XX,crema_d_1083_DFA_NEU_XX,1083_DFA_NEU_XX.wav,crema_d,1083,DFA,NEU,neutral,unspecified,,,16000.0,2.035375,16000.0,3.0,0.883375,,,male,45
1083_DFA_SAD_XX,crema_d_1083_DFA_SAD_XX,1083_DFA_SAD_XX.wav,crema_d,1083,DFA,SAD,sad,unspecified,,,,,,,,,,male,45
1083_IEO_ANG_HI,crema_d_1083_IEO_ANG_HI,1083_IEO_ANG_HI.wav,crema_d,1083,IEO,ANG,anger,high,,,16000.0,3.970625,16000.0,3.0,1.282625,,,male,45
1083_IEO_ANG_LO,crema_d_1083_IEO_ANG_LO,1083_IEO_ANG_LO.wav,crema_d,1083,IEO,ANG,anger,low,,,16000.0,2.2689375,16000.0,3.0,0.5089375,,,male,45
1083_IEO_ANG_MD,crema_d_1083_IEO_ANG_MD,1083_IEO_ANG_MD.wav,crema_d,1083,IEO,ANG,anger,medium,,,16000.0,2.002,16000.0,3.0,0.53,,,male,45
1083_IEO_DIS_HI,crema_d_1083_IEO_DIS_HI,1083_IEO_DIS_HI.wav,crema_d,1083,IEO,DIS,disgust,high,,,,,,,,,,male,45
1083_IEO_DIS_LO,crema_d_1083_IEO_DIS_LO,1083_IEO_DIS_LO.wav,crema_d,1083,IEO,DIS,disgust,low,,,,,,,,,,male,45
1083_IEO_DIS_MD,crema_d_1083_IEO_DIS_MD,1083_IEO_DIS_MD.wav,crema_d,1083,IEO,DIS,disgust,medium,,,,,,,,,,male,45
1083_IEO_FEA_HI,crema_d_1083_IEO_FEA_HI,1083_IEO_FEA_HI.wav,crema_d,1083,IEO,FEA,fear,high,,,,,,,,,,male,45
1083_IEO_FEA_LO,crema_d_1083_IEO_FEA_LO,1083_IEO_FEA_LO.wav,crema_d,1083,IEO,FEA,fear,low,,,,,,,,,,male,45
1083_IEO_FEA_MD,crema_d_1083_IEO_FEA_MD,1083_IEO_FEA_MD.wav,crema_d,1083,IEO,FEA,fear,medium,,,,,,,,,,male,45
1083_IEO_HAP_HI,crema_d_1083_IEO_HAP_HI,1083_IEO_HAP_HI.wav,crema_d,1083,IEO,HAP,happy,high,,,16000.0,1.601625,16000.0,3.0,0.513625,,,male,45
1083_IEO_HAP_LO,crema_d_1083_IEO_HAP_LO,1083_IEO_HAP_LO.wav,crema_d,1083,IEO,HAP,happy,low,,,16000.0,1.7684375,16000.0,3.0,0.9044375,,,male,45
1083_IEO_HAP_MD,crema_d_1083_IEO_HAP_MD,1083_IEO_HAP_MD.wav,crema_d,1083,IEO,HAP,happy,medium,,,16000.0,2.56925,16000.0,3.0,0.42525,,,male,45
1083_IEO_NEU_XX,crema_d_1083_IEO_NEU_XX,1083_IEO_NEU_XX.wav,crema_d,1083,IEO,NEU,neutral,unspecified,,,16000.0,2.06875,16000.0,3.0,0.0,,,male,45
1083_IEO_SAD_HI,crema_d_1083_IEO_SAD_HI,1083_IEO_SAD_HI.wav,crema_d,1083,IEO,SAD,sad,high,,,,,,,,,,male,45
1083_IEO_SAD_LO,crema_d_1083_IEO_SAD_LO,1083_IEO_SAD_LO.wav,crema_d,1083,IEO,SAD,sad,low,,,,,,,,,,male,45
1083_IEO_SAD_MD,crema_d_1083_IEO_SAD_MD,1083_IEO_SAD_MD.wav,crema_d,1083,IEO,SAD,sad,medium,,,,,,,,,,male,45
1083_IOM_ANG_XX,crema_d_1083_IOM_ANG_XX,1083_IOM_ANG_XX.wav,crema_d,1083,IOM,ANG,anger,unspecified,,,16000.0,3.2699375,16000.0,3.0,1.1579375,,,male,45
1083_IOM_DIS_XX,crema_d_1083_IOM_DIS_XX,1083_IOM_DIS_XX.wav,crema_d,1083,IOM,DIS,disgust,unspecified,,,,,,,,,,male,45
1083_IOM_FEA_XX,crema_d_1083_IOM_FEA_XX,1083_IOM_FEA_XX.wav,crema_d,1083,IOM,FEA,fear,unspecified,,,,,,,,,,male,45
1083_IOM_HAP_XX,crema_d_1083_IOM_HAP_XX,1083_IOM_HAP_XX.wav,crema_d,1083,IOM,HAP,happy,unspecified,,,16000.0,2.06875,16000.0,3.0,0.78875,,,male,45
1083_IOM_NEU_XX,crema_d_1083_IOM_NEU_XX,1083_IOM_NEU_XX.wav,crema_d,1083,IOM,NEU,neutral,unspecified,,,16000.0,2.535875,16000.0,3.0,0.775875,,,male,45
1083_IOM_SAD_XX,crema_d_1083_IOM_SAD_XX,1083_IOM_SAD_XX.wav,crema_d,1083,IOM,SAD,sad,unspecified,,,,,,,,,,male,45
1083_ITH_ANG_XX,crema_d_1083_ITH_ANG_XX,1083_ITH_ANG_XX.wav,crema_d,1083,ITH,ANG,anger,unspecified,,,16000.0,3.1698125,16000.0,3.0,1.0258125,,,male,45
1083_ITH_DIS_XX,crema_d_1083_ITH_DIS_XX,1083_ITH_DIS_XX.wav,crema_d,1083,ITH,DIS,disgust,unspecified,,,,,,,,,,male,45
1083_ITH_FEA_XX,crema_d_1083_ITH_FEA_XX,1083_ITH_FEA_XX.wav,crema_d,1083,ITH,FEA,fear,unspecified,,,,,,,,,,male,45
1083_ITH_HAP_XX,crema_d_1083_ITH_HAP_XX,1083_ITH_HAP_XX.wav,crema_d,1083,ITH,HAP,happy,unspecified,,,16000.0,2.2689375,16000.0,3.0,0.6369375,,,male,45
1083_ITH_NEU_XX,crema_d_1083_ITH_NEU_XX,1083_ITH_NEU_XX.wav,crema_d,1083,ITH,NEU,neutral,unspecified,,,16000.0,2.602625,16000.0,3.0,1.066625,,,male,45
1083_ITH_SAD_XX,crema_d_1083_ITH_SAD_XX,1083_ITH_SAD_XX.wav,crema_d,1083,ITH,SAD,sad,unspecified,,,,,,,,,,male,45
1083_ITS_ANG_XX,crema_d_1083_ITS_ANG_XX,1083_ITS_ANG_XX.wav,crema_d,1083,ITS,ANG,anger,unspecified,,,16000.0,2.7360625,16000.0,3.0,0.9440625,,,male,45
1083_ITS_DIS_XX,crema_d_1083_ITS_DIS_XX,1083_ITS_DIS_XX.wav,crema_d,1083,ITS,DIS,disgust,unspecified,,,,,,,,,,male,45
1083_ITS_FEA_XX,crema_d_1083_ITS_FEA_XX,1083_ITS_FEA_XX.wav,crema_d,1083,ITS,FEA,fear,unspecified,,,,,,,,,,male,45
1083_ITS_HAP_XX,crema_d_1083_ITS_HAP_XX,1083_ITS_HAP_XX.wav,crema_d,1083,ITS,HAP,happy,unspecified,,,16000.0,2.2755625,16000.0,3.0,0.8675625,,,male,45
1083_ITS_NEU_XX,crema_d_1083_ITS_NEU_XX,1083_ITS_NEU_XX.wav,crema_d,1083,ITS,NEU,neutral,unspecified,,,16000.0,2.602625,16000.0,3.0,1.098625,,,male,45
1083_ITS_SAD_XX,crema_d_1083_ITS_SAD_XX,1083_ITS_SAD_XX.wav,crema_d,1083,ITS,SAD,sad,unspecified,,,,,,,,,,male,45
1083_IWL_ANG_XX,crema_d_1083_IWL_ANG_XX,1083_IWL_ANG_XX.wav,crema_d,1083,IWL,ANG,anger,unspecified,,,16000.0,3.7036875,16000.0,3.0,0.8876875,,,male,45
1083_IWL_DIS_XX,crema_d_1083_IWL_DIS_XX,1083_IWL_DIS_XX.wav,crema_d,1083,IWL,DIS,disgust,unspecified,,,,,,,,,,male,45
1083_IWL_FEA_XX,crema_d_1083_IWL_FEA_XX,1083_IWL_FEA_XX.wav,crema_d,1083,IWL,FEA,fear,unspecified,,,,,,,,,,male,45
1083_IWL_HAP_XX,crema_d_1083_IWL_HAP_XX,1083_IWL_HAP_XX.wav,crema_d,1083,IWL,HAP,happy,unspecified,,,16000.0,2.8028125,16000.0,3.0,1.2348125,,,male,45
1083_IWL_NEU_XX,crema_d_1083_IWL_NEU_XX,1083_IWL_NEU_XX.wav,crema_d,1083,IWL,NEU,neutral,unspecified,,,16000.0,2.602625,16000.0,3.0,1.002625,,,male,45
1083_IWL_SAD_XX,crema_d_1083_IWL_SAD_XX,1083_IWL_SAD_XX.wav,crema_d,1083,IWL,SAD,sad,unspecified,,,,,,,,,,male,45
1083_IWW_ANG_XX,crema_d_1083_IWW_ANG_XX,1083_IWW_ANG_XX.wav,crema_d,1083,IWW,ANG,anger,unspecified,,,16000.0,2.969625,16000.0,3.0,1.017625,,,male,45
1083_IWW_DIS_XX,crema_d_1083_IWW_DIS_XX,1083_IWW_DIS_XX.wav,crema_d,1083,IWW,DIS,disgust,unspecified,,,,,,,,,,male,45
1083_IWW_FEA_XX,crema_d_1083_IWW_FEA_XX,1083_IWW_FEA_XX.wav,crema_d,1083,IWW,FEA,fear,unspecified,,,,,,,,,,male,45
1083_IWW_HAP_XX,crema_d_1083_IWW_HAP_XX,1083_IWW_HAP_XX.wav,crema_d,1083,IWW,HAP,happy,unspecified,,,16000.0,2.1354375,16000.0,3.0,0.7594375,,,male,45
1083_IWW_NEU_XX,crema_d_1083_IWW_NEU_XX,1083_IWW_NEU_XX.wav,crema_d,1083,IWW,NEU,neutral,unspecified,,,16000.0,2.3023125,16000.0,3.0,0.1583125,,,male,45
1083_IWW_SAD_XX,crema_d_1083_IWW_SAD_XX,1083_IWW_SAD_XX.wav,crema_d,1083,IWW,SAD,sad,unspecified,,,,,,,,,,male,45
1083_MTI_ANG_XX,crema_d_1083_MTI_ANG_XX,1083_MTI_ANG_XX.wav,crema_d,1083,MTI,ANG,anger,unspecified,,,16000.0,3.7370625,16000.0,3.0,1.2410625,,,male,45
1083_MTI_DIS_XX,crema_d_1083_MTI_DIS_XX,1083_MTI_DIS_XX.wav,crema_d,1083,MTI,DIS,disgust,unspecified,,,,,,,,,,male,45
1083_MTI_FEA_XX,crema_d_1083_MTI_FEA_XX,1083_MTI_FEA_XX.wav,crema_d,1083,MTI,FEA,fear,unspecified,,,,,,,,,,male,45
1083_MTI_HAP_XX,crema_d_1083_MTI_HAP_XX,1083_MTI_HAP_XX.wav,crema_d,1083,MTI,HAP,happy,unspecified,,,16000.0,2.6359375,16000.0,3.0,1.0039375,,,male,45
1083_MTI_NEU_XX,crema_d_1083_MTI_NEU_XX,1083_MTI_NEU_XX.wav,crema_d,1083,MTI,NEU,neutral,unspecified,,,16000.0,2.7026875,16000.0,3.0,0.4946875,,,male,45
1083_MTI_SAD_XX,crema_d_1083_MTI_SAD_XX,1083_MTI_SAD_XX.wav,crema_d,1083,MTI,SAD,sad,unspecified,,,,,,,,,,male,45
1083_TAI_ANG_XX,crema_d_1083_TAI_ANG_XX,1083_TAI_ANG_XX.wav,crema_d,1083,TAI,ANG,anger,unspecified,,,16000.0,2.6693125,16000.0,3.0,0.9733125,,,male,45
1083_TAI_DIS_XX,crema_d_1083_TAI_DIS_XX,1083_TAI_DIS_XX.wav,crema_d,1083,TAI,DIS,disgust,unspecified,,,,,,,,,,male,45
1083_TAI_FEA_XX,crema_d_1083_TAI_FEA_XX,1083_TAI_FEA_XX.wav,crema_d,1083,TAI,FEA,fear,unspecified,,,,,,,,,,male,45
1083_TAI_HAP_XX,crema_d_1083_TAI_HAP_XX,1083_TAI_HAP_XX.wav,crema_d,1083,TAI,HAP,happy,unspecified,,,16000.0,2.3023125,16000.0,3.0,0.7343125,,,male,45
1083_TAI_NEU_XX,crema_d_1083_TAI_NEU_XX,1083_TAI_NEU_XX.wav,crema_d,1083,TAI,NEU,neutral,unspecified,,,16000.0,1.7016875,16000.0,3.0,0.0696875,,,male,45
1083_TAI_SAD_XX,crema_d_1083_TAI_SAD_XX,1083_TAI_SAD_XX.wav,crema_d,1083,TAI,SAD,sad,unspecified,,,,,,,,,,male,45
1083_TIE_ANG_XX,crema_d_1083_TIE_ANG_XX,1083_TIE_ANG_XX.wav,crema_d,1083,TIE,ANG,anger,unspecified,,,16000.0,3.37,16000.0,3.0,1.29,,,male,45
1083_TIE_DIS_XX,crema_d_1083_TIE_DIS_XX,1083_TIE_DIS_XX.wav,crema_d,1083,TIE,DIS,disgust,unspecified,,,,,,,,,,male,45
1083_TIE_FEA_XX,crema_d_1083_TIE_FEA_XX,1083_TIE_FEA_XX.wav,crema_d,1083,TIE,FEA,fear,unspecified,,,,,,,,,,male,45
1083_TIE_HAP_XX,crema_d_1083_TIE_HAP_XX,1083_TIE_HAP_XX.wav,crema_d,1083,TIE,HAP,happy,unspecified,,,16000.0,2.93625,16000.0,3.0,1.08025,,,male,45
1083_TIE_NEU_XX,crema_d_1083_TIE_NEU_XX,1083_TIE_NEU_XX.wav,crema_d,1083,TIE,NEU,neutral,unspecified,,,16000.0,2.93625,16000.0,3.0,0.08825,,,male,45
1083_TIE_SAD_XX,crema_d_1083_TIE_SAD_XX,1083_TIE_SAD_XX.wav,crema_d,1083,TIE,SAD,sad,unspecified,,,,,,,,,,male,45
1083_TSI_ANG_XX,crema_d_1083_TSI_ANG_XX,1083_TSI_ANG_XX.wav,crema_d,1083,TSI,ANG,anger,unspecified,,,16000.0,2.8028125,16000.0,3.0,0.8828125,,,male,45
1083_TSI_DIS_XX,crema_d_1083_TSI_DIS_XX,1083_TSI_DIS_XX.wav,crema_d,1083,TSI,DIS,disgust,unspecified,,,,,,,,,,male,45
1083_TSI_FEA_XX,crema_d_1083_TSI_FEA_XX,1083_TSI_FEA_XX.wav,crema_d,1083,TSI,FEA,fear,unspecified,,,,,,,,,,male,45
1083_TSI_HAP_XX,crema_d_1083_TSI_HAP_XX,1083_TSI_HAP_XX.wav,crema_d,1083,TSI,HAP,happy,unspecified,,,16000.0,2.8695,16000.0,3.0,1.1415,,,male,45
1083_TSI_NEU_XX,crema_d_1083_TSI_NEU_XX,1083_TSI_NEU_XX.wav,crema_d,1083,TSI,NEU,neutral,unspecified,,,16000.0,2.8361875,16000.0,3.0,1.3641875,,,male,45
1083_TSI_SAD_XX,crema_d_1083_TSI_SAD_XX,1083_TSI_SAD_XX.wav,crema_d,1083,TSI,SAD,sad,unspecified,,,,,,,,,,male,45
1083_WSI_ANG_XX,crema_d_1083_WSI_ANG_XX,1083_WSI_ANG_XX.wav,crema_d,1083,WSI,ANG,anger,unspecified,,,16000.0,2.402375,16000.0,3.0,0.450375,,,male,45
1083_WSI_DIS_XX,crema_d_1083_WSI_DIS_XX,1083_WSI_DIS_XX.wav,crema_d,1083,WSI,DIS,disgust,unspecified,,,,,,,,,,male,45
1083_WSI_FEA_XX,crema_d_1083_WSI_FEA_XX,1083_WSI_FEA_XX.wav,crema_d,1083,WSI,FEA,fear,unspecified,,,,,,,,,,male,45
1083_WSI_HAP_XX,crema_d_1083_WSI_HAP_XX,1083_WSI_HAP_XX.wav,crema_d,1083,WSI,HAP,happy,unspecified,,,16000.0,2.2755625,16000.0,3.0,0.9315625,,,male,45
1083_WSI_NEU_XX,crema_d_1083_WSI_NEU_XX,1083_WSI_NEU_XX.wav,crema_d,1083,WSI,NEU,neutral,unspecified,,,16000.0,2.2755625,16000.0,3.0,0.6435625,,,male,45
1083_WSI_SAD_XX,crema_d_1083_WSI_SAD_XX,1083_WSI_SAD_XX.wav,crema_d,1083,WSI,SAD,sad,unspecified,,,,,,,,,,male,45
1084_DFA_ANG_XX,crema_d_1084_DFA_ANG_XX,1084_DFA_ANG_XX.wav,crema_d,1084,DFA,ANG,anger,unspecified,,,16000.0,2.2755625,16000.0,3.0,0.8035625,,,female,46
1084_DFA_DIS_XX,crema_d_1084_DFA_DIS_XX,1084_DFA_DIS_XX.wav,crema_d,1084,DFA,DIS,disgust,unspecified,,,,,,,,,,female,46
1084_DFA_FEA_XX,crema_d_1084_DFA_FEA_XX,1084_DFA_FEA_XX.wav,crema_d,1084,DFA,FEA,fear,unspecified,,,,,,,,,,female,46
1084_DFA_HAP_XX,crema_d_1084_DFA_HAP_XX,1084_DFA_HAP_XX.wav,crema_d,1084,DFA,HAP,happy,unspecified,,,16000.0,2.2755625,16000.0,3.0,1.0595625,,,female,46
1084_DFA_NEU_XX,crema_d_1084_DFA_NEU_XX,1084_DFA_NEU_XX.wav,crema_d,1084,DFA,NEU,neutral,unspecified,,,16000.0,1.93525,16000.0,3.0,0.68725,,,female,46
1084_DFA_SAD_XX,crema_d_1084_DFA_SAD_XX,1084_DFA_SAD_XX.wav,crema_d,1084,DFA,SAD,sad,unspecified,,,,,,,,,,female,46
1084_IEO_ANG_HI,crema_d_1084_IEO_ANG_HI,1084_IEO_ANG_HI.wav,crema_d,1084,IEO,ANG,anger,high,,,16000.0,2.5025,16000.0,3.0,1.1265,,,female,46
1084_IEO_ANG_LO,crema_d_1084_IEO_ANG_LO,1084_IEO_ANG_LO.wav,crema_d,1084,IEO,ANG,anger,low,,,16000.0,2.3356875,16000.0,3.0,0.9276875,,,female,46
1084_IEO_ANG_MD,crema_d_1084_IEO_ANG_MD,1084_IEO_ANG_MD.wav,crema_d,1084,IEO,ANG,anger,medium,,,16000.0,2.469125,16000.0,3.0,0.965125,,,female,46
1084_IEO_DIS_HI,crema_d_1084_IEO_DIS_HI,1084_IEO_DIS_HI.wav,crema_d,1084,IEO,DIS,disgust,high,,,,,,,,,,female,46
1084_IEO_DIS_LO,crema_d_1084_IEO_DIS_LO,1084_IEO_DIS_LO.wav,crema_d,1084,IEO,DIS,disgust,low,,,,,,,,,,female,46
1084_IEO_DIS_MD,crema_d_1084_IEO_DIS_MD,1084_IEO_DIS_MD.wav,crema_d,1084,IEO,DIS,disgust,medium,,,,,,,,,,female,46
1084_IEO_FEA_HI,crema_d_1084_IEO_FEA_HI,1084_IEO_FEA_HI.wav,crema_d,1084,IEO,FEA,fear,high,,,,,,,,,,female,46
1084_IEO_FEA_LO,crema_d_1084_IEO_FEA_LO,1084_IEO_FEA_LO.wav,crema_d,1084,IEO,FEA,fear,low,,,,,,,,,,female,46
1084_IEO_FEA_MD,crema_d_1084_IEO_FEA_MD,1084_IEO_FEA_MD.wav,crema_d,1084,IEO,FEA,fear,medium,,,,,,,,,,female,46
1084_IEO_HAP_HI,crema_d_1084_IEO_HAP_HI,1084_IEO_HAP_HI.wav,crema_d,1084,IEO,HAP,happy,high,,,16000.0,2.5025,16000.0,3.0,1.4465,,,female,46
1084_IEO_HAP_LO,crema_d_1084_IEO_HAP_LO,1084_IEO_HAP_LO.wav,crema_d,1084,IEO,HAP,happy,low,,,16000.0,2.2021875,16000.0,3.0,1.2741875,,,female,46
1084_IEO_HAP_MD,crema_d_1084_IEO_HAP_MD,1084_IEO_HAP_MD.wav,crema_d,1084,IEO,HAP,happy,medium,,,16000.0,2.3356875,16000.0,3.0,0.0636875,,,female,46
1084_IEO_NEU_XX,crema_d_1084_IEO_NEU_XX,1084_IEO_NEU_XX.wav,crema_d,1084,IEO,NEU,neutral,unspecified,,,16000.0,1.7350625,16000.0,3.0,0.1030625,,,female,46
1084_IEO_SAD_HI,crema_d_1084_IEO_SAD_HI,1084_IEO_SAD_HI.wav,crema_d,1084,IEO,SAD,sad,high,,,,,,,,,,female,46
1084_IEO_SAD_LO,crema_d_1084_IEO_SAD_LO,1084_IEO_SAD_LO.wav,crema_d,1084,IEO,SAD,sad,low,,,,,,,,,,female,46
1084_IEO_SAD_MD,crema_d_1084_IEO_SAD_MD,1084_IEO_SAD_MD.wav,crema_d,1084,IEO,SAD,sad,medium,,,,,,,,,,female,46
1084_IOM_ANG_XX,crema_d_1084_IOM_ANG_XX,1084_IOM_ANG_XX.wav,crema_d,1084,IOM,ANG,anger,unspecified,,,16000.0,2.43575,16000.0,3.0,0.67575,,,female,46
1084_IOM_DIS_XX,crema_d_1084_IOM_DIS_XX,1084_IOM_DIS_XX.wav,crema_d,1084,IOM,DIS,disgust,unspecified,,,,,,,,,,female,46
1084_IOM_FEA_XX,crema_d_1084_IOM_FEA_XX,1084_IOM_FEA_XX.wav,crema_d,1084,IOM,FEA,fear,unspecified,,,,,,,,,,female,46
1084_IOM_HAP_XX,crema_d_1084_IOM_HAP_XX,1084_IOM_HAP_XX.wav,crema_d,1084,IOM,HAP,happy,unspecified,,,16000.0,2.1354375,16000.0,3.0,0.5354375,,,female,46
1084_IOM_NEU_XX,crema_d_1084_IOM_NEU_XX,1084_IOM_NEU_XX.wav,crema_d,1084,IOM,NEU,neutral,unspecified,,,16000.0,1.93525,16000.0,3.0,0.52725,,,female,46
1084_IOM_SAD_XX,crema_d_1084_IOM_SAD_XX,1084_IOM_SAD_XX.wav,crema_d,1084,IOM,SAD,sad,unspecified,,,,,,,,,,female,46
1084_ITH_ANG_XX,crema_d_1084_ITH_ANG_XX,1084_ITH_ANG_XX.wav,crema_d,1084,ITH,ANG,anger,unspecified,,,16000.0,2.8361875,16000.0,3.0,0.1481875,,,female,46
1084_ITH_DIS_XX,crema_d_1084_ITH_DIS_XX,1084_ITH_DIS_XX.wav,crema_d,1084,ITH,DIS,disgust,unspecified,,,,,,,,,,female,46
1084_ITH_FEA_XX,crema_d_1084_ITH_FEA_XX,1084_ITH_FEA_XX.wav,crema_d,1084,ITH,FEA,fear,unspecified,,,,,,,,,,female,46
1084_ITH_HAP_XX,crema_d_1084_ITH_HAP_XX,1084_ITH_HAP_XX.wav,crema_d,1084,ITH,HAP,happy,unspecified,,,16000.0,2.8361875,16000.0,3.0,0.064,,,female,46
1084_ITH_NEU_XX,crema_d_1084_ITH_NEU_XX,1084_ITH_NEU_XX.wav,crema_d,1084,ITH,NEU,neutral,unspecified,,,16000.0,2.6359375,16000.0,3.0,0.4279375,,,female,46
1084_ITH_SAD_XX,crema_d_1084_ITH_SAD_XX,1084_ITH_SAD_XX.wav,crema_d,1084,ITH,SAD,sad,unspecified,,,,,,,,,,female,46
1084_ITS_ANG_XX,crema_d_1084_ITS_ANG_XX,1084_ITS_ANG_XX.wav,crema_d,1084,ITS,ANG,anger,unspecified,,,16000.0,2.93625,16000.0,3.0,0.66425,,,female,46
1084_ITS_DIS_XX,crema_d_1084_ITS_DIS_XX,1084_ITS_DIS_XX.wav,crema_d,1084,ITS,DIS,disgust,unspecified,,,,,,,,,,female,46
1084_ITS_FEA_XX,crema_d_1084_ITS_FEA_XX,1084_ITS_FEA_XX.wav,crema_d,1084,ITS,FEA,fear,unspecified,,,,,,,,,,female,46
1084_ITS_HAP_XX,crema_d_1084_ITS_HAP_XX,1084_ITS_HAP_XX.wav,crema_d,1084,ITS,HAP,happy,unspecified,,,16000.0,2.602625,16000.0,3.0,0.906625,,,female,46
1084_ITS_NEU_XX,crema_d_1084_ITS_NEU_XX,1084_ITS_NEU_XX.wav,crema_d,1084,ITS,NEU,neutral,unspecified,,,16000.0,2.3356875,16000.0,3.0,0.7676875,,,female,46
1084_ITS_SAD_XX,crema_d_1084_ITS_SAD_XX,1084_ITS_SAD_XX.wav,crema_d,1084,ITS,SAD,sad,unspecified,,,,,,,,,,female,46
1084_IWL_ANG_XX,crema_d_1084_IWL_ANG_XX,1084_IWL_ANG_XX.wav,crema_d,1084,IWL,ANG,anger,unspecified,,,16000.0,3.43675,16000.0,3.0,1.22875,,,female,46
1084_IWL_DIS_XX,crema_d_1084_IWL_DIS_XX,1084_IWL_DIS_XX.wav,crema_d,1084,IWL,DIS,disgust,unspecified,,,,,,,,,,female,46
1084_IWL_FEA_XX,crema_d_1084_IWL_FEA_XX,1084_IWL_FEA_XX.wav,crema_d,1084,IWL,FEA,fear,unspecified,,,,,,,,,,female,46
1084_IWL_HAP_XX,crema_d_1084_IWL_HAP_XX,1084_IWL_HAP_XX.wav,crema_d,1084,IWL,HAP,happy,unspecified,,,16000.0,3.1698125,16000.0,3.0,1.3458125,,,female,46
1084_IWL_NEU_XX,crema_d_1084_IWL_NEU_XX,1084_IWL_NEU_XX.wav,crema_d,1084,IWL,NEU,neutral,unspecified,,,16000.0,2.402375,16000.0,3.0,0.706375,,,female,46
1084_IWL_SAD_XX,crema_d_1084_IWL_SAD_XX,1084_IWL_SAD_XX.wav,crema_d,1084,IWL,SAD,sad,unspecified,,,,,,,,,,female,46
1084_IWW_ANG_XX,crema_d_1084_IWW_ANG_XX,1084_IWW_ANG_XX.wav,crema_d,1084,IWW,ANG,anger,unspecified,,,16000.0,2.5025,16000.0,3.0,0.8065,,,female,46
1084_IWW_DIS_XX,crema_d_1084_IWW_DIS_XX,1084_IWW_DIS_XX.wav,crema_d,1084,IWW,DIS,disgust,unspecified,,,,,,,,,,female,46
1084_IWW_FEA_XX,crema_d_1084_IWW_FEA_XX,1084_IWW_FEA_XX.wav,crema_d,1084,IWW,FEA,fear,unspecified,,,,,,,,,,female,46
1084_IWW_HAP_XX,crema_d_1084_IWW_HAP_XX,1084_IWW_HAP_XX.wav,crema_d,1084,IWW,HAP,happy,unspecified,,,16000.0,2.6693125,16000.0,3.0,0.0,,,female,46
1084_IWW_NEU_XX,crema_d_1084_IWW_NEU_XX,1084_IWW_NEU_XX.wav,crema_d,1084,IWW,NEU,neutral,unspecified,,,16000.0,2.2755625,16000.0,3.0,0.7395625,,,female,46
1084_IWW_SAD_XX,crema_d_1084_IWW_SAD_XX,1084_IWW_SAD_XX.wav,crema_d,1084,IWW,SAD,sad,unspecified,,,,,,,,,,female,46
1084_MTI_ANG_XX,crema_d_1084_MTI_ANG_XX,1084_MTI_ANG_XX.wav,crema_d,1084,MTI,ANG,anger,unspecified,,,16000.0,3.1364375,16000.0,3.0,1.2804375,,,female,46
1084_MTI_DIS_XX,crema_d_1084_MTI_DIS_XX,1084_MTI_DIS_XX.wav,crema_d,1084,MTI,DIS,disgust,unspecified,,,,,,,,,,female,46
1084_MTI_FEA_XX,crema_d_1084_MTI_FEA_XX,1084_MTI_FEA_XX.wav,crema_d,1084,MTI,FEA,fear,unspecified,,,,,,,,,,female,46
1084_MTI_HAP_XX,crema_d_1084_MTI_HAP_XX,1084_MTI_HAP_XX.wav,crema_d,1084,MTI,HAP,happy,unspecified,,,16000.0,3.103125,16000.0,3.0,0.0,,,female,46
1084_MTI_NEU_XX,crema_d_1084_MTI_NEU_XX,1084_MTI_NEU_XX.wav,crema_d,1084,MTI,NEU,neutral,unspecified,,,16000.0,2.56925,16000.0,3.0,0.80925,,,female,46
1084_MTI_SAD_XX,crema_d_1084_MTI_SAD_XX,1084_MTI_SAD_XX.wav,crema_d,1084,MTI,SAD,sad,unspecified,,,,,,,,,,female,46
1084_TAI_ANG_XX,crema_d_1084_TAI_ANG_XX,1084_TAI_ANG_XX.wav,crema_d,1084,TAI,ANG,anger,unspecified,,,16000.0,2.535875,16000.0,3.0,0.711875,,,female,46
1084_TAI_DIS_XX,crema_d_1084_TAI_DIS_XX,1084_TAI_DIS_XX.wav,crema_d,1084,TAI,DIS,disgust,unspecified,,,,,,,,,,female,46
1084_TAI_FEA_XX,crema_d_1084_TAI_FEA_XX,1084_TAI_FEA_XX.wav,crema_d,1084,TAI,FEA,fear,unspecified,,,,,,,,,,female,46
1084_TAI_HAP_XX,crema_d_1084_TAI_HAP_XX,1084_TAI_HAP_XX.wav,crema_d,1084,TAI,HAP,happy,unspecified,,,16000.0,2.93625,16000.0,3.0,0.0,,,female,46
1084_TAI_NEU_XX,crema_d_1084_TAI_NEU_XX,1084_TAI_NEU_XX.wav,crema_d,1084,TAI,NEU,neutral,unspecified,,,16000.0,2.43575,16000.0,3.0,0.61175,,,female,46
1084_TAI_SAD_XX,crema_d_1084_TAI_SAD_XX,1084_TAI_SAD_XX.wav,crema_d,1084,TAI,SAD,sad,unspecified,,,,,,,,,,female,46
1084_TIE_ANG_XX,crema_d_1084_TIE_ANG_XX,1084_TIE_ANG_XX.wav,crema_d,1084,TIE,ANG,anger,unspecified,,,16000.0,2.6693125,16000.0,3.0,0.9733125,,,female,46
1084_TIE_DIS_XX,crema_d_1084_TIE_DIS_XX,1084_TIE_DIS_XX.wav,crema_d,1084,TIE,DIS,disgust,unspecified,,,,,,,,,,female,46
1084_TIE_FEA_XX,crema_d_1084_TIE_FEA_XX,1084_TIE_FEA_XX.wav,crema_d,1084,TIE,FEA,fear,unspecified,,,,,,,,,,female,46
1084_TIE_HAP_XX,crema_d_1084_TIE_HAP_XX,1084_TIE_HAP_XX.wav,crema_d,1084,TIE,HAP,happy,unspecified,,,16000.0,2.602625,16000.0,3.0,0.714625,,,female,46
1084_TIE_NEU_XX,crema_d_1084_TIE_NEU_XX,1084_TIE_NEU_XX.wav,crema_d,1084,TIE,NEU,neutral,unspecified,,,16000.0,2.93625,16000.0,3.0,0.12025,,,female,46
1084_TIE_SAD_XX,crema_d_1084_TIE_SAD_XX,1084_TIE_SAD_XX.wav,crema_d,1084,TIE,SAD,sad,unspecified,,,,,,,,,,female,46
1084_TSI_ANG_XX,crema_d_1084_TSI_ANG_XX,1084_TSI_ANG_XX.wav,crema_d,1084,TSI,ANG,anger,unspecified,,,16000.0,2.8361875,16000.0,3.0,1.2361875,,,female,46
1084_TSI_DIS_XX,crema_d_1084_TSI_DIS_XX,1084_TSI_DIS_XX.wav,crema_d,1084,TSI,DIS,disgust,unspecified,,,,,,,,,,female,46
1084_TSI_FEA_XX,crema_d_1084_TSI_FEA_XX,1084_TSI_FEA_XX.wav,crema_d,1084,TSI,FEA,fear,unspecified,,,,,,,,,,female,46
1084_TSI_HAP_XX,crema_d_1084_TSI_HAP_XX,1084_TSI_HAP_XX.wav,crema_d,1084,TSI,HAP,happy,unspecified,,,16000.0,3.06975,16000.0,3.0,0.95775,,,female,46
1084_TSI_NEU_XX,crema_d_1084_TSI_NEU_XX,1084_TSI_NEU_XX.wav,crema_d,1084,TSI,NEU,neutral,unspecified,,,16000.0,2.5025,16000.0,3.0,1.0305,,,female,46
1084_TSI_SAD_XX,crema_d_1084_TSI_SAD_XX,1084_TSI_SAD_XX.wav,crema_d,1084,TSI,SAD,sad,unspecified,,,,,,,,,,female,46
1084_WSI_ANG_XX,crema_d_1084_WSI_ANG_XX,1084_WSI_ANG_XX.wav,crema_d,1084,WSI,ANG,anger,unspecified,,,16000.0,3.6703125,16000.0,3.0,1.2703125,,,female,46
1084_WSI_DIS_XX,crema_d_1084_WSI_DIS_XX,1084_WSI_DIS_XX.wav,crema_d,1084,WSI,DIS,disgust,unspecified,,,,,,,,,,female,46
1084_WSI_FEA_XX,crema_d_1084_WSI_FEA_XX,1084_WSI_FEA_XX.wav,crema_d,1084,WSI,FEA,fear,unspecified,,,,,,,,,,female,46
1084_WSI_HAP_XX,crema_d_1084_WSI_HAP_XX,1084_WSI_HAP_XX.wav,crema_d,1084,WSI,HAP,happy,unspecified,,,16000.0,2.8028125,16000.0,3.0,1.1068125,,,female,46
1084_WSI_NEU_XX,crema_d_1084_WSI_NEU_XX,1084_WSI_NEU_XX.wav,crema_d,1084,WSI,NEU,neutral,unspecified,,,16000.0,2.469125,16000.0,3.0,0.581125,,,female,46
1084_WSI_SAD_XX,crema_d_1084_WSI_SAD_XX,1084_WSI_SAD_XX.wav,crema_d,1084,WSI,SAD,sad,unspecified,,,,,,,,,,female,46
1085_DFA_ANG_XX,crema_d_1085_DFA_ANG_XX,1085_DFA_ANG_XX.wav,crema_d,1085,DFA,ANG,anger,unspecified,,,16000.0,2.2755625,16000.0,3.0,0.8355625,,,male,34
1085_DFA_DIS_XX,crema_d_1085_DFA_DIS_XX,1085_DFA_DIS_XX.wav,crema_d,1085,DFA,DIS,disgust,unspecified,,,,,,,,,,male,34
1085_DFA_FEA_XX,crema_d_1085_DFA_FEA_XX,1085_DFA_FEA_XX.wav,crema_d,1085,DFA,FEA,fear,unspecified,,,,,,,,,,male,34
1085_DFA_HAP_XX,crema_d_1085_DFA_HAP_XX,1085_DFA_HAP_XX.wav,crema_d,1085,DFA,HAP,happy,unspecified,,,16000.0,1.8018125,16000.0,3.0,0.8418125,,,male,34
1085_DFA_NEU_XX,crema_d_1085_DFA_NEU_XX,1085_DFA_NEU_XX.wav,crema_d,1085,DFA,NEU,neutral,unspecified,,,16000.0,2.102125,16000.0,3.0,0.054125,,,male,34
1085_DFA_SAD_XX,crema_d_1085_DFA_SAD_XX,1085_DFA_SAD_XX.wav,crema_d,1085,DFA,SAD,sad,unspecified,,,,,,,,,,male,34
1085_IEO_ANG_HI,crema_d_1085_IEO_ANG_HI,1085_IEO_ANG_HI.wav,crema_d,1085,IEO,ANG,anger,high,,,16000.0,1.6683125,16000.0,3.0,0.256,,,male,34
1085_IEO_ANG_LO,crema_d_1085_IEO_ANG_LO,1085_IEO_ANG_LO.wav,crema_d,1085,IEO,ANG,anger,low,,,16000.0,2.035375,16000.0,3.0,1.203375,,,male,34
1085_IEO_ANG_MD,crema_d_1085_IEO_ANG_MD,1085_IEO_ANG_MD.wav,crema_d,1085,IEO,ANG,anger,medium,,,16000.0,2.402375,16000.0,3.0,0.738375,,,male,34
1085_IEO_DIS_HI,crema_d_1085_IEO_DIS_HI,1085_IEO_DIS_HI.wav,crema_d,1085,IEO,DIS,disgust,high,,,,,,,,,,male,34
1085_IEO_DIS_LO,crema_d_1085_IEO_DIS_LO,1085_IEO_DIS_LO.wav,crema_d,1085,IEO,DIS,disgust,low,,,,,,,,,,male,34
1085_IEO_DIS_MD,crema_d_1085_IEO_DIS_MD,1085_IEO_DIS_MD.wav,crema_d,1085,IEO,DIS,disgust,medium,,,,,,,,,,male,34
1085_IEO_FEA_HI,crema_d_1085_IEO_FEA_HI,1085_IEO_FEA_HI.wav,crema_d,1085,IEO,FEA,fear,high,,,,,,,,,,male,34
1085_IEO_FEA_LO,crema_d_1085_IEO_FEA_LO,1085_IEO_FEA_LO.wav,crema_d,1085,IEO,FEA,fear,low,,,,,,,,,,male,34
1085_IEO_FEA_MD,crema_d_1085_IEO_FEA_MD,1085_IEO_FEA_MD.wav,crema_d,1085,IEO,FEA,fear,medium,,,,,,,,,,male,34
1085_IEO_HAP_HI,crema_d_1085_IEO_HAP_HI,1085_IEO_HAP_HI.wav,crema_d,1085,IEO,HAP,happy,high,,,16000.0,2.1688125,16000.0,3.0,1.2088125,,,male,34
1085_IEO_HAP_LO,crema_d_1085_IEO_HAP_LO,1085_IEO_HAP_LO.wav,crema_d,1085,IEO,HAP,happy,low,,,16000.0,1.93525,16000.0,3.0,1.26325,,,male,34
1085_IEO_HAP_MD,crema_d_1085_IEO_HAP_MD,1085_IEO_HAP_MD.wav,crema_d,1085,IEO,HAP,happy,medium,,,16000.0,2.002,16000.0,3.0,0.018,,,male,34
1085_IEO_NEU_XX,crema_d_1085_IEO_NEU_XX,1085_IEO_NEU_XX.wav,crema_d,1085,IEO,NEU,neutral,unspecified,,,16000.0,2.035375,16000.0,3.0,0.051375,,,male,34
1085_IEO_SAD_HI,crema_d_1085_IEO_SAD_HI,1085_IEO_SAD_HI.wav,crema_d,1085,IEO,SAD,sad,high,,,,,,,,,,male,34
1085_IEO_SAD_LO,crema_d_1085_IEO_SAD_LO,1085_IEO_SAD_LO.wav,crema_d,1085,IEO,SAD,sad,low,,,,,,,,,,male,34
1085_IEO_SAD_MD,crema_d_1085_IEO_SAD_MD,1085_IEO_SAD_MD.wav,crema_d,1085,IEO,SAD,sad,medium,,,,,,,,,,male,34
1085_IOM_ANG_XX,crema_d_1085_IOM_ANG_XX,1085_IOM_ANG_XX.wav,crema_d,1085,IOM,ANG,anger,unspecified,,,16000.0,2.1354375,16000.0,3.0,0.8874375,,,male,34
1085_IOM_DIS_XX,crema_d_1085_IOM_DIS_XX,1085_IOM_DIS_XX.wav,crema_d,1085,IOM,DIS,disgust,unspecified,,,,,,,,,,male,34
1085_IOM_FEA_XX,crema_d_1085_IOM_FEA_XX,1085_IOM_FEA_XX.wav,crema_d,1085,IOM,FEA,fear,unspecified,,,,,,,,,,male,34
1085_IOM_HAP_XX,crema_d_1085_IOM_HAP_XX,1085_IOM_HAP_XX.wav,crema_d,1085,IOM,HAP,happy,unspecified,,,16000.0,1.968625,16000.0,3.0,0.400625,,,male,34
1085_IOM_NEU_XX,crema_d_1085_IOM_NEU_XX,1085_IOM_NEU_XX.wav,crema_d,1085,IOM,NEU,neutral,unspecified,,,16000.0,1.3346875,16000.0,3.0,0.0546875,,,male,34
1085_IOM_SAD_XX,crema_d_1085_IOM_SAD_XX,1085_IOM_SAD_XX.wav,crema_d,1085,IOM,SAD,sad,unspecified,,,,,,,,,,male,34
1085_ITH_ANG_XX,crema_d_1085_ITH_ANG_XX,1085_ITH_ANG_XX.wav,crema_d,1085,ITH,ANG,anger,unspecified,,,16000.0,2.6359375,16000.0,3.0,0.6839375,,,male,34
1085_ITH_DIS_XX,crema_d_1085_ITH_DIS_XX,1085_ITH_DIS_XX.wav,crema_d,1085,ITH,DIS,disgust,unspecified,,,,,,,,,,male,34
1085_ITH_FEA_XX,crema_d_1085_ITH_FEA_XX,1085_ITH_FEA_XX.wav,crema_d,1085,ITH,FEA,fear,unspecified,,,,,,,,,,male,34
1085_ITH_HAP_XX,crema_d_1085_ITH_HAP_XX,1085_ITH_HAP_XX.wav,crema_d,1085,ITH,HAP,happy,unspecified,,,16000.0,2.3356875,16000.0,3.0,0.9916875,,,male,34
1085_ITH_NEU_XX,crema_d_1085_ITH_NEU_XX,1085_ITH_NEU_XX.wav,crema_d,1085,ITH,NEU,neutral,unspecified,,,16000.0,2.8361875,16000.0,3.0,0.0841875,,,male,34
1085_ITH_SAD_XX,crema_d_1085_ITH_SAD_XX,1085_ITH_SAD_XX.wav,crema_d,1085,ITH,SAD,sad,unspecified,,,,,,,,,,male,34
1085_ITS_ANG_XX,crema_d_1085_ITS_ANG_XX,1085_ITS_ANG_XX.wav,crema_d,1085,ITS,ANG,anger,unspecified,,,16000.0,2.1354375,16000.0,3.0,0.5674375,,,male,34
1085_ITS_DIS_XX,crema_d_1085_ITS_DIS_XX,1085_ITS_DIS_XX.wav,crema_d,1085,ITS,DIS,disgust,unspecified,,,,,,,,,,male,34
1085_ITS_FEA_XX,crema_d_1085_ITS_FEA_XX,1085_ITS_FEA_XX.wav,crema_d,1085,ITS,FEA,fear,unspecified,,,,,,,,,,male,34
1085_ITS_HAP_XX,crema_d_1085_ITS_HAP_XX,1085_ITS_HAP_XX.wav,crema_d,1085,ITS,HAP,happy,unspecified,,,16000.0,2.402375,16000.0,3.0,0.898375,,,male,34
1085_ITS_NEU_XX,crema_d_1085_ITS_NEU_XX,1085_ITS_NEU_XX.wav,crema_d,1085,ITS,NEU,neutral,unspecified,,,16000.0,2.1354375,16000.0,3.0,0.1194375,,,male,34
1085_ITS_SAD_XX,crema_d_1085_ITS_SAD_XX,1085_ITS_SAD_XX.wav,crema_d,1085,ITS,SAD,sad,unspecified,,,,,,,,,,male,34
1085_IWL_ANG_XX,crema_d_1085_IWL_ANG_XX,1085_IWL_ANG_XX.wav,crema_d,1085,IWL,ANG,anger,unspecified,,,16000.0,2.902875,16000.0,3.0,0.758875,,,male,34
1085_IWL_DIS_XX,crema_d_1085_IWL_DIS_XX,1085_IWL_DIS_XX.wav,crema_d,1085,IWL,DIS,disgust,unspecified,,,,,,,,,,male,34
1085_IWL_FEA_XX,crema_d_1085_IWL_FEA_XX,1085_IWL_FEA_XX.wav,crema_d,1085,IWL,FEA,fear,unspecified,,,,,,,,,,male,34
1085_IWL_HAP_XX,crema_d_1085_IWL_HAP_XX,1085_IWL_HAP_XX.wav,crema_d,1085,IWL,HAP,happy,unspecified,,,16000.0,2.3356875,16000.0,3.0,0.7676875,,,male,34
1085_IWL_NEU_XX,crema_d_1085_IWL_NEU_XX,1085_IWL_NEU_XX.wav,crema_d,1085,IWL,NEU,neutral,unspecified,,,16000.0,1.93525,16000.0,3.0,0.064,,,male,34
1085_IWL_SAD_XX,crema_d_1085_IWL_SAD_XX,1085_IWL_SAD_XX.wav,crema_d,1085,IWL,SAD,sad,unspecified,,,,,,,,,,male,34
1085_IWW_ANG_XX,crema_d_1085_IWW_ANG_XX,1085_IWW_ANG_XX.wav,crema_d,1085,IWW,ANG,anger,unspecified,,,16000.0,2.602625,16000.0,3.0,1.002625,,,male,34
1085_IWW_DIS_XX,crema_d_1085_IWW_DIS_XX,1085_IWW_DIS_XX.wav,crema_d,1085,IWW,DIS,disgust,unspecified,,,,,,,,,,male,34
1085_IWW_FEA_XX,crema_d_1085_IWW_FEA_XX,1085_IWW_FEA_XX.wav,crema_d,1085,IWW,FEA,fear,unspecified,,,,,,,,,,male,34
1085_IWW_HAP_XX,crema_d_1085_IWW_HAP_XX,1085_IWW_HAP_XX.wav,crema_d,1085,IWW,HAP,happy,unspecified,,,16000.0,2.535875,16000.0,3.0,0.0,,,male,34
1085_IWW_NEU_XX,crema_d_1085_IWW_NEU_XX,1085_IWW_NEU_XX.wav,crema_d,1085,IWW,NEU,neutral,unspecified,,,16000.0,2.402375,16000.0,3.0,0.034375,,,male,34
1085_IWW_SAD_XX,crema_d_1085_IWW_SAD_XX,1085_IWW_SAD_XX.wav,crema_d,1085,IWW,SAD,sad,unspecified,,,,,,,,,,male,34
1085_MTI_ANG_XX,crema_d_1085_MTI_ANG_XX,1085_MTI_ANG_XX.wav,crema_d,1085,MTI,ANG,anger,unspecified,,,16000.0,2.035375,16000.0,3.0,0.659375,,,male,34
1085_MTI_DIS_XX,crema_d_1085_MTI_DIS_XX,1085_MTI_DIS_XX.wav,crema_d,1085,MTI,DIS,disgust,unspecified,,,,,,,,,,male,34
1085_MTI_FEA_XX,crema_d_1085_MTI_FEA_XX,1085_MTI_FEA_XX.wav,crema_d,1085,MTI,FEA,fear,unspecified,,,,,,,,,,male,34
1085_MTI_HAP_XX,crema_d_1085_MTI_HAP_XX,1085_MTI_HAP_XX.wav,crema_d,1085,MTI,HAP,happy,unspecified,,,16000.0,2.369,16000.0,3.0,1.057,,,male,34
1085_MTI_NEU_XX,crema_d_1085_MTI_NEU_XX,1085_MTI_NEU_XX.wav,crema_d,1085,MTI,NEU,neutral,unspecified,,,16000.0,2.2021875,16000.0,3.0,0.064,,,male,34
1085_MTI_SAD_XX,crema_d_1085_MTI_SAD_XX,1085_MTI_SAD_XX.wav,crema_d,1085,MTI,SAD,sad,unspecified,,,,,,,,,,male,34
1085_TAI_ANG_XX,crema_d_1085_TAI_ANG_XX,1085_TAI_ANG_XX.wav,crema_d,1085,TAI,ANG,anger,unspecified,,,16000.0,2.6359375,16000.0,3.0,1.0679375,,,male,34
1085_TAI_DIS_XX,crema_d_1085_TAI_DIS_XX,1085_TAI_DIS_XX.wav,crema_d,1085,TAI,DIS,disgust,unspecified,,,,,,,,,,male,34
1085_TAI_FEA_XX,crema_d_1085_TAI_FEA_XX,1085_TAI_FEA_XX.wav,crema_d,1085,TAI,FEA,fear,unspecified,,,,,,,,,,male,34
1085_TAI_HAP_XX,crema_d_1085_TAI_HAP_XX,1085_TAI_HAP_XX.wav,crema_d,1085,TAI,HAP,happy,unspecified,,,16000.0,2.402375,16000.0,3.0,0.962375,,,male,34
1085_TAI_NEU_XX,crema_d_1085_TAI_NEU_XX,1085_TAI_NEU_XX.wav,crema_d,1085,TAI,NEU,neutral,unspecified,,,16000.0,2.2689375,16000.0,3.0,0.0,,,male,34
1085_TAI_SAD_XX,crema_d_1085_TAI_SAD_XX,1085_TAI_SAD_XX.wav,crema_d,1085,TAI,SAD,sad,unspecified,,,,,,,,,,male,34
1085_TIE_ANG_XX,crema_d_1085_TIE_ANG_XX,1085_TIE_ANG_XX.wav,crema_d,1085,TIE,ANG,anger,unspecified,,,16000.0,2.7026875,16000.0,3.0,1.1666875,,,male,34
1085_TIE_DIS_XX,crema_d_1085_TIE_DIS_XX,1085_TIE_DIS_XX.wav,crema_d,1085,TIE,DIS,disgust,unspecified,,,,,,,,,,male,34
1085_TIE_FEA_XX,crema_d_1085_TIE_FEA_XX,1085_TIE_FEA_XX.wav,crema_d,1085,TIE,FEA,fear,unspecified,,,,,,,,,,male,34
1085_TIE_HAP_XX,crema_d_1085_TIE_HAP_XX,1085_TIE_HAP_XX.wav,crema_d,1085,TIE,HAP,happy,unspecified,,,16000.0,2.469125,16000.0,3.0,0.037125,,,male,34
1085_TIE_NEU_XX,crema_d_1085_TIE_NEU_XX,1085_TIE_NEU_XX.wav,crema_d,1085,TIE,NEU,neutral,unspecified,,,16000.0,2.3023125,16000.0,3.0,0.3503125,,,male,34
1085_TIE_SAD_XX,crema_d_1085_TIE_SAD_XX,1085_TIE_SAD_XX.wav,crema_d,1085,TIE,SAD,sad,unspecified,,,,,,,,,,male,34
1085_TSI_ANG_XX,crema_d_1085_TSI_ANG_XX,1085_TSI_ANG_XX.wav,crema_d,1085,TSI,ANG,anger,unspecified,,,16000.0,2.43575,16000.0,3.0,1.18775,,,male,34
1085_TSI_DIS_XX,crema_d_1085_TSI_DIS_XX,1085_TSI_DIS_XX.wav,crema_d,1085,TSI,DIS,disgust,unspecified,,,,,,,,,,male,34
1085_TSI_FEA_XX,crema_d_1085_TSI_FEA_XX,1085_TSI_FEA_XX.wav,crema_d,1085,TSI,FEA,fear,unspecified,,,,,,,,,,male,34
1085_TSI_HAP_XX,crema_d_1085_TSI_HAP_XX,1085_TSI_HAP_XX.wav,crema_d,1085,TSI,HAP,happy,unspecified,,,16000.0,2.002,16000.0,3.0,1.074,,,male,34
1085_TSI_NEU_XX,crema_d_1085_TSI_NEU_XX,1085_TSI_NEU_XX.wav,crema_d,1085,TSI,NEU,neutral,unspecified,,,16000.0,1.8685,16000.0,3.0,0.032,,,male,34
1085_TSI_SAD_XX,crema_d_1085_TSI_SAD_XX,1085_TSI_SAD_XX.wav,crema_d,1085,TSI,SAD,sad,unspecified,,,,,,,,,,male,34
1085_WSI_ANG_XX,crema_d_1085_WSI_ANG_XX,1085_WSI_ANG_XX.wav,crema_d,1085,WSI,ANG,anger,unspecified,,,16000.0,2.8695,16000.0,3.0,0.7895,,,male,34
1085_WSI_DIS_XX,crema_d_1085_WSI_DIS_XX,1085_WSI_DIS_XX.wav,crema_d,1085,WSI,DIS,disgust,unspecified,,,,,,,,,,male,34
1085_WSI_FEA_XX,crema_d_1085_WSI_FEA_XX,1085_WSI_FEA_XX.wav,crema_d,1085,WSI,FEA,fear,unspecified,,,,,,,,,,male,34
1085_WSI_HAP_XX,crema_d_1085_WSI_HAP_XX,1085_WSI_HAP_XX.wav,crema_d,1085,WSI,HAP,happy,unspecified,,,16000.0,2.43575,16000.0,3.0,0.80375,,,male,34
1085_WSI_NEU_XX,crema_d_1085_WSI_NEU_XX,1085_WSI_NEU_XX.wav,crema_d,1085,WSI,NEU,neutral,unspecified,,,16000.0,2.3023125,16000.0,3.0,0.2223125,,,male,34
1085_WSI_SAD_XX,crema_d_1085_WSI_SAD_XX,1085_WSI_SAD_XX.wav,crema_d,1085,WSI,SAD,sad,unspecified,,,,,,,,,,male,34
1086_DFA_ANG_XX,crema_d_1086_DFA_ANG_XX,1086_DFA_ANG_XX.wav,crema_d,1086,DFA,ANG,anger,unspecified,,,16000.0,2.1354375,16000.0,3.0,0.9834375,,,male,33
1086_DFA_DIS_XX,crema_d_1086_DFA_DIS_XX,1086_DFA_DIS_XX.wav,crema_d,1086,DFA,DIS,disgust,unspecified,,,,,,,,,,male,33
1086_DFA_FEA_XX,crema_d_1086_DFA_FEA_XX,1086_DFA_FEA_XX.wav,crema_d,1086,DFA,FEA,fear,unspecified,,,,,,,,,,male,33
1086_DFA_HAP_XX,crema_d_1086_DFA_HAP_XX,1086_DFA_HAP_XX.wav,crema_d,1086,DFA,HAP,happy,unspecified,,,16000.0,2.535875,16000.0,3.0,1.639875,,,male,33
1086_DFA_NEU_XX,crema_d_1086_DFA_NEU_XX,1086_DFA_NEU_XX.wav,crema_d,1086,DFA,NEU,neutral,unspecified,,,16000.0,1.8685,16000.0,3.0,0.6525,,,male,33
1086_DFA_SAD_XX,crema_d_1086_DFA_SAD_XX,1086_DFA_SAD_XX.wav,crema_d,1086,DFA,SAD,sad,unspecified,,,,,,,,,,male,33
1086_IEO_ANG_HI,crema_d_1086_IEO_ANG_HI,1086_IEO_ANG_HI.wav,crema_d,1086,IEO,ANG,anger,high,,,16000.0,2.43575,16000.0,3.0,1.09175,,,male,33
1086_IEO_ANG_LO,crema_d_1086_IEO_ANG_LO,1086_IEO_ANG_LO.wav,crema_d,1086,IEO,ANG,anger,low,,,16000.0,2.8028125,16000.0,3.0,0.6268125,,,male,33
1086_IEO_ANG_MD,crema_d_1086_IEO_ANG_MD,1086_IEO_ANG_MD.wav,crema_d,1086,IEO,ANG,anger,medium,,,16000.0,2.7360625,16000.0,3.0,1.1360625,,,male,33
1086_IEO_DIS_HI,crema_d_1086_IEO_DIS_HI,1086_IEO_DIS_HI.wav,crema_d,1086,IEO,DIS,disgust,high,,,,,,,,,,male,33
1086_IEO_DIS_LO,crema_d_1086_IEO_DIS_LO,1086_IEO_DIS_LO.wav,crema_d,1086,IEO,DIS,disgust,low,,,,,,,,,,male,33
1086_IEO_DIS_MD,crema_d_1086_IEO_DIS_MD,1086_IEO_DIS_MD.wav,crema_d,1086,IEO,DIS,disgust,medium,,,,,,,,,,male,33
1086_IEO_FEA_HI,crema_d_1086_IEO_FEA_HI,1086_IEO_FEA_HI.wav,crema_d,1086,IEO,FEA,fear,high,,,,,,,,,,male,33
1086_IEO_FEA_LO,crema_d_1086_IEO_FEA_LO,1086_IEO_FEA_LO.wav,crema_d,1086,IEO,FEA,fear,low,,,,,,,,,,male,33
1086_IEO_FEA_MD,crema_d_1086_IEO_FEA_MD,1086_IEO_FEA_MD.wav,crema_d,1086,IEO,FEA,fear,medium,,,,,,,,,,male,33
1086_IEO_HAP_HI,crema_d_1086_IEO_HAP_HI,1086_IEO_HAP_HI.wav,crema_d,1086,IEO,HAP,happy,high,,,16000.0,1.8685,16000.0,3.0,0.9725,,,male,33
1086_IEO_HAP_LO,crema_d_1086_IEO_HAP_LO,1086_IEO_HAP_LO.wav,crema_d,1086,IEO,HAP,happy,low,,,16000.0,1.901875,16000.0,3.0,0.013875,,,male,33
1086_IEO_HAP_MD,crema_d_1086_IEO_HAP_MD,1086_IEO_HAP_MD.wav,crema_d,1086,IEO,HAP,happy,medium,,,16000.0,2.6359375,16000.0,3.0,0.1079375,,,male,33
1086_IEO_NEU_XX,crema_d_1086_IEO_NEU_XX,1086_IEO_NEU_XX.wav,crema_d,1086,IEO,NEU,neutral,unspecified,,,16000.0,2.3023125,16000.0,3.0,0.9583125,,,male,33
1086_IEO_SAD_HI,crema_d_1086_IEO_SAD_HI,1086_IEO_SAD_HI.wav,crema_d,1086,IEO,SAD,sad,high,,,,,,,,,,male,33
1086_IEO_SAD_LO,crema_d_1086_IEO_SAD_LO,1086_IEO_SAD_LO.wav,crema_d,1086,IEO,SAD,sad,low,,,,,,,,,,male,33
1086_IEO_SAD_MD,crema_d_1086_IEO_SAD_MD,1086_IEO_SAD_MD.wav,crema_d,1086,IEO,SAD,sad,medium,,,,,,,,,,male,33
1086_IOM_ANG_XX,crema_d_1086_IOM_ANG_XX,1086_IOM_ANG_XX.wav,crema_d,1086,IOM,ANG,anger,unspecified,,,16000.0,2.369,16000.0,3.0,0.737,,,male,33
1086_IOM_DIS_XX,crema_d_1086_IOM_DIS_XX,1086_IOM_DIS_XX.wav,crema_d,1086,IOM,DIS,disgust,unspecified,,,,,,,,,,male,33
1086_IOM_FEA_XX,crema_d_1086_IOM_FEA_XX,1086_IOM_FEA_XX.wav,crema_d,1086,IOM,FEA,fear,unspecified,,,,,,,,,,male,33
1086_IOM_HAP_XX,crema_d_1086_IOM_HAP_XX,1086_IOM_HAP_XX.wav,crema_d,1086,IOM,HAP,happy,unspecified,,,16000.0,2.002,16000.0,3.0,0.082,,,male,33
1086_IOM_NEU_XX,crema_d_1086_IOM_NEU_XX,1086_IOM_NEU_XX.wav,crema_d,1086,IOM,NEU,neutral,unspecified,,,16000.0,1.56825,16000.0,3.0,0.19225,,,male,33
1086_IOM_SAD_XX,crema_d_1086_IOM_SAD_XX,1086_IOM_SAD_XX.wav,crema_d,1086,IOM,SAD,sad,unspecified,,,,,,,,,,male,33
1086_ITH_ANG_XX,crema_d_1086_ITH_ANG_XX,1086_ITH_ANG_XX.wav,crema_d,1086,ITH,ANG,anger,unspecified,,,16000.0,2.5025,16000.0,3.0,0.7745,,,male,33
1086_ITH_DIS_XX,crema_d_1086_ITH_DIS_XX,1086_ITH_DIS_XX.wav,crema_d,1086,ITH,DIS,disgust,unspecified,,,,,,,,,,male,33
1086_ITH_FEA_XX,crema_d_1086_ITH_FEA_XX,1086_ITH_FEA_XX.wav,crema_d,1086,ITH,FEA,fear,unspecified,,,,,,,,,,male,33
1086_ITH_HAP_XX,crema_d_1086_ITH_HAP_XX,1086_ITH_HAP_XX.wav,crema_d,1086,ITH,HAP,happy,unspecified,,,16000.0,2.6693125,16000.0,3.0,0.0133125,,,male,33
1086_ITH_NEU_XX,crema_d_1086_ITH_NEU_XX,1086_ITH_NEU_XX.wav,crema_d,1086,ITH,NEU,neutral,unspecified,,,16000.0,2.7026875,16000.0,3.0,0.0466875,,,male,33
1086_ITH_SAD_XX,crema_d_1086_ITH_SAD_XX,1086_ITH_SAD_XX.wav,crema_d,1086,ITH,SAD,sad,unspecified,,,,,,,,,,male,33
1086_ITS_ANG_XX,crema_d_1086_ITS_ANG_XX,1086_ITS_ANG_XX.wav,crema_d,1086,ITS,ANG,anger,unspecified,,,16000.0,2.3356875,16000.0,3.0,0.6396875,,,male,33
1086_ITS_DIS_XX,crema_d_1086_ITS_DIS_XX,1086_ITS_DIS_XX.wav,crema_d,1086,ITS,DIS,disgust,unspecified,,,,,,,,,,male,33
1086_ITS_FEA_XX,crema_d_1086_ITS_FEA_XX,1086_ITS_FEA_XX.wav,crema_d,1086,ITS,FEA,fear,unspecified,,,,,,,,,,male,33
1086_ITS_HAP_XX,crema_d_1086_ITS_HAP_XX,1086_ITS_HAP_XX.wav,crema_d,1086,ITS,HAP,happy,unspecified,,,16000.0,2.1354375,16000.0,3.0,0.6954375,,,male,33
1086_ITS_NEU_XX,crema_d_1086_ITS_NEU_XX,1086_ITS_NEU_XX.wav,crema_d,1086,ITS,NEU,neutral,unspecified,,,16000.0,2.402375,16000.0,3.0,1.186375,,,male,33
1086_ITS_SAD_XX,crema_d_1086_ITS_SAD_XX,1086_ITS_SAD_XX.wav,crema_d,1086,ITS,SAD,sad,unspecified,,,,,,,,,,male,33
1086_IWL_ANG_XX,crema_d_1086_IWL_ANG_XX,1086_IWL_ANG_XX.wav,crema_d,1086,IWL,ANG,anger,unspecified,,,16000.0,2.535875,16000.0,3.0,0.391875,,,male,33
1086_IWL_DIS_XX,crema_d_1086_IWL_DIS_XX,1086_IWL_DIS_XX.wav,crema_d,1086,IWL,DIS,disgust,unspecified,,,,,,,,,,male,33
1086_IWL_FEA_XX,crema_d_1086_IWL_FEA_XX,1086_IWL_FEA_XX.wav,crema_d,1086,IWL,FEA,fear,unspecified,,,,,,,,,,male,33
1086_IWL_HAP_XX,crema_d_1086_IWL_HAP_XX,1086_IWL_HAP_XX.wav,crema_d,1086,IWL,HAP,happy,unspecified,,,16000.0,1.93525,16000.0,3.0,0.43125,,,male,33
1086_IWL_NEU_XX,crema_d_1086_IWL_NEU_XX,1086_IWL_NEU_XX.wav,crema_d,1086,IWL,NEU,neutral,unspecified,,,16000.0,2.535875,16000.0,3.0,0.935875,,,male,33
1086_IWL_SAD_XX,crema_d_1086_IWL_SAD_XX,1086_IWL_SAD_XX.wav,crema_d,1086,IWL,SAD,sad,unspecified,,,,,,,,,,male,33
1086_IWW_ANG_XX,crema_d_1086_IWW_ANG_XX,1086_IWW_ANG_XX.wav,crema_d,1086,IWW,ANG,anger,unspecified,,,16000.0,2.8361875,16000.0,3.0,1.0121875,,,male,33
1086_IWW_DIS_XX,crema_d_1086_IWW_DIS_XX,1086_IWW_DIS_XX.wav,crema_d,1086,IWW,DIS,disgust,unspecified,,,,,,,,,,male,33
1086_IWW_FEA_XX,crema_d_1086_IWW_FEA_XX,1086_IWW_FEA_XX.wav,crema_d,1086,IWW,FEA,fear,unspecified,,,,,,,,,,male,33
1086_IWW_HAP_XX,crema_d_1086_IWW_HAP_XX,1086_IWW_HAP_XX.wav,crema_d,1086,IWW,HAP,happy,unspecified,,,16000.0,2.035375,16000.0,3.0,0.083375,,,male,33
1086_IWW_NEU_XX,crema_d_1086_IWW_NEU_XX,1086_IWW_NEU_XX.wav,crema_d,1086,IWW,NEU,neutral,unspecified,,,16000.0,2.06875,16000.0,3.0,0.72475,,,male,33
1086_IWW_SAD_XX,crema_d_1086_IWW_SAD_XX,1086_IWW_SAD_XX.wav,crema_d,1086,IWW,SAD,sad,unspecified,,,,,,,,,,male,33
1086_MTI_ANG_XX,crema_d_1086_MTI_ANG_XX,1086_MTI_ANG_XX.wav,crema_d,1086,MTI,ANG,anger,unspecified,,,16000.0,2.7026875,16000.0,3.0,0.9106875,,,male,33
1086_MTI_DIS_XX,crema_d_1086_MTI_DIS_XX,1086_MTI_DIS_XX.wav,crema_d,1086,MTI,DIS,disgust,unspecified,,,,,,,,,,male,33
1086_MTI_FEA_XX,crema_d_1086_MTI_FEA_XX,1086_MTI_FEA_XX.wav,crema_d,1086,MTI,FEA,fear,unspecified,,,,,,,,,,male,33
1086_MTI_HAP_XX,crema_d_1086_MTI_HAP_XX,1086_MTI_HAP_XX.wav,crema_d,1086,MTI,HAP,happy,unspecified,,,16000.0,2.3023125,16000.0,3.0,0.9583125,,,male,33
1086_MTI_NEU_XX,crema_d_1086_MTI_NEU_XX,1086_MTI_NEU_XX.wav,crema_d,1086,MTI,NEU,neutral,unspecified,,,16000.0,2.2021875,16000.0,3.0,0.6021875,,,male,33
1086_MTI_SAD_XX,crema_d_1086_MTI_SAD_XX,1086_MTI_SAD_XX.wav,crema_d,1086,MTI,SAD,sad,unspecified,,,,,,,,,,male,33
1086_TAI_ANG_XX,crema_d_1086_TAI_ANG_XX,1086_TAI_ANG_XX.wav,crema_d,1086,TAI,ANG,anger,unspecified,,,16000.0,3.003,16000.0,3.0,0.795,,,male,33
1086_TAI_DIS_XX,crema_d_1086_TAI_DIS_XX,1086_TAI_DIS_XX.wav,crema_d,1086,TAI,DIS,disgust,unspecified,,,,,,,,,,male,33
1086_TAI_FEA_XX,crema_d_1086_TAI_FEA_XX,1086_TAI_FEA_XX.wav,crema_d,1086,TAI,FEA,fear,unspecified,,,,,,,,,,male,33
1086_TAI_HAP_XX,crema_d_1086_TAI_HAP_XX,1086_TAI_HAP_XX.wav,crema_d,1086,TAI,HAP,happy,unspecified,,,16000.0,2.035375,16000.0,3.0,0.659375,,,male,33
1086_TAI_NEU_XX,crema_d_1086_TAI_NEU_XX,1086_TAI_NEU_XX.wav,crema_d,1086,TAI,NEU,neutral,unspecified,,,16000.0,2.2755625,16000.0,3.0,0.4195625,,,male,33
1086_TAI_SAD_XX,crema_d_1086_TAI_SAD_XX,1086_TAI_SAD_XX.wav,crema_d,1086,TAI,SAD,sad,unspecified,,,,,,,,,,male,33
1086_TIE_ANG_XX,crema_d_1086_TIE_ANG_XX,1086_TIE_ANG_XX.wav,crema_d,1086,TIE,ANG,anger,unspecified,,,16000.0,3.003,16000.0,3.0,0.731,,,male,33
1086_TIE_DIS_XX,crema_d_1086_TIE_DIS_XX,1086_TIE_DIS_XX.wav,crema_d,1086,TIE,DIS,disgust,unspecified,,,,,,,,,,male,33
1086_TIE_FEA_XX,crema_d_1086_TIE_FEA_XX,1086_TIE_FEA_XX.wav,crema_d,1086,TIE,FEA,fear,unspecified,,,,,,,,,,male,33
1086_TIE_HAP_XX,crema_d_1086_TIE_HAP_XX,1086_TIE_HAP_XX.wav,crema_d,1086,TIE,HAP,happy,unspecified,,,16000.0,2.469125,16000.0,3.0,1.029125,,,male,33
1086_TIE_NEU_XX,crema_d_1086_TIE_NEU_XX,1086_TIE_NEU_XX.wav,crema_d,1086,TIE,NEU,neutral,unspecified,,,16000.0,2.2021875,16000.0,3.0,0.0,,,male,33
1086_TIE_SAD_XX,crema_d_1086_TIE_SAD_XX,1086_TIE_SAD_XX.wav,crema_d,1086,TIE,SAD,sad,unspecified,,,,,,,,,,male,33
1086_TSI_ANG_XX,crema_d_1086_TSI_ANG_XX,1086_TSI_ANG_XX.wav,crema_d,1086,TSI,ANG,anger,unspecified,,,16000.0,2.902875,16000.0,3.0,0.918875,,,male,33
1086_TSI_DIS_XX,crema_d_1086_TSI_DIS_XX,1086_TSI_DIS_XX.wav,crema_d,1086,TSI,DIS,disgust,unspecified,,,,,,,,,,male,33
1086_TSI_FEA_XX,crema_d_1086_TSI_FEA_XX,1086_TSI_FEA_XX.wav,crema_d,1086,TSI,FEA,fear,unspecified,,,,,,,,,,male,33
1086_TSI_HAP_XX,crema_d_1086_TSI_HAP_XX,1086_TSI_HAP_XX.wav,crema_d,1086,TSI,HAP,happy,unspecified,,,16000.0,2.535875,16000.0,3.0,0.103875,,,male,33
1086_TSI_NEU_XX,crema_d_1086_TSI_NEU_XX,1086_TSI_NEU_XX.wav,crema_d,1086,TSI,NEU,neutral,unspecified,,,16000.0,2.2755625,16000.0,3.0,0.192,,,male,33
1086_TSI_SAD_XX,crema_d_1086_TSI_SAD_XX,1086_TSI_SAD_XX.wav,crema_d,1086,TSI,SAD,sad,unspecified,,,,,,,,,,male,33
1086_WSI_ANG_XX,crema_d_1086_WSI_ANG_XX,1086_WSI_ANG_XX.wav,crema_d,1086,WSI,ANG,anger,unspecified,,,16000.0,3.2031875,16000.0,3.0,0.6751875,,,male,33
1086_WSI_DIS_XX,crema_d_1086_WSI_DIS_XX,1086_WSI_DIS_XX.wav,crema_d,1086,WSI,DIS,disgust,unspecified,,,,,,,,,,male,33
1086_WSI_FEA_XX,crema_d_1086_WSI_FEA_XX,1086_WSI_FEA_XX.wav,crema_d,1086,WSI,FEA,fear,unspecified,,,,,,,,,,male,33
1086_WSI_HAP_XX,crema_d_1086_WSI_HAP_XX,1086_WSI_HAP_XX.wav,crema_d,1086,WSI,HAP,happy,unspecified,,,16000.0,2.469125,16000.0,3.0,0.965125,,,male,33
1086_WSI_NEU_XX,crema_d_1086_WSI_NEU_XX,1086_WSI_NEU_XX.wav,crema_d,1086,WSI,NEU,neutral,unspecified,,,16000.0,2.1688125,16000.0,3.0,0.6968125,,,male,33
1086_WSI_SAD_XX,crema_d_1086_WSI_SAD_XX,1086_WSI_SAD_XX.wav,crema_d,1086,WSI,SAD,sad,unspecified,,,,,,,,,,male,33
1087_DFA_ANG_XX,crema_d_1087_DFA_ANG_XX,1087_DFA_ANG_XX.wav,crema_d,1087,DFA,ANG,anger,unspecified,,,16000.0,2.402375,16000.0,3.0,0.642375,,,male,62
1087_DFA_DIS_XX,crema_d_1087_DFA_DIS_XX,1087_DFA_DIS_XX.wav,crema_d,1087,DFA,DIS,disgust,unspecified,,,,,,,,,,male,62
1087_DFA_FEA_XX,crema_d_1087_DFA_FEA_XX,1087_DFA_FEA_XX.wav,crema_d,1087,DFA,FEA,fear,unspecified,,,,,,,,,,male,62
1087_DFA_HAP_XX,crema_d_1087_DFA_HAP_XX,1087_DFA_HAP_XX.wav,crema_d,1087,DFA,HAP,happy,unspecified,,,16000.0,2.535875,16000.0,3.0,1.479875,,,male,62
1087_DFA_NEU_XX,crema_d_1087_DFA_NEU_XX,1087_DFA_NEU_XX.wav,crema_d,1087,DFA,NEU,neutral,unspecified,,,16000.0,2.402375,16000.0,3.0,0.0,,,male,62
1087_DFA_SAD_XX,crema_d_1087_DFA_SAD_XX,1087_DFA_SAD_XX.wav,crema_d,1087,DFA,SAD,sad,unspecified,,,,,,,,,,male,62
1087_IEO_ANG_HI,crema_d_1087_IEO_ANG_HI,1087_IEO_ANG_HI.wav,crema_d,1087,IEO,ANG,anger,high,,,16000.0,3.7704375,16000.0,3.0,1.4024375,,,male,62
1087_IEO_ANG_LO,crema_d_1087_IEO_ANG_LO,1087_IEO_ANG_LO.wav,crema_d,1087,IEO,ANG,anger,low,,,16000.0,3.003,16000.0,3.0,0.0,,,male,62
1087_IEO_ANG_MD,crema_d_1087_IEO_ANG_MD,1087_IEO_ANG_MD.wav,crema_d,1087,IEO,ANG,anger,medium,,,16000.0,3.003,16000.0,3.0,1.915,,,male,62
1087_IEO_DIS_HI,crema_d_1087_IEO_DIS_HI,1087_IEO_DIS_HI.wav,crema_d,1087,IEO,DIS,disgust,high,,,,,,,,,,male,62
1087_IEO_DIS_LO,crema_d_1087_IEO_DIS_LO,1087_IEO_DIS_LO.wav,crema_d,1087,IEO,DIS,disgust,low,,,,,,,,,,male,62
1087_IEO_DIS_MD,crema_d_1087_IEO_DIS_MD,1087_IEO_DIS_MD.wav,crema_d,1087,IEO,DIS,disgust,medium,,,,,,,,,,male,62
1087_IEO_FEA_HI,crema_d_1087_IEO_FEA_HI,1087_IEO_FEA_HI.wav,crema_d,1087,IEO,FEA,fear,high,,,,,,,,,,male,62
1087_IEO_FEA_LO,crema_d_1087_IEO_FEA_LO,1087_IEO_FEA_LO.wav,crema_d,1087,IEO,FEA,fear,low,,,,,,,,,,male,62
1087_IEO_FEA_MD,crema_d_1087_IEO_FEA_MD,1087_IEO_FEA_MD.wav,crema_d,1087,IEO,FEA,fear,medium,,,,,,,,,,male,62
1087_IEO_HAP_HI,crema_d_1087_IEO_HAP_HI,1087_IEO_HAP_HI.wav,crema_d,1087,IEO,HAP,happy,high,,,16000.0,3.06975,16000.0,3.0,1.88575,,,male,62
1087_IEO_HAP_LO,crema_d_1087_IEO_HAP_LO,1087_IEO_HAP_LO.wav,crema_d,1087,IEO,HAP,happy,low,,,16000.0,2.402375,16000.0,3.0,0.002375,,,male,62
1087_IEO_HAP_MD,crema_d_1087_IEO_HAP_MD,1087_IEO_HAP_MD.wav,crema_d,1087,IEO,HAP,happy,medium,,,16000.0,3.3033125,16000.0,3.0,0.0073125,,,male,62
1087_IEO_NEU_XX,crema_d_1087_IEO_NEU_XX,1087_IEO_NEU_XX.wav,crema_d,1087,IEO,NEU,neutral,unspecified,,,16000.0,2.535875,16000.0,3.0,0.032,,,male,62
1087_IEO_SAD_HI,crema_d_1087_IEO_SAD_HI,1087_IEO_SAD_HI.wav,crema_d,1087,IEO,SAD,sad,high,,,,,,,,,,male,62
1087_IEO_SAD_LO,crema_d_1087_IEO_SAD_LO,1087_IEO_SAD_LO.wav,crema_d,1087,IEO,SAD,sad,low,,,,,,,,,,male,62
1087_IEO_SAD_MD,crema_d_1087_IEO_SAD_MD,1087_IEO_SAD_MD.wav,crema_d,1087,IEO,SAD,sad,medium,,,,,,,,,,male,62
1087_IOM_ANG_XX,crema_d_1087_IOM_ANG_XX,1087_IOM_ANG_XX.wav,crema_d,1087,IOM,ANG,anger,unspecified,,,16000.0,2.7026875,16000.0,3.0,0.3666875,,,male,62
1087_IOM_DIS_XX,crema_d_1087_IOM_DIS_XX,1087_IOM_DIS_XX.wav,crema_d,1087,IOM,DIS,disgust,unspecified,,,,,,,,,,male,62
1087_IOM_FEA_XX,crema_d_1087_IOM_FEA_XX,1087_IOM_FEA_XX.wav,crema_d,1087,IOM,FEA,fear,unspecified,,,,,,,,,,male,62
1087_IOM_HAP_XX,crema_d_1087_IOM_HAP_XX,1087_IOM_HAP_XX.wav,crema_d,1087,IOM,HAP,happy,unspecified,,,16000.0,1.8018125,16000.0,3.0,0.6818125,,,male,62
1087_IOM_NEU_XX,crema_d_1087_IOM_NEU_XX,1087_IOM_NEU_XX.wav,crema_d,1087,IOM,NEU,neutral,unspecified,,,16000.0,2.2689375,16000.0,3.0,0.0,,,male,62
1087_IOM_SAD_XX,crema_d_1087_IOM_SAD_XX,1087_IOM_SAD_XX.wav,crema_d,1087,IOM,SAD,sad,unspecified,,,,,,,,,,male,62
1087_ITH_ANG_XX,crema_d_1087_ITH_ANG_XX,1087_ITH_ANG_XX.wav,crema_d,1087,ITH,ANG,anger,unspecified,,,16000.0,2.43575,16000.0,3.0,0.09975,,,male,62
1087_ITH_DIS_XX,crema_d_1087_ITH_DIS_XX,1087_ITH_DIS_XX.wav,crema_d,1087,ITH,DIS,disgust,unspecified,,,,,,,,,,male,62
1087_ITH_FEA_XX,crema_d_1087_ITH_FEA_XX,1087_ITH_FEA_XX.wav,crema_d,1087,ITH,FEA,fear,unspecified,,,,,,,,,,male,62
1087_ITH_HAP_XX,crema_d_1087_ITH_HAP_XX,1087_ITH_HAP_XX.wav,crema_d,1087,ITH,HAP,happy,unspecified,,,16000.0,1.8351875,16000.0,3.0,0.4271875,,,male,62
1087_ITH_NEU_XX,crema_d_1087_ITH_NEU_XX,1087_ITH_NEU_XX.wav,crema_d,1087,ITH,NEU,neutral,unspecified,,,16000.0,2.602625,16000.0,3.0,0.0,,,male,62
1087_ITH_SAD_XX,crema_d_1087_ITH_SAD_XX,1087_ITH_SAD_XX.wav,crema_d,1087,ITH,SAD,sad,unspecified,,,,,,,,,,male,62
1087_ITS_ANG_XX,crema_d_1087_ITS_ANG_XX,1087_ITS_ANG_XX.wav,crema_d,1087,ITS,ANG,anger,unspecified,,,16000.0,2.469125,16000.0,3.0,0.581125,,,male,62
1087_ITS_DIS_XX,crema_d_1087_ITS_DIS_XX,1087_ITS_DIS_XX.wav,crema_d,1087,ITS,DIS,disgust,unspecified,,,,,,,,,,male,62
1087_ITS_FEA_XX,crema_d_1087_ITS_FEA_XX,1087_ITS_FEA_XX.wav,crema_d,1087,ITS,FEA,fear,unspecified,,,,,,,,,,male,62
1087_ITS_HAP_XX,crema_d_1087_ITS_HAP_XX,1087_ITS_HAP_XX.wav,crema_d,1087,ITS,HAP,happy,unspecified,,,16000.0,2.035375,16000.0,3.0,0.403375,,,male,62
1087_ITS_NEU_XX,crema_d_1087_ITS_NEU_XX,1087_ITS_NEU_XX.wav,crema_d,1087,ITS,NEU,neutral,unspecified,,,16000.0,2.2021875,16000.0,3.0,0.0581875,,,male,62
1087_ITS_SAD_XX,crema_d_1087_ITS_SAD_XX,1087_ITS_SAD_XX.wav,crema_d,1087,ITS,SAD,sad,unspecified,,,,,,,,,,male,62
1087_IWL_ANG_XX,crema_d_1087_IWL_ANG_XX,1087_IWL_ANG_XX.wav,crema_d,1087,IWL,ANG,anger,unspecified,,,16000.0,2.969625,16000.0,3.0,0.089625,,,male,62
1087_IWL_DIS_XX,crema_d_1087_IWL_DIS_XX,1087_IWL_DIS_XX.wav,crema_d,1087,IWL,DIS,disgust,unspecified,,,,,,,,,,male,62
1087_IWL_FEA_XX,crema_d_1087_IWL_FEA_XX,1087_IWL_FEA_XX.wav,crema_d,1087,IWL,FEA,fear,unspecified,,,,,,,,,,male,62
1087_IWL_HAP_XX,crema_d_1087_IWL_HAP_XX,1087_IWL_HAP_XX.wav,crema_d,1087,IWL,HAP,happy,unspecified,,,16000.0,2.469125,16000.0,3.0,0.741125,,,male,62
1087_IWL_NEU_XX,crema_d_1087_IWL_NEU_XX,1087_IWL_NEU_XX.wav,crema_d,1087,IWL,NEU,neutral,unspecified,,,16000.0,2.8361875,16000.0,3.0,0.0201875,,,male,62
1087_IWL_SAD_XX,crema_d_1087_IWL_SAD_XX,1087_IWL_SAD_XX.wav,crema_d,1087,IWL,SAD,sad,unspecified,,,,,,,,,,male,62
1087_IWW_ANG_XX,crema_d_1087_IWW_ANG_XX,1087_IWW_ANG_XX.wav,crema_d,1087,IWW,ANG,anger,unspecified,,,16000.0,2.8361875,16000.0,3.0,1.2361875,,,male,62
1087_IWW_DIS_XX,crema_d_1087_IWW_DIS_XX,1087_IWW_DIS_XX.wav,crema_d,1087,IWW,DIS,disgust,unspecified,,,,,,,,,,male,62
1087_IWW_FEA_XX,crema_d_1087_IWW_FEA_XX,1087_IWW_FEA_XX.wav,crema_d,1087,IWW,FEA,fear,unspecified,,,,,,,,,,male,62
1087_IWW_HAP_XX,crema_d_1087_IWW_HAP_XX,1087_IWW_HAP_XX.wav,crema_d,1087,IWW,HAP,happy,unspecified,,,16000.0,1.8018125,16000.0,3.0,0.0738125,,,male,62
1087_IWW_NEU_XX,crema_d_1087_IWW_NEU_XX,1087_IWW_NEU_XX.wav,crema_d,1087,IWW,NEU,neutral,unspecified,,,16000.0,2.1354375,16000.0,3.0,0.0,,,male,62
1087_IWW_SAD_XX,crema_d_1087_IWW_SAD_XX,1087_IWW_SAD_XX.wav,crema_d,1087,IWW,SAD,sad,unspecified,,,,,,,,,,male,62
1087_MTI_ANG_XX,crema_d_1087_MTI_ANG_XX,1087_MTI_ANG_XX.wav,crema_d,1087,MTI,ANG,anger,unspecified,,,16000.0,2.3023125,16000.0,3.0,0.5103125,,,male,62
1087_MTI_DIS_XX,crema_d_1087_MTI_DIS_XX,1087_MTI_DIS_XX.wav,crema_d,1087,MTI,DIS,disgust,unspecified,,,,,,,,,,male,62
1087_MTI_FEA_XX,crema_d_1087_MTI_FEA_XX,1087_MTI_FEA_XX.wav,crema_d,1087,MTI,FEA,fear,unspecified,,,,,,,,,,male,62
1087_MTI_HAP_XX,crema_d_1087_MTI_HAP_XX,1087_MTI_HAP_XX.wav,crema_d,1087,MTI,HAP,happy,unspecified,,,16000.0,2.602625,16000.0,3.0,0.810625,,,male,62
1087_MTI_NEU_XX,crema_d_1087_MTI_NEU_XX,1087_MTI_NEU_XX.wav,crema_d,1087,MTI,NEU,neutral,unspecified,,,16000.0,3.1698125,16000.0,3.0,0.0658125,,,male,62
1087_MTI_SAD_XX,crema_d_1087_MTI_SAD_XX,1087_MTI_SAD_XX.wav,crema_d,1087,MTI,SAD,sad,unspecified,,,,,,,,,,male,62
1087_TAI_ANG_XX,crema_d_1087_TAI_ANG_XX,1087_TAI_ANG_XX.wav,crema_d,1087,TAI,ANG,anger,unspecified,,,16000.0,3.003,16000.0,3.0,0.443,,,male,62
1087_TAI_DIS_XX,crema_d_1087_TAI_DIS_XX,1087_TAI_DIS_XX.wav,crema_d,1087,TAI,DIS,disgust,unspecified,,,,,,,,,,male,62
1087_TAI_FEA_XX,crema_d_1087_TAI_FEA_XX,1087_TAI_FEA_XX.wav,crema_d,1087,TAI,FEA,fear,unspecified,,,,,,,,,,male,62
1087_TAI_HAP_XX,crema_d_1087_TAI_HAP_XX,1087_TAI_HAP_XX.wav,crema_d,1087,TAI,HAP,happy,unspecified,,,16000.0,1.968625,16000.0,3.0,0.720625,,,male,62
1087_TAI_NEU_XX,crema_d_1087_TAI_NEU_XX,1087_TAI_NEU_XX.wav,crema_d,1087,TAI,NEU,neutral,unspecified,,,16000.0,2.8028125,16000.0,3.0,0.0,,,male,62
1087_TAI_SAD_XX,crema_d_1087_TAI_SAD_XX,1087_TAI_SAD_XX.wav,crema_d,1087,TAI,SAD,sad,unspecified,,,,,,,,,,male,62
1087_TIE_ANG_XX,crema_d_1087_TIE_ANG_XX,1087_TIE_ANG_XX.wav,crema_d,1087,TIE,ANG,anger,unspecified,,,16000.0,2.7026875,16000.0,3.0,0.9426875,,,male,62
1087_TIE_DIS_XX,crema_d_1087_TIE_DIS_XX,1087_TIE_DIS_XX.wav,crema_d,1087,TIE,DIS,disgust,unspecified,,,,,,,,,,male,62
1087_TIE_FEA_XX,crema_d_1087_TIE_FEA_XX,1087_TIE_FEA_XX.wav,crema_d,1087,TIE,FEA,fear,unspecified,,,,,,,,,,male,62
1087_TIE_HAP_XX,crema_d_1087_TIE_HAP_XX,1087_TIE_HAP_XX.wav,crema_d,1087,TIE,HAP,happy,unspecified,,,16000.0,2.902875,16000.0,3.0,1.398875,,,male,62
1087_TIE_NEU_XX,crema_d_1087_TIE_NEU_XX,1087_TIE_NEU_XX.wav,crema_d,1087,TIE,NEU,neutral,unspecified,,,16000.0,2.402375,16000.0,3.0,0.0,,,male,62
1087_TIE_SAD_XX,crema_d_1087_TIE_SAD_XX,1087_TIE_SAD_XX.wav,crema_d,1087,TIE,SAD,sad,unspecified,,,,,,,,,,male,62
1087_TSI_ANG_XX,crema_d_1087_TSI_ANG_XX,1087_TSI_ANG_XX.wav,crema_d,1087,TSI,ANG,anger,unspecified,,,16000.0,3.403375,16000.0,3.0,1.195375,,,male,62
1087_TSI_DIS_XX,crema_d_1087_TSI_DIS_XX,1087_TSI_DIS_XX.wav,crema_d,1087,TSI,DIS,disgust,unspecified,,,,,,,,,,male,62
1087_TSI_FEA_XX,crema_d_1087_TSI_FEA_XX,1087_TSI_FEA_XX.wav,crema_d,1087,TSI,FEA,fear,unspecified,,,,,,,,,,male,62
1087_TSI_HAP_XX,crema_d_1087_TSI_HAP_XX,1087_TSI_HAP_XX.wav,crema_d,1087,TSI,HAP,happy,unspecified,,,16000.0,2.7360625,16000.0,3.0,1.3600625,,,male,62
1087_TSI_NEU_XX,crema_d_1087_TSI_NEU_XX,1087_TSI_NEU_XX.wav,crema_d,1087,TSI,NEU,neutral,unspecified,,,16000.0,2.3023125,16000.0,3.0,0.064,,,male,62
1087_TSI_SAD_XX,crema_d_1087_TSI_SAD_XX,1087_TSI_SAD_XX.wav,crema_d,1087,TSI,SAD,sad,unspecified,,,,,,,,,,male,62
1087_WSI_ANG_XX,crema_d_1087_WSI_ANG_XX,1087_WSI_ANG_XX.wav,crema_d,1087,WSI,ANG,anger,unspecified,,,16000.0,3.43675,16000.0,3.0,0.81275,,,male,62
1087_WSI_DIS_XX,crema_d_1087_WSI_DIS_XX,1087_WSI_DIS_XX.wav,crema_d,1087,WSI,DIS,disgust,unspecified,,,,,,,,,,male,62
1087_WSI_FEA_XX,crema_d_1087_WSI_FEA_XX,1087_WSI_FEA_XX.wav,crema_d,1087,WSI,FEA,fear,unspecified,,,,,,,,,,male,62
1087_WSI_HAP_XX,crema_d_1087_WSI_HAP_XX,1087_WSI_HAP_XX.wav,crema_d,1087,WSI,HAP,happy,unspecified,,,16000.0,1.93525,16000.0,3.0,0.17525,,,male,62
1087_WSI_NEU_XX,crema_d_1087_WSI_NEU_XX,1087_WSI_NEU_XX.wav,crema_d,1087,WSI,NEU,neutral,unspecified,,,16000.0,2.402375,16000.0,3.0,0.0,,,male,62
1087_WSI_SAD_XX,crema_d_1087_WSI_SAD_XX,1087_WSI_SAD_XX.wav,crema_d,1087,WSI,SAD,sad,unspecified,,,,,,,,,,male,62
1088_DFA_ANG_XX,crema_d_1088_DFA_ANG_XX,1088_DFA_ANG_XX.wav,crema_d,1088,DFA,ANG,anger,unspecified,,,16000.0,1.968625,16000.0,3.0,0.912625,,,male,23
1088_DFA_DIS_XX,crema_d_1088_DFA_DIS_XX,1088_DFA_DIS_XX.wav,crema_d,1088,DFA,DIS,disgust,unspecified,,,,,,,,,,male,23
1088_DFA_FEA_XX,crema_d_1088_DFA_FEA_XX,1088_DFA_FEA_XX.wav,crema_d,1088,DFA,FEA,fear,unspecified,,,,,,,,,,male,23
1088_DFA_HAP_XX,crema_d_1088_DFA_HAP_XX,1088_DFA_HAP_XX.wav,crema_d,1088,DFA,HAP,happy,unspecified,,,16000.0,2.06875,16000.0,3.0,1.14075,,,male,23
1088_DFA_NEU_XX,crema_d_1088_DFA_NEU_XX,1088_DFA_NEU_XX.wav,crema_d,1088,DFA,NEU,neutral,unspecified,,,16000.0,2.1354375,16000.0,3.0,0.0554375,,,male,23
1088_DFA_SAD_XX,crema_d_1088_DFA_SAD_XX,1088_DFA_SAD_XX.wav,crema_d,1088,DFA,SAD,sad,unspecified,,,,,,,,,,male,23
1088_IEO_ANG_HI,crema_d_1088_IEO_ANG_HI,1088_IEO_ANG_HI.wav,crema_d,1088,IEO,ANG,anger,high,,,16000.0,2.7694375,16000.0,3.0,0.8494375,,,male,23
1088_IEO_ANG_LO,crema_d_1088_IEO_ANG_LO,1088_IEO_ANG_LO.wav,crema_d,1088,IEO,ANG,anger,low,,,16000.0,2.2689375,16000.0,3.0,1.3089375,,,male,23
1088_IEO_ANG_MD,crema_d_1088_IEO_ANG_MD,1088_IEO_ANG_MD.wav,crema_d,1088,IEO,ANG,anger,medium,,,16000.0,2.602625,16000.0,3.0,1.194625,,,male,23
1088_IEO_DIS_HI,crema_d_1088_IEO_DIS_HI,1088_IEO_DIS_HI.wav,crema_d,1088,IEO,DIS,disgust,high,,,,,,,,,,male,23
1088_IEO_DIS_LO,crema_d_1088_IEO_DIS_LO,1088_IEO_DIS_LO.wav,crema_d,1088,IEO,DIS,disgust,low,,,,,,,,,,male,23
1088_IEO_DIS_MD,crema_d_1088_IEO_DIS_MD,1088_IEO_DIS_MD.wav,crema_d,1088,IEO,DIS,disgust,medium,,,,,,,,,,male,23
1088_IEO_FEA_HI,crema_d_1088_IEO_FEA_HI,1088_IEO_FEA_HI.wav,crema_d,1088,IEO,FEA,fear,high,,,,,,,,,,male,23
1088_IEO_FEA_LO,crema_d_1088_IEO_FEA_LO,1088_IEO_FEA_LO.wav,crema_d,1088,IEO,FEA,fear,low,,,,,,,,,,male,23
1088_IEO_FEA_MD,crema_d_1088_IEO_FEA_MD,1088_IEO_FEA_MD.wav,crema_d,1088,IEO,FEA,fear,medium,,,,,,,,,,male,23
1088_IEO_HAP_HI,crema_d_1088_IEO_HAP_HI,1088_IEO_HAP_HI.wav,crema_d,1088,IEO,HAP,happy,high,,,16000.0,2.1688125,16000.0,3.0,1.2728125,,,male,23
1088_IEO_HAP_LO,crema_d_1088_IEO_HAP_LO,1088_IEO_HAP_LO.wav,crema_d,1088,IEO,HAP,happy,low,,,16000.0,1.6683125,16000.0,3.0,0.0,,,male,23
1088_IEO_HAP_MD,crema_d_1088_IEO_HAP_MD,1088_IEO_HAP_MD.wav,crema_d,1088,IEO,HAP,happy,medium,,,16000.0,2.1354375,16000.0,3.0,0.0,,,male,23
1088_IEO_NEU_XX,crema_d_1088_IEO_NEU_XX,1088_IEO_NEU_XX.wav,crema_d,1088,IEO,NEU,neutral,unspecified,,,16000.0,2.1688125,16000.0,3.0,0.0,,,male,23
1088_IEO_SAD_HI,crema_d_1088_IEO_SAD_HI,1088_IEO_SAD_HI.wav,crema_d,1088,IEO,SAD,sad,high,,,,,,,,,,male,23
1088_IEO_SAD_LO,crema_d_1088_IEO_SAD_LO,1088_IEO_SAD_LO.wav,crema_d,1088,IEO,SAD,sad,low,,,,,,,,,,male,23
1088_IEO_SAD_MD,crema_d_1088_IEO_SAD_MD,1088_IEO_SAD_MD.wav,crema_d,1088,IEO,SAD,sad,medium,,,,,,,,,,male,23
1088_IOM_ANG_XX,crema_d_1088_IOM_ANG_XX,1088_IOM_ANG_XX.wav,crema_d,1088,IOM,ANG,anger,unspecified,,,16000.0,2.5025,16000.0,3.0,1.0945,,,male,23
1088_IOM_DIS_XX,crema_d_1088_IOM_DIS_XX,1088_IOM_DIS_XX.wav,crema_d,1088,IOM,DIS,disgust,unspecified,,,,,,,,,,male,23
1088_IOM_FEA_XX,crema_d_1088_IOM_FEA_XX,1088_IOM_FEA_XX.wav,crema_d,1088,IOM,FEA,fear,unspecified,,,,,,,,,,male,23
1088_IOM_HAP_XX,crema_d_1088_IOM_HAP_XX,1088_IOM_HAP_XX.wav,crema_d,1088,IOM,HAP,happy,unspecified,,,16000.0,1.7350625,16000.0,3.0,0.2630625,,,male,23
1088_IOM_NEU_XX,crema_d_1088_IOM_NEU_XX,1088_IOM_NEU_XX.wav,crema_d,1088,IOM,NEU,neutral,unspecified,,,16000.0,1.8018125,16000.0,3.0,0.5218125,,,male,23
1088_IOM_SAD_XX,crema_d_1088_IOM_SAD_XX,1088_IOM_SAD_XX.wav,crema_d,1088,IOM,SAD,sad,unspecified,,,,,,,,,,male,23
1088_ITH_ANG_XX,crema_d_1088_ITH_ANG_XX,1088_ITH_ANG_XX.wav,crema_d,1088,ITH,ANG,anger,unspecified,,,16000.0,2.7026875,16000.0,3.0,1.1666875,,,male,23
1088_ITH_DIS_XX,crema_d_1088_ITH_DIS_XX,1088_ITH_DIS_XX.wav,crema_d,1088,ITH,DIS,disgust,unspecified,,,,,,,,,,male,23
1088_ITH_FEA_XX,crema_d_1088_ITH_FEA_XX,1088_ITH_FEA_XX.wav,crema_d,1088,ITH,FEA,fear,unspecified,,,,,,,,,,male,23
1088_ITH_HAP_XX,crema_d_1088_ITH_HAP_XX,1088_ITH_HAP_XX.wav,crema_d,1088,ITH,HAP,happy,unspecified,,,16000.0,2.3023125,16000.0,3.0,0.0,,,male,23
1088_ITH_NEU_XX,crema_d_1088_ITH_NEU_XX,1088_ITH_NEU_XX.wav,crema_d,1088,ITH,NEU,neutral,unspecified,,,16000.0,2.469125,16000.0,3.0,0.032,,,male,23
1088_ITH_SAD_XX,crema_d_1088_ITH_SAD_XX,1088_ITH_SAD_XX.wav,crema_d,1088,ITH,SAD,sad,unspecified,,,,,,,,,,male,23
1088_ITS_ANG_XX,crema_d_1088_ITS_ANG_XX,1088_ITS_ANG_XX.wav,crema_d,1088,ITS,ANG,anger,unspecified,,,16000.0,2.2689375,16000.0,3.0,0.9569375,,,male,23
1088_ITS_DIS_XX,crema_d_1088_ITS_DIS_XX,1088_ITS_DIS_XX.wav,crema_d,1088,ITS,DIS,disgust,unspecified,,,,,,,,,,male,23
1088_ITS_FEA_XX,crema_d_1088_ITS_FEA_XX,1088_ITS_FEA_XX.wav,crema_d,1088,ITS,FEA,fear,unspecified,,,,,,,,,,male,23
1088_ITS_HAP_XX,crema_d_1088_ITS_HAP_XX,1088_ITS_HAP_XX.wav,crema_d,1088,ITS,HAP,happy,unspecified,,,16000.0,2.1354375,16000.0,3.0,0.5994375,,,male,23
1088_ITS_NEU_XX,crema_d_1088_ITS_NEU_XX,1088_ITS_NEU_XX.wav,crema_d,1088,ITS,NEU,neutral,unspecified,,,16000.0,2.469125,16000.0,3.0,0.0,,,male,23
1088_ITS_SAD_XX,crema_d_1088_ITS_SAD_XX,1088_ITS_SAD_XX.wav,crema_d,1088,ITS,SAD,sad,unspecified,,,,,,,,,,male,23
1088_IWL_ANG_XX,crema_d_1088_IWL_ANG_XX,1088_IWL_ANG_XX.wav,crema_d,1088,IWL,ANG,anger,unspecified,,,16000.0,2.402375,16000.0,3.0,1.154375,,,male,23
1088_IWL_DIS_XX,crema_d_1088_IWL_DIS_XX,1088_IWL_DIS_XX.wav,crema_d,1088,IWL,DIS,disgust,unspecified,,,,,,,,,,male,23
1088_IWL_FEA_XX,crema_d_1088_IWL_FEA_XX,1088_IWL_FEA_XX.wav,crema_d,1088,IWL,FEA,fear,unspecified,,,,,,,,,,male,23
1088_IWL_HAP_XX,crema_d_1088_IWL_HAP_XX,1088_IWL_HAP_XX.wav,crema_d,1088,IWL,HAP,happy,unspecified,,,16000.0,2.1688125,16000.0,3.0,0.064,,,male,23
1088_IWL_NEU_XX,crema_d_1088_IWL_NEU_XX,1088_IWL_NEU_XX.wav,crema_d,1088,IWL,NEU,neutral,unspecified,,,16000.0,2.535875,16000.0,3.0,1.191875,,,male,23
1088_IWL_SAD_XX,crema_d_1088_IWL_SAD_XX,1088_IWL_SAD_XX.wav,crema_d,1088,IWL,SAD,sad,unspecified,,,,,,,,,,male,23
1088_IWW_ANG_XX,crema_d_1088_IWW_ANG_XX,1088_IWW_ANG_XX.wav,crema_d,1088,IWW,ANG,anger,unspecified,,,16000.0,2.102125,16000.0,3.0,1.046125,,,male,23
1088_IWW_DIS_XX,crema_d_1088_IWW_DIS_XX,1088_IWW_DIS_XX.wav,crema_d,1088,IWW,DIS,disgust,unspecified,,,,,,,,,,male,23
1088_IWW_FEA_XX,crema_d_1088_IWW_FEA_XX,1088_IWW_FEA_XX.wav,crema_d,1088,IWW,FEA,fear,unspecified,,,,,,,,,,male,23
1088_IWW_HAP_XX,crema_d_1088_IWW_HAP_XX,1088_IWW_HAP_XX.wav,crema_d,1088,IWW,HAP,happy,unspecified,,,16000.0,1.968625,16000.0,3.0,0.032,,,male,23
1088_IWW_NEU_XX,crema_d_1088_IWW_NEU_XX,1088_IWW_NEU_XX.wav,crema_d,1088,IWW,NEU,neutral,unspecified,,,16000.0,2.06875,16000.0,3.0,0.37275,,,male,23
1088_IWW_SAD_XX,crema_d_1088_IWW_SAD_XX,1088_IWW_SAD_XX.wav,crema_d,1088,IWW,SAD,sad,unspecified,,,,,,,,,,male,23
1088_MTI_ANG_XX,crema_d_1088_MTI_ANG_XX,1088_MTI_ANG_XX.wav,crema_d,1088,MTI,ANG,anger,unspecified,,,16000.0,2.7026875,16000.0,3.0,1.1666875,,,male,23
1088_MTI_DIS_XX,crema_d_1088_MTI_DIS_XX,1088_MTI_DIS_XX.wav,crema_d,1088,MTI,DIS,disgust,unspecified,,,,,,,,,,male,23
1088_MTI_FEA_XX,crema_d_1088_MTI_FEA_XX,1088_MTI_FEA_XX.wav,crema_d,1088,MTI,FEA,fear,unspecified,,,,,,,,,,male,23
1088_MTI_HAP_XX,crema_d_1088_MTI_HAP_XX,1088_MTI_HAP_XX.wav,crema_d,1088,MTI,HAP,happy,unspecified,,,16000.0,2.8361875,16000.0,3.0,0.0521875,,,male,23
1088_MTI_NEU_XX,crema_d_1088_MTI_NEU_XX,1088_MTI_NEU_XX.wav,crema_d,1088,MTI,NEU,neutral,unspecified,,,16000.0,2.369,16000.0,3.0,0.065,,,male,23
1088_MTI_SAD_XX,crema_d_1088_MTI_SAD_XX,1088_MTI_SAD_XX.wav,crema_d,1088,MTI,SAD,sad,unspecified,,,,,,,,,,male,23
1088_TAI_ANG_XX,crema_d_1088_TAI_ANG_XX,1088_TAI_ANG_XX.wav,crema_d,1088,TAI,ANG,anger,unspecified,,,16000.0,3.1364375,16000.0,3.0,0.0004375,,,male,23
1088_TAI_DIS_XX,crema_d_1088_TAI_DIS_XX,1088_TAI_DIS_XX.wav,crema_d,1088,TAI,DIS,disgust,unspecified,,,,,,,,,,male,23
1088_TAI_FEA_XX,crema_d_1088_TAI_FEA_XX,1088_TAI_FEA_XX.wav,crema_d,1088,TAI,FEA,fear,unspecified,,,,,,,,,,male,23
1088_TAI_HAP_XX,crema_d_1088_TAI_HAP_XX,1088_TAI_HAP_XX.wav,crema_d,1088,TAI,HAP,happy,unspecified,,,16000.0,2.43575,16000.0,3.0,0.00375,,,male,23
1088_TAI_NEU_XX,crema_d_1088_TAI_NEU_XX,1088_TAI_NEU_XX.wav,crema_d,1088,TAI,NEU,neutral,unspecified,,,16000.0,1.968625,16000.0,3.0,0.816625,,,male,23
1088_TAI_SAD_XX,crema_d_1088_TAI_SAD_XX,1088_TAI_SAD_XX.wav,crema_d,1088,TAI,SAD,sad,unspecified,,,,,,,,,,male,23
1088_TIE_ANG_XX,crema_d_1088_TIE_ANG_XX,1088_TIE_ANG_XX.wav,crema_d,1088,TIE,ANG,anger,unspecified,,,16000.0,3.003,16000.0,3.0,1.467,,,male,23
1088_TIE_DIS_XX,crema_d_1088_TIE_DIS_XX,1088_TIE_DIS_XX.wav,crema_d,1088,TIE,DIS,disgust,unspecified,,,,,,,,,,male,23
1088_TIE_FEA_XX,crema_d_1088_TIE_FEA_XX,1088_TIE_FEA_XX.wav,crema_d,1088,TIE,FEA,fear,unspecified,,,,,,,,,,male,23
1088_TIE_HAP_XX,crema_d_1088_TIE_HAP_XX,1088_TIE_HAP_XX.wav,crema_d,1088,TIE,HAP,happy,unspecified,,,16000.0,2.7360625,16000.0,3.0,0.0,,,male,23
1088_TIE_NEU_XX,crema_d_1088_TIE_NEU_XX,1088_TIE_NEU_XX.wav,crema_d,1088,TIE,NEU,neutral,unspecified,,,16000.0,2.535875,16000.0,3.0,0.0,,,male,23
1088_TIE_SAD_XX,crema_d_1088_TIE_SAD_XX,1088_TIE_SAD_XX.wav,crema_d,1088,TIE,SAD,sad,unspecified,,,,,,,,,,male,23
1088_TSI_ANG_XX,crema_d_1088_TSI_ANG_XX,1088_TSI_ANG_XX.wav,crema_d,1088,TSI,ANG,anger,unspecified,,,16000.0,2.06875,16000.0,3.0,0.69275,,,male,23
1088_TSI_DIS_XX,crema_d_1088_TSI_DIS_XX,1088_TSI_DIS_XX.wav,crema_d,1088,TSI,DIS,disgust,unspecified,,,,,,,,,,male,23
1088_TSI_FEA_XX,crema_d_1088_TSI_FEA_XX,1088_TSI_FEA_XX.wav,crema_d,1088,TSI,FEA,fear,unspecified,,,,,,,,,,male,23
1088_TSI_HAP_XX,crema_d_1088_TSI_HAP_XX,1088_TSI_HAP_XX.wav,crema_d,1088,TSI,HAP,happy,unspecified,,,16000.0,2.535875,16000.0,3.0,1.575875,,,male,23
1088_TSI_NEU_XX,crema_d_1088_TSI_NEU_XX,1088_TSI_NEU_XX.wav,crema_d,1088,TSI,NEU,neutral,unspecified,,,16000.0,1.93525,16000.0,3.0,0.11125,,,male,23
1088_TSI_SAD_XX,crema_d_1088_TSI_SAD_XX,1088_TSI_SAD_XX.wav,crema_d,1088,TSI,SAD,sad,unspecified,,,,,,,,,,male,23
1088_WSI_ANG_XX,crema_d_1088_WSI_ANG_XX,1088_WSI_ANG_XX.wav,crema_d,1088,WSI,ANG,anger,unspecified,,,16000.0,3.2365625,16000.0,3.0,0.7405625,,,male,23
1088_WSI_DIS_XX,crema_d_1088_WSI_DIS_XX,1088_WSI_DIS_XX.wav,crema_d,1088,WSI,DIS,disgust,unspecified,,,,,,,,,,male,23
1088_WSI_FEA_XX,crema_d_1088_WSI_FEA_XX,1088_WSI_FEA_XX.wav,crema_d,1088,WSI,FEA,fear,unspecified,,,,,,,,,,male,23
1088_WSI_HAP_XX,crema_d_1088_WSI_HAP_XX,1088_WSI_HAP_XX.wav,crema_d,1088,WSI,HAP,happy,unspecified,,,16000.0,2.369,16000.0,3.0,0.993,,,male,23
1088_WSI_NEU_XX,crema_d_1088_WSI_NEU_XX,1088_WSI_NEU_XX.wav,crema_d,1088,WSI,NEU,neutral,unspecified,,,16000.0,2.6359375,16000.0,3.0,0.0759375,,,male,23
1088_WSI_SAD_XX,crema_d_1088_WSI_SAD_XX,1088_WSI_SAD_XX.wav,crema_d,1088,WSI,SAD,sad,unspecified,,,,,,,,,,male,23
1089_DFA_ANG_XX,crema_d_1089_DFA_ANG_XX,1089_DFA_ANG_XX.wav,crema_d,1089,DFA,ANG,anger,unspecified,,,16000.0,1.93525,16000.0,3.0,0.75125,,,female,24
1089_DFA_DIS_XX,crema_d_1089_DFA_DIS_XX,1089_DFA_DIS_XX.wav,crema_d,1089,DFA,DIS,disgust,unspecified,,,,,,,,,,female,24
1089_DFA_FEA_XX,crema_d_1089_DFA_FEA_XX,1089_DFA_FEA_XX.wav,crema_d,1089,DFA,FEA,fear,unspecified,,,,,,,,,,female,24
1089_DFA_HAP_XX,crema_d_1089_DFA_HAP_XX,1089_DFA_HAP_XX.wav,crema_d,1089,DFA,HAP,happy,unspecified,,,16000.0,2.469125,16000.0,3.0,1.477125,,,female,24
1089_DFA_NEU_XX,crema_d_1089_DFA_NEU_XX,1089_DFA_NEU_XX.wav,crema_d,1089,DFA,NEU,neutral,unspecified,,,16000.0,2.102125,16000.0,3.0,1.014125,,,female,24
1089_DFA_SAD_XX,crema_d_1089_DFA_SAD_XX,1089_DFA_SAD_XX.wav,crema_d,1089,DFA,SAD,sad,unspecified,,,,,,,,,,female,24
1089_IEO_ANG_HI,crema_d_1089_IEO_ANG_HI,1089_IEO_ANG_HI.wav,crema_d,1089,IEO,ANG,anger,high,,,16000.0,2.5025,16000.0,3.0,1.2225,,,female,24
1089_IEO_ANG_LO,crema_d_1089_IEO_ANG_LO,1089_IEO_ANG_LO.wav,crema_d,1089,IEO,ANG,anger,low,,,16000.0,2.035375,16000.0,3.0,1.011375,,,female,24
1089_IEO_ANG_MD,crema_d_1089_IEO_ANG_MD,1089_IEO_ANG_MD.wav,crema_d,1089,IEO,ANG,anger,medium,,,16000.0,2.3356875,16000.0,3.0,1.3116875,,,female,24
1089_IEO_DIS_HI,crema_d_1089_IEO_DIS_HI,1089_IEO_DIS_HI.wav,crema_d,1089,IEO,DIS,disgust,high,,,,,,,,,,female,24
1089_IEO_DIS_LO,crema_d_1089_IEO_DIS_LO,1089_IEO_DIS_LO.wav,crema_d,1089,IEO,DIS,disgust,low,,,,,,,,,,female,24
1089_IEO_DIS_MD,crema_d_1089_IEO_DIS_MD,1089_IEO_DIS_MD.wav,crema_d,1089,IEO,DIS,disgust,medium,,,,,,,,,,female,24
1089_IEO_FEA_HI,crema_d_1089_IEO_FEA_HI,1089_IEO_FEA_HI.wav,crema_d,1089,IEO,FEA,fear,high,,,,,,,,,,female,24
1089_IEO_FEA_LO,crema_d_1089_IEO_FEA_LO,1089_IEO_FEA_LO.wav,crema_d,1089,IEO,FEA,fear,low,,,,,,,,,,female,24
1089_IEO_FEA_MD,crema_d_1089_IEO_FEA_MD,1089_IEO_FEA_MD.wav,crema_d,1089,IEO,FEA,fear,medium,,,,,,,,,,female,24
1089_IEO_HAP_HI,crema_d_1089_IEO_HAP_HI,1089_IEO_HAP_HI.wav,crema_d,1089,IEO,HAP,happy,high,,,16000.0,2.3023125,16000.0,3.0,1.3103125,,,female,24
1089_IEO_HAP_LO,crema_d_1089_IEO_HAP_LO,1089_IEO_HAP_LO.wav,crema_d,1089,IEO,HAP,happy,low,,,16000.0,2.035375,16000.0,3.0,1.203375,,,female,24
1089_IEO_HAP_MD,crema_d_1089_IEO_HAP_MD,1089_IEO_HAP_MD.wav,crema_d,1089,IEO,HAP,happy,medium,,,16000.0,2.2021875,16000.0,3.0,1.0181875,,,female,24
1089_IEO_NEU_XX,crema_d_1089_IEO_NEU_XX,1089_IEO_NEU_XX.wav,crema_d,1089,IEO,NEU,neutral,unspecified,,,16000.0,2.402375,16000.0,3.0,0.962375,,,female,24
1089_IEO_SAD_HI,crema_d_1089_IEO_SAD_HI,1089_IEO_SAD_HI.wav,crema_d,1089,IEO,SAD,sad,high,,,,,,,,,,female,24
1089_IEO_SAD_LO,crema_d_1089_IEO_SAD_LO,1089_IEO_SAD_LO.wav,crema_d,1089,IEO,SAD,sad,low,,,,,,,,,,female,24
1089_IEO_SAD_MD,crema_d_1089_IEO_SAD_MD,1089_IEO_SAD_MD.wav,crema_d,1089,IEO,SAD,sad,medium,,,,,,,,,,female,24
1089_IOM_ANG_XX,crema_d_1089_IOM_ANG_XX,1089_IOM_ANG_XX.wav,crema_d,1089,IOM,ANG,anger,unspecified,,,16000.0,2.8361875,16000.0,3.0,0.8521875,,,female,24
1089_IOM_DIS_XX,crema_d_1089_IOM_DIS_XX,1089_IOM_DIS_XX.wav,crema_d,1089,IOM,DIS,disgust,unspecified,,,,,,,,,,female,24
1089_IOM_FEA_XX,crema_d_1089_IOM_FEA_XX,1089_IOM_FEA_XX.wav,crema_d,1089,IOM,FEA,fear,unspecified,,,,,,,,,,female,24
1089_IOM_HAP_XX,crema_d_1089_IOM_HAP_XX,1089_IOM_HAP_XX.wav,crema_d,1089,IOM,HAP,happy,unspecified,,,16000.0,2.7360625,16000.0,3.0,1.0400625,,,female,24
1089_IOM_NEU_XX,crema_d_1089_IOM_NEU_XX,1089_IOM_NEU_XX.wav,crema_d,1089,IOM,NEU,neutral,unspecified,,,16000.0,2.2021875,16000.0,3.0,0.4741875,,,female,24
1089_IOM_SAD_XX,crema_d_1089_IOM_SAD_XX,1089_IOM_SAD_XX.wav,crema_d,1089,IOM,SAD,sad,unspecified,,,,,,,,,,female,24
1089_ITH_ANG_XX,crema_d_1089_ITH_ANG_XX,1089_ITH_ANG_XX.wav,crema_d,1089,ITH,ANG,anger,unspecified,,,16000.0,3.036375,16000.0,3.0,0.860375,,,female,24
1089_ITH_DIS_XX,crema_d_1089_ITH_DIS_XX,1089_ITH_DIS_XX.wav,crema_d,1089,ITH,DIS,disgust,unspecified,,,,,,,,,,female,24
1089_ITH_FEA_XX,crema_d_1089_ITH_FEA_XX,1089_ITH_FEA_XX.wav,crema_d,1089,ITH,FEA,fear,unspecified,,,,,,,,,,female,24
1089_ITH_HAP_XX,crema_d_1089_ITH_HAP_XX,1089_ITH_HAP_XX.wav,crema_d,1089,ITH,HAP,happy,unspecified,,,16000.0,2.1688125,16000.0,3.0,0.6648125,,,female,24
1089_ITH_NEU_XX,crema_d_1089_ITH_NEU_XX,1089_ITH_NEU_XX.wav,crema_d,1089,ITH,NEU,neutral,unspecified,,,16000.0,2.035375,16000.0,3.0,0.371375,,,female,24
1089_ITH_SAD_XX,crema_d_1089_ITH_SAD_XX,1089_ITH_SAD_XX.wav,crema_d,1089,ITH,SAD,sad,unspecified,,,,,,,,,,female,24
1089_ITS_ANG_XX,crema_d_1089_ITS_ANG_XX,1089_ITS_ANG_XX.wav,crema_d,1089,ITS,ANG,anger,unspecified,,,16000.0,2.7694375,16000.0,3.0,0.7854375,,,female,24
1089_ITS_DIS_XX,crema_d_1089_ITS_DIS_XX,1089_ITS_DIS_XX.wav,crema_d,1089,ITS,DIS,disgust,unspecified,,,,,,,,,,female,24
1089_ITS_FEA_XX,crema_d_1089_ITS_FEA_XX,1089_ITS_FEA_XX.wav,crema_d,1089,ITS,FEA,fear,unspecified,,,,,,,,,,female,24
1089_ITS_HAP_XX,crema_d_1089_ITS_HAP_XX,1089_ITS_HAP_XX.wav,crema_d,1089,ITS,HAP,happy,unspecified,,,16000.0,2.6359375,16000.0,3.0,1.2599375,,,female,24
1089_ITS_NEU_XX,crema_d_1089_ITS_NEU_XX,1089_ITS_NEU_XX.wav,crema_d,1089,ITS,NEU,neutral,unspecified,,,16000.0,2.06875,16000.0,3.0,0.11675,,,female,24
1089_ITS_SAD_XX,crema_d_1089_ITS_SAD_XX,1089_ITS_SAD_XX.wav,crema_d,1089,ITS,SAD,sad,unspecified,,,,,,,,,,female,24
1089_IWL_ANG_XX,crema_d_1089_IWL_ANG_XX,1089_IWL_ANG_XX.wav,crema_d,1089,IWL,ANG,anger,unspecified,,,16000.0,3.003,16000.0,3.0,0.923,,,female,24
1089_IWL_DIS_XX,crema_d_1089_IWL_DIS_XX,1089_IWL_DIS_XX.wav,crema_d,1089,IWL,DIS,disgust,unspecified,,,,,,,,,,female,24
1089_IWL_FEA_XX,crema_d_1089_IWL_FEA_XX,1089_IWL_FEA_XX.wav,crema_d,1089,IWL,FEA,fear,unspecified,,,,,,,,,,female,24
1089_IWL_HAP_XX,crema_d_1089_IWL_HAP_XX,1089_IWL_HAP_XX.wav,crema_d,1089,IWL,HAP,happy,unspecified,,,16000.0,2.3023125,16000.0,3.0,0.8303125,,,female,24
1089_IWL_NEU_XX,crema_d_1089_IWL_NEU_XX,1089_IWL_NEU_XX.wav,crema_d,1089,IWL,NEU,neutral,unspecified,,,16000.0,2.43575,16000.0,3.0,0.16375,,,female,24
1089_IWL_SAD_XX,crema_d_1089_IWL_SAD_XX,1089_IWL_SAD_XX.wav,crema_d,1089,IWL,SAD,sad,unspecified,,,,,,,,,,female,24
1089_IWW_ANG_XX,crema_d_1089_IWW_ANG_XX,1089_IWW_ANG_XX.wav,crema_d,1089,IWW,ANG,anger,unspecified,,,16000.0,2.43575,16000.0,3.0,1.02775,,,female,24
1089_IWW_DIS_XX,crema_d_1089_IWW_DIS_XX,1089_IWW_DIS_XX.wav,crema_d,1089,IWW,DIS,disgust,unspecified,,,,,,,,,,female,24
1089_IWW_FEA_XX,crema_d_1089_IWW_FEA_XX,1089_IWW_FEA_XX.wav,crema_d,1089,IWW,FEA,fear,unspecified,,,,,,,,,,female,24
1089_IWW_HAP_XX,crema_d_1089_IWW_HAP_XX,1089_IWW_HAP_XX.wav,crema_d,1089,IWW,HAP,happy,unspecified,,,16000.0,2.1354375,16000.0,3.0,0.8554375,,,female,24
1089_IWW_NEU_XX,crema_d_1089_IWW_NEU_XX,1089_IWW_NEU_XX.wav,crema_d,1089,IWW,NEU,neutral,unspecified,,,16000.0,3.2031875,16000.0,3.0,0.0351875,,,female,24
1089_IWW_SAD_XX,crema_d_1089_IWW_SAD_XX,1089_IWW_SAD_XX.wav,crema_d,1089,IWW,SAD,sad,unspecified,,,,,,,,,,female,24
1089_MTI_ANG_XX,crema_d_1089_MTI_ANG_XX,1089_MTI_ANG_XX.wav,crema_d,1089,MTI,ANG,anger,unspecified,,,16000.0,2.93625,16000.0,3.0,0.79225,,,female,24
1089_MTI_DIS_XX,crema_d_1089_MTI_DIS_XX,1089_MTI_DIS_XX.wav,crema_d,1089,MTI,DIS,disgust,unspecified,,,,,,,,,,female,24
1089_MTI_FEA_XX,crema_d_1089_MTI_FEA_XX,1089_MTI_FEA_XX.wav,crema_d,1089,MTI,FEA,fear,unspecified,,,,,,,,,,female,24
1089_MTI_HAP_XX,crema_d_1089_MTI_HAP_XX,1089_MTI_HAP_XX.wav,crema_d,1089,MTI,HAP,happy,unspecified,,,16000.0,2.469125,16000.0,3.0,0.805125,,,female,24
1089_MTI_NEU_XX,crema_d_1089_MTI_NEU_XX,1089_MTI_NEU_XX.wav,crema_d,1089,MTI,NEU,neutral,unspecified,,,16000.0,2.8695,16000.0,3.0,0.4695,,,female,24
1089_MTI_SAD_XX,crema_d_1089_MTI_SAD_XX,1089_MTI_SAD_XX.wav,crema_d,1089,MTI,SAD,sad,unspecified,,,,,,,,,,female,24
1089_TAI_ANG_XX,crema_d_1089_TAI_ANG_XX,1089_TAI_ANG_XX.wav,crema_d,1089,TAI,ANG,anger,unspecified,,,16000.0,2.8695,16000.0,3.0,0.7575,,,female,24
1089_TAI_DIS_XX,crema_d_1089_TAI_DIS_XX,1089_TAI_DIS_XX.wav,crema_d,1089,TAI,DIS,disgust,unspecified,,,,,,,,,,female,24
1089_TAI_FEA_XX,crema_d_1089_TAI_FEA_XX,1089_TAI_FEA_XX.wav,crema_d,1089,TAI,FEA,fear,unspecified,,,,,,,,,,female,24
1089_TAI_HAP_XX,crema_d_1089_TAI_HAP_XX,1089_TAI_HAP_XX.wav,crema_d,1089,TAI,HAP,happy,unspecified,,,16000.0,2.469125,16000.0,3.0,0.645125,,,female,24
1089_TAI_NEU_XX,crema_d_1089_TAI_NEU_XX,1089_TAI_NEU_XX.wav,crema_d,1089,TAI,NEU,neutral,unspecified,,,16000.0,2.469125,16000.0,3.0,0.261125,,,female,24
1089_TAI_SAD_XX,crema_d_1089_TAI_SAD_XX,1089_TAI_SAD_XX.wav,crema_d,1089,TAI,SAD,sad,unspecified,,,,,,,,,,female,24
1089_TIE_ANG_XX,crema_d_1089_TIE_ANG_XX,1089_TIE_ANG_XX.wav,crema_d,1089,TIE,ANG,anger,unspecified,,,16000.0,3.003,16000.0,3.0,1.243,,,female,24
1089_TIE_DIS_XX,crema_d_1089_TIE_DIS_XX,1089_TIE_DIS_XX.wav,crema_d,1089,TIE,DIS,disgust,unspecified,,,,,,,,,,female,24
1089_TIE_FEA_XX,crema_d_1089_TIE_FEA_XX,1089_TIE_FEA_XX.wav,crema_d,1089,TIE,FEA,fear,unspecified,,,,,,,,,,female,24
1089_TIE_HAP_XX,crema_d_1089_TIE_HAP_XX,1089_TIE_HAP_XX.wav,crema_d,1089,TIE,HAP,happy,unspecified,,,16000.0,3.003,16000.0,3.0,1.307,,,female,24
1089_TIE_NEU_XX,crema_d_1089_TIE_NEU_XX,1089_TIE_NEU_XX.wav,crema_d,1089,TIE,NEU,neutral,unspecified,,,16000.0,2.969625,16000.0,3.0,0.121625,,,female,24
1089_TIE_SAD_XX,crema_d_1089_TIE_SAD_XX,1089_TIE_SAD_XX.wav,crema_d,1089,TIE,SAD,sad,unspecified,,,,,,,,,,female,24
1089_TSI_ANG_XX,crema_d_1089_TSI_ANG_XX,1089_TSI_ANG_XX.wav,crema_d,1089,TSI,ANG,anger,unspecified,,,16000.0,2.369,16000.0,3.0,0.833,,,female,24
1089_TSI_DIS_XX,crema_d_1089_TSI_DIS_XX,1089_TSI_DIS_XX.wav,crema_d,1089,TSI,DIS,disgust,unspecified,,,,,,,,,,female,24
1089_TSI_FEA_XX,crema_d_1089_TSI_FEA_XX,1089_TSI_FEA_XX.wav,crema_d,1089,TSI,FEA,fear,unspecified,,,,,,,,,,female,24
1089_TSI_HAP_XX,crema_d_1089_TSI_HAP_XX,1089_TSI_HAP_XX.wav,crema_d,1089,TSI,HAP,happy,unspecified,,,16000.0,2.3356875,16000.0,3.0,1.1516875,,,female,24
1089_TSI_NEU_XX,crema_d_1089_TSI_NEU_XX,1089_TSI_NEU_XX.wav,crema_d,1089,TSI,NEU,neutral,unspecified,,,16000.0,2.3356875,16000.0,3.0,0.032,,,female,24
1089_TSI_SAD_XX,crema_d_1089_TSI_SAD_XX,1089_TSI_SAD_XX.wav,crema_d,1089,TSI,SAD,sad,unspecified,,,,,,,,,,female,24
1089_WSI_ANG_XX,crema_d_1089_WSI_ANG_XX,1089_WSI_ANG_XX.wav,crema_d,1089,WSI,ANG,anger,unspecified,,,16000.0,2.2689375,16000.0,3.0,0.8289375,,,female,24
1089_WSI_DIS_XX,crema_d_1089_WSI_DIS_XX,1089_WSI_DIS_XX.wav,crema_d,1089,WSI,DIS,disgust,unspecified,,,,,,,,,,female,24
1089_WSI_FEA_XX,crema_d_1089_WSI_FEA_XX,1089_WSI_FEA_XX.wav,crema_d,1089,WSI,FEA,fear,unspecified,,,,,,,,,,female,24
1089_WSI_HAP_XX,crema_d_1089_WSI_HAP_XX,1089_WSI_HAP_XX.wav,crema_d,1089,WSI,HAP,happy,unspecified,,,16000.0,2.2021875,16000.0,3.0,0.7621875,,,female,24
1089_WSI_NEU_XX,crema_d_1089_WSI_NEU_XX,1089_WSI_NEU_XX.wav,crema_d,1089,WSI,NEU,neutral,unspecified,,,16000.0,2.56925,16000.0,3.0,1.22525,,,female,24
1089_WSI_SAD_XX,crema_d_1089_WSI_SAD_XX,1089_WSI_SAD_XX.wav,crema_d,1089,WSI,SAD,sad,unspecified,,,,,,,,,,female,24
1090_DFA_ANG_XX,crema_d_1090_DFA_ANG_XX,1090_DFA_ANG_XX.wav,crema_d,1090,DFA,ANG,anger,unspecified,,,16000.0,2.2021875,16000.0,3.0,0.8261875,,,male,50
1090_DFA_DIS_XX,crema_d_1090_DFA_DIS_XX,1090_DFA_DIS_XX.wav,crema_d,1090,DFA,DIS,disgust,unspecified,,,,,,,,,,male,50
1090_DFA_FEA_XX,crema_d_1090_DFA_FEA_XX,1090_DFA_FEA_XX.wav,crema_d,1090,DFA,FEA,fear,unspecified,,,,,,,,,,male,50
1090_DFA_HAP_XX,crema_d_1090_DFA_HAP_XX,1090_DFA_HAP_XX.wav,crema_d,1090,DFA,HAP,happy,unspecified,,,16000.0,1.901875,16000.0,3.0,0.717875,,,male,50
1090_DFA_NEU_XX,crema_d_1090_DFA_NEU_XX,1090_DFA_NEU_XX.wav,crema_d,1090,DFA,NEU,neutral,unspecified,,,16000.0,1.8018125,16000.0,3.0,0.7778125,,,male,50
1090_DFA_SAD_XX,crema_d_1090_DFA_SAD_XX,1090_DFA_SAD_XX.wav,crema_d,1090,DFA,SAD,sad,unspecified,,,,,,,,,,male,50
1090_IEO_ANG_HI,crema_d_1090_IEO_ANG_HI,1090_IEO_ANG_HI.wav,crema_d,1090,IEO,ANG,anger,high,,,16000.0,2.8695,16000.0,3.0,1.0455,,,male,50
1090_IEO_ANG_LO,crema_d_1090_IEO_ANG_LO,1090_IEO_ANG_LO.wav,crema_d,1090,IEO,ANG,anger,low,,,16000.0,2.56925,16000.0,3.0,1.03325,,,male,50
1090_IEO_ANG_MD,crema_d_1090_IEO_ANG_MD,1090_IEO_ANG_MD.wav,crema_d,1090,IEO,ANG,anger,medium,,,16000.0,2.43575,16000.0,3.0,1.09175,,,male,50
1090_IEO_DIS_HI,crema_d_1090_IEO_DIS_HI,1090_IEO_DIS_HI.wav,crema_d,1090,IEO,DIS,disgust,high,,,,,,,,,,male,50
1090_IEO_DIS_LO,crema_d_1090_IEO_DIS_LO,1090_IEO_DIS_LO.wav,crema_d,1090,IEO,DIS,disgust,low,,,,,,,,,,male,50
1090_IEO_DIS_MD,crema_d_1090_IEO_DIS_MD,1090_IEO_DIS_MD.wav,crema_d,1090,IEO,DIS,disgust,medium,,,,,,,,,,male,50
1090_IEO_FEA_HI,crema_d_1090_IEO_FEA_HI,1090_IEO_FEA_HI.wav,crema_d,1090,IEO,FEA,fear,high,,,,,,,,,,male,50
1090_IEO_FEA_LO,crema_d_1090_IEO_FEA_LO,1090_IEO_FEA_LO.wav,crema_d,1090,IEO,FEA,fear,low,,,,,,,,,,male,50
1090_IEO_FEA_MD,crema_d_1090_IEO_FEA_MD,1090_IEO_FEA_MD.wav,crema_d,1090,IEO,FEA,fear,medium,,,,,,,,,,male,50
1090_IEO_HAP_HI,crema_d_1090_IEO_HAP_HI,1090_IEO_HAP_HI.wav,crema_d,1090,IEO,HAP,happy,high,,,16000.0,2.002,16000.0,3.0,0.946,,,male,50
1090_IEO_HAP_LO,crema_d_1090_IEO_HAP_LO,1090_IEO_HAP_LO.wav,crema_d,1090,IEO,HAP,happy,low,,,16000.0,1.93525,16000.0,3.0,0.04725,,,male,50
1090_IEO_HAP_MD,crema_d_1090_IEO_HAP_MD,1090_IEO_HAP_MD.wav,crema_d,1090,IEO,HAP,happy,medium,,,16000.0,1.901875,16000.0,3.0,0.845875,,,male,50
1090_IEO_NEU_XX,crema_d_1090_IEO_NEU_XX,1090_IEO_NEU_XX.wav,crema_d,1090,IEO,NEU,neutral,unspecified,,,16000.0,1.6683125,16000.0,3.0,0.0,,,male,50
1090_IEO_SAD_HI,crema_d_1090_IEO_SAD_HI,1090_IEO_SAD_HI.wav,crema_d,1090,IEO,SAD,sad,high,,,,,,,,,,male,50
1090_IEO_SAD_LO,crema_d_1090_IEO_SAD_LO,1090_IEO_SAD_LO.wav,crema_d,1090,IEO,SAD,sad,low,,,,,,,,,,male,50
1090_IEO_SAD_MD,crema_d_1090_IEO_SAD_MD,1090_IEO_SAD_MD.wav,crema_d,1090,IEO,SAD,sad,medium,,,,,,,,,,male,50
1090_IOM_ANG_XX,crema_d_1090_IOM_ANG_XX,1090_IOM_ANG_XX.wav,crema_d,1090,IOM,ANG,anger,unspecified,,,16000.0,2.5025,16000.0,3.0,0.6785,,,male,50
1090_IOM_DIS_XX,crema_d_1090_IOM_DIS_XX,1090_IOM_DIS_XX.wav,crema_d,1090,IOM,DIS,disgust,unspecified,,,,,,,,,,male,50
1090_IOM_FEA_XX,crema_d_1090_IOM_FEA_XX,1090_IOM_FEA_XX.wav,crema_d,1090,IOM,FEA,fear,unspecified,,,,,,,,,,male,50
1090_IOM_HAP_XX,crema_d_1090_IOM_HAP_XX,1090_IOM_HAP_XX.wav,crema_d,1090,IOM,HAP,happy,unspecified,,,16000.0,2.469125,16000.0,3.0,0.069125,,,male,50
1090_IOM_NEU_XX,crema_d_1090_IOM_NEU_XX,1090_IOM_NEU_XX.wav,crema_d,1090,IOM,NEU,neutral,unspecified,,,16000.0,2.1688125,16000.0,3.0,0.0,,,male,50
1090_IOM_SAD_XX,crema_d_1090_IOM_SAD_XX,1090_IOM_SAD_XX.wav,crema_d,1090,IOM,SAD,sad,unspecified,,,,,,,,,,male,50
1090_ITH_ANG_XX,crema_d_1090_ITH_ANG_XX,1090_ITH_ANG_XX.wav,crema_d,1090,ITH,ANG,anger,unspecified,,,16000.0,3.470125,16000.0,3.0,0.846125,,,male,50
1090_ITH_DIS_XX,crema_d_1090_ITH_DIS_XX,1090_ITH_DIS_XX.wav,crema_d,1090,ITH,DIS,disgust,unspecified,,,,,,,,,,male,50
1090_ITH_FEA_XX,crema_d_1090_ITH_FEA_XX,1090_ITH_FEA_XX.wav,crema_d,1090,ITH,FEA,fear,unspecified,,,,,,,,,,male,50
1090_ITH_HAP_XX,crema_d_1090_ITH_HAP_XX,1090_ITH_HAP_XX.wav,crema_d,1090,ITH,HAP,happy,unspecified,,,16000.0,2.1354375,16000.0,3.0,0.5354375,,,male,50
1090_ITH_NEU_XX,crema_d_1090_ITH_NEU_XX,1090_ITH_NEU_XX.wav,crema_d,1090,ITH,NEU,neutral,unspecified,,,16000.0,2.3023125,16000.0,3.0,0.0943125,,,male,50
1090_ITH_SAD_XX,crema_d_1090_ITH_SAD_XX,1090_ITH_SAD_XX.wav,crema_d,1090,ITH,SAD,sad,unspecified,,,,,,,,,,male,50
1090_ITS_ANG_XX,crema_d_1090_ITS_ANG_XX,1090_ITS_ANG_XX.wav,crema_d,1090,ITS,ANG,anger,unspecified,,,16000.0,2.56925,16000.0,3.0,0.80925,,,male,50
1090_ITS_DIS_XX,crema_d_1090_ITS_DIS_XX,1090_ITS_DIS_XX.wav,crema_d,1090,ITS,DIS,disgust,unspecified,,,,,,,,,,male,50
1090_ITS_FEA_XX,crema_d_1090_ITS_FEA_XX,1090_ITS_FEA_XX.wav,crema_d,1090,ITS,FEA,fear,unspecified,,,,,,,,,,male,50
1090_ITS_HAP_XX,crema_d_1090_ITS_HAP_XX,1090_ITS_HAP_XX.wav,crema_d,1090,ITS,HAP,happy,unspecified,,,16000.0,2.93625,16000.0,3.0,0.05625,,,male,50
1090_ITS_NEU_XX,crema_d_1090_ITS_NEU_XX,1090_ITS_NEU_XX.wav,crema_d,1090,ITS,NEU,neutral,unspecified,,,16000.0,2.535875,16000.0,3.0,0.071875,,,male,50
1090_ITS_SAD_XX,crema_d_1090_ITS_SAD_XX,1090_ITS_SAD_XX.wav,crema_d,1090,ITS,SAD,sad,unspecified,,,,,,,,,,male,50
1090_IWL_ANG_XX,crema_d_1090_IWL_ANG_XX,1090_IWL_ANG_XX.wav,crema_d,1090,IWL,ANG,anger,unspecified,,,16000.0,3.3033125,16000.0,3.0,1.0953125,,,male,50
1090_IWL_DIS_XX,crema_d_1090_IWL_DIS_XX,1090_IWL_DIS_XX.wav,crema_d,1090,IWL,DIS,disgust,unspecified,,,,,,,,,,male,50
1090_IWL_FEA_XX,crema_d_1090_IWL_FEA_XX,1090_IWL_FEA_XX.wav,crema_d,1090,IWL,FEA,fear,unspecified,,,,,,,,,,male,50
1090_IWL_HAP_XX,crema_d_1090_IWL_HAP_XX,1090_IWL_HAP_XX.wav,crema_d,1090,IWL,HAP,happy,unspecified,,,16000.0,2.602625,16000.0,3.0,0.042625,,,male,50
1090_IWL_NEU_XX,crema_d_1090_IWL_NEU_XX,1090_IWL_NEU_XX.wav,crema_d,1090,IWL,NEU,neutral,unspecified,,,16000.0,2.7694375,16000.0,3.0,0.1774375,,,male,50
1090_IWL_SAD_XX,crema_d_1090_IWL_SAD_XX,1090_IWL_SAD_XX.wav,crema_d,1090,IWL,SAD,sad,unspecified,,,,,,,,,,male,50
1090_IWW_ANG_XX,crema_d_1090_IWW_ANG_XX,1090_IWW_ANG_XX.wav,crema_d,1090,IWW,ANG,anger,unspecified,,,16000.0,2.8695,16000.0,3.0,0.8215,,,male,50
1090_IWW_DIS_XX,crema_d_1090_IWW_DIS_XX,1090_IWW_DIS_XX.wav,crema_d,1090,IWW,DIS,disgust,unspecified,,,,,,,,,,male,50
1090_IWW_FEA_XX,crema_d_1090_IWW_FEA_XX,1090_IWW_FEA_XX.wav,crema_d,1090,IWW,FEA,fear,unspecified,,,,,,,,,,male,50
1090_IWW_HAP_XX,crema_d_1090_IWW_HAP_XX,1090_IWW_HAP_XX.wav,crema_d,1090,IWW,HAP,happy,unspecified,,,16000.0,2.2021875,16000.0,3.0,0.8901875,,,male,50
1090_IWW_NEU_XX,crema_d_1090_IWW_NEU_XX,1090_IWW_NEU_XX.wav,crema_d,1090,IWW,NEU,neutral,unspecified,,,16000.0,2.1354375,16000.0,3.0,0.0874375,,,male,50
1090_IWW_SAD_XX,crema_d_1090_IWW_SAD_XX,1090_IWW_SAD_XX.wav,crema_d,1090,IWW,SAD,sad,unspecified,,,,,,,,,,male,50
1090_MTI_ANG_XX,crema_d_1090_MTI_ANG_XX,1090_MTI_ANG_XX.wav,crema_d,1090,MTI,ANG,anger,unspecified,,,16000.0,2.2355625,16000.0,3.0,0.4435625,,,male,50
1090_MTI_DIS_XX,crema_d_1090_MTI_DIS_XX,1090_MTI_DIS_XX.wav,crema_d,1090,MTI,DIS,disgust,unspecified,,,,,,,,,,male,50
1090_MTI_FEA_XX,crema_d_1090_MTI_FEA_XX,1090_MTI_FEA_XX.wav,crema_d,1090,MTI,FEA,fear,unspecified,,,,,,,,,,male,50
1090_MTI_HAP_XX,crema_d_1090_MTI_HAP_XX,1090_MTI_HAP_XX.wav,crema_d,1090,MTI,HAP,happy,unspecified,,,16000.0,2.8028125,16000.0,3.0,0.8828125,,,male,50
1090_MTI_NEU_XX,crema_d_1090_MTI_NEU_XX,1090_MTI_NEU_XX.wav,crema_d,1090,MTI,NEU,neutral,unspecified,,,16000.0,2.3356875,16000.0,3.0,0.5756875,,,male,50
1090_MTI_SAD_XX,crema_d_1090_MTI_SAD_XX,1090_MTI_SAD_XX.wav,crema_d,1090,MTI,SAD,sad,unspecified,,,,,,,,,,male,50
1090_TAI_ANG_XX,crema_d_1090_TAI_ANG_XX,1090_TAI_ANG_XX.wav,crema_d,1090,TAI,ANG,anger,unspecified,,,16000.0,3.470125,16000.0,3.0,1.134125,,,male,50
1090_TAI_DIS_XX,crema_d_1090_TAI_DIS_XX,1090_TAI_DIS_XX.wav,crema_d,1090,TAI,DIS,disgust,unspecified,,,,,,,,,,male,50
1090_TAI_FEA_XX,crema_d_1090_TAI_FEA_XX,1090_TAI_FEA_XX.wav,crema_d,1090,TAI,FEA,fear,unspecified,,,,,,,,,,male,50
1090_TAI_HAP_XX,crema_d_1090_TAI_HAP_XX,1090_TAI_HAP_XX.wav,crema_d,1090,TAI,HAP,happy,unspecified,,,16000.0,2.402375,16000.0,3.0,0.834375,,,male,50
1090_TAI_NEU_XX,crema_d_1090_TAI_NEU_XX,1090_TAI_NEU_XX.wav,crema_d,1090,TAI,NEU,neutral,unspecified,,,16000.0,2.402375,16000.0,3.0,0.642375,,,male,50
1090_TAI_SAD_XX,crema_d_1090_TAI_SAD_XX,1090_TAI_SAD_XX.wav,crema_d,1090,TAI,SAD,sad,unspecified,,,,,,,,,,male,50
1090_TIE_ANG_XX,crema_d_1090_TIE_ANG_XX,1090_TIE_ANG_XX.wav,crema_d,1090,TIE,ANG,anger,unspecified,,,16000.0,2.93625,16000.0,3.0,0.92025,,,male,50
1090_TIE_DIS_XX,crema_d_1090_TIE_DIS_XX,1090_TIE_DIS_XX.wav,crema_d,1090,TIE,DIS,disgust,unspecified,,,,,,,,,,male,50
1090_TIE_FEA_XX,crema_d_1090_TIE_FEA_XX,1090_TIE_FEA_XX.wav,crema_d,1090,TIE,FEA,fear,unspecified,,,,,,,,,,male,50
1090_TIE_HAP_XX,crema_d_1090_TIE_HAP_XX,1090_TIE_HAP_XX.wav,crema_d,1090,TIE,HAP,happy,unspecified,,,16000.0,2.469125,16000.0,3.0,0.805125,,,male,50
1090_TIE_NEU_XX,crema_d_1090_TIE_NEU_XX,1090_TIE_NEU_XX.wav,crema_d,1090,TIE,NEU,neutral,unspecified,,,16000.0,2.43575,16000.0,3.0,0.0,,,male,50
1090_TIE_SAD_XX,crema_d_1090_TIE_SAD_XX,1090_TIE_SAD_XX.wav,crema_d,1090,TIE,SAD,sad,unspecified,,,,,,,,,,male,50
1090_TSI_ANG_XX,crema_d_1090_TSI_ANG_XX,1090_TSI_ANG_XX.wav,crema_d,1090,TSI,ANG,anger,unspecified,,,16000.0,2.8695,16000.0,3.0,1.3015,,,male,50
1090_TSI_DIS_XX,crema_d_1090_TSI_DIS_XX,1090_TSI_DIS_XX.wav,crema_d,1090,TSI,DIS,disgust,unspecified,,,,,,,,,,male,50
1090_TSI_FEA_XX,crema_d_1090_TSI_FEA_XX,1090_TSI_FEA_XX.wav,crema_d,1090,TSI,FEA,fear,unspecified,,,,,,,,,,male,50
1090_TSI_HAP_XX,crema_d_1090_TSI_HAP_XX,1090_TSI_HAP_XX.wav,crema_d,1090,TSI,HAP,happy,unspecified,,,16000.0,2.56925,16000.0,3.0,1.25725,,,male,50
1090_TSI_NEU_XX,crema_d_1090_TSI_NEU_XX,1090_TSI_NEU_XX.wav,crema_d,1090,TSI,NEU,neutral,unspecified,,,16000.0,2.1688125,16000.0,3.0,1.0488125,,,male,50
1090_TSI_SAD_XX,crema_d_1090_TSI_SAD_XX,1090_TSI_SAD_XX.wav,crema_d,1090,TSI,SAD,sad,unspecified,,,,,,,,,,male,50
1090_WSI_ANG_XX,crema_d_1090_WSI_ANG_XX,1090_WSI_ANG_XX.wav,crema_d,1090,WSI,ANG,anger,unspecified,,,16000.0,2.902875,16000.0,3.0,0.758875,,,male,50
1090_WSI_DIS_XX,crema_d_1090_WSI_DIS_XX,1090_WSI_DIS_XX.wav,crema_d,1090,WSI,DIS,disgust,unspecified,,,,,,,,,,male,50
1090_WSI_FEA_XX,crema_d_1090_WSI_FEA_XX,1090_WSI_FEA_XX.wav,crema_d,1090,WSI,FEA,fear,unspecified,,,,,,,,,,male,50
1090_WSI_HAP_XX,crema_d_1090_WSI_HAP_XX,1090_WSI_HAP_XX.wav,crema_d,1090,WSI,HAP,happy,unspecified,,,16000.0,2.3023125,16000.0,3.0,0.1903125,,,male,50
1090_WSI_NEU_XX,crema_d_1090_WSI_NEU_XX,1090_WSI_NEU_XX.wav,crema_d,1090,WSI,NEU,neutral,unspecified,,,16000.0,2.369,16000.0,3.0,0.0,,,male,50
1090_WSI_SAD_XX,crema_d_1090_WSI_SAD_XX,1090_WSI_SAD_XX.wav,crema_d,1090,WSI,SAD,sad,unspecified,,,,,,,,,,male,50
1091_DFA_ANG_XX,crema_d_1091_DFA_ANG_XX,1091_DFA_ANG_XX.wav,crema_d,1091,DFA,ANG,anger,unspecified,,,16000.0,2.002,16000.0,3.0,0.978,,,female,29
1091_DFA_DIS_XX,crema_d_1091_DFA_DIS_XX,1091_DFA_DIS_XX.wav,crema_d,1091,DFA,DIS,disgust,unspecified,,,,,,,,,,female,29
1091_DFA_FEA_XX,crema_d_1091_DFA_FEA_XX,1091_DFA_FEA_XX.wav,crema_d,1091,DFA,FEA,fear,unspecified,,,,,,,,,,female,29
1091_DFA_HAP_XX,crema_d_1091_DFA_HAP_XX,1091_DFA_HAP_XX.wav,crema_d,1091,DFA,HAP,happy,unspecified,,,16000.0,2.002,16000.0,3.0,0.05,,,female,29
1091_DFA_NEU_XX,crema_d_1091_DFA_NEU_XX,1091_DFA_NEU_XX.wav,crema_d,1091,DFA,NEU,neutral,unspecified,,,16000.0,2.002,16000.0,3.0,0.05,,,female,29
1091_DFA_SAD_XX,crema_d_1091_DFA_SAD_XX,1091_DFA_SAD_XX.wav,crema_d,1091,DFA,SAD,sad,unspecified,,,,,,,,,,female,29
1091_IEO_ANG_HI,crema_d_1091_IEO_ANG_HI,1091_IEO_ANG_HI.wav,crema_d,1091,IEO,ANG,anger,high,,,16000.0,2.1688125,16000.0,3.0,0.9848125,,,female,29
1091_IEO_ANG_LO,crema_d_1091_IEO_ANG_LO,1091_IEO_ANG_LO.wav,crema_d,1091,IEO,ANG,anger,low,,,16000.0,2.1688125,16000.0,3.0,0.9528125,,,female,29
1091_IEO_ANG_MD,crema_d_1091_IEO_ANG_MD,1091_IEO_ANG_MD.wav,crema_d,1091,IEO,ANG,anger,medium,,,16000.0,2.3356875,16000.0,3.0,1.2796875,,,female,29
1091_IEO_DIS_HI,crema_d_1091_IEO_DIS_HI,1091_IEO_DIS_HI.wav,crema_d,1091,IEO,DIS,disgust,high,,,,,,,,,,female,29
1091_IEO_DIS_LO,crema_d_1091_IEO_DIS_LO,1091_IEO_DIS_LO.wav,crema_d,1091,IEO,DIS,disgust,low,,,,,,,,,,female,29
1091_IEO_DIS_MD,crema_d_1091_IEO_DIS_MD,1091_IEO_DIS_MD.wav,crema_d,1091,IEO,DIS,disgust,medium,,,,,,,,,,female,29
1091_IEO_FEA_HI,crema_d_1091_IEO_FEA_HI,1091_IEO_FEA_HI.wav,crema_d,1091,IEO,FEA,fear,high,,,,,,,,,,female,29
1091_IEO_FEA_LO,crema_d_1091_IEO_FEA_LO,1091_IEO_FEA_LO.wav,crema_d,1091,IEO,FEA,fear,low,,,,,,,,,,female,29
1091_IEO_FEA_MD,crema_d_1091_IEO_FEA_MD,1091_IEO_FEA_MD.wav,crema_d,1091,IEO,FEA,fear,medium,,,,,,,,,,female,29
1091_IEO_HAP_HI,crema_d_1091_IEO_HAP_HI,1091_IEO_HAP_HI.wav,crema_d,1091,IEO,HAP,happy,high,,,16000.0,2.002,16000.0,3.0,1.202,,,female,29
1091_IEO_HAP_LO,crema_d_1091_IEO_HAP_LO,1091_IEO_HAP_LO.wav,crema_d,1091,IEO,HAP,happy,low,,,16000.0,1.6683125,16000.0,3.0,0.0,,,female,29
1091_IEO_HAP_MD,crema_d_1091_IEO_HAP_MD,1091_IEO_HAP_MD.wav,crema_d,1091,IEO,HAP,happy,medium,,,16000.0,2.6693125,16000.0,3.0,0.0,,,female,29
1091_IEO_NEU_XX,crema_d_1091_IEO_NEU_XX,1091_IEO_NEU_XX.wav,crema_d,1091,IEO,NEU,neutral,unspecified,,,16000.0,1.8351875,16000.0,3.0,0.0,,,female,29
1091_IEO_SAD_HI,crema_d_1091_IEO_SAD_HI,1091_IEO_SAD_HI.wav,crema_d,1091,IEO,SAD,sad,high,,,,,,,,,,female,29
1091_IEO_SAD_LO,crema_d_1091_IEO_SAD_LO,1091_IEO_SAD_LO.wav,crema_d,1091,IEO,SAD,sad,low,,,,,,,,,,female,29
1091_IEO_SAD_MD,crema_d_1091_IEO_SAD_MD,1091_IEO_SAD_MD.wav,crema_d,1091,IEO,SAD,sad,medium,,,,,,,,,,female,29
1091_IOM_ANG_XX,crema_d_1091_IOM_ANG_XX,1091_IOM_ANG_XX.wav,crema_d,1091,IOM,ANG,anger,unspecified,,,16000.0,2.002,16000.0,3.0,0.754,,,female,29
1091_IOM_DIS_XX,crema_d_1091_IOM_DIS_XX,1091_IOM_DIS_XX.wav,crema_d,1091,IOM,DIS,disgust,unspecified,,,,,,,,,,female,29
1091_IOM_FEA_XX,crema_d_1091_IOM_FEA_XX,1091_IOM_FEA_XX.wav,crema_d,1091,IOM,FEA,fear,unspecified,,,,,,,,,,female,29
1091_IOM_HAP_XX,crema_d_1091_IOM_HAP_XX,1091_IOM_HAP_XX.wav,crema_d,1091,IOM,HAP,happy,unspecified,,,16000.0,2.5025,16000.0,3.0,0.9025,,,female,29
1091_IOM_NEU_XX,crema_d_1091_IOM_NEU_XX,1091_IOM_NEU_XX.wav,crema_d,1091,IOM,NEU,neutral,unspecified,,,16000.0,2.002,16000.0,3.0,0.914,,,female,29
1091_IOM_SAD_XX,crema_d_1091_IOM_SAD_XX,1091_IOM_SAD_XX.wav,crema_d,1091,IOM,SAD,sad,unspecified,,,,,,,,,,female,29
1091_ITH_ANG_XX,crema_d_1091_ITH_ANG_XX,1091_ITH_ANG_XX.wav,crema_d,1091,ITH,ANG,anger,unspecified,,,16000.0,2.6693125,16000.0,3.0,1.0373125,,,female,29
1091_ITH_DIS_XX,crema_d_1091_ITH_DIS_XX,1091_ITH_DIS_XX.wav,crema_d,1091,ITH,DIS,disgust,unspecified,,,,,,,,,,female,29
1091_ITH_FEA_XX,crema_d_1091_ITH_FEA_XX,1091_ITH_FEA_XX.wav,crema_d,1091,ITH,FEA,fear,unspecified,,,,,,,,,,female,29
1091_ITH_HAP_XX,crema_d_1091_ITH_HAP_XX,1091_ITH_HAP_XX.wav,crema_d,1091,ITH,HAP,happy,unspecified,,,16000.0,2.6693125,16000.0,3.0,0.0,,,female,29
1091_ITH_NEU_XX,crema_d_1091_ITH_NEU_XX,1091_ITH_NEU_XX.wav,crema_d,1091,ITH,NEU,neutral,unspecified,,,16000.0,2.3356875,16000.0,3.0,0.0,,,female,29
1091_ITH_SAD_XX,crema_d_1091_ITH_SAD_XX,1091_ITH_SAD_XX.wav,crema_d,1091,ITH,SAD,sad,unspecified,,,,,,,,,,female,29
1091_ITS_ANG_XX,crema_d_1091_ITS_ANG_XX,1091_ITS_ANG_XX.wav,crema_d,1091,ITS,ANG,anger,unspecified,,,16000.0,2.8361875,16000.0,3.0,1.3641875,,,female,29
1091_ITS_DIS_XX,crema_d_1091_ITS_DIS_XX,1091_ITS_DIS_XX.wav,crema_d,1091,ITS,DIS,disgust,unspecified,,,,,,,,,,female,29
1091_ITS_FEA_XX,crema_d_1091_ITS_FEA_XX,1091_ITS_FEA_XX.wav,crema_d,1091,ITS,FEA,fear,unspecified,,,,,,,,,,female,29
1091_ITS_HAP_XX,crema_d_1091_ITS_HAP_XX,1091_ITS_HAP_XX.wav,crema_d,1091,ITS,HAP,happy,unspecified,,,16000.0,2.8361875,16000.0,3.0,1.2681875,,,female,29
1091_ITS_NEU_XX,crema_d_1091_ITS_NEU_XX,1091_ITS_NEU_XX.wav,crema_d,1091,ITS,NEU,neutral,unspecified,,,16000.0,2.5025,16000.0,3.0,0.0,,,female,29
1091_ITS_SAD_XX,crema_d_1091_ITS_SAD_XX,1091_ITS_SAD_XX.wav,crema_d,1091,ITS,SAD,sad,unspecified,,,,,,,,,,female,29
1091_IWL_ANG_XX,crema_d_1091_IWL_ANG_XX,1091_IWL_ANG_XX.wav,crema_d,1091,IWL,ANG,anger,unspecified,,,16000.0,2.5025,16000.0,3.0,1.0945,,,female,29
1091_IWL_DIS_XX,crema_d_1091_IWL_DIS_XX,1091_IWL_DIS_XX.wav,crema_d,1091,IWL,DIS,disgust,unspecified,,,,,,,,,,female,29
1091_IWL_FEA_XX,crema_d_1091_IWL_FEA_XX,1091_IWL_FEA_XX.wav,crema_d,1091,IWL,FEA,fear,unspecified,,,,,,,,,,female,29
1091_IWL_HAP_XX,crema_d_1091_IWL_HAP_XX,1091_IWL_HAP_XX.wav,crema_d,1091,IWL,HAP,happy,unspecified,,,16000.0,2.6693125,16000.0,3.0,0.3973125,,,female,29
1091_IWL_NEU_XX,crema_d_1091_IWL_NEU_XX,1091_IWL_NEU_XX.wav,crema_d,1091,IWL,NEU,neutral,unspecified,,,16000.0,2.3356875,16000.0,3.0,0.4476875,,,female,29
1091_IWL_SAD_XX,crema_d_1091_IWL_SAD_XX,1091_IWL_SAD_XX.wav,crema_d,1091,IWL,SAD,sad,unspecified,,,,,,,,,,female,29
1091_IWW_ANG_XX,crema_d_1091_IWW_ANG_XX,1091_IWW_ANG_XX.wav,crema_d,1091,IWW,ANG,anger,unspecified,,,16000.0,2.5025,16000.0,3.0,1.2545,,,female,29
1091_IWW_DIS_XX,crema_d_1091_IWW_DIS_XX,1091_IWW_DIS_XX.wav,crema_d,1091,IWW,DIS,disgust,unspecified,,,,,,,,,,female,29
1091_IWW_FEA_XX,crema_d_1091_IWW_FEA_XX,1091_IWW_FEA_XX.wav,crema_d,1091,IWW,FEA,fear,unspecified,,,,,,,,,,female,29
1091_IWW_HAP_XX,crema_d_1091_IWW_HAP_XX,1091_IWW_HAP_XX.wav,crema_d,1091,IWW,HAP,happy,unspecified,,,16000.0,3.003,16000.0,3.0,0.0,,,female,29
1091_IWW_NEU_XX,crema_d_1091_IWW_NEU_XX,1091_IWW_NEU_XX.wav,crema_d,1091,IWW,NEU,neutral,unspecified,,,16000.0,2.8361875,16000.0,3.0,0.1161875,,,female,29
1091_IWW_SAD_XX,crema_d_1091_IWW_SAD_XX,1091_IWW_SAD_XX.wav,crema_d,1091,IWW,SAD,sad,unspecified,,,,,,,,,,female,29
1091_MTI_ANG_XX,crema_d_1091_MTI_ANG_XX,1091_MTI_ANG_XX.wav,crema_d,1091,MTI,ANG,anger,unspecified,,,16000.0,2.3356875,16000.0,3.0,0.8956875,,,female,29
1091_MTI_DIS_XX,crema_d_1091_MTI_DIS_XX,1091_MTI_DIS_XX.wav,crema_d,1091,MTI,DIS,disgust,unspecified,,,,,,,,,,female,29
1091_MTI_FEA_XX,crema_d_1091_MTI_FEA_XX,1091_MTI_FEA_XX.wav,crema_d,1091,MTI,FEA,fear,unspecified,,,,,,,,,,female,29
1091_MTI_HAP_XX,crema_d_1091_MTI_HAP_XX,1091_MTI_HAP_XX.wav,crema_d,1091,MTI,HAP,happy,unspecified,,,16000.0,2.8361875,16000.0,3.0,0.0201875,,,female,29
1091_MTI_NEU_XX,crema_d_1091_MTI_NEU_XX,1091_MTI_NEU_XX.wav,crema_d,1091,MTI,NEU,neutral,unspecified,,,16000.0,2.1688125,16000.0,3.0,0.1208125,,,female,29
1091_MTI_SAD_XX,crema_d_1091_MTI_SAD_XX,1091_MTI_SAD_XX.wav,crema_d,1091,MTI,SAD,sad,unspecified,,,,,,,,,,female,29
1091_TAI_ANG_XX,crema_d_1091_TAI_ANG_XX,1091_TAI_ANG_XX.wav,crema_d,1091,TAI,ANG,anger,unspecified,,,16000.0,2.3356875,16000.0,3.0,1.0236875,,,female,29
1091_TAI_DIS_XX,crema_d_1091_TAI_DIS_XX,1091_TAI_DIS_XX.wav,crema_d,1091,TAI,DIS,disgust,unspecified,,,,,,,,,,female,29
1091_TAI_FEA_XX,crema_d_1091_TAI_FEA_XX,1091_TAI_FEA_XX.wav,crema_d,1091,TAI,FEA,fear,unspecified,,,,,,,,,,female,29
1091_TAI_HAP_XX,crema_d_1091_TAI_HAP_XX,1091_TAI_HAP_XX.wav,crema_d,1091,TAI,HAP,happy,unspecified,,,16000.0,2.3356875,16000.0,3.0,0.0956875,,,female,29
1091_TAI_NEU_XX,crema_d_1091_TAI_NEU_XX,1091_TAI_NEU_XX.wav,crema_d,1091,TAI,NEU,neutral,unspecified,,,16000.0,2.2689375,16000.0,3.0,0.8929375,,,female,29
1091_TAI_SAD_XX,crema_d_1091_TAI_SAD_XX,1091_TAI_SAD_XX.wav,crema_d,1091,TAI,SAD,sad,unspecified,,,,,,,,,,female,29
1091_TIE_ANG_XX,crema_d_1091_TIE_ANG_XX,1091_TIE_ANG_XX.wav,crema_d,1091,TIE,ANG,anger,unspecified,,,16000.0,2.6693125,16000.0,3.0,1.1333125,,,female,29
1091_TIE_DIS_XX,crema_d_1091_TIE_DIS_XX,1091_TIE_DIS_XX.wav,crema_d,1091,TIE,DIS,disgust,unspecified,,,,,,,,,,female,29
1091_TIE_FEA_XX,crema_d_1091_TIE_FEA_XX,1091_TIE_FEA_XX.wav,crema_d,1091,TIE,FEA,fear,unspecified,,,,,,,,,,female,29
1091_TIE_HAP_XX,crema_d_1091_TIE_HAP_XX,1091_TIE_HAP_XX.wav,crema_d,1091,TIE,HAP,happy,unspecified,,,16000.0,2.8361875,16000.0,3.0,1.1401875,,,female,29
1091_TIE_NEU_XX,crema_d_1091_TIE_NEU_XX,1091_TIE_NEU_XX.wav,crema_d,1091,TIE,NEU,neutral,unspecified,,,16000.0,2.2755625,16000.0,3.0,0.0995625,,,female,29
1091_TIE_SAD_XX,crema_d_1091_TIE_SAD_XX,1091_TIE_SAD_XX.wav,crema_d,1091,TIE,SAD,sad,unspecified,,,,,,,,,,female,29
1091_TSI_ANG_XX,crema_d_1091_TSI_ANG_XX,1091_TSI_ANG_XX.wav,crema_d,1091,TSI,ANG,anger,unspecified,,,16000.0,2.1688125,16000.0,3.0,0.9208125,,,female,29
1091_TSI_DIS_XX,crema_d_1091_TSI_DIS_XX,1091_TSI_DIS_XX.wav,crema_d,1091,TSI,DIS,disgust,unspecified,,,,,,,,,,female,29
1091_TSI_FEA_XX,crema_d_1091_TSI_FEA_XX,1091_TSI_FEA_XX.wav,crema_d,1091,TSI,FEA,fear,unspecified,,,,,,,,,,female,29
1091_TSI_HAP_XX,crema_d_1091_TSI_HAP_XX,1091_TSI_HAP_XX.wav,crema_d,1091,TSI,HAP,happy,unspecified,,,16000.0,2.5025,16000.0,3.0,1.3185,,,female,29
1091_TSI_NEU_XX,crema_d_1091_TSI_NEU_XX,1091_TSI_NEU_XX.wav,crema_d,1091,TSI,NEU,neutral,unspecified,,,16000.0,2.1688125,16000.0,3.0,0.1528125,,,female,29
1091_TSI_SAD_XX,crema_d_1091_TSI_SAD_XX,1091_TSI_SAD_XX.wav,crema_d,1091,TSI,SAD,sad,unspecified,,,,,,,,,,female,29
1091_WSI_ANG_XX,crema_d_1091_WSI_ANG_XX,1091_WSI_ANG_XX.wav,crema_d,1091,WSI,ANG,anger,unspecified,,,16000.0,2.6693125,16000.0,3.0,1.0693125,,,female,29
1091_WSI_DIS_XX,crema_d_1091_WSI_DIS_XX,1091_WSI_DIS_XX.wav,crema_d,1091,WSI,DIS,disgust,unspecified,,,,,,,,,,female,29
1091_WSI_FEA_XX,crema_d_1091_WSI_FEA_XX,1091_WSI_FEA_XX.wav,crema_d,1091,WSI,FEA,fear,unspecified,,,,,,,,,,female,29
1091_WSI_HAP_XX,crema_d_1091_WSI_HAP_XX,1091_WSI_HAP_XX.wav,crema_d,1091,WSI,HAP,happy,unspecified,,,16000.0,2.1688125,16000.0,3.0,0.224,,,female,29
1091_WSI_NEU_XX,crema_d_1091_WSI_NEU_XX,1091_WSI_NEU_XX.wav,crema_d,1091,WSI,NEU,neutral,unspecified,,,16000.0,2.3356875,16000.0,3.0,0.9916875,,,female,29
1091_WSI_SAD_XX,crema_d_1091_WSI_SAD_XX,1091_WSI_SAD_XX.wav,crema_d,1091,WSI,SAD,sad,unspecified,,,,,,,,,,female,29
